order_id,payment_sequential,payment_type,payment_installments,payment_value_usd,scenario_name
order_0000001,1,credit_card,1,134.11,baseline
order_0000002,1,credit_card,3,242.58,baseline
order_0000003,1,digital_wallet,1,206.33,baseline
order_0000004,1,credit_card,1,54.82,baseline
order_0000005,1,credit_card,2,72.9,baseline
order_0000006,1,credit_card,2,218.43,baseline
order_0000007,1,bank_transfer,1,78.43,baseline
order_0000008,1,credit_card,2,138.85,baseline
order_0000009,1,debit_card,1,37.77,baseline
order_0000010,1,credit_card,1,113.56,baseline
order_0000011,1,credit_card,2,88.89,baseline
order_0000012,1,digital_wallet,1,30.29,baseline
order_0000013,1,credit_card,1,213.78,baseline
order_0000014,1,bank_transfer,1,46.15,baseline
order_0000014,2,credit_card,1,17.63,baseline
order_0000015,1,bank_transfer,1,202.53,baseline
order_0000016,1,credit_card,3,123.75,baseline
order_0000017,1,digital_wallet,1,78.05,baseline
order_0000018,1,credit_card,2,66.04,baseline
order_0000019,1,debit_card,1,29.83,baseline
order_0000020,1,credit_card,3,298.63,baseline
order_0000021,1,digital_wallet,1,87.16,baseline
order_0000022,1,credit_card,1,431.23,baseline
order_0000023,1,digital_wallet,1,114.34,baseline
order_0000023,2,credit_card,1,80.87,baseline
order_0000024,1,credit_card,7,261.88,baseline
order_0000025,1,gift_card,1,234.48,baseline
order_0000026,1,debit_card,1,355.46,baseline
order_0000027,1,credit_card,1,148.16,baseline
order_0000028,1,credit_card,6,518.95,baseline
order_0000029,1,credit_card,2,136.69,baseline
order_0000030,1,digital_wallet,1,17.12,baseline
order_0000031,1,digital_wallet,1,237.72,baseline
order_0000032,1,credit_card,2,99.91,baseline
order_0000032,2,gift_card,1,56.98,baseline
order_0000033,1,credit_card,1,29.77,baseline
order_0000034,1,credit_card,6,712.58,baseline
order_0000035,1,bank_transfer,1,83.1,baseline
order_0000036,1,credit_card,2,30.75,baseline
order_0000037,1,credit_card,4,389.1,baseline
order_0000038,1,digital_wallet,1,202.64,baseline
order_0000039,1,credit_card,2,313.7,baseline
order_0000040,1,credit_card,1,29.32,baseline
order_0000041,1,credit_card,9,386.04,baseline
order_0000042,1,credit_card,1,201.79,baseline
order_0000043,1,debit_card,1,165.08,baseline
order_0000044,1,credit_card,2,78.13,baseline
order_0000045,1,credit_card,1,66.09,baseline
order_0000046,1,bank_transfer,1,219.38,baseline
order_0000047,1,credit_card,6,391.47,baseline
order_0000048,1,gift_card,1,53.94,baseline
order_0000049,1,credit_card,1,25.07,baseline
order_0000050,1,credit_card,2,21.2,baseline
order_0000051,1,credit_card,2,42.74,baseline
order_0000052,1,gift_card,1,211.78,baseline
order_0000053,1,digital_wallet,1,39.47,baseline
order_0000054,1,credit_card,2,214.14,baseline
order_0000055,1,digital_wallet,1,108.72,baseline
order_0000055,2,credit_card,1,76.73,baseline
order_0000056,1,credit_card,4,255.56,baseline
order_0000057,1,bank_transfer,1,345.96,baseline
order_0000058,1,bank_transfer,1,299.76,baseline
order_0000059,1,credit_card,1,133.16,baseline
order_0000060,1,credit_card,1,98.0,baseline
order_0000061,1,debit_card,1,55.89,baseline
order_0000062,1,credit_card,2,33.6,baseline
order_0000063,1,digital_wallet,1,33.5,baseline
order_0000064,1,credit_card,2,32.63,baseline
order_0000065,1,digital_wallet,1,212.5,baseline
order_0000066,1,digital_wallet,1,68.82,baseline
order_0000067,1,debit_card,1,136.81,baseline
order_0000068,1,bank_transfer,1,42.88,baseline
order_0000069,1,bank_transfer,1,65.71,baseline
order_0000070,1,credit_card,4,161.61,baseline
order_0000071,1,digital_wallet,1,58.06,baseline
order_0000072,1,bank_transfer,1,40.99,baseline
order_0000072,2,credit_card,1,119.3,baseline
order_0000073,1,bank_transfer,1,53.6,baseline
order_0000074,1,credit_card,1,177.57,baseline
order_0000075,1,credit_card,1,174.71,baseline
order_0000076,1,debit_card,1,24.4,baseline
order_0000077,1,digital_wallet,1,337.77,baseline
order_0000078,1,debit_card,1,106.43,baseline
order_0000079,1,credit_card,4,616.67,baseline
order_0000080,1,credit_card,4,143.76,baseline
order_0000081,1,credit_card,1,174.65,baseline
order_0000082,1,credit_card,1,243.52,baseline
order_0000083,1,debit_card,1,222.64,baseline
order_0000084,1,digital_wallet,1,235.84,baseline
order_0000085,1,credit_card,2,115.65,baseline
order_0000086,1,digital_wallet,1,79.0,baseline
order_0000087,1,credit_card,4,312.6,baseline
order_0000088,1,debit_card,1,96.49,baseline
order_0000089,1,gift_card,1,57.56,baseline
order_0000090,1,digital_wallet,1,25.71,baseline
order_0000091,1,credit_card,4,154.21,baseline
order_0000092,1,debit_card,1,105.78,baseline
order_0000092,2,credit_card,4,156.44,baseline
order_0000093,1,digital_wallet,1,47.86,baseline
order_0000094,1,credit_card,2,94.71,baseline
order_0000095,1,credit_card,2,49.39,baseline
order_0000096,1,credit_card,1,33.86,baseline
order_0000097,1,gift_card,1,70.75,baseline
order_0000098,1,debit_card,1,68.28,baseline
order_0000099,1,digital_wallet,1,70.24,baseline
order_0000100,1,credit_card,5,234.76,baseline
order_0000101,1,digital_wallet,1,42.36,baseline
order_0000102,1,credit_card,4,635.98,baseline
order_0000103,1,gift_card,1,246.49,baseline
order_0000104,1,credit_card,2,68.82,baseline
order_0000105,1,credit_card,7,347.43,baseline
order_0000106,1,credit_card,5,239.5,baseline
order_0000107,1,digital_wallet,1,18.99,baseline
order_0000107,2,credit_card,2,69.13,baseline
order_0000108,1,credit_card,1,92.44,baseline
order_0000109,1,digital_wallet,1,50.2,baseline
order_0000110,1,digital_wallet,1,103.76,baseline
order_0000111,1,credit_card,4,352.2,baseline
order_0000112,1,credit_card,1,89.57,baseline
order_0000113,1,digital_wallet,1,33.07,baseline
order_0000114,1,bank_transfer,1,93.75,baseline
order_0000115,1,credit_card,2,87.65,baseline
order_0000115,2,gift_card,1,29.54,baseline
order_0000116,1,credit_card,6,240.91,baseline
order_0000117,1,debit_card,1,44.13,baseline
order_0000118,1,credit_card,1,120.1,baseline
order_0000119,1,digital_wallet,1,391.38,baseline
order_0000120,1,credit_card,5,192.72,baseline
order_0000120,2,debit_card,1,120.26,baseline
order_0000121,1,credit_card,1,246.89,baseline
order_0000122,1,digital_wallet,1,60.55,baseline
order_0000123,1,digital_wallet,1,53.88,baseline
order_0000124,1,credit_card,2,93.56,baseline
order_0000125,1,digital_wallet,1,74.39,baseline
order_0000126,1,digital_wallet,1,18.85,baseline
order_0000126,2,debit_card,1,61.95,baseline
order_0000127,1,credit_card,2,61.42,baseline
order_0000128,1,credit_card,2,109.01,baseline
order_0000129,1,credit_card,4,178.53,baseline
order_0000130,1,bank_transfer,1,224.2,baseline
order_0000131,1,bank_transfer,1,148.2,baseline
order_0000132,1,bank_transfer,1,111.99,baseline
order_0000133,1,credit_card,5,215.86,baseline
order_0000134,1,digital_wallet,1,134.1,baseline
order_0000135,1,credit_card,3,168.6,baseline
order_0000136,1,credit_card,2,148.51,baseline
order_0000137,1,credit_card,2,40.04,baseline
order_0000138,1,bank_transfer,1,73.13,baseline
order_0000139,1,digital_wallet,1,40.05,baseline
order_0000140,1,digital_wallet,1,103.71,baseline
order_0000141,1,credit_card,1,24.26,baseline
order_0000142,1,debit_card,1,57.86,baseline
order_0000143,1,credit_card,5,247.56,baseline
order_0000144,1,debit_card,1,518.31,baseline
order_0000145,1,debit_card,1,84.29,baseline
order_0000146,1,digital_wallet,1,363.81,baseline
order_0000147,1,digital_wallet,1,75.88,baseline
order_0000148,1,gift_card,1,113.67,baseline
order_0000149,1,credit_card,6,316.53,baseline
order_0000150,1,digital_wallet,1,34.87,baseline
order_0000151,1,credit_card,4,320.27,baseline
order_0000152,1,credit_card,1,47.79,baseline
order_0000153,1,bank_transfer,1,82.33,baseline
order_0000154,1,bank_transfer,1,210.77,baseline
order_0000155,1,bank_transfer,1,198.2,baseline
order_0000156,1,digital_wallet,1,22.28,baseline
order_0000157,1,credit_card,3,350.54,baseline
order_0000158,1,digital_wallet,1,33.22,baseline
order_0000159,1,digital_wallet,1,141.87,baseline
order_0000160,1,digital_wallet,1,69.54,baseline
order_0000161,1,debit_card,1,127.31,baseline
order_0000162,1,debit_card,1,178.69,baseline
order_0000163,1,debit_card,1,136.45,baseline
order_0000164,1,digital_wallet,1,64.87,baseline
order_0000165,1,credit_card,4,141.09,baseline
order_0000166,1,digital_wallet,1,291.03,baseline
order_0000167,1,bank_transfer,1,272.3,baseline
order_0000168,1,digital_wallet,1,194.44,baseline
order_0000169,1,credit_card,2,59.6,baseline
order_0000170,1,bank_transfer,1,150.45,baseline
order_0000171,1,digital_wallet,1,90.02,baseline
order_0000172,1,credit_card,1,51.31,baseline
order_0000173,1,gift_card,1,89.91,baseline
order_0000174,1,debit_card,1,237.64,baseline
order_0000175,1,bank_transfer,1,132.39,baseline
order_0000176,1,bank_transfer,1,35.51,baseline
order_0000177,1,credit_card,3,181.35,baseline
order_0000178,1,debit_card,1,109.51,baseline
order_0000179,1,credit_card,4,151.78,baseline
order_0000180,1,digital_wallet,1,32.22,baseline
order_0000181,1,debit_card,1,44.9,baseline
order_0000182,1,digital_wallet,1,47.56,baseline
order_0000183,1,debit_card,1,62.86,baseline
order_0000184,1,digital_wallet,1,485.69,baseline
order_0000185,1,credit_card,3,134.78,baseline
order_0000186,1,bank_transfer,1,676.19,baseline
order_0000187,1,credit_card,3,124.01,baseline
order_0000188,1,digital_wallet,1,202.65,baseline
order_0000189,1,credit_card,7,551.21,baseline
order_0000190,1,digital_wallet,1,147.51,baseline
order_0000191,1,debit_card,1,85.9,baseline
order_0000192,1,digital_wallet,1,336.7,baseline
order_0000193,1,credit_card,1,69.67,baseline
order_0000194,1,credit_card,4,190.1,baseline
order_0000195,1,credit_card,1,110.4,baseline
order_0000196,1,credit_card,4,191.36,baseline
order_0000197,1,debit_card,1,96.71,baseline
order_0000198,1,bank_transfer,1,106.73,baseline
order_0000199,1,digital_wallet,1,34.15,baseline
order_0000199,2,credit_card,1,115.55,baseline
order_0000200,1,credit_card,1,116.94,baseline
order_0000201,1,credit_card,1,121.27,baseline
order_0000202,1,credit_card,4,169.98,baseline
order_0000203,1,bank_transfer,1,44.36,baseline
order_0000204,1,bank_transfer,1,61.04,baseline
order_0000205,1,bank_transfer,1,621.77,baseline
order_0000206,1,credit_card,1,76.86,baseline
order_0000207,1,gift_card,1,163.85,baseline
order_0000208,1,digital_wallet,1,73.86,baseline
order_0000209,1,digital_wallet,1,96.22,baseline
order_0000210,1,digital_wallet,1,318.84,baseline
order_0000211,1,digital_wallet,1,20.3,baseline
order_0000212,1,credit_card,2,93.66,baseline
order_0000213,1,credit_card,1,106.73,baseline
order_0000214,1,digital_wallet,1,302.09,baseline
order_0000215,1,credit_card,2,26.76,baseline
order_0000216,1,digital_wallet,1,140.84,baseline
order_0000217,1,debit_card,1,510.39,baseline
order_0000218,1,digital_wallet,1,206.69,baseline
order_0000219,1,credit_card,1,216.58,baseline
order_0000220,1,credit_card,2,34.0,baseline
order_0000221,1,digital_wallet,1,339.28,baseline
order_0000222,1,bank_transfer,1,175.25,baseline
order_0000223,1,credit_card,3,137.15,baseline
order_0000224,1,credit_card,5,294.3,baseline
order_0000225,1,credit_card,2,21.31,baseline
order_0000226,1,credit_card,2,532.37,baseline
order_0000227,1,credit_card,3,237.66,baseline
order_0000228,1,credit_card,1,284.33,baseline
order_0000229,1,debit_card,1,31.48,baseline
order_0000230,1,bank_transfer,1,52.57,baseline
order_0000231,1,gift_card,1,253.66,baseline
order_0000232,1,digital_wallet,1,109.07,baseline
order_0000233,1,credit_card,5,610.8,baseline
order_0000234,1,credit_card,1,41.05,baseline
order_0000235,1,gift_card,1,181.22,baseline
order_0000236,1,digital_wallet,1,269.72,baseline
order_0000237,1,credit_card,3,274.52,baseline
order_0000238,1,credit_card,1,104.02,baseline
order_0000239,1,digital_wallet,1,339.08,baseline
order_0000240,1,credit_card,1,48.04,baseline
order_0000241,1,digital_wallet,1,65.47,baseline
order_0000242,1,bank_transfer,1,331.04,baseline
order_0000243,1,gift_card,1,74.29,baseline
order_0000244,1,credit_card,2,460.22,baseline
order_0000245,1,digital_wallet,1,65.85,baseline
order_0000245,2,credit_card,1,26.14,baseline
order_0000246,1,credit_card,8,468.62,baseline
order_0000246,2,bank_transfer,1,179.17,baseline
order_0000247,1,bank_transfer,1,116.6,baseline
order_0000248,1,debit_card,1,132.29,baseline
order_0000249,1,credit_card,2,147.96,baseline
order_0000250,1,credit_card,2,214.83,baseline
order_0000251,1,digital_wallet,1,44.2,baseline
order_0000252,1,credit_card,2,61.62,baseline
order_0000253,1,digital_wallet,1,255.82,baseline
order_0000254,1,digital_wallet,1,126.62,baseline
order_0000255,1,credit_card,2,85.62,baseline
order_0000256,1,credit_card,1,42.25,baseline
order_0000257,1,credit_card,1,90.46,baseline
order_0000258,1,gift_card,1,80.79,baseline
order_0000259,1,debit_card,1,113.97,baseline
order_0000259,2,credit_card,1,105.82,baseline
order_0000260,1,credit_card,1,89.63,baseline
order_0000261,1,credit_card,8,383.3,baseline
order_0000262,1,credit_card,1,31.52,baseline
order_0000263,1,credit_card,4,196.29,baseline
order_0000264,1,debit_card,1,115.9,baseline
order_0000265,1,digital_wallet,1,44.72,baseline
order_0000266,1,credit_card,2,70.78,baseline
order_0000266,2,digital_wallet,1,40.24,baseline
order_0000267,1,bank_transfer,1,53.1,baseline
order_0000268,1,digital_wallet,1,97.54,baseline
order_0000269,1,credit_card,2,105.43,baseline
order_0000270,1,credit_card,5,213.21,baseline
order_0000271,1,credit_card,2,99.23,baseline
order_0000272,1,credit_card,2,59.06,baseline
order_0000273,1,credit_card,4,186.28,baseline
order_0000274,1,credit_card,3,158.72,baseline
order_0000275,1,credit_card,2,51.3,baseline
order_0000276,1,digital_wallet,1,111.63,baseline
order_0000277,1,digital_wallet,1,54.54,baseline
order_0000278,1,credit_card,1,121.82,baseline
order_0000279,1,digital_wallet,1,562.87,baseline
order_0000280,1,digital_wallet,1,264.44,baseline
order_0000281,1,digital_wallet,1,45.86,baseline
order_0000282,1,digital_wallet,1,50.88,baseline
order_0000283,1,credit_card,2,73.65,baseline
order_0000284,1,credit_card,6,339.23,baseline
order_0000285,1,credit_card,3,123.25,baseline
order_0000286,1,credit_card,2,101.97,baseline
order_0000287,1,credit_card,3,324.44,baseline
order_0000287,2,digital_wallet,1,168.4,baseline
order_0000288,1,digital_wallet,1,150.4,baseline
order_0000289,1,credit_card,3,432.82,baseline
order_0000290,1,digital_wallet,1,128.78,baseline
order_0000291,1,credit_card,3,167.49,baseline
order_0000292,1,credit_card,2,52.6,baseline
order_0000293,1,credit_card,2,35.19,baseline
order_0000294,1,digital_wallet,1,68.86,baseline
order_0000295,1,credit_card,6,460.22,baseline
order_0000296,1,credit_card,3,270.14,baseline
order_0000296,2,digital_wallet,1,140.53,baseline
order_0000297,1,digital_wallet,1,72.2,baseline
order_0000298,1,credit_card,1,77.82,baseline
order_0000299,1,digital_wallet,1,59.84,baseline
order_0000300,1,credit_card,2,30.06,baseline
order_0000301,1,credit_card,9,467.62,baseline
order_0000302,1,debit_card,1,63.87,baseline
order_0000303,1,credit_card,1,132.8,baseline
order_0000304,1,gift_card,1,274.65,baseline
order_0000305,1,debit_card,1,155.57,baseline
order_0000306,1,digital_wallet,1,47.53,baseline
order_0000307,1,credit_card,3,145.47,baseline
order_0000308,1,bank_transfer,1,26.14,baseline
order_0000309,1,debit_card,1,269.51,baseline
order_0000310,1,credit_card,1,88.77,baseline
order_0000311,1,digital_wallet,1,173.81,baseline
order_0000312,1,credit_card,3,132.21,baseline
order_0000313,1,digital_wallet,1,132.18,baseline
order_0000314,1,bank_transfer,1,30.11,baseline
order_0000315,1,credit_card,1,91.2,baseline
order_0000315,2,digital_wallet,1,85.84,baseline
order_0000316,1,digital_wallet,1,256.45,baseline
order_0000317,1,credit_card,1,87.87,baseline
order_0000318,1,credit_card,8,402.6,baseline
order_0000319,1,credit_card,2,157.74,baseline
order_0000320,1,credit_card,1,58.64,baseline
order_0000321,1,digital_wallet,1,124.45,baseline
order_0000322,1,credit_card,2,89.92,baseline
order_0000323,1,digital_wallet,1,83.82,baseline
order_0000324,1,credit_card,2,93.21,baseline
order_0000325,1,credit_card,2,43.53,baseline
order_0000326,1,credit_card,1,155.0,baseline
order_0000327,1,digital_wallet,1,84.02,baseline
order_0000328,1,digital_wallet,1,185.02,baseline
order_0000329,1,credit_card,1,112.96,baseline
order_0000330,1,credit_card,1,146.98,baseline
order_0000331,1,credit_card,1,94.06,baseline
order_0000332,1,debit_card,1,53.65,baseline
order_0000333,1,credit_card,3,106.1,baseline
order_0000334,1,digital_wallet,1,315.11,baseline
order_0000335,1,debit_card,1,29.07,baseline
order_0000336,1,debit_card,1,97.74,baseline
order_0000337,1,debit_card,1,25.83,baseline
order_0000338,1,digital_wallet,1,133.3,baseline
order_0000339,1,credit_card,5,180.27,baseline
order_0000340,1,credit_card,1,97.59,baseline
order_0000341,1,debit_card,1,147.28,baseline
order_0000342,1,digital_wallet,1,78.96,baseline
order_0000343,1,digital_wallet,1,94.08,baseline
order_0000344,1,credit_card,1,123.36,baseline
order_0000345,1,credit_card,7,414.1,baseline
order_0000346,1,credit_card,4,265.54,baseline
order_0000347,1,debit_card,1,171.77,baseline
order_0000348,1,debit_card,1,71.93,baseline
order_0000349,1,digital_wallet,1,60.9,baseline
order_0000350,1,credit_card,2,61.63,baseline
order_0000351,1,digital_wallet,1,256.29,baseline
order_0000352,1,credit_card,1,246.02,baseline
order_0000353,1,credit_card,2,72.59,baseline
order_0000354,1,digital_wallet,1,101.09,baseline
order_0000355,1,credit_card,5,182.6,baseline
order_0000356,1,gift_card,1,143.82,baseline
order_0000357,1,bank_transfer,1,253.48,baseline
order_0000358,1,credit_card,1,23.04,baseline
order_0000359,1,bank_transfer,1,141.92,baseline
order_0000360,1,credit_card,2,151.75,baseline
order_0000361,1,digital_wallet,1,119.65,baseline
order_0000362,1,digital_wallet,1,158.26,baseline
order_0000363,1,bank_transfer,1,239.27,baseline
order_0000364,1,credit_card,1,30.26,baseline
order_0000365,1,debit_card,1,42.31,baseline
order_0000366,1,credit_card,2,240.97,baseline
order_0000367,1,digital_wallet,1,105.63,baseline
order_0000368,1,digital_wallet,1,236.49,baseline
order_0000369,1,digital_wallet,1,90.65,baseline
order_0000370,1,digital_wallet,1,209.09,baseline
order_0000371,1,digital_wallet,1,67.1,baseline
order_0000372,1,digital_wallet,1,281.82,baseline
order_0000373,1,digital_wallet,1,76.52,baseline
order_0000374,1,credit_card,2,16.97,baseline
order_0000375,1,credit_card,5,379.66,baseline
order_0000376,1,credit_card,6,278.15,baseline
order_0000377,1,credit_card,2,38.27,baseline
order_0000378,1,digital_wallet,1,235.01,baseline
order_0000378,2,credit_card,2,173.38,baseline
order_0000379,1,digital_wallet,1,71.57,baseline
order_0000379,2,debit_card,1,198.9,baseline
order_0000380,1,digital_wallet,1,74.03,baseline
order_0000381,1,credit_card,4,155.2,baseline
order_0000382,1,digital_wallet,1,314.88,baseline
order_0000383,1,bank_transfer,1,71.77,baseline
order_0000384,1,credit_card,2,133.29,baseline
order_0000385,1,credit_card,1,86.24,baseline
order_0000386,1,credit_card,2,96.27,baseline
order_0000387,1,credit_card,1,912.76,baseline
order_0000388,1,bank_transfer,1,39.71,baseline
order_0000389,1,digital_wallet,1,137.92,baseline
order_0000390,1,digital_wallet,1,100.42,baseline
order_0000390,2,bank_transfer,1,127.61,baseline
order_0000391,1,digital_wallet,1,429.53,baseline
order_0000392,1,debit_card,1,380.41,baseline
order_0000393,1,credit_card,1,42.03,baseline
order_0000394,1,credit_card,1,156.4,baseline
order_0000395,1,credit_card,2,147.06,baseline
order_0000396,1,digital_wallet,1,62.65,baseline
order_0000397,1,credit_card,2,187.13,baseline
order_0000398,1,credit_card,1,47.77,baseline
order_0000399,1,digital_wallet,1,186.82,baseline
order_0000400,1,digital_wallet,1,135.91,baseline
order_0000401,1,credit_card,1,37.73,baseline
order_0000402,1,credit_card,1,112.95,baseline
order_0000402,2,debit_card,1,344.54,baseline
order_0000403,1,digital_wallet,1,290.84,baseline
order_0000404,1,credit_card,1,172.57,baseline
order_0000405,1,digital_wallet,1,338.78,baseline
order_0000406,1,digital_wallet,1,94.5,baseline
order_0000407,1,credit_card,6,652.19,baseline
order_0000408,1,gift_card,1,431.8,baseline
order_0000409,1,digital_wallet,1,182.49,baseline
order_0000410,1,credit_card,1,94.35,baseline
order_0000411,1,credit_card,1,63.43,baseline
order_0000412,1,credit_card,3,109.02,baseline
order_0000413,1,digital_wallet,1,230.06,baseline
order_0000414,1,digital_wallet,1,156.0,baseline
order_0000415,1,debit_card,1,43.63,baseline
order_0000416,1,credit_card,2,40.19,baseline
order_0000417,1,credit_card,2,88.1,baseline
order_0000418,1,credit_card,6,372.11,baseline
order_0000419,1,digital_wallet,1,67.93,baseline
order_0000420,1,credit_card,6,605.27,baseline
order_0000421,1,credit_card,2,84.19,baseline
order_0000422,1,gift_card,1,49.81,baseline
order_0000423,1,credit_card,5,223.08,baseline
order_0000424,1,digital_wallet,1,125.73,baseline
order_0000425,1,gift_card,1,266.99,baseline
order_0000426,1,credit_card,4,185.98,baseline
order_0000427,1,credit_card,8,334.38,baseline
order_0000428,1,credit_card,2,84.82,baseline
order_0000429,1,digital_wallet,1,220.64,baseline
order_0000429,2,debit_card,1,268.86,baseline
order_0000430,1,gift_card,1,214.59,baseline
order_0000431,1,gift_card,1,78.59,baseline
order_0000432,1,credit_card,2,129.12,baseline
order_0000433,1,digital_wallet,1,71.75,baseline
order_0000434,1,digital_wallet,1,480.47,baseline
order_0000435,1,credit_card,2,20.79,baseline
order_0000436,1,credit_card,5,186.8,baseline
order_0000437,1,credit_card,1,47.3,baseline
order_0000438,1,digital_wallet,1,126.12,baseline
order_0000439,1,credit_card,1,71.37,baseline
order_0000440,1,credit_card,1,104.72,baseline
order_0000441,1,credit_card,3,174.2,baseline
order_0000442,1,digital_wallet,1,156.51,baseline
order_0000443,1,credit_card,2,94.98,baseline
order_0000443,2,digital_wallet,1,125.74,baseline
order_0000444,1,bank_transfer,1,211.01,baseline
order_0000445,1,credit_card,2,36.33,baseline
order_0000446,1,credit_card,2,95.05,baseline
order_0000447,1,credit_card,4,221.79,baseline
order_0000448,1,credit_card,2,280.15,baseline
order_0000449,1,digital_wallet,1,47.51,baseline
order_0000450,1,credit_card,5,244.24,baseline
order_0000450,2,digital_wallet,1,269.77,baseline
order_0000451,1,digital_wallet,1,147.22,baseline
order_0000452,1,bank_transfer,1,40.75,baseline
order_0000453,1,credit_card,3,350.82,baseline
order_0000454,1,credit_card,2,160.23,baseline
order_0000455,1,bank_transfer,1,250.02,baseline
order_0000456,1,digital_wallet,1,647.94,baseline
order_0000457,1,bank_transfer,1,441.58,baseline
order_0000458,1,credit_card,1,67.99,baseline
order_0000459,1,debit_card,1,358.51,baseline
order_0000460,1,digital_wallet,1,23.25,baseline
order_0000461,1,digital_wallet,1,127.08,baseline
order_0000462,1,credit_card,3,374.08,baseline
order_0000463,1,digital_wallet,1,100.69,baseline
order_0000464,1,credit_card,3,206.43,baseline
order_0000465,1,digital_wallet,1,59.38,baseline
order_0000466,1,debit_card,1,138.65,baseline
order_0000467,1,digital_wallet,1,198.44,baseline
order_0000468,1,credit_card,4,543.85,baseline
order_0000469,1,debit_card,1,18.02,baseline
order_0000469,2,credit_card,2,29.47,baseline
order_0000470,1,digital_wallet,1,115.25,baseline
order_0000471,1,credit_card,1,29.02,baseline
order_0000472,1,digital_wallet,1,108.61,baseline
order_0000473,1,credit_card,1,60.29,baseline
order_0000474,1,gift_card,1,51.67,baseline
order_0000475,1,credit_card,2,242.82,baseline
order_0000476,1,credit_card,2,204.08,baseline
order_0000477,1,bank_transfer,1,101.65,baseline
order_0000478,1,credit_card,1,74.45,baseline
order_0000478,2,debit_card,1,47.59,baseline
order_0000479,1,digital_wallet,1,233.94,baseline
order_0000480,1,credit_card,3,257.62,baseline
order_0000481,1,credit_card,2,146.73,baseline
order_0000482,1,debit_card,1,20.58,baseline
order_0000482,2,credit_card,2,57.41,baseline
order_0000483,1,digital_wallet,1,103.31,baseline
order_0000484,1,digital_wallet,1,84.74,baseline
order_0000485,1,bank_transfer,1,45.64,baseline
order_0000486,1,credit_card,1,27.6,baseline
order_0000487,1,bank_transfer,1,36.64,baseline
order_0000488,1,credit_card,1,88.19,baseline
order_0000489,1,credit_card,9,396.71,baseline
order_0000490,1,credit_card,5,365.24,baseline
order_0000491,1,bank_transfer,1,147.13,baseline
order_0000492,1,debit_card,1,19.51,baseline
order_0000493,1,digital_wallet,1,45.89,baseline
order_0000494,1,credit_card,8,639.55,baseline
order_0000495,1,credit_card,4,162.12,baseline
order_0000496,1,credit_card,2,185.28,baseline
order_0000497,1,credit_card,3,118.42,baseline
order_0000498,1,debit_card,1,84.16,baseline
order_0000499,1,credit_card,4,177.21,baseline
order_0000500,1,gift_card,1,36.79,baseline
order_0000501,1,digital_wallet,1,251.01,baseline
order_0000502,1,credit_card,2,23.32,baseline
order_0000503,1,credit_card,4,186.66,baseline
order_0000504,1,bank_transfer,1,35.42,baseline
order_0000505,1,credit_card,2,228.0,baseline
order_0000506,1,gift_card,1,30.31,baseline
order_0000507,1,debit_card,1,90.64,baseline
order_0000508,1,credit_card,5,202.6,baseline
order_0000509,1,bank_transfer,1,152.58,baseline
order_0000510,1,debit_card,1,117.07,baseline
order_0000511,1,bank_transfer,1,43.85,baseline
order_0000512,1,digital_wallet,1,187.91,baseline
order_0000513,1,credit_card,1,112.23,baseline
order_0000514,1,digital_wallet,1,701.75,baseline
order_0000515,1,credit_card,5,250.08,baseline
order_0000516,1,digital_wallet,1,215.06,baseline
order_0000517,1,credit_card,2,30.86,baseline
order_0000518,1,credit_card,1,58.53,baseline
order_0000519,1,digital_wallet,1,19.63,baseline
order_0000519,2,gift_card,1,64.66,baseline
order_0000520,1,debit_card,1,395.96,baseline
order_0000521,1,credit_card,2,42.35,baseline
order_0000522,1,credit_card,2,47.11,baseline
order_0000523,1,bank_transfer,1,76.36,baseline
order_0000524,1,credit_card,1,28.49,baseline
order_0000525,1,bank_transfer,1,74.71,baseline
order_0000526,1,digital_wallet,1,131.06,baseline
order_0000527,1,credit_card,2,95.15,baseline
order_0000528,1,digital_wallet,1,84.35,baseline
order_0000529,1,credit_card,1,61.58,baseline
order_0000530,1,credit_card,1,21.77,baseline
order_0000531,1,credit_card,1,43.21,baseline
order_0000532,1,credit_card,5,357.56,baseline
order_0000533,1,credit_card,1,85.32,baseline
order_0000534,1,credit_card,4,192.2,baseline
order_0000535,1,credit_card,4,287.76,baseline
order_0000536,1,digital_wallet,1,75.74,baseline
order_0000537,1,credit_card,2,44.92,baseline
order_0000538,1,digital_wallet,1,63.56,baseline
order_0000539,1,credit_card,7,625.53,baseline
order_0000540,1,credit_card,2,59.27,baseline
order_0000540,2,debit_card,1,104.59,baseline
order_0000541,1,digital_wallet,1,115.31,baseline
order_0000542,1,credit_card,1,120.29,baseline
order_0000543,1,digital_wallet,1,39.35,baseline
order_0000544,1,credit_card,4,791.98,baseline
order_0000545,1,credit_card,2,85.53,baseline
order_0000546,1,credit_card,8,574.46,baseline
order_0000547,1,digital_wallet,1,107.05,baseline
order_0000548,1,digital_wallet,1,51.37,baseline
order_0000549,1,credit_card,2,37.75,baseline
order_0000550,1,credit_card,2,152.63,baseline
order_0000551,1,bank_transfer,1,433.31,baseline
order_0000552,1,credit_card,5,194.45,baseline
order_0000553,1,credit_card,2,184.94,baseline
order_0000553,2,debit_card,1,78.53,baseline
order_0000554,1,digital_wallet,1,126.81,baseline
order_0000555,1,bank_transfer,1,150.19,baseline
order_0000556,1,credit_card,2,107.0,baseline
order_0000557,1,digital_wallet,1,129.9,baseline
order_0000558,1,digital_wallet,1,44.33,baseline
order_0000559,1,digital_wallet,1,86.63,baseline
order_0000560,1,credit_card,3,152.58,baseline
order_0000561,1,credit_card,5,392.87,baseline
order_0000562,1,credit_card,2,49.7,baseline
order_0000563,1,bank_transfer,1,74.66,baseline
order_0000564,1,credit_card,3,118.67,baseline
order_0000565,1,credit_card,7,273.13,baseline
order_0000566,1,credit_card,2,58.82,baseline
order_0000567,1,bank_transfer,1,47.19,baseline
order_0000568,1,credit_card,1,112.69,baseline
order_0000569,1,credit_card,1,44.29,baseline
order_0000570,1,credit_card,1,249.08,baseline
order_0000571,1,digital_wallet,1,128.21,baseline
order_0000572,1,credit_card,3,197.08,baseline
order_0000573,1,digital_wallet,1,55.78,baseline
order_0000574,1,credit_card,1,102.39,baseline
order_0000575,1,bank_transfer,1,152.48,baseline
order_0000576,1,credit_card,7,617.57,baseline
order_0000577,1,debit_card,1,61.01,baseline
order_0000578,1,digital_wallet,1,313.89,baseline
order_0000579,1,credit_card,5,192.12,baseline
order_0000580,1,credit_card,2,119.16,baseline
order_0000581,1,credit_card,2,24.51,baseline
order_0000582,1,credit_card,1,79.09,baseline
order_0000583,1,credit_card,9,500.27,baseline
order_0000584,1,credit_card,5,264.71,baseline
order_0000585,1,credit_card,2,391.5,baseline
order_0000586,1,credit_card,2,110.25,baseline
order_0000587,1,credit_card,1,108.28,baseline
order_0000588,1,digital_wallet,1,158.84,baseline
order_0000589,1,digital_wallet,1,42.63,baseline
order_0000590,1,credit_card,1,217.69,baseline
order_0000591,1,debit_card,1,94.57,baseline
order_0000592,1,credit_card,1,173.75,baseline
order_0000593,1,debit_card,1,121.07,baseline
order_0000593,2,credit_card,1,78.78,baseline
order_0000594,1,credit_card,4,174.59,baseline
order_0000595,1,credit_card,1,58.72,baseline
order_0000596,1,credit_card,1,102.85,baseline
order_0000597,1,digital_wallet,1,499.45,baseline
order_0000598,1,bank_transfer,1,61.03,baseline
order_0000599,1,digital_wallet,1,167.4,baseline
order_0000599,2,gift_card,1,136.93,baseline
order_0000600,1,gift_card,1,52.69,baseline
order_0000601,1,credit_card,1,48.88,baseline
order_0000602,1,credit_card,4,323.9,baseline
order_0000603,1,credit_card,1,76.39,baseline
order_0000604,1,credit_card,1,103.62,baseline
order_0000605,1,credit_card,1,45.93,baseline
order_0000606,1,bank_transfer,1,212.58,baseline
order_0000607,1,credit_card,7,473.31,baseline
order_0000608,1,credit_card,1,91.44,baseline
order_0000609,1,digital_wallet,1,70.22,baseline
order_0000610,1,credit_card,3,136.8,baseline
order_0000611,1,credit_card,1,50.56,baseline
order_0000612,1,digital_wallet,1,158.16,baseline
order_0000613,1,credit_card,2,205.42,baseline
order_0000614,1,credit_card,1,170.31,baseline
order_0000615,1,digital_wallet,1,194.15,baseline
order_0000616,1,credit_card,1,53.77,baseline
order_0000617,1,debit_card,1,122.15,baseline
order_0000618,1,credit_card,2,130.11,baseline
order_0000619,1,credit_card,1,27.28,baseline
order_0000620,1,credit_card,7,345.97,baseline
order_0000621,1,debit_card,1,48.93,baseline
order_0000622,1,credit_card,1,421.38,baseline
order_0000623,1,credit_card,2,183.33,baseline
order_0000624,1,digital_wallet,1,152.14,baseline
order_0000625,1,digital_wallet,1,34.17,baseline
order_0000626,1,credit_card,1,82.2,baseline
order_0000627,1,credit_card,6,376.5,baseline
order_0000628,1,credit_card,2,69.31,baseline
order_0000628,2,digital_wallet,1,112.61,baseline
order_0000629,1,credit_card,6,314.57,baseline
order_0000630,1,credit_card,6,276.95,baseline
order_0000631,1,credit_card,1,55.54,baseline
order_0000632,1,credit_card,1,103.25,baseline
order_0000632,2,digital_wallet,1,40.56,baseline
order_0000633,1,digital_wallet,1,274.46,baseline
order_0000634,1,credit_card,1,58.2,baseline
order_0000635,1,credit_card,2,66.09,baseline
order_0000636,1,credit_card,2,51.67,baseline
order_0000637,1,digital_wallet,1,292.02,baseline
order_0000638,1,credit_card,3,119.57,baseline
order_0000639,1,credit_card,3,158.02,baseline
order_0000640,1,credit_card,1,48.86,baseline
order_0000641,1,digital_wallet,1,134.94,baseline
order_0000642,1,credit_card,1,137.15,baseline
order_0000643,1,digital_wallet,1,459.24,baseline
order_0000644,1,credit_card,6,349.8,baseline
order_0000645,1,digital_wallet,1,375.87,baseline
order_0000646,1,bank_transfer,1,34.56,baseline
order_0000647,1,credit_card,1,85.7,baseline
order_0000648,1,credit_card,1,22.65,baseline
order_0000649,1,gift_card,1,216.81,baseline
order_0000650,1,credit_card,1,181.57,baseline
order_0000651,1,digital_wallet,1,490.1,baseline
order_0000652,1,credit_card,1,81.98,baseline
order_0000653,1,digital_wallet,1,34.76,baseline
order_0000654,1,digital_wallet,1,258.25,baseline
order_0000655,1,bank_transfer,1,201.58,baseline
order_0000656,1,credit_card,9,389.27,baseline
order_0000657,1,digital_wallet,1,159.04,baseline
order_0000658,1,gift_card,1,48.06,baseline
order_0000659,1,digital_wallet,1,49.89,baseline
order_0000660,1,debit_card,1,138.66,baseline
order_0000661,1,credit_card,3,114.99,baseline
order_0000662,1,credit_card,1,44.96,baseline
order_0000663,1,credit_card,1,20.95,baseline
order_0000664,1,credit_card,6,237.95,baseline
order_0000665,1,debit_card,1,88.41,baseline
order_0000666,1,credit_card,1,91.51,baseline
order_0000667,1,credit_card,1,89.77,baseline
order_0000668,1,credit_card,2,230.61,baseline
order_0000669,1,credit_card,1,112.22,baseline
order_0000670,1,credit_card,2,52.7,baseline
order_0000670,2,bank_transfer,1,44.91,baseline
order_0000671,1,digital_wallet,1,163.01,baseline
order_0000672,1,digital_wallet,1,8.87,baseline
order_0000672,2,credit_card,1,24.67,baseline
order_0000673,1,digital_wallet,1,29.57,baseline
order_0000674,1,debit_card,1,140.23,baseline
order_0000675,1,bank_transfer,1,308.6,baseline
order_0000676,1,credit_card,3,102.55,baseline
order_0000677,1,digital_wallet,1,219.58,baseline
order_0000678,1,debit_card,1,51.35,baseline
order_0000679,1,digital_wallet,1,158.39,baseline
order_0000680,1,credit_card,2,33.39,baseline
order_0000681,1,credit_card,1,46.36,baseline
order_0000681,2,gift_card,1,32.66,baseline
order_0000682,1,credit_card,1,35.72,baseline
order_0000683,1,credit_card,1,23.44,baseline
order_0000684,1,digital_wallet,1,25.08,baseline
order_0000685,1,credit_card,2,71.94,baseline
order_0000686,1,gift_card,1,87.21,baseline
order_0000687,1,credit_card,2,74.82,baseline
order_0000688,1,digital_wallet,1,28.29,baseline
order_0000689,1,credit_card,2,101.96,baseline
order_0000690,1,digital_wallet,1,78.2,baseline
order_0000691,1,debit_card,1,193.87,baseline
order_0000692,1,credit_card,3,196.92,baseline
order_0000693,1,debit_card,1,404.46,baseline
order_0000694,1,debit_card,1,453.97,baseline
order_0000695,1,gift_card,1,214.89,baseline
order_0000696,1,credit_card,1,107.0,baseline
order_0000697,1,credit_card,2,24.12,baseline
order_0000697,2,digital_wallet,1,37.23,baseline
order_0000698,1,credit_card,3,109.62,baseline
order_0000699,1,gift_card,1,78.34,baseline
order_0000700,1,credit_card,1,32.33,baseline
order_0000701,1,credit_card,2,39.72,baseline
order_0000701,2,digital_wallet,1,17.5,baseline
order_0000702,1,bank_transfer,1,31.13,baseline
order_0000703,1,digital_wallet,1,446.07,baseline
order_0000704,1,credit_card,1,62.63,baseline
order_0000705,1,debit_card,1,44.67,baseline
order_0000706,1,credit_card,2,204.6,baseline
order_0000707,1,debit_card,1,20.35,baseline
order_0000708,1,bank_transfer,1,110.23,baseline
order_0000709,1,credit_card,1,50.65,baseline
order_0000710,1,debit_card,1,306.02,baseline
order_0000711,1,credit_card,3,322.0,baseline
order_0000712,1,bank_transfer,1,114.49,baseline
order_0000713,1,credit_card,1,62.14,baseline
order_0000714,1,credit_card,2,104.46,baseline
order_0000715,1,debit_card,1,42.42,baseline
order_0000715,2,credit_card,2,64.96,baseline
order_0000716,1,digital_wallet,1,322.84,baseline
order_0000717,1,credit_card,2,95.99,baseline
order_0000718,1,debit_card,1,27.51,baseline
order_0000719,1,credit_card,5,204.23,baseline
order_0000720,1,credit_card,2,97.96,baseline
order_0000721,1,bank_transfer,1,150.53,baseline
order_0000722,1,bank_transfer,1,187.07,baseline
order_0000723,1,gift_card,1,50.73,baseline
order_0000724,1,credit_card,3,156.49,baseline
order_0000725,1,bank_transfer,1,62.82,baseline
order_0000726,1,digital_wallet,1,88.06,baseline
order_0000727,1,digital_wallet,1,219.41,baseline
order_0000727,2,credit_card,1,120.02,baseline
order_0000728,1,credit_card,2,254.47,baseline
order_0000729,1,debit_card,1,72.45,baseline
order_0000730,1,credit_card,1,60.21,baseline
order_0000731,1,credit_card,1,71.19,baseline
order_0000732,1,credit_card,3,146.85,baseline
order_0000733,1,digital_wallet,1,74.51,baseline
order_0000734,1,digital_wallet,1,258.73,baseline
order_0000735,1,credit_card,2,202.7,baseline
order_0000736,1,credit_card,2,286.29,baseline
order_0000737,1,bank_transfer,1,43.89,baseline
order_0000738,1,digital_wallet,1,384.48,baseline
order_0000739,1,credit_card,4,177.07,baseline
order_0000740,1,credit_card,2,48.22,baseline
order_0000741,1,bank_transfer,1,342.87,baseline
order_0000742,1,credit_card,2,130.77,baseline
order_0000743,1,digital_wallet,1,399.28,baseline
order_0000744,1,credit_card,2,168.74,baseline
order_0000745,1,digital_wallet,1,92.29,baseline
order_0000746,1,digital_wallet,1,35.77,baseline
order_0000747,1,bank_transfer,1,448.96,baseline
order_0000748,1,digital_wallet,1,41.23,baseline
order_0000749,1,bank_transfer,1,238.5,baseline
order_0000749,2,debit_card,1,134.28,baseline
order_0000750,1,credit_card,2,328.22,baseline
order_0000751,1,digital_wallet,1,81.3,baseline
order_0000752,1,bank_transfer,1,28.09,baseline
order_0000753,1,bank_transfer,1,35.32,baseline
order_0000754,1,digital_wallet,1,283.97,baseline
order_0000755,1,digital_wallet,1,91.5,baseline
order_0000756,1,credit_card,1,96.31,baseline
order_0000757,1,credit_card,2,21.94,baseline
order_0000758,1,bank_transfer,1,27.75,baseline
order_0000759,1,credit_card,2,47.88,baseline
order_0000760,1,debit_card,1,52.55,baseline
order_0000761,1,debit_card,1,111.14,baseline
order_0000762,1,credit_card,4,171.59,baseline
order_0000763,1,digital_wallet,1,34.46,baseline
order_0000763,2,debit_card,1,74.07,baseline
order_0000764,1,credit_card,2,157.01,baseline
order_0000765,1,credit_card,1,110.7,baseline
order_0000766,1,digital_wallet,1,37.32,baseline
order_0000767,1,credit_card,2,179.67,baseline
order_0000768,1,bank_transfer,1,175.01,baseline
order_0000769,1,credit_card,2,161.65,baseline
order_0000770,1,credit_card,4,388.56,baseline
order_0000771,1,credit_card,1,32.1,baseline
order_0000772,1,debit_card,1,51.86,baseline
order_0000773,1,digital_wallet,1,58.86,baseline
order_0000774,1,digital_wallet,1,248.5,baseline
order_0000775,1,credit_card,2,34.19,baseline
order_0000776,1,credit_card,4,217.66,baseline
order_0000777,1,credit_card,1,144.16,baseline
order_0000778,1,credit_card,1,22.9,baseline
order_0000779,1,debit_card,1,42.88,baseline
order_0000780,1,digital_wallet,1,313.49,baseline
order_0000781,1,credit_card,3,120.87,baseline
order_0000782,1,debit_card,1,66.76,baseline
order_0000783,1,credit_card,5,210.86,baseline
order_0000784,1,digital_wallet,1,415.73,baseline
order_0000785,1,debit_card,1,1610.57,baseline
order_0000786,1,digital_wallet,1,379.55,baseline
order_0000787,1,credit_card,1,125.29,baseline
order_0000788,1,bank_transfer,1,236.28,baseline
order_0000789,1,digital_wallet,1,114.08,baseline
order_0000790,1,credit_card,2,68.29,baseline
order_0000791,1,credit_card,5,364.52,baseline
order_0000792,1,digital_wallet,1,127.88,baseline
order_0000793,1,bank_transfer,1,140.5,baseline
order_0000794,1,credit_card,12,618.18,baseline
order_0000795,1,digital_wallet,1,177.58,baseline
order_0000796,1,digital_wallet,1,152.35,baseline
order_0000797,1,digital_wallet,1,191.88,baseline
order_0000798,1,digital_wallet,1,199.37,baseline
order_0000799,1,credit_card,1,75.23,baseline
order_0000800,1,digital_wallet,1,50.01,baseline
order_0000801,1,debit_card,1,371.45,baseline
order_0000802,1,credit_card,1,25.23,baseline
order_0000803,1,bank_transfer,1,330.66,baseline
order_0000804,1,credit_card,3,177.05,baseline
order_0000805,1,digital_wallet,1,275.58,baseline
order_0000806,1,digital_wallet,1,258.93,baseline
order_0000807,1,credit_card,6,264.97,baseline
order_0000808,1,debit_card,1,162.93,baseline
order_0000809,1,credit_card,1,91.45,baseline
order_0000809,2,bank_transfer,1,227.01,baseline
order_0000810,1,credit_card,1,69.53,baseline
order_0000811,1,debit_card,1,83.32,baseline
order_0000812,1,credit_card,3,103.52,baseline
order_0000813,1,bank_transfer,1,388.69,baseline
order_0000814,1,credit_card,2,37.05,baseline
order_0000815,1,digital_wallet,1,149.14,baseline
order_0000816,1,credit_card,1,36.79,baseline
order_0000817,1,digital_wallet,1,255.3,baseline
order_0000818,1,credit_card,1,85.58,baseline
order_0000819,1,digital_wallet,1,53.35,baseline
order_0000820,1,credit_card,1,49.72,baseline
order_0000820,2,bank_transfer,1,48.37,baseline
order_0000821,1,credit_card,4,341.15,baseline
order_0000822,1,digital_wallet,1,528.41,baseline
order_0000823,1,digital_wallet,1,44.74,baseline
order_0000824,1,digital_wallet,1,33.0,baseline
order_0000825,1,debit_card,1,76.64,baseline
order_0000826,1,credit_card,3,199.19,baseline
order_0000826,2,digital_wallet,1,272.1,baseline
order_0000827,1,credit_card,2,16.59,baseline
order_0000827,2,bank_transfer,1,19.54,baseline
order_0000828,1,debit_card,1,69.38,baseline
order_0000829,1,credit_card,7,885.21,baseline
order_0000830,1,credit_card,6,823.95,baseline
order_0000831,1,credit_card,3,219.48,baseline
order_0000832,1,debit_card,1,163.69,baseline
order_0000832,2,credit_card,1,271.07,baseline
order_0000833,1,credit_card,1,68.16,baseline
order_0000834,1,digital_wallet,1,176.03,baseline
order_0000835,1,credit_card,3,176.56,baseline
order_0000836,1,digital_wallet,1,71.25,baseline
order_0000837,1,credit_card,2,133.21,baseline
order_0000838,1,gift_card,1,87.03,baseline
order_0000839,1,credit_card,2,76.26,baseline
order_0000840,1,credit_card,2,47.49,baseline
order_0000841,1,credit_card,3,202.0,baseline
order_0000842,1,credit_card,4,215.21,baseline
order_0000843,1,debit_card,1,56.08,baseline
order_0000844,1,digital_wallet,1,95.21,baseline
order_0000845,1,credit_card,2,138.0,baseline
order_0000846,1,digital_wallet,1,92.4,baseline
order_0000847,1,digital_wallet,1,39.5,baseline
order_0000848,1,digital_wallet,1,244.87,baseline
order_0000849,1,debit_card,1,203.27,baseline
order_0000850,1,digital_wallet,1,381.38,baseline
order_0000851,1,credit_card,1,116.26,baseline
order_0000852,1,credit_card,1,273.48,baseline
order_0000853,1,credit_card,3,110.68,baseline
order_0000854,1,credit_card,3,232.68,baseline
order_0000855,1,digital_wallet,1,336.68,baseline
order_0000856,1,digital_wallet,1,70.32,baseline
order_0000857,1,credit_card,2,43.38,baseline
order_0000858,1,digital_wallet,1,248.12,baseline
order_0000859,1,credit_card,1,130.85,baseline
order_0000859,2,bank_transfer,1,52.75,baseline
order_0000860,1,debit_card,1,55.83,baseline
order_0000861,1,credit_card,2,117.34,baseline
order_0000862,1,digital_wallet,1,172.35,baseline
order_0000863,1,digital_wallet,1,47.06,baseline
order_0000864,1,credit_card,2,51.33,baseline
order_0000865,1,digital_wallet,1,182.14,baseline
order_0000865,2,credit_card,6,391.21,baseline
order_0000866,1,credit_card,1,66.53,baseline
order_0000867,1,bank_transfer,1,432.26,baseline
order_0000868,1,debit_card,1,33.89,baseline
order_0000869,1,credit_card,1,25.69,baseline
order_0000870,1,debit_card,1,170.43,baseline
order_0000871,1,digital_wallet,1,819.47,baseline
order_0000872,1,credit_card,4,153.52,baseline
order_0000873,1,credit_card,4,261.77,baseline
order_0000874,1,bank_transfer,1,168.04,baseline
order_0000875,1,credit_card,1,45.22,baseline
order_0000876,1,bank_transfer,1,452.8,baseline
order_0000877,1,bank_transfer,1,178.22,baseline
order_0000878,1,credit_card,10,404.9,baseline
order_0000879,1,credit_card,2,188.88,baseline
order_0000880,1,credit_card,3,115.86,baseline
order_0000881,1,credit_card,2,63.62,baseline
order_0000882,1,digital_wallet,1,487.2,baseline
order_0000883,1,credit_card,1,177.8,baseline
order_0000884,1,credit_card,2,125.24,baseline
order_0000885,1,bank_transfer,1,57.23,baseline
order_0000886,1,credit_card,1,38.8,baseline
order_0000887,1,digital_wallet,1,63.09,baseline
order_0000888,1,digital_wallet,1,80.03,baseline
order_0000889,1,credit_card,1,151.58,baseline
order_0000890,1,credit_card,4,230.65,baseline
order_0000891,1,digital_wallet,1,58.11,baseline
order_0000891,2,credit_card,1,48.46,baseline
order_0000892,1,credit_card,1,27.67,baseline
order_0000892,2,bank_transfer,1,52.87,baseline
order_0000893,1,credit_card,1,49.99,baseline
order_0000894,1,credit_card,2,52.09,baseline
order_0000895,1,credit_card,7,295.25,baseline
order_0000896,1,credit_card,3,120.34,baseline
order_0000897,1,credit_card,2,80.97,baseline
order_0000898,1,digital_wallet,1,140.5,baseline
order_0000899,1,gift_card,1,187.61,baseline
order_0000900,1,credit_card,1,86.02,baseline
order_0000901,1,digital_wallet,1,69.52,baseline
order_0000902,1,credit_card,2,21.31,baseline
order_0000903,1,credit_card,1,154.73,baseline
order_0000904,1,credit_card,2,22.21,baseline
order_0000904,2,debit_card,1,30.61,baseline
order_0000905,1,digital_wallet,1,354.55,baseline
order_0000906,1,digital_wallet,1,43.51,baseline
order_0000907,1,debit_card,1,26.66,baseline
order_0000908,1,credit_card,2,92.13,baseline
order_0000908,2,bank_transfer,1,194.14,baseline
order_0000909,1,debit_card,1,20.4,baseline
order_0000910,1,digital_wallet,1,45.78,baseline
order_0000910,2,debit_card,1,71.16,baseline
order_0000911,1,credit_card,1,44.21,baseline
order_0000912,1,debit_card,1,50.02,baseline
order_0000913,1,debit_card,1,190.86,baseline
order_0000914,1,credit_card,3,209.0,baseline
order_0000915,1,gift_card,1,79.54,baseline
order_0000916,1,credit_card,7,272.46,baseline
order_0000917,1,credit_card,3,215.27,baseline
order_0000918,1,credit_card,2,64.7,baseline
order_0000918,2,debit_card,1,52.76,baseline
order_0000919,1,debit_card,1,249.2,baseline
order_0000920,1,digital_wallet,1,153.02,baseline
order_0000921,1,credit_card,6,256.88,baseline
order_0000922,1,credit_card,2,241.55,baseline
order_0000923,1,gift_card,1,90.72,baseline
order_0000924,1,credit_card,1,98.55,baseline
order_0000925,1,credit_card,1,57.63,baseline
order_0000926,1,bank_transfer,1,137.72,baseline
order_0000926,2,debit_card,1,261.73,baseline
order_0000927,1,credit_card,2,142.69,baseline
order_0000928,1,digital_wallet,1,94.1,baseline
order_0000929,1,gift_card,1,209.61,baseline
order_0000930,1,gift_card,1,178.4,baseline
order_0000931,1,debit_card,1,306.01,baseline
order_0000932,1,bank_transfer,1,198.76,baseline
order_0000933,1,credit_card,2,107.95,baseline
order_0000934,1,debit_card,1,118.26,baseline
order_0000935,1,bank_transfer,1,137.91,baseline
order_0000936,1,credit_card,3,226.57,baseline
order_0000937,1,credit_card,4,168.34,baseline
order_0000938,1,credit_card,6,702.18,baseline
order_0000939,1,digital_wallet,1,92.83,baseline
order_0000940,1,credit_card,7,331.59,baseline
order_0000941,1,credit_card,2,63.28,baseline
order_0000941,2,digital_wallet,1,91.93,baseline
order_0000942,1,credit_card,4,167.74,baseline
order_0000943,1,credit_card,7,274.88,baseline
order_0000944,1,credit_card,2,104.88,baseline
order_0000945,1,digital_wallet,1,161.32,baseline
order_0000946,1,gift_card,1,186.38,baseline
order_0000947,1,digital_wallet,1,59.54,baseline
order_0000948,1,digital_wallet,1,43.16,baseline
order_0000949,1,digital_wallet,1,140.11,baseline
order_0000950,1,credit_card,2,44.81,baseline
order_0000951,1,credit_card,2,79.43,baseline
order_0000952,1,credit_card,2,44.75,baseline
order_0000953,1,digital_wallet,1,277.42,baseline
order_0000954,1,debit_card,1,22.47,baseline
order_0000954,2,credit_card,2,51.68,baseline
order_0000955,1,debit_card,1,97.76,baseline
order_0000956,1,bank_transfer,1,243.38,baseline
order_0000957,1,credit_card,1,51.99,baseline
order_0000958,1,digital_wallet,1,266.06,baseline
order_0000959,1,debit_card,1,274.15,baseline
order_0000960,1,credit_card,8,361.84,baseline
order_0000961,1,credit_card,2,35.91,baseline
order_0000962,1,credit_card,3,159.74,baseline
order_0000963,1,credit_card,2,211.85,baseline
order_0000963,2,digital_wallet,1,289.33,baseline
order_0000964,1,credit_card,1,106.14,baseline
order_0000965,1,debit_card,1,194.71,baseline
order_0000966,1,credit_card,1,91.54,baseline
order_0000967,1,credit_card,1,57.48,baseline
order_0000968,1,debit_card,1,61.44,baseline
order_0000968,2,digital_wallet,1,72.12,baseline
order_0000969,1,credit_card,2,84.8,baseline
order_0000970,1,debit_card,1,215.76,baseline
order_0000971,1,credit_card,2,29.17,baseline
order_0000972,1,credit_card,4,163.42,baseline
order_0000973,1,credit_card,1,180.62,baseline
order_0000974,1,digital_wallet,1,149.73,baseline
order_0000975,1,credit_card,1,160.89,baseline
order_0000976,1,credit_card,2,40.24,baseline
order_0000977,1,credit_card,3,176.15,baseline
order_0000978,1,credit_card,1,31.94,baseline
order_0000979,1,digital_wallet,1,150.45,baseline
order_0000980,1,credit_card,5,204.11,baseline
order_0000981,1,credit_card,2,47.2,baseline
order_0000982,1,credit_card,1,474.58,baseline
order_0000983,1,credit_card,1,55.43,baseline
order_0000984,1,bank_transfer,1,324.5,baseline
order_0000985,1,digital_wallet,1,291.71,baseline
order_0000986,1,digital_wallet,1,338.94,baseline
order_0000986,2,bank_transfer,1,147.52,baseline
order_0000987,1,digital_wallet,1,51.15,baseline
order_0000988,1,credit_card,2,93.47,baseline
order_0000988,2,debit_card,1,123.42,baseline
order_0000989,1,debit_card,1,96.72,baseline
order_0000990,1,digital_wallet,1,141.2,baseline
order_0000991,1,digital_wallet,1,52.59,baseline
order_0000992,1,credit_card,2,103.2,baseline
order_0000993,1,credit_card,7,745.12,baseline
order_0000994,1,debit_card,1,104.83,baseline
order_0000995,1,credit_card,1,148.82,baseline
order_0000996,1,credit_card,5,267.63,baseline
order_0000997,1,gift_card,1,121.17,baseline
order_0000998,1,debit_card,1,37.39,baseline
order_0000999,1,credit_card,2,90.73,baseline
order_0001000,1,bank_transfer,1,81.71,baseline
order_0001001,1,credit_card,1,110.96,baseline
order_0001002,1,credit_card,2,41.58,baseline
order_0001003,1,credit_card,2,91.24,baseline
order_0001004,1,digital_wallet,1,269.4,baseline
order_0001005,1,gift_card,1,26.93,baseline
order_0001006,1,credit_card,2,56.98,baseline
order_0001006,2,bank_transfer,1,39.87,baseline
order_0001007,1,credit_card,1,68.44,baseline
order_0001008,1,digital_wallet,1,349.65,baseline
order_0001009,1,credit_card,1,34.26,baseline
order_0001010,1,credit_card,2,33.42,baseline
order_0001011,1,credit_card,1,83.37,baseline
order_0001012,1,credit_card,1,53.0,baseline
order_0001013,1,credit_card,2,589.33,baseline
order_0001014,1,bank_transfer,1,449.42,baseline
order_0001015,1,credit_card,1,43.97,baseline
order_0001016,1,bank_transfer,1,63.6,baseline
order_0001017,1,digital_wallet,1,129.91,baseline
order_0001018,1,credit_card,10,397.06,baseline
order_0001019,1,credit_card,2,100.87,baseline
order_0001020,1,digital_wallet,1,142.67,baseline
order_0001021,1,credit_card,3,135.41,baseline
order_0001022,1,credit_card,1,92.45,baseline
order_0001023,1,digital_wallet,1,176.19,baseline
order_0001024,1,digital_wallet,1,62.86,baseline
order_0001025,1,digital_wallet,1,55.61,baseline
order_0001025,2,gift_card,1,26.35,baseline
order_0001026,1,digital_wallet,1,282.05,baseline
order_0001027,1,credit_card,2,53.75,baseline
order_0001028,1,debit_card,1,55.59,baseline
order_0001029,1,credit_card,1,30.84,baseline
order_0001030,1,bank_transfer,1,408.95,baseline
order_0001031,1,bank_transfer,1,45.91,baseline
order_0001032,1,bank_transfer,1,272.13,baseline
order_0001033,1,digital_wallet,1,346.92,baseline
order_0001034,1,credit_card,1,50.51,baseline
order_0001035,1,credit_card,4,203.14,baseline
order_0001036,1,digital_wallet,1,36.93,baseline
order_0001037,1,credit_card,2,193.84,baseline
order_0001038,1,credit_card,1,142.44,baseline
order_0001039,1,digital_wallet,1,456.5,baseline
order_0001040,1,credit_card,1,173.69,baseline
order_0001041,1,credit_card,2,44.62,baseline
order_0001041,2,bank_transfer,1,32.21,baseline
order_0001042,1,credit_card,2,457.45,baseline
order_0001043,1,credit_card,3,176.52,baseline
order_0001044,1,digital_wallet,1,88.51,baseline
order_0001045,1,credit_card,9,572.32,baseline
order_0001046,1,credit_card,2,45.09,baseline
order_0001047,1,digital_wallet,1,98.39,baseline
order_0001048,1,debit_card,1,45.19,baseline
order_0001049,1,credit_card,2,68.92,baseline
order_0001050,1,credit_card,2,63.25,baseline
order_0001051,1,credit_card,1,102.46,baseline
order_0001052,1,bank_transfer,1,100.68,baseline
order_0001053,1,credit_card,1,123.79,baseline
order_0001054,1,bank_transfer,1,236.07,baseline
order_0001055,1,digital_wallet,1,410.07,baseline
order_0001056,1,credit_card,3,199.2,baseline
order_0001057,1,credit_card,2,56.66,baseline
order_0001058,1,digital_wallet,1,61.36,baseline
order_0001059,1,credit_card,1,81.65,baseline
order_0001060,1,digital_wallet,1,70.49,baseline
order_0001061,1,credit_card,2,46.3,baseline
order_0001062,1,digital_wallet,1,69.14,baseline
order_0001063,1,bank_transfer,1,48.97,baseline
order_0001064,1,credit_card,2,37.51,baseline
order_0001065,1,credit_card,1,290.39,baseline
order_0001066,1,digital_wallet,1,359.42,baseline
order_0001067,1,debit_card,1,127.18,baseline
order_0001068,1,credit_card,1,37.06,baseline
order_0001069,1,credit_card,1,24.61,baseline
order_0001070,1,digital_wallet,1,43.5,baseline
order_0001071,1,debit_card,1,267.19,baseline
order_0001072,1,credit_card,1,60.78,baseline
order_0001073,1,credit_card,6,341.37,baseline
order_0001074,1,credit_card,2,40.01,baseline
order_0001075,1,digital_wallet,1,50.3,baseline
order_0001076,1,credit_card,2,35.7,baseline
order_0001077,1,credit_card,1,39.69,baseline
order_0001078,1,credit_card,2,53.25,baseline
order_0001079,1,debit_card,1,59.14,baseline
order_0001080,1,digital_wallet,1,49.94,baseline
order_0001080,2,credit_card,2,19.73,baseline
order_0001081,1,digital_wallet,1,26.05,baseline
order_0001082,1,credit_card,1,31.11,baseline
order_0001082,2,digital_wallet,1,61.98,baseline
order_0001083,1,credit_card,1,94.25,baseline
order_0001084,1,gift_card,1,112.27,baseline
order_0001085,1,credit_card,2,707.65,baseline
order_0001086,1,credit_card,1,84.5,baseline
order_0001087,1,bank_transfer,1,97.83,baseline
order_0001088,1,credit_card,1,88.2,baseline
order_0001089,1,gift_card,1,111.24,baseline
order_0001089,2,credit_card,2,221.26,baseline
order_0001090,1,digital_wallet,1,215.95,baseline
order_0001091,1,credit_card,1,99.92,baseline
order_0001092,1,digital_wallet,1,86.41,baseline
order_0001093,1,debit_card,1,166.88,baseline
order_0001094,1,credit_card,6,226.3,baseline
order_0001095,1,gift_card,1,169.8,baseline
order_0001096,1,bank_transfer,1,77.54,baseline
order_0001097,1,credit_card,1,77.69,baseline
order_0001098,1,credit_card,1,54.33,baseline
order_0001099,1,digital_wallet,1,102.44,baseline
order_0001100,1,credit_card,4,148.62,baseline
order_0001101,1,credit_card,8,763.88,baseline
order_0001102,1,debit_card,1,391.42,baseline
order_0001103,1,credit_card,6,240.2,baseline
order_0001104,1,credit_card,2,172.86,baseline
order_0001105,1,debit_card,1,65.19,baseline
order_0001106,1,digital_wallet,1,164.99,baseline
order_0001107,1,digital_wallet,1,19.81,baseline
order_0001107,2,credit_card,1,46.13,baseline
order_0001108,1,credit_card,5,241.25,baseline
order_0001109,1,credit_card,1,198.6,baseline
order_0001110,1,digital_wallet,1,90.84,baseline
order_0001111,1,credit_card,3,331.95,baseline
order_0001111,2,digital_wallet,1,367.63,baseline
order_0001112,1,digital_wallet,1,32.06,baseline
order_0001112,2,credit_card,1,17.46,baseline
order_0001113,1,gift_card,1,107.06,baseline
order_0001114,1,credit_card,1,54.7,baseline
order_0001115,1,credit_card,4,178.49,baseline
order_0001116,1,digital_wallet,1,42.88,baseline
order_0001117,1,bank_transfer,1,383.9,baseline
order_0001118,1,debit_card,1,24.46,baseline
order_0001118,2,digital_wallet,1,63.44,baseline
order_0001119,1,digital_wallet,1,41.39,baseline
order_0001120,1,debit_card,1,64.23,baseline
order_0001121,1,digital_wallet,1,32.62,baseline
order_0001122,1,credit_card,2,158.02,baseline
order_0001123,1,credit_card,2,91.05,baseline
order_0001124,1,digital_wallet,1,353.57,baseline
order_0001125,1,debit_card,1,145.6,baseline
order_0001126,1,debit_card,1,30.99,baseline
order_0001127,1,debit_card,1,88.0,baseline
order_0001128,1,credit_card,2,90.35,baseline
order_0001129,1,digital_wallet,1,38.33,baseline
order_0001130,1,credit_card,3,212.58,baseline
order_0001131,1,debit_card,1,24.8,baseline
order_0001132,1,credit_card,2,153.05,baseline
order_0001133,1,digital_wallet,1,156.31,baseline
order_0001134,1,credit_card,1,90.88,baseline
order_0001135,1,credit_card,1,110.7,baseline
order_0001136,1,digital_wallet,1,65.71,baseline
order_0001137,1,debit_card,1,45.91,baseline
order_0001138,1,credit_card,6,324.11,baseline
order_0001139,1,debit_card,1,48.33,baseline
order_0001140,1,digital_wallet,1,30.06,baseline
order_0001141,1,credit_card,1,81.55,baseline
order_0001142,1,credit_card,1,83.02,baseline
order_0001142,2,gift_card,1,94.04,baseline
order_0001143,1,debit_card,1,81.27,baseline
order_0001144,1,gift_card,1,54.04,baseline
order_0001145,1,digital_wallet,1,310.77,baseline
order_0001146,1,debit_card,1,50.45,baseline
order_0001147,1,credit_card,2,28.08,baseline
order_0001148,1,debit_card,1,49.77,baseline
order_0001149,1,digital_wallet,1,22.0,baseline
order_0001149,2,debit_card,1,35.15,baseline
order_0001150,1,credit_card,1,63.68,baseline
order_0001151,1,digital_wallet,1,23.42,baseline
order_0001152,1,credit_card,1,61.99,baseline
order_0001153,1,digital_wallet,1,45.14,baseline
order_0001154,1,bank_transfer,1,71.17,baseline
order_0001155,1,digital_wallet,1,57.55,baseline
order_0001156,1,digital_wallet,1,25.13,baseline
order_0001156,2,credit_card,1,84.31,baseline
order_0001157,1,digital_wallet,1,81.28,baseline
order_0001158,1,debit_card,1,71.14,baseline
order_0001159,1,credit_card,2,147.64,baseline
order_0001160,1,credit_card,2,48.51,baseline
order_0001161,1,credit_card,2,72.31,baseline
order_0001162,1,credit_card,1,125.58,baseline
order_0001163,1,digital_wallet,1,316.49,baseline
order_0001164,1,debit_card,1,175.09,baseline
order_0001165,1,gift_card,1,117.44,baseline
order_0001166,1,credit_card,6,240.86,baseline
order_0001167,1,gift_card,1,169.74,baseline
order_0001168,1,credit_card,8,337.21,baseline
order_0001169,1,credit_card,1,419.84,baseline
order_0001170,1,credit_card,1,79.97,baseline
order_0001171,1,debit_card,1,82.23,baseline
order_0001172,1,credit_card,4,418.39,baseline
order_0001173,1,digital_wallet,1,120.95,baseline
order_0001174,1,credit_card,1,125.01,baseline
order_0001175,1,digital_wallet,1,38.05,baseline
order_0001176,1,credit_card,2,87.98,baseline
order_0001177,1,debit_card,1,33.6,baseline
order_0001178,1,digital_wallet,1,367.47,baseline
order_0001179,1,digital_wallet,1,22.64,baseline
order_0001180,1,gift_card,1,597.93,baseline
order_0001181,1,digital_wallet,1,337.0,baseline
order_0001182,1,credit_card,1,26.2,baseline
order_0001182,2,digital_wallet,1,9.03,baseline
order_0001183,1,bank_transfer,1,69.72,baseline
order_0001184,1,digital_wallet,1,171.18,baseline
order_0001185,1,digital_wallet,1,306.77,baseline
order_0001186,1,credit_card,2,52.45,baseline
order_0001187,1,bank_transfer,1,56.76,baseline
order_0001187,2,credit_card,3,145.12,baseline
order_0001188,1,digital_wallet,1,261.67,baseline
order_0001189,1,gift_card,1,40.41,baseline
order_0001190,1,digital_wallet,1,604.94,baseline
order_0001191,1,credit_card,1,30.66,baseline
order_0001192,1,credit_card,1,88.32,baseline
order_0001193,1,credit_card,1,131.22,baseline
order_0001193,2,digital_wallet,1,224.67,baseline
order_0001194,1,digital_wallet,1,194.57,baseline
order_0001195,1,digital_wallet,1,90.34,baseline
order_0001196,1,credit_card,1,122.2,baseline
order_0001197,1,credit_card,2,85.04,baseline
order_0001198,1,digital_wallet,1,86.46,baseline
order_0001199,1,debit_card,1,158.33,baseline
order_0001200,1,debit_card,1,103.82,baseline
order_0001201,1,credit_card,1,148.11,baseline
order_0001202,1,credit_card,2,97.35,baseline
order_0001203,1,digital_wallet,1,80.53,baseline
order_0001204,1,credit_card,1,21.74,baseline
order_0001204,2,digital_wallet,1,81.09,baseline
order_0001205,1,credit_card,9,1690.69,baseline
order_0001206,1,credit_card,3,113.33,baseline
order_0001207,1,debit_card,1,347.94,baseline
order_0001208,1,gift_card,1,115.47,baseline
order_0001209,1,credit_card,3,112.02,baseline
order_0001210,1,credit_card,2,61.8,baseline
order_0001210,2,digital_wallet,1,109.28,baseline
order_0001211,1,digital_wallet,1,60.2,baseline
order_0001212,1,credit_card,1,50.91,baseline
order_0001212,2,digital_wallet,1,38.64,baseline
order_0001213,1,bank_transfer,1,449.14,baseline
order_0001214,1,credit_card,1,191.14,baseline
order_0001215,1,digital_wallet,1,197.52,baseline
order_0001216,1,credit_card,1,199.29,baseline
order_0001217,1,debit_card,1,19.79,baseline
order_0001218,1,digital_wallet,1,378.47,baseline
order_0001219,1,credit_card,2,54.36,baseline
order_0001220,1,credit_card,2,69.45,baseline
order_0001221,1,bank_transfer,1,144.05,baseline
order_0001222,1,digital_wallet,1,285.72,baseline
order_0001223,1,debit_card,1,140.4,baseline
order_0001224,1,credit_card,1,43.72,baseline
order_0001225,1,credit_card,6,269.77,baseline
order_0001226,1,credit_card,4,170.77,baseline
order_0001227,1,digital_wallet,1,24.81,baseline
order_0001228,1,digital_wallet,1,51.66,baseline
order_0001229,1,debit_card,1,31.68,baseline
order_0001230,1,bank_transfer,1,73.71,baseline
order_0001231,1,digital_wallet,1,354.0,baseline
order_0001232,1,credit_card,2,410.69,baseline
order_0001233,1,digital_wallet,1,172.59,baseline
order_0001234,1,credit_card,1,51.56,baseline
order_0001235,1,credit_card,1,23.27,baseline
order_0001236,1,credit_card,2,136.08,baseline
order_0001237,1,credit_card,2,25.86,baseline
order_0001238,1,credit_card,5,266.93,baseline
order_0001239,1,credit_card,2,67.8,baseline
order_0001240,1,credit_card,1,26.38,baseline
order_0001241,1,digital_wallet,1,110.74,baseline
order_0001242,1,credit_card,5,220.72,baseline
order_0001243,1,debit_card,1,378.77,baseline
order_0001244,1,debit_card,1,196.79,baseline
order_0001245,1,debit_card,1,332.25,baseline
order_0001246,1,credit_card,2,118.33,baseline
order_0001247,1,debit_card,1,20.12,baseline
order_0001248,1,credit_card,2,127.0,baseline
order_0001249,1,credit_card,1,70.2,baseline
order_0001250,1,credit_card,2,78.9,baseline
order_0001251,1,digital_wallet,1,142.55,baseline
order_0001252,1,digital_wallet,1,43.6,baseline
order_0001253,1,digital_wallet,1,460.7,baseline
order_0001254,1,credit_card,2,187.39,baseline
order_0001255,1,debit_card,1,213.15,baseline
order_0001256,1,credit_card,1,137.48,baseline
order_0001257,1,digital_wallet,1,23.81,baseline
order_0001257,2,credit_card,1,16.52,baseline
order_0001258,1,digital_wallet,1,35.91,baseline
order_0001259,1,credit_card,2,77.58,baseline
order_0001260,1,digital_wallet,1,62.21,baseline
order_0001261,1,credit_card,2,65.21,baseline
order_0001261,2,bank_transfer,1,227.02,baseline
order_0001262,1,digital_wallet,1,56.81,baseline
order_0001263,1,bank_transfer,1,36.88,baseline
order_0001264,1,digital_wallet,1,190.0,baseline
order_0001265,1,gift_card,1,27.59,baseline
order_0001266,1,debit_card,1,116.37,baseline
order_0001267,1,gift_card,1,156.41,baseline
order_0001268,1,credit_card,1,51.24,baseline
order_0001269,1,digital_wallet,1,59.32,baseline
order_0001270,1,credit_card,1,102.88,baseline
order_0001271,1,credit_card,2,45.42,baseline
order_0001271,2,debit_card,1,33.48,baseline
order_0001272,1,digital_wallet,1,482.09,baseline
order_0001273,1,gift_card,1,84.61,baseline
order_0001274,1,credit_card,3,125.68,baseline
order_0001275,1,digital_wallet,1,109.36,baseline
order_0001276,1,credit_card,2,54.47,baseline
order_0001277,1,digital_wallet,1,62.76,baseline
order_0001278,1,credit_card,3,215.25,baseline
order_0001279,1,credit_card,1,109.14,baseline
order_0001280,1,debit_card,1,238.23,baseline
order_0001281,1,credit_card,1,75.15,baseline
order_0001281,2,debit_card,1,75.65,baseline
order_0001282,1,credit_card,1,190.14,baseline
order_0001283,1,credit_card,8,322.46,baseline
order_0001284,1,credit_card,2,131.42,baseline
order_0001285,1,digital_wallet,1,27.11,baseline
order_0001286,1,credit_card,5,189.3,baseline
order_0001287,1,credit_card,4,148.68,baseline
order_0001288,1,digital_wallet,1,20.23,baseline
order_0001289,1,credit_card,8,459.78,baseline
order_0001290,1,credit_card,3,127.67,baseline
order_0001291,1,credit_card,3,568.51,baseline
order_0001292,1,digital_wallet,1,71.93,baseline
order_0001293,1,credit_card,1,134.72,baseline
order_0001294,1,credit_card,2,68.83,baseline
order_0001295,1,digital_wallet,1,34.21,baseline
order_0001296,1,digital_wallet,1,28.92,baseline
order_0001297,1,digital_wallet,1,120.85,baseline
order_0001298,1,gift_card,1,21.72,baseline
order_0001299,1,digital_wallet,1,118.42,baseline
order_0001300,1,digital_wallet,1,204.15,baseline
order_0001301,1,digital_wallet,1,96.32,baseline
order_0001302,1,bank_transfer,1,90.54,baseline
order_0001303,1,debit_card,1,40.53,baseline
order_0001303,2,digital_wallet,1,35.62,baseline
order_0001304,1,credit_card,1,108.81,baseline
order_0001304,2,digital_wallet,1,256.87,baseline
order_0001305,1,digital_wallet,1,118.93,baseline
order_0001306,1,credit_card,3,172.83,baseline
order_0001307,1,gift_card,1,27.81,baseline
order_0001308,1,digital_wallet,1,19.25,baseline
order_0001309,1,credit_card,2,83.7,baseline
order_0001310,1,digital_wallet,1,156.33,baseline
order_0001311,1,digital_wallet,1,18.4,baseline
order_0001312,1,credit_card,3,122.97,baseline
order_0001313,1,credit_card,2,98.66,baseline
order_0001314,1,digital_wallet,1,129.41,baseline
order_0001315,1,bank_transfer,1,22.7,baseline
order_0001315,2,digital_wallet,1,59.1,baseline
order_0001316,1,credit_card,1,179.23,baseline
order_0001317,1,debit_card,1,342.72,baseline
order_0001318,1,bank_transfer,1,45.5,baseline
order_0001319,1,digital_wallet,1,296.12,baseline
order_0001320,1,bank_transfer,1,79.92,baseline
order_0001321,1,digital_wallet,1,44.31,baseline
order_0001322,1,digital_wallet,1,283.24,baseline
order_0001323,1,digital_wallet,1,93.07,baseline
order_0001324,1,credit_card,7,343.0,baseline
order_0001325,1,digital_wallet,1,147.23,baseline
order_0001326,1,digital_wallet,1,414.15,baseline
order_0001327,1,credit_card,1,93.2,baseline
order_0001328,1,bank_transfer,1,127.27,baseline
order_0001329,1,bank_transfer,1,370.34,baseline
order_0001330,1,gift_card,1,255.54,baseline
order_0001331,1,credit_card,2,64.09,baseline
order_0001332,1,credit_card,2,25.14,baseline
order_0001332,2,bank_transfer,1,50.74,baseline
order_0001333,1,digital_wallet,1,83.06,baseline
order_0001334,1,debit_card,1,196.39,baseline
order_0001335,1,credit_card,1,28.32,baseline
order_0001336,1,credit_card,1,107.37,baseline
order_0001337,1,digital_wallet,1,132.56,baseline
order_0001338,1,bank_transfer,1,43.74,baseline
order_0001339,1,debit_card,1,224.61,baseline
order_0001340,1,bank_transfer,1,43.28,baseline
order_0001341,1,digital_wallet,1,70.23,baseline
order_0001342,1,digital_wallet,1,412.58,baseline
order_0001343,1,credit_card,2,217.64,baseline
order_0001344,1,credit_card,1,77.7,baseline
order_0001344,2,digital_wallet,1,220.9,baseline
order_0001345,1,bank_transfer,1,216.46,baseline
order_0001346,1,debit_card,1,385.27,baseline
order_0001347,1,credit_card,5,198.2,baseline
order_0001348,1,credit_card,1,74.07,baseline
order_0001349,1,credit_card,2,97.4,baseline
order_0001350,1,gift_card,1,254.54,baseline
order_0001351,1,debit_card,1,22.24,baseline
order_0001352,1,credit_card,1,64.8,baseline
order_0001353,1,credit_card,3,345.06,baseline
order_0001353,2,debit_card,1,362.21,baseline
order_0001354,1,debit_card,1,43.7,baseline
order_0001355,1,credit_card,2,178.35,baseline
order_0001356,1,digital_wallet,1,381.67,baseline
order_0001357,1,credit_card,4,178.0,baseline
order_0001358,1,gift_card,1,345.92,baseline
order_0001359,1,debit_card,1,235.57,baseline
order_0001360,1,credit_card,2,225.62,baseline
order_0001361,1,credit_card,2,94.67,baseline
order_0001362,1,credit_card,1,101.52,baseline
order_0001363,1,credit_card,2,309.23,baseline
order_0001364,1,debit_card,1,34.33,baseline
order_0001365,1,credit_card,4,279.51,baseline
order_0001366,1,credit_card,2,72.27,baseline
order_0001367,1,credit_card,2,76.01,baseline
order_0001368,1,credit_card,5,207.61,baseline
order_0001369,1,credit_card,1,29.91,baseline
order_0001370,1,credit_card,5,240.77,baseline
order_0001371,1,credit_card,1,56.84,baseline
order_0001372,1,bank_transfer,1,195.59,baseline
order_0001373,1,digital_wallet,1,333.36,baseline
order_0001374,1,credit_card,2,6.01,baseline
order_0001374,2,digital_wallet,1,21.2,baseline
order_0001375,1,credit_card,2,51.63,baseline
order_0001376,1,digital_wallet,1,151.12,baseline
order_0001377,1,debit_card,1,65.83,baseline
order_0001378,1,credit_card,4,167.26,baseline
order_0001379,1,credit_card,2,50.64,baseline
order_0001379,2,digital_wallet,1,92.2,baseline
order_0001380,1,debit_card,1,641.78,baseline
order_0001381,1,credit_card,6,322.13,baseline
order_0001382,1,digital_wallet,1,87.17,baseline
order_0001383,1,credit_card,1,19.51,baseline
order_0001384,1,debit_card,1,214.55,baseline
order_0001385,1,credit_card,2,62.23,baseline
order_0001386,1,credit_card,1,39.73,baseline
order_0001387,1,credit_card,3,100.14,baseline
order_0001387,2,bank_transfer,1,148.53,baseline
order_0001388,1,digital_wallet,1,151.34,baseline
order_0001388,2,bank_transfer,1,214.38,baseline
order_0001389,1,credit_card,2,87.23,baseline
order_0001390,1,debit_card,1,193.18,baseline
order_0001391,1,bank_transfer,1,45.99,baseline
order_0001392,1,digital_wallet,1,203.23,baseline
order_0001393,1,credit_card,4,375.79,baseline
order_0001394,1,credit_card,1,29.2,baseline
order_0001395,1,debit_card,1,121.42,baseline
order_0001396,1,credit_card,1,72.71,baseline
order_0001397,1,bank_transfer,1,179.85,baseline
order_0001398,1,credit_card,12,545.26,baseline
order_0001399,1,credit_card,1,62.94,baseline
order_0001400,1,credit_card,1,31.92,baseline
order_0001400,2,digital_wallet,1,37.02,baseline
order_0001401,1,credit_card,1,233.76,baseline
order_0001402,1,credit_card,1,73.93,baseline
order_0001403,1,credit_card,2,50.56,baseline
order_0001404,1,credit_card,3,137.23,baseline
order_0001405,1,credit_card,1,58.72,baseline
order_0001406,1,credit_card,1,22.84,baseline
order_0001407,1,bank_transfer,1,132.12,baseline
order_0001408,1,debit_card,1,34.02,baseline
order_0001409,1,credit_card,2,20.03,baseline
order_0001410,1,credit_card,1,313.13,baseline
order_0001411,1,digital_wallet,1,25.83,baseline
order_0001412,1,gift_card,1,62.78,baseline
order_0001413,1,digital_wallet,1,42.94,baseline
order_0001414,1,digital_wallet,1,362.34,baseline
order_0001415,1,digital_wallet,1,23.34,baseline
order_0001416,1,debit_card,1,140.94,baseline
order_0001417,1,credit_card,2,39.61,baseline
order_0001418,1,credit_card,3,130.66,baseline
order_0001419,1,credit_card,2,54.73,baseline
order_0001420,1,credit_card,1,26.57,baseline
order_0001421,1,gift_card,1,384.88,baseline
order_0001422,1,credit_card,1,67.21,baseline
order_0001423,1,gift_card,1,424.15,baseline
order_0001424,1,credit_card,1,42.74,baseline
order_0001425,1,credit_card,2,99.83,baseline
order_0001426,1,bank_transfer,1,321.57,baseline
order_0001427,1,credit_card,1,55.78,baseline
order_0001428,1,credit_card,1,75.18,baseline
order_0001429,1,credit_card,2,165.22,baseline
order_0001430,1,debit_card,1,158.11,baseline
order_0001431,1,credit_card,1,146.93,baseline
order_0001432,1,digital_wallet,1,506.24,baseline
order_0001433,1,credit_card,2,63.56,baseline
order_0001434,1,credit_card,1,125.2,baseline
order_0001435,1,credit_card,3,491.97,baseline
order_0001436,1,digital_wallet,1,102.43,baseline
order_0001437,1,bank_transfer,1,263.13,baseline
order_0001438,1,credit_card,1,97.41,baseline
order_0001439,1,credit_card,1,100.55,baseline
order_0001440,1,digital_wallet,1,162.99,baseline
order_0001441,1,gift_card,1,19.5,baseline
order_0001441,2,debit_card,1,26.94,baseline
order_0001442,1,digital_wallet,1,46.16,baseline
order_0001443,1,digital_wallet,1,39.16,baseline
order_0001444,1,credit_card,1,119.94,baseline
order_0001445,1,credit_card,2,24.15,baseline
order_0001446,1,credit_card,1,46.38,baseline
order_0001447,1,debit_card,1,364.15,baseline
order_0001448,1,credit_card,2,153.39,baseline
order_0001449,1,credit_card,2,46.86,baseline
order_0001450,1,credit_card,1,438.35,baseline
order_0001451,1,digital_wallet,1,51.57,baseline
order_0001452,1,digital_wallet,1,182.78,baseline
order_0001453,1,digital_wallet,1,164.64,baseline
order_0001454,1,credit_card,11,613.32,baseline
order_0001455,1,credit_card,2,133.47,baseline
order_0001456,1,credit_card,2,317.63,baseline
order_0001457,1,debit_card,1,63.67,baseline
order_0001458,1,bank_transfer,1,40.67,baseline
order_0001459,1,digital_wallet,1,117.93,baseline
order_0001460,1,credit_card,1,149.02,baseline
order_0001461,1,bank_transfer,1,95.23,baseline
order_0001462,1,credit_card,1,90.55,baseline
order_0001463,1,credit_card,3,127.82,baseline
order_0001464,1,credit_card,6,226.65,baseline
order_0001465,1,digital_wallet,1,58.18,baseline
order_0001466,1,credit_card,2,128.61,baseline
order_0001467,1,credit_card,2,36.09,baseline
order_0001468,1,credit_card,3,121.31,baseline
order_0001469,1,bank_transfer,1,69.06,baseline
order_0001470,1,digital_wallet,1,94.56,baseline
order_0001471,1,credit_card,8,601.1,baseline
order_0001472,1,credit_card,1,80.55,baseline
order_0001473,1,credit_card,5,430.78,baseline
order_0001474,1,debit_card,1,232.16,baseline
order_0001475,1,digital_wallet,1,5.82,baseline
order_0001475,2,bank_transfer,1,20.65,baseline
order_0001476,1,digital_wallet,1,51.13,baseline
order_0001477,1,digital_wallet,1,115.55,baseline
order_0001478,1,digital_wallet,1,153.13,baseline
order_0001479,1,credit_card,1,47.03,baseline
order_0001480,1,credit_card,4,149.43,baseline
order_0001481,1,digital_wallet,1,224.52,baseline
order_0001482,1,credit_card,4,245.78,baseline
order_0001483,1,bank_transfer,1,360.08,baseline
order_0001484,1,debit_card,1,49.66,baseline
order_0001485,1,gift_card,1,247.95,baseline
order_0001486,1,digital_wallet,1,105.44,baseline
order_0001486,2,credit_card,2,64.63,baseline
order_0001487,1,bank_transfer,1,113.83,baseline
order_0001488,1,digital_wallet,1,319.53,baseline
order_0001489,1,digital_wallet,1,175.23,baseline
order_0001490,1,debit_card,1,74.77,baseline
order_0001491,1,credit_card,1,6.74,baseline
order_0001491,2,debit_card,1,16.45,baseline
order_0001492,1,debit_card,1,428.55,baseline
order_0001493,1,digital_wallet,1,97.4,baseline
order_0001494,1,credit_card,2,256.87,baseline
order_0001495,1,digital_wallet,1,171.28,baseline
order_0001496,1,digital_wallet,1,162.0,baseline
order_0001497,1,credit_card,3,123.2,baseline
order_0001498,1,credit_card,1,70.67,baseline
order_0001499,1,credit_card,2,63.6,baseline
order_0001500,1,digital_wallet,1,260.8,baseline
order_0001501,1,credit_card,1,37.01,baseline
order_0001502,1,credit_card,6,314.11,baseline
order_0001503,1,credit_card,2,38.0,baseline
order_0001504,1,gift_card,1,52.3,baseline
order_0001505,1,digital_wallet,1,16.35,baseline
order_0001506,1,credit_card,4,154.65,baseline
order_0001507,1,digital_wallet,1,178.9,baseline
order_0001508,1,credit_card,1,34.89,baseline
order_0001508,2,digital_wallet,1,40.46,baseline
order_0001509,1,credit_card,2,59.01,baseline
order_0001510,1,debit_card,1,74.24,baseline
order_0001510,2,credit_card,1,71.86,baseline
order_0001511,1,debit_card,1,85.78,baseline
order_0001512,1,credit_card,4,220.73,baseline
order_0001513,1,credit_card,2,51.46,baseline
order_0001514,1,digital_wallet,1,124.67,baseline
order_0001515,1,digital_wallet,1,181.12,baseline
order_0001516,1,credit_card,1,89.08,baseline
order_0001517,1,digital_wallet,1,230.51,baseline
order_0001518,1,digital_wallet,1,113.85,baseline
order_0001519,1,credit_card,1,73.35,baseline
order_0001520,1,credit_card,2,126.44,baseline
order_0001521,1,credit_card,5,261.48,baseline
order_0001522,1,credit_card,2,48.38,baseline
order_0001523,1,credit_card,2,113.75,baseline
order_0001524,1,credit_card,1,277.32,baseline
order_0001525,1,credit_card,1,156.61,baseline
order_0001526,1,bank_transfer,1,25.11,baseline
order_0001527,1,digital_wallet,1,332.75,baseline
order_0001528,1,digital_wallet,1,121.78,baseline
order_0001529,1,credit_card,2,79.19,baseline
order_0001530,1,credit_card,1,11.63,baseline
order_0001530,2,debit_card,1,43.39,baseline
order_0001531,1,debit_card,1,43.13,baseline
order_0001532,1,credit_card,1,42.19,baseline
order_0001533,1,debit_card,1,29.15,baseline
order_0001534,1,debit_card,1,73.46,baseline
order_0001535,1,credit_card,1,16.48,baseline
order_0001536,1,credit_card,1,47.5,baseline
order_0001537,1,digital_wallet,1,60.23,baseline
order_0001538,1,debit_card,1,142.46,baseline
order_0001539,1,credit_card,1,120.42,baseline
order_0001540,1,digital_wallet,1,129.49,baseline
order_0001541,1,credit_card,1,201.25,baseline
order_0001542,1,debit_card,1,181.1,baseline
order_0001543,1,credit_card,1,224.75,baseline
order_0001544,1,credit_card,1,165.03,baseline
order_0001545,1,credit_card,1,68.91,baseline
order_0001546,1,credit_card,4,205.02,baseline
order_0001547,1,credit_card,1,66.29,baseline
order_0001548,1,credit_card,5,231.52,baseline
order_0001549,1,credit_card,1,66.11,baseline
order_0001549,2,digital_wallet,1,262.18,baseline
order_0001550,1,gift_card,1,306.6,baseline
order_0001551,1,credit_card,1,245.65,baseline
order_0001552,1,credit_card,4,340.66,baseline
order_0001553,1,digital_wallet,1,44.17,baseline
order_0001554,1,digital_wallet,1,126.84,baseline
order_0001555,1,credit_card,2,28.25,baseline
order_0001555,2,digital_wallet,1,30.73,baseline
order_0001556,1,credit_card,2,32.05,baseline
order_0001557,1,credit_card,1,44.16,baseline
order_0001558,1,digital_wallet,1,169.8,baseline
order_0001559,1,bank_transfer,1,44.2,baseline
order_0001560,1,debit_card,1,77.23,baseline
order_0001561,1,credit_card,1,10.78,baseline
order_0001561,2,debit_card,1,19.52,baseline
order_0001562,1,digital_wallet,1,52.35,baseline
order_0001563,1,credit_card,1,77.18,baseline
order_0001564,1,digital_wallet,1,32.5,baseline
order_0001565,1,digital_wallet,1,14.67,baseline
order_0001565,2,credit_card,1,38.9,baseline
order_0001566,1,digital_wallet,1,299.64,baseline
order_0001567,1,digital_wallet,1,34.0,baseline
order_0001568,1,debit_card,1,46.74,baseline
order_0001569,1,credit_card,3,144.11,baseline
order_0001570,1,credit_card,3,260.41,baseline
order_0001571,1,debit_card,1,33.72,baseline
order_0001572,1,credit_card,5,184.86,baseline
order_0001573,1,credit_card,3,208.49,baseline
order_0001574,1,gift_card,1,170.11,baseline
order_0001575,1,credit_card,3,144.64,baseline
order_0001576,1,digital_wallet,1,122.41,baseline
order_0001577,1,debit_card,1,131.6,baseline
order_0001578,1,digital_wallet,1,36.99,baseline
order_0001579,1,credit_card,1,12.53,baseline
order_0001579,2,debit_card,1,30.02,baseline
order_0001580,1,credit_card,3,107.8,baseline
order_0001581,1,credit_card,1,166.26,baseline
order_0001582,1,digital_wallet,1,32.08,baseline
order_0001583,1,debit_card,1,18.31,baseline
order_0001583,2,digital_wallet,1,8.05,baseline
order_0001584,1,credit_card,4,231.45,baseline
order_0001585,1,bank_transfer,1,112.7,baseline
order_0001586,1,bank_transfer,1,377.43,baseline
order_0001587,1,credit_card,9,447.42,baseline
order_0001588,1,credit_card,5,335.45,baseline
order_0001589,1,credit_card,2,185.22,baseline
order_0001590,1,digital_wallet,1,139.8,baseline
order_0001591,1,credit_card,2,158.66,baseline
order_0001592,1,credit_card,4,355.06,baseline
order_0001593,1,digital_wallet,1,49.68,baseline
order_0001594,1,debit_card,1,101.71,baseline
order_0001595,1,bank_transfer,1,24.87,baseline
order_0001595,2,debit_card,1,73.78,baseline
order_0001596,1,bank_transfer,1,50.17,baseline
order_0001597,1,credit_card,2,254.11,baseline
order_0001598,1,credit_card,4,217.91,baseline
order_0001599,1,digital_wallet,1,248.65,baseline
order_0001600,1,credit_card,3,133.84,baseline
order_0001601,1,digital_wallet,1,136.82,baseline
order_0001602,1,credit_card,2,33.01,baseline
order_0001603,1,credit_card,12,548.8,baseline
order_0001604,1,bank_transfer,1,148.28,baseline
order_0001605,1,bank_transfer,1,257.6,baseline
order_0001606,1,debit_card,1,190.89,baseline
order_0001607,1,debit_card,1,38.67,baseline
order_0001607,2,credit_card,2,61.47,baseline
order_0001608,1,credit_card,1,172.36,baseline
order_0001609,1,credit_card,5,273.46,baseline
order_0001610,1,digital_wallet,1,105.17,baseline
order_0001611,1,credit_card,1,102.68,baseline
order_0001612,1,digital_wallet,1,117.94,baseline
order_0001613,1,debit_card,1,33.35,baseline
order_0001613,2,credit_card,3,114.76,baseline
order_0001614,1,digital_wallet,1,104.4,baseline
order_0001615,1,digital_wallet,1,188.79,baseline
order_0001616,1,digital_wallet,1,94.26,baseline
order_0001617,1,credit_card,1,26.99,baseline
order_0001618,1,credit_card,1,27.01,baseline
order_0001619,1,credit_card,1,59.23,baseline
order_0001620,1,credit_card,2,51.52,baseline
order_0001621,1,credit_card,3,130.29,baseline
order_0001622,1,credit_card,1,41.31,baseline
order_0001623,1,credit_card,4,156.37,baseline
order_0001624,1,digital_wallet,1,25.9,baseline
order_0001625,1,debit_card,1,166.52,baseline
order_0001626,1,credit_card,3,257.22,baseline
order_0001627,1,debit_card,1,131.53,baseline
order_0001628,1,gift_card,1,115.78,baseline
order_0001629,1,digital_wallet,1,107.84,baseline
order_0001630,1,digital_wallet,1,194.39,baseline
order_0001631,1,credit_card,1,84.11,baseline
order_0001632,1,digital_wallet,1,112.73,baseline
order_0001633,1,digital_wallet,1,162.77,baseline
order_0001634,1,debit_card,1,158.23,baseline
order_0001635,1,debit_card,1,44.65,baseline
order_0001636,1,credit_card,1,87.27,baseline
order_0001637,1,bank_transfer,1,16.3,baseline
order_0001638,1,debit_card,1,45.97,baseline
order_0001639,1,gift_card,1,154.59,baseline
order_0001640,1,credit_card,8,307.08,baseline
order_0001641,1,digital_wallet,1,37.14,baseline
order_0001642,1,gift_card,1,30.39,baseline
order_0001642,2,digital_wallet,1,63.96,baseline
order_0001643,1,debit_card,1,435.13,baseline
order_0001644,1,credit_card,5,602.89,baseline
order_0001645,1,bank_transfer,1,257.24,baseline
order_0001646,1,credit_card,1,89.16,baseline
order_0001647,1,credit_card,3,112.77,baseline
order_0001648,1,digital_wallet,1,211.34,baseline
order_0001649,1,credit_card,8,458.69,baseline
order_0001650,1,debit_card,1,154.28,baseline
order_0001650,2,credit_card,1,142.65,baseline
order_0001651,1,debit_card,1,418.26,baseline
order_0001652,1,digital_wallet,1,38.97,baseline
order_0001653,1,digital_wallet,1,99.68,baseline
order_0001653,2,debit_card,1,239.09,baseline
order_0001654,1,credit_card,4,167.72,baseline
order_0001655,1,credit_card,2,85.98,baseline
order_0001656,1,credit_card,1,322.95,baseline
order_0001657,1,debit_card,1,170.62,baseline
order_0001658,1,credit_card,2,113.2,baseline
order_0001659,1,credit_card,5,319.24,baseline
order_0001660,1,credit_card,2,66.35,baseline
order_0001660,2,bank_transfer,1,29.8,baseline
order_0001661,1,digital_wallet,1,100.56,baseline
order_0001662,1,credit_card,2,46.82,baseline
order_0001663,1,credit_card,2,164.48,baseline
order_0001664,1,debit_card,1,83.6,baseline
order_0001665,1,credit_card,3,175.22,baseline
order_0001666,1,credit_card,1,50.38,baseline
order_0001667,1,digital_wallet,1,19.61,baseline
order_0001668,1,credit_card,1,344.6,baseline
order_0001669,1,bank_transfer,1,196.19,baseline
order_0001670,1,credit_card,2,31.98,baseline
order_0001671,1,credit_card,3,151.13,baseline
order_0001672,1,gift_card,1,34.88,baseline
order_0001673,1,digital_wallet,1,19.82,baseline
order_0001674,1,credit_card,4,231.76,baseline
order_0001675,1,debit_card,1,124.94,baseline
order_0001676,1,digital_wallet,1,357.7,baseline
order_0001677,1,credit_card,4,150.44,baseline
order_0001678,1,credit_card,9,416.45,baseline
order_0001679,1,bank_transfer,1,244.97,baseline
order_0001680,1,gift_card,1,179.81,baseline
order_0001681,1,debit_card,1,36.21,baseline
order_0001682,1,credit_card,5,183.06,baseline
order_0001683,1,credit_card,3,129.63,baseline
order_0001683,2,digital_wallet,1,160.43,baseline
order_0001684,1,credit_card,2,108.83,baseline
order_0001685,1,debit_card,1,167.06,baseline
order_0001686,1,credit_card,4,166.5,baseline
order_0001686,2,bank_transfer,1,174.49,baseline
order_0001687,1,digital_wallet,1,33.91,baseline
order_0001688,1,credit_card,1,35.87,baseline
order_0001689,1,credit_card,1,30.81,baseline
order_0001690,1,credit_card,3,350.01,baseline
order_0001691,1,bank_transfer,1,160.27,baseline
order_0001692,1,digital_wallet,1,373.75,baseline
order_0001693,1,gift_card,1,205.78,baseline
order_0001694,1,credit_card,1,154.2,baseline
order_0001695,1,credit_card,1,73.01,baseline
order_0001696,1,bank_transfer,1,281.92,baseline
order_0001697,1,credit_card,2,83.59,baseline
order_0001698,1,debit_card,1,718.99,baseline
order_0001699,1,digital_wallet,1,234.06,baseline
order_0001700,1,credit_card,2,85.17,baseline
order_0001701,1,credit_card,4,222.05,baseline
order_0001702,1,credit_card,1,159.51,baseline
order_0001703,1,bank_transfer,1,42.02,baseline
order_0001704,1,bank_transfer,1,202.81,baseline
order_0001705,1,credit_card,2,64.17,baseline
order_0001706,1,credit_card,2,59.58,baseline
order_0001707,1,bank_transfer,1,89.28,baseline
order_0001708,1,credit_card,8,310.63,baseline
order_0001709,1,credit_card,1,210.16,baseline
order_0001710,1,digital_wallet,1,36.15,baseline
order_0001711,1,digital_wallet,1,39.75,baseline
order_0001712,1,gift_card,1,118.03,baseline
order_0001713,1,bank_transfer,1,106.19,baseline
order_0001714,1,digital_wallet,1,301.02,baseline
order_0001715,1,credit_card,4,143.42,baseline
order_0001716,1,credit_card,1,116.97,baseline
order_0001717,1,bank_transfer,1,70.3,baseline
order_0001718,1,digital_wallet,1,79.81,baseline
order_0001719,1,credit_card,2,85.06,baseline
order_0001720,1,credit_card,2,229.51,baseline
order_0001721,1,credit_card,3,188.09,baseline
order_0001722,1,credit_card,4,248.93,baseline
order_0001723,1,credit_card,1,75.83,baseline
order_0001723,2,digital_wallet,1,50.72,baseline
order_0001724,1,debit_card,1,74.89,baseline
order_0001725,1,bank_transfer,1,218.32,baseline
order_0001726,1,credit_card,1,27.43,baseline
order_0001727,1,credit_card,1,149.8,baseline
order_0001728,1,credit_card,2,275.91,baseline
order_0001729,1,digital_wallet,1,153.42,baseline
order_0001730,1,credit_card,1,30.41,baseline
order_0001731,1,credit_card,1,84.27,baseline
order_0001732,1,digital_wallet,1,159.76,baseline
order_0001733,1,credit_card,2,206.16,baseline
order_0001734,1,digital_wallet,1,574.04,baseline
order_0001735,1,digital_wallet,1,65.75,baseline
order_0001736,1,digital_wallet,1,22.3,baseline
order_0001737,1,credit_card,2,17.48,baseline
order_0001737,2,digital_wallet,1,9.88,baseline
order_0001738,1,credit_card,2,80.04,baseline
order_0001739,1,credit_card,1,43.03,baseline
order_0001740,1,bank_transfer,1,79.4,baseline
order_0001741,1,debit_card,1,84.54,baseline
order_0001742,1,digital_wallet,1,610.18,baseline
order_0001743,1,debit_card,1,37.82,baseline
order_0001744,1,credit_card,4,147.81,baseline
order_0001745,1,credit_card,2,92.2,baseline
order_0001746,1,digital_wallet,1,288.8,baseline
order_0001747,1,digital_wallet,1,57.77,baseline
order_0001748,1,credit_card,2,65.04,baseline
order_0001749,1,digital_wallet,1,182.7,baseline
order_0001750,1,credit_card,5,286.06,baseline
order_0001751,1,debit_card,1,113.7,baseline
order_0001752,1,digital_wallet,1,35.26,baseline
order_0001753,1,credit_card,1,40.11,baseline
order_0001754,1,gift_card,1,311.62,baseline
order_0001755,1,digital_wallet,1,67.52,baseline
order_0001756,1,digital_wallet,1,50.51,baseline
order_0001757,1,credit_card,1,36.08,baseline
order_0001758,1,digital_wallet,1,106.84,baseline
order_0001759,1,credit_card,3,385.52,baseline
order_0001760,1,digital_wallet,1,123.6,baseline
order_0001761,1,credit_card,2,305.19,baseline
order_0001762,1,credit_card,9,428.85,baseline
order_0001763,1,digital_wallet,1,28.47,baseline
order_0001764,1,digital_wallet,1,141.62,baseline
order_0001765,1,credit_card,1,58.58,baseline
order_0001766,1,gift_card,1,103.86,baseline
order_0001767,1,credit_card,2,241.79,baseline
order_0001768,1,debit_card,1,160.12,baseline
order_0001768,2,credit_card,7,431.58,baseline
order_0001769,1,digital_wallet,1,51.58,baseline
order_0001770,1,debit_card,1,193.82,baseline
order_0001771,1,digital_wallet,1,77.89,baseline
order_0001772,1,digital_wallet,1,27.81,baseline
order_0001773,1,gift_card,1,93.88,baseline
order_0001774,1,digital_wallet,1,89.52,baseline
order_0001775,1,credit_card,9,468.41,baseline
order_0001776,1,digital_wallet,1,34.51,baseline
order_0001776,2,credit_card,1,78.42,baseline
order_0001777,1,debit_card,1,420.28,baseline
order_0001778,1,debit_card,1,168.52,baseline
order_0001779,1,credit_card,2,107.2,baseline
order_0001780,1,credit_card,2,33.71,baseline
order_0001780,2,bank_transfer,1,55.25,baseline
order_0001781,1,credit_card,2,47.66,baseline
order_0001782,1,credit_card,1,110.98,baseline
order_0001783,1,bank_transfer,1,84.1,baseline
order_0001784,1,credit_card,4,173.51,baseline
order_0001785,1,gift_card,1,30.29,baseline
order_0001786,1,credit_card,1,39.18,baseline
order_0001787,1,digital_wallet,1,164.73,baseline
order_0001788,1,debit_card,1,53.59,baseline
order_0001789,1,credit_card,2,430.6,baseline
order_0001790,1,bank_transfer,1,146.8,baseline
order_0001790,2,credit_card,2,138.29,baseline
order_0001791,1,credit_card,2,77.35,baseline
order_0001792,1,debit_card,1,134.19,baseline
order_0001793,1,gift_card,1,419.31,baseline
order_0001794,1,credit_card,1,164.51,baseline
order_0001795,1,bank_transfer,1,269.69,baseline
order_0001796,1,credit_card,6,238.64,baseline
order_0001797,1,digital_wallet,1,142.96,baseline
order_0001798,1,credit_card,4,163.75,baseline
order_0001799,1,credit_card,2,67.92,baseline
order_0001800,1,credit_card,1,184.66,baseline
order_0001801,1,digital_wallet,1,120.18,baseline
order_0001802,1,digital_wallet,1,94.29,baseline
order_0001803,1,debit_card,1,183.95,baseline
order_0001804,1,debit_card,1,63.72,baseline
order_0001805,1,credit_card,2,130.41,baseline
order_0001806,1,credit_card,1,132.61,baseline
order_0001807,1,debit_card,1,80.12,baseline
order_0001808,1,credit_card,12,472.15,baseline
order_0001809,1,digital_wallet,1,242.32,baseline
order_0001810,1,credit_card,4,312.21,baseline
order_0001811,1,debit_card,1,60.16,baseline
order_0001812,1,credit_card,1,47.34,baseline
order_0001813,1,credit_card,3,131.8,baseline
order_0001814,1,digital_wallet,1,112.45,baseline
order_0001815,1,digital_wallet,1,52.2,baseline
order_0001816,1,digital_wallet,1,41.46,baseline
order_0001817,1,credit_card,2,36.96,baseline
order_0001818,1,digital_wallet,1,44.01,baseline
order_0001819,1,credit_card,1,23.07,baseline
order_0001819,2,digital_wallet,1,50.42,baseline
order_0001820,1,credit_card,2,185.4,baseline
order_0001821,1,credit_card,2,41.53,baseline
order_0001822,1,digital_wallet,1,66.21,baseline
order_0001823,1,debit_card,1,256.75,baseline
order_0001824,1,credit_card,2,187.4,baseline
order_0001825,1,credit_card,2,106.95,baseline
order_0001826,1,credit_card,1,65.67,baseline
order_0001827,1,digital_wallet,1,116.41,baseline
order_0001828,1,credit_card,1,86.01,baseline
order_0001829,1,credit_card,1,249.83,baseline
order_0001830,1,gift_card,1,406.65,baseline
order_0001831,1,credit_card,2,177.34,baseline
order_0001832,1,digital_wallet,1,136.54,baseline
order_0001833,1,digital_wallet,1,203.14,baseline
order_0001834,1,credit_card,6,233.28,baseline
order_0001835,1,digital_wallet,1,218.58,baseline
order_0001836,1,debit_card,1,420.01,baseline
order_0001837,1,digital_wallet,1,182.02,baseline
order_0001838,1,digital_wallet,1,70.25,baseline
order_0001839,1,credit_card,1,110.1,baseline
order_0001840,1,debit_card,1,48.45,baseline
order_0001841,1,credit_card,1,95.94,baseline
order_0001842,1,credit_card,1,148.76,baseline
order_0001843,1,digital_wallet,1,117.05,baseline
order_0001844,1,credit_card,4,576.0,baseline
order_0001845,1,credit_card,2,323.83,baseline
order_0001846,1,credit_card,1,116.19,baseline
order_0001847,1,credit_card,1,54.01,baseline
order_0001848,1,credit_card,7,271.19,baseline
order_0001849,1,credit_card,1,132.71,baseline
order_0001850,1,debit_card,1,183.24,baseline
order_0001851,1,credit_card,2,65.05,baseline
order_0001852,1,debit_card,1,62.91,baseline
order_0001853,1,credit_card,1,26.26,baseline
order_0001854,1,credit_card,2,256.44,baseline
order_0001855,1,credit_card,1,244.44,baseline
order_0001856,1,credit_card,3,125.6,baseline
order_0001856,2,digital_wallet,1,95.2,baseline
order_0001857,1,digital_wallet,1,645.61,baseline
order_0001858,1,debit_card,1,271.16,baseline
order_0001859,1,credit_card,2,99.0,baseline
order_0001859,2,debit_card,1,86.61,baseline
order_0001860,1,digital_wallet,1,437.99,baseline
order_0001861,1,digital_wallet,1,201.61,baseline
order_0001862,1,credit_card,3,101.69,baseline
order_0001863,1,debit_card,1,310.87,baseline
order_0001864,1,credit_card,4,158.01,baseline
order_0001865,1,credit_card,1,28.27,baseline
order_0001866,1,credit_card,4,314.17,baseline
order_0001867,1,credit_card,9,421.55,baseline
order_0001868,1,credit_card,1,71.99,baseline
order_0001869,1,debit_card,1,102.86,baseline
order_0001870,1,credit_card,2,41.54,baseline
order_0001870,2,digital_wallet,1,78.12,baseline
order_0001871,1,digital_wallet,1,286.2,baseline
order_0001872,1,debit_card,1,200.53,baseline
order_0001873,1,digital_wallet,1,161.93,baseline
order_0001874,1,digital_wallet,1,324.77,baseline
order_0001875,1,debit_card,1,142.86,baseline
order_0001876,1,digital_wallet,1,214.44,baseline
order_0001877,1,credit_card,3,236.35,baseline
order_0001878,1,bank_transfer,1,16.07,baseline
order_0001879,1,credit_card,1,46.0,baseline
order_0001880,1,digital_wallet,1,35.7,baseline
order_0001881,1,debit_card,1,46.79,baseline
order_0001882,1,debit_card,1,33.81,baseline
order_0001883,1,digital_wallet,1,78.49,baseline
order_0001884,1,credit_card,3,296.74,baseline
order_0001885,1,credit_card,1,253.23,baseline
order_0001886,1,credit_card,1,54.09,baseline
order_0001887,1,credit_card,2,89.26,baseline
order_0001888,1,debit_card,1,29.05,baseline
order_0001889,1,bank_transfer,1,394.89,baseline
order_0001890,1,debit_card,1,172.8,baseline
order_0001891,1,debit_card,1,33.32,baseline
order_0001892,1,bank_transfer,1,85.0,baseline
order_0001893,1,credit_card,10,386.56,baseline
order_0001894,1,debit_card,1,63.96,baseline
order_0001895,1,digital_wallet,1,160.36,baseline
order_0001896,1,credit_card,1,38.08,baseline
order_0001897,1,digital_wallet,1,20.42,baseline
order_0001897,2,bank_transfer,1,28.77,baseline
order_0001898,1,bank_transfer,1,31.07,baseline
order_0001899,1,debit_card,1,158.16,baseline
order_0001900,1,digital_wallet,1,93.5,baseline
order_0001901,1,credit_card,1,294.94,baseline
order_0001902,1,credit_card,2,45.56,baseline
order_0001903,1,gift_card,1,42.37,baseline
order_0001904,1,credit_card,2,33.17,baseline
order_0001905,1,bank_transfer,1,56.16,baseline
order_0001906,1,debit_card,1,138.63,baseline
order_0001907,1,credit_card,4,142.21,baseline
order_0001908,1,credit_card,7,307.11,baseline
order_0001909,1,debit_card,1,55.7,baseline
order_0001910,1,credit_card,1,82.73,baseline
order_0001911,1,credit_card,2,150.51,baseline
order_0001912,1,credit_card,3,398.69,baseline
order_0001913,1,credit_card,1,71.68,baseline
order_0001914,1,bank_transfer,1,34.87,baseline
order_0001915,1,gift_card,1,143.8,baseline
order_0001916,1,debit_card,1,72.2,baseline
order_0001917,1,debit_card,1,244.47,baseline
order_0001918,1,digital_wallet,1,69.19,baseline
order_0001918,2,gift_card,1,30.94,baseline
order_0001919,1,credit_card,1,58.94,baseline
order_0001920,1,credit_card,1,99.7,baseline
order_0001921,1,credit_card,1,149.96,baseline
order_0001922,1,debit_card,1,290.09,baseline
order_0001923,1,debit_card,1,162.67,baseline
order_0001924,1,gift_card,1,70.66,baseline
order_0001925,1,digital_wallet,1,20.68,baseline
order_0001925,2,debit_card,1,14.26,baseline
order_0001926,1,debit_card,1,78.04,baseline
order_0001927,1,debit_card,1,180.57,baseline
order_0001928,1,credit_card,1,104.22,baseline
order_0001929,1,credit_card,3,173.96,baseline
order_0001930,1,credit_card,5,491.7,baseline
order_0001931,1,bank_transfer,1,120.83,baseline
order_0001932,1,credit_card,1,26.99,baseline
order_0001933,1,digital_wallet,1,76.72,baseline
order_0001933,2,credit_card,5,292.93,baseline
order_0001934,1,credit_card,3,103.25,baseline
order_0001934,2,bank_transfer,1,45.61,baseline
order_0001935,1,debit_card,1,190.53,baseline
order_0001936,1,credit_card,1,138.93,baseline
order_0001937,1,debit_card,1,155.97,baseline
order_0001938,1,bank_transfer,1,102.53,baseline
order_0001939,1,debit_card,1,185.94,baseline
order_0001940,1,digital_wallet,1,175.1,baseline
order_0001941,1,credit_card,3,293.99,baseline
order_0001942,1,digital_wallet,1,228.52,baseline
order_0001943,1,debit_card,1,97.16,baseline
order_0001944,1,bank_transfer,1,353.68,baseline
order_0001945,1,debit_card,1,171.11,baseline
order_0001946,1,credit_card,2,19.49,baseline
order_0001947,1,credit_card,2,122.44,baseline
order_0001948,1,digital_wallet,1,829.26,baseline
order_0001949,1,credit_card,1,274.22,baseline
order_0001950,1,debit_card,1,36.36,baseline
order_0001951,1,digital_wallet,1,139.61,baseline
order_0001952,1,debit_card,1,224.98,baseline
order_0001953,1,credit_card,5,195.47,baseline
order_0001954,1,digital_wallet,1,152.7,baseline
order_0001955,1,credit_card,2,59.12,baseline
order_0001956,1,debit_card,1,51.32,baseline
order_0001957,1,credit_card,2,59.94,baseline
order_0001958,1,credit_card,2,79.36,baseline
order_0001959,1,credit_card,3,283.4,baseline
order_0001960,1,credit_card,2,133.35,baseline
order_0001961,1,debit_card,1,983.66,baseline
order_0001962,1,credit_card,5,281.28,baseline
order_0001963,1,credit_card,3,108.53,baseline
order_0001964,1,digital_wallet,1,124.8,baseline
order_0001965,1,credit_card,3,141.39,baseline
order_0001966,1,credit_card,2,120.79,baseline
order_0001967,1,credit_card,5,242.93,baseline
order_0001968,1,gift_card,1,177.56,baseline
order_0001969,1,credit_card,8,323.06,baseline
order_0001970,1,credit_card,4,192.66,baseline
order_0001971,1,debit_card,1,586.5,baseline
order_0001972,1,digital_wallet,1,48.13,baseline
order_0001973,1,debit_card,1,265.86,baseline
order_0001974,1,digital_wallet,1,135.36,baseline
order_0001975,1,credit_card,1,159.67,baseline
order_0001976,1,credit_card,1,118.63,baseline
order_0001977,1,credit_card,1,83.6,baseline
order_0001978,1,debit_card,1,59.05,baseline
order_0001979,1,debit_card,1,30.6,baseline
order_0001980,1,digital_wallet,1,150.42,baseline
order_0001981,1,credit_card,2,71.49,baseline
order_0001982,1,bank_transfer,1,52.81,baseline
order_0001983,1,credit_card,4,169.03,baseline
order_0001984,1,debit_card,1,46.33,baseline
order_0001984,2,digital_wallet,1,42.74,baseline
order_0001985,1,credit_card,1,82.28,baseline
order_0001986,1,credit_card,2,36.58,baseline
order_0001987,1,credit_card,3,102.6,baseline
order_0001988,1,debit_card,1,135.38,baseline
order_0001989,1,credit_card,7,298.04,baseline
order_0001990,1,digital_wallet,1,37.98,baseline
order_0001991,1,digital_wallet,1,352.47,baseline
order_0001992,1,credit_card,3,283.82,baseline
order_0001993,1,credit_card,3,105.19,baseline
order_0001994,1,bank_transfer,1,234.97,baseline
order_0001995,1,digital_wallet,1,71.19,baseline
order_0001996,1,credit_card,2,138.06,baseline
order_0001997,1,credit_card,1,72.03,baseline
order_0001998,1,credit_card,4,247.44,baseline
order_0001999,1,credit_card,4,661.85,baseline
order_0002000,1,digital_wallet,1,234.6,baseline
order_0002001,1,digital_wallet,1,77.69,baseline
order_0002002,1,digital_wallet,1,68.69,baseline
order_0002003,1,credit_card,1,81.19,baseline
order_0002004,1,credit_card,1,51.84,baseline
order_0002005,1,credit_card,2,37.65,baseline
order_0002006,1,credit_card,1,122.75,baseline
order_0002007,1,credit_card,1,35.09,baseline
order_0002008,1,credit_card,2,25.66,baseline
order_0002009,1,bank_transfer,1,96.89,baseline
order_0002010,1,credit_card,9,436.77,baseline
order_0002011,1,digital_wallet,1,554.29,baseline
order_0002012,1,credit_card,2,396.37,baseline
order_0002013,1,digital_wallet,1,104.28,baseline
order_0002014,1,credit_card,2,31.12,baseline
order_0002014,2,bank_transfer,1,58.22,baseline
order_0002015,1,debit_card,1,93.19,baseline
order_0002016,1,debit_card,1,104.69,baseline
order_0002017,1,credit_card,1,85.4,baseline
order_0002018,1,credit_card,4,141.37,baseline
order_0002019,1,debit_card,1,47.9,baseline
order_0002020,1,digital_wallet,1,53.97,baseline
order_0002021,1,debit_card,1,111.56,baseline
order_0002022,1,credit_card,3,223.62,baseline
order_0002023,1,credit_card,2,90.47,baseline
order_0002023,2,debit_card,1,172.03,baseline
order_0002024,1,credit_card,1,121.39,baseline
order_0002025,1,credit_card,1,260.58,baseline
order_0002026,1,credit_card,5,367.91,baseline
order_0002027,1,credit_card,4,191.65,baseline
order_0002028,1,credit_card,2,105.3,baseline
order_0002029,1,digital_wallet,1,182.27,baseline
order_0002030,1,credit_card,2,70.31,baseline
order_0002031,1,digital_wallet,1,69.32,baseline
order_0002032,1,credit_card,2,31.07,baseline
order_0002033,1,digital_wallet,1,318.04,baseline
order_0002034,1,debit_card,1,29.63,baseline
order_0002035,1,credit_card,5,216.95,baseline
order_0002036,1,digital_wallet,1,66.46,baseline
order_0002036,2,credit_card,2,202.73,baseline
order_0002037,1,digital_wallet,1,123.09,baseline
order_0002038,1,digital_wallet,1,123.91,baseline
order_0002039,1,credit_card,2,43.65,baseline
order_0002040,1,credit_card,4,214.59,baseline
order_0002041,1,credit_card,3,124.44,baseline
order_0002042,1,credit_card,8,383.74,baseline
order_0002043,1,bank_transfer,1,158.95,baseline
order_0002044,1,credit_card,1,58.47,baseline
order_0002045,1,credit_card,1,198.13,baseline
order_0002045,2,debit_card,1,112.19,baseline
order_0002046,1,digital_wallet,1,127.78,baseline
order_0002047,1,credit_card,2,103.22,baseline
order_0002048,1,gift_card,1,141.15,baseline
order_0002049,1,debit_card,1,61.86,baseline
order_0002050,1,debit_card,1,397.0,baseline
order_0002051,1,digital_wallet,1,209.8,baseline
order_0002052,1,gift_card,1,205.17,baseline
order_0002053,1,credit_card,2,38.78,baseline
order_0002054,1,bank_transfer,1,51.44,baseline
order_0002055,1,bank_transfer,1,80.07,baseline
order_0002056,1,credit_card,6,767.78,baseline
order_0002057,1,debit_card,1,240.78,baseline
order_0002058,1,digital_wallet,1,22.53,baseline
order_0002058,2,credit_card,2,65.16,baseline
order_0002059,1,credit_card,2,10.25,baseline
order_0002059,2,debit_card,1,19.36,baseline
order_0002060,1,debit_card,1,41.62,baseline
order_0002061,1,debit_card,1,92.73,baseline
order_0002062,1,digital_wallet,1,143.96,baseline
order_0002063,1,digital_wallet,1,406.02,baseline
order_0002064,1,digital_wallet,1,205.47,baseline
order_0002065,1,digital_wallet,1,36.86,baseline
order_0002066,1,credit_card,5,374.07,baseline
order_0002067,1,credit_card,6,318.41,baseline
order_0002068,1,digital_wallet,1,233.0,baseline
order_0002069,1,digital_wallet,1,98.02,baseline
order_0002070,1,credit_card,1,102.57,baseline
order_0002071,1,credit_card,1,97.04,baseline
order_0002072,1,debit_card,1,108.34,baseline
order_0002073,1,digital_wallet,1,39.2,baseline
order_0002074,1,credit_card,2,209.61,baseline
order_0002075,1,credit_card,2,117.42,baseline
order_0002076,1,digital_wallet,1,385.66,baseline
order_0002077,1,credit_card,2,86.52,baseline
order_0002078,1,credit_card,1,40.25,baseline
order_0002078,2,digital_wallet,1,18.48,baseline
order_0002079,1,credit_card,4,473.78,baseline
order_0002080,1,bank_transfer,1,113.22,baseline
order_0002081,1,credit_card,4,252.39,baseline
order_0002082,1,digital_wallet,1,69.29,baseline
order_0002083,1,credit_card,2,35.92,baseline
order_0002084,1,credit_card,1,50.56,baseline
order_0002085,1,credit_card,7,546.75,baseline
order_0002086,1,debit_card,1,67.76,baseline
order_0002087,1,credit_card,1,99.03,baseline
order_0002088,1,debit_card,1,19.29,baseline
order_0002089,1,digital_wallet,1,31.4,baseline
order_0002090,1,credit_card,3,113.6,baseline
order_0002091,1,credit_card,1,184.22,baseline
order_0002091,2,digital_wallet,1,175.08,baseline
order_0002092,1,gift_card,1,485.12,baseline
order_0002093,1,bank_transfer,1,121.45,baseline
order_0002094,1,debit_card,1,95.31,baseline
order_0002095,1,digital_wallet,1,57.51,baseline
order_0002096,1,credit_card,3,143.24,baseline
order_0002097,1,digital_wallet,1,800.96,baseline
order_0002098,1,credit_card,2,44.86,baseline
order_0002099,1,digital_wallet,1,106.84,baseline
order_0002100,1,debit_card,1,482.49,baseline
order_0002101,1,digital_wallet,1,106.53,baseline
order_0002101,2,bank_transfer,1,105.57,baseline
order_0002102,1,credit_card,3,100.48,baseline
order_0002103,1,digital_wallet,1,25.5,baseline
order_0002104,1,digital_wallet,1,222.84,baseline
order_0002105,1,debit_card,1,198.28,baseline
order_0002106,1,credit_card,4,186.47,baseline
order_0002107,1,credit_card,6,357.84,baseline
order_0002108,1,credit_card,2,123.62,baseline
order_0002109,1,digital_wallet,1,152.55,baseline
order_0002110,1,digital_wallet,1,79.75,baseline
order_0002111,1,credit_card,3,188.26,baseline
order_0002112,1,credit_card,1,47.28,baseline
order_0002113,1,digital_wallet,1,135.6,baseline
order_0002114,1,digital_wallet,1,58.85,baseline
order_0002115,1,bank_transfer,1,98.53,baseline
order_0002116,1,credit_card,2,145.76,baseline
order_0002117,1,credit_card,1,34.21,baseline
order_0002118,1,credit_card,2,307.77,baseline
order_0002119,1,credit_card,3,101.78,baseline
order_0002120,1,credit_card,2,105.68,baseline
order_0002121,1,digital_wallet,1,187.4,baseline
order_0002122,1,credit_card,1,218.38,baseline
order_0002123,1,credit_card,2,61.84,baseline
order_0002124,1,credit_card,1,9.02,baseline
order_0002124,2,debit_card,1,20.7,baseline
order_0002125,1,digital_wallet,1,27.9,baseline
order_0002126,1,bank_transfer,1,40.19,baseline
order_0002127,1,credit_card,1,61.56,baseline
order_0002128,1,credit_card,1,97.15,baseline
order_0002128,2,digital_wallet,1,81.62,baseline
order_0002129,1,credit_card,1,59.49,baseline
order_0002130,1,digital_wallet,1,73.91,baseline
order_0002131,1,credit_card,5,197.38,baseline
order_0002132,1,digital_wallet,1,539.26,baseline
order_0002133,1,credit_card,2,374.36,baseline
order_0002134,1,bank_transfer,1,133.62,baseline
order_0002135,1,credit_card,2,71.01,baseline
order_0002136,1,debit_card,1,85.15,baseline
order_0002137,1,debit_card,1,124.83,baseline
order_0002138,1,debit_card,1,860.36,baseline
order_0002139,1,digital_wallet,1,120.49,baseline
order_0002140,1,debit_card,1,73.85,baseline
order_0002141,1,credit_card,1,270.58,baseline
order_0002142,1,gift_card,1,406.53,baseline
order_0002143,1,digital_wallet,1,137.63,baseline
order_0002144,1,credit_card,2,107.5,baseline
order_0002145,1,digital_wallet,1,39.09,baseline
order_0002146,1,credit_card,2,79.85,baseline
order_0002147,1,digital_wallet,1,151.04,baseline
order_0002148,1,bank_transfer,1,108.64,baseline
order_0002149,1,digital_wallet,1,33.58,baseline
order_0002150,1,credit_card,2,394.98,baseline
order_0002151,1,credit_card,4,148.86,baseline
order_0002152,1,digital_wallet,1,51.65,baseline
order_0002153,1,bank_transfer,1,62.09,baseline
order_0002154,1,debit_card,1,495.63,baseline
order_0002155,1,digital_wallet,1,48.32,baseline
order_0002156,1,credit_card,4,165.74,baseline
order_0002157,1,credit_card,2,107.54,baseline
order_0002158,1,bank_transfer,1,215.2,baseline
order_0002159,1,credit_card,2,36.03,baseline
order_0002160,1,digital_wallet,1,47.46,baseline
order_0002161,1,digital_wallet,1,38.69,baseline
order_0002162,1,debit_card,1,93.08,baseline
order_0002163,1,credit_card,1,31.73,baseline
order_0002164,1,debit_card,1,401.83,baseline
order_0002165,1,digital_wallet,1,378.41,baseline
order_0002166,1,credit_card,2,67.19,baseline
order_0002167,1,digital_wallet,1,114.94,baseline
order_0002168,1,credit_card,2,129.12,baseline
order_0002169,1,digital_wallet,1,99.35,baseline
order_0002170,1,credit_card,1,46.54,baseline
order_0002171,1,digital_wallet,1,115.67,baseline
order_0002172,1,credit_card,2,86.26,baseline
order_0002173,1,debit_card,1,84.2,baseline
order_0002174,1,debit_card,1,72.92,baseline
order_0002175,1,credit_card,2,37.88,baseline
order_0002176,1,credit_card,2,170.3,baseline
order_0002177,1,credit_card,2,199.36,baseline
order_0002178,1,credit_card,2,63.32,baseline
order_0002179,1,bank_transfer,1,158.41,baseline
order_0002179,2,debit_card,1,113.84,baseline
order_0002180,1,bank_transfer,1,83.13,baseline
order_0002181,1,digital_wallet,1,56.36,baseline
order_0002182,1,credit_card,1,40.97,baseline
order_0002183,1,debit_card,1,402.81,baseline
order_0002184,1,credit_card,2,58.9,baseline
order_0002185,1,credit_card,1,82.51,baseline
order_0002186,1,credit_card,7,471.37,baseline
order_0002187,1,credit_card,1,62.15,baseline
order_0002188,1,bank_transfer,1,120.42,baseline
order_0002189,1,digital_wallet,1,148.67,baseline
order_0002190,1,digital_wallet,1,149.23,baseline
order_0002191,1,credit_card,6,278.18,baseline
order_0002192,1,digital_wallet,1,388.97,baseline
order_0002193,1,credit_card,1,119.86,baseline
order_0002194,1,gift_card,1,96.95,baseline
order_0002195,1,digital_wallet,1,181.07,baseline
order_0002195,2,credit_card,6,250.28,baseline
order_0002196,1,bank_transfer,1,170.14,baseline
order_0002197,1,digital_wallet,1,30.52,baseline
order_0002198,1,credit_card,2,227.14,baseline
order_0002199,1,credit_card,1,152.26,baseline
order_0002200,1,credit_card,1,275.22,baseline
order_0002201,1,credit_card,1,95.46,baseline
order_0002202,1,credit_card,3,147.71,baseline
order_0002203,1,debit_card,1,156.66,baseline
order_0002204,1,credit_card,4,210.91,baseline
order_0002205,1,bank_transfer,1,29.3,baseline
order_0002206,1,bank_transfer,1,119.21,baseline
order_0002207,1,debit_card,1,199.49,baseline
order_0002208,1,credit_card,3,112.38,baseline
order_0002209,1,debit_card,1,32.94,baseline
order_0002209,2,bank_transfer,1,16.45,baseline
order_0002210,1,credit_card,2,38.8,baseline
order_0002210,2,bank_transfer,1,85.35,baseline
order_0002211,1,bank_transfer,1,520.02,baseline
order_0002212,1,credit_card,2,147.93,baseline
order_0002213,1,credit_card,1,116.92,baseline
order_0002214,1,debit_card,1,45.85,baseline
order_0002215,1,credit_card,3,136.25,baseline
order_0002216,1,debit_card,1,68.36,baseline
order_0002216,2,credit_card,1,145.48,baseline
order_0002217,1,debit_card,1,310.12,baseline
order_0002218,1,digital_wallet,1,277.17,baseline
order_0002219,1,digital_wallet,1,13.99,baseline
order_0002219,2,credit_card,1,8.68,baseline
order_0002220,1,bank_transfer,1,160.81,baseline
order_0002221,1,debit_card,1,205.45,baseline
order_0002222,1,credit_card,2,128.52,baseline
order_0002223,1,debit_card,1,164.74,baseline
order_0002224,1,credit_card,1,159.85,baseline
order_0002225,1,gift_card,1,147.66,baseline
order_0002226,1,digital_wallet,1,58.84,baseline
order_0002227,1,debit_card,1,96.12,baseline
order_0002228,1,digital_wallet,1,240.85,baseline
order_0002229,1,digital_wallet,1,172.73,baseline
order_0002230,1,credit_card,4,369.81,baseline
order_0002231,1,digital_wallet,1,183.27,baseline
order_0002232,1,digital_wallet,1,70.31,baseline
order_0002233,1,digital_wallet,1,58.38,baseline
order_0002234,1,credit_card,6,273.26,baseline
order_0002235,1,credit_card,2,70.68,baseline
order_0002235,2,debit_card,1,50.91,baseline
order_0002236,1,credit_card,2,42.43,baseline
order_0002237,1,credit_card,1,11.76,baseline
order_0002237,2,digital_wallet,1,36.12,baseline
order_0002238,1,debit_card,1,30.13,baseline
order_0002239,1,digital_wallet,1,43.79,baseline
order_0002240,1,credit_card,5,343.12,baseline
order_0002241,1,credit_card,4,199.44,baseline
order_0002242,1,credit_card,1,153.78,baseline
order_0002243,1,credit_card,2,21.94,baseline
order_0002244,1,gift_card,1,376.02,baseline
order_0002245,1,credit_card,2,239.21,baseline
order_0002246,1,credit_card,2,171.31,baseline
order_0002246,2,debit_card,1,165.74,baseline
order_0002247,1,debit_card,1,337.91,baseline
order_0002248,1,digital_wallet,1,59.06,baseline
order_0002249,1,bank_transfer,1,185.93,baseline
order_0002250,1,credit_card,1,64.09,baseline
order_0002251,1,digital_wallet,1,130.15,baseline
order_0002252,1,debit_card,1,38.01,baseline
order_0002253,1,credit_card,2,166.96,baseline
order_0002254,1,credit_card,1,60.21,baseline
order_0002255,1,debit_card,1,58.01,baseline
order_0002256,1,credit_card,3,105.24,baseline
order_0002257,1,credit_card,8,346.52,baseline
order_0002258,1,credit_card,3,219.41,baseline
order_0002259,1,digital_wallet,1,106.05,baseline
order_0002260,1,credit_card,1,45.76,baseline
order_0002261,1,digital_wallet,1,141.36,baseline
order_0002262,1,gift_card,1,46.85,baseline
order_0002263,1,digital_wallet,1,79.09,baseline
order_0002264,1,digital_wallet,1,197.7,baseline
order_0002265,1,gift_card,1,67.62,baseline
order_0002266,1,digital_wallet,1,51.53,baseline
order_0002267,1,bank_transfer,1,36.49,baseline
order_0002268,1,credit_card,4,235.99,baseline
order_0002269,1,credit_card,2,75.11,baseline
order_0002270,1,credit_card,5,180.36,baseline
order_0002271,1,digital_wallet,1,34.55,baseline
order_0002272,1,bank_transfer,1,17.29,baseline
order_0002273,1,credit_card,1,229.78,baseline
order_0002274,1,credit_card,1,91.32,baseline
order_0002275,1,digital_wallet,1,112.33,baseline
order_0002276,1,credit_card,1,41.77,baseline
order_0002277,1,digital_wallet,1,248.18,baseline
order_0002278,1,credit_card,2,296.51,baseline
order_0002279,1,digital_wallet,1,87.23,baseline
order_0002280,1,debit_card,1,98.41,baseline
order_0002281,1,bank_transfer,1,44.53,baseline
order_0002282,1,digital_wallet,1,232.15,baseline
order_0002283,1,credit_card,2,276.38,baseline
order_0002284,1,gift_card,1,677.55,baseline
order_0002285,1,bank_transfer,1,170.95,baseline
order_0002286,1,debit_card,1,79.63,baseline
order_0002287,1,bank_transfer,1,288.19,baseline
order_0002288,1,credit_card,2,33.78,baseline
order_0002289,1,digital_wallet,1,73.26,baseline
order_0002290,1,debit_card,1,124.28,baseline
order_0002291,1,credit_card,1,89.68,baseline
order_0002292,1,debit_card,1,325.89,baseline
order_0002293,1,credit_card,2,189.57,baseline
order_0002294,1,credit_card,5,190.43,baseline
order_0002295,1,credit_card,1,84.32,baseline
order_0002296,1,credit_card,3,122.23,baseline
order_0002297,1,credit_card,2,13.76,baseline
order_0002298,1,bank_transfer,1,27.2,baseline
order_0002299,1,digital_wallet,1,219.31,baseline
order_0002300,1,credit_card,3,212.28,baseline
order_0002300,2,digital_wallet,1,97.12,baseline
order_0002301,1,credit_card,1,91.2,baseline
order_0002302,1,credit_card,7,322.52,baseline
order_0002303,1,debit_card,1,294.2,baseline
order_0002304,1,debit_card,1,250.98,baseline
order_0002305,1,credit_card,1,451.76,baseline
order_0002306,1,credit_card,1,35.0,baseline
order_0002306,2,digital_wallet,1,46.45,baseline
order_0002307,1,debit_card,1,124.94,baseline
order_0002308,1,credit_card,7,585.43,baseline
order_0002309,1,bank_transfer,1,114.84,baseline
order_0002310,1,credit_card,4,193.39,baseline
order_0002311,1,credit_card,1,27.85,baseline
order_0002312,1,debit_card,1,40.95,baseline
order_0002313,1,credit_card,3,126.31,baseline
order_0002314,1,credit_card,4,144.72,baseline
order_0002315,1,credit_card,1,143.67,baseline
order_0002316,1,bank_transfer,1,284.93,baseline
order_0002317,1,gift_card,1,600.59,baseline
order_0002318,1,credit_card,1,75.17,baseline
order_0002319,1,credit_card,1,36.53,baseline
order_0002320,1,digital_wallet,1,518.31,baseline
order_0002321,1,credit_card,2,54.79,baseline
order_0002322,1,bank_transfer,1,29.42,baseline
order_0002322,2,debit_card,1,45.3,baseline
order_0002323,1,debit_card,1,47.42,baseline
order_0002324,1,digital_wallet,1,74.02,baseline
order_0002325,1,credit_card,9,405.55,baseline
order_0002326,1,bank_transfer,1,197.92,baseline
order_0002327,1,digital_wallet,1,71.3,baseline
order_0002328,1,digital_wallet,1,188.17,baseline
order_0002328,2,credit_card,2,172.34,baseline
order_0002329,1,credit_card,2,187.16,baseline
order_0002330,1,debit_card,1,303.15,baseline
order_0002331,1,credit_card,2,47.94,baseline
order_0002332,1,credit_card,5,397.33,baseline
order_0002333,1,credit_card,2,59.23,baseline
order_0002334,1,gift_card,1,403.63,baseline
order_0002335,1,digital_wallet,1,180.75,baseline
order_0002336,1,credit_card,1,25.42,baseline
order_0002337,1,debit_card,1,68.98,baseline
order_0002338,1,digital_wallet,1,220.15,baseline
order_0002339,1,digital_wallet,1,132.14,baseline
order_0002340,1,digital_wallet,1,27.33,baseline
order_0002341,1,debit_card,1,150.5,baseline
order_0002342,1,debit_card,1,51.68,baseline
order_0002343,1,digital_wallet,1,209.0,baseline
order_0002344,1,debit_card,1,338.03,baseline
order_0002345,1,digital_wallet,1,155.34,baseline
order_0002346,1,gift_card,1,121.87,baseline
order_0002347,1,credit_card,3,112.64,baseline
order_0002348,1,bank_transfer,1,218.9,baseline
order_0002349,1,digital_wallet,1,688.03,baseline
order_0002350,1,debit_card,1,29.86,baseline
order_0002350,2,credit_card,2,57.02,baseline
order_0002351,1,debit_card,1,274.74,baseline
order_0002352,1,debit_card,1,171.19,baseline
order_0002353,1,digital_wallet,1,566.07,baseline
order_0002354,1,digital_wallet,1,88.73,baseline
order_0002355,1,credit_card,1,60.07,baseline
order_0002356,1,credit_card,1,46.51,baseline
order_0002357,1,credit_card,2,7.78,baseline
order_0002357,2,digital_wallet,1,14.56,baseline
order_0002358,1,credit_card,2,35.19,baseline
order_0002359,1,credit_card,2,54.74,baseline
order_0002360,1,credit_card,1,106.32,baseline
order_0002361,1,bank_transfer,1,110.79,baseline
order_0002362,1,credit_card,1,131.0,baseline
order_0002363,1,gift_card,1,137.14,baseline
order_0002364,1,credit_card,1,184.16,baseline
order_0002365,1,bank_transfer,1,70.62,baseline
order_0002366,1,credit_card,2,639.91,baseline
order_0002367,1,credit_card,1,150.2,baseline
order_0002368,1,debit_card,1,247.06,baseline
order_0002369,1,digital_wallet,1,41.23,baseline
order_0002369,2,bank_transfer,1,23.72,baseline
order_0002370,1,debit_card,1,107.45,baseline
order_0002371,1,credit_card,3,174.82,baseline
order_0002372,1,digital_wallet,1,172.25,baseline
order_0002373,1,digital_wallet,1,60.82,baseline
order_0002374,1,credit_card,2,66.06,baseline
order_0002375,1,bank_transfer,1,61.52,baseline
order_0002376,1,credit_card,2,47.65,baseline
order_0002377,1,credit_card,2,85.21,baseline
order_0002378,1,digital_wallet,1,157.3,baseline
order_0002379,1,debit_card,1,87.52,baseline
order_0002380,1,bank_transfer,1,132.06,baseline
order_0002381,1,digital_wallet,1,300.93,baseline
order_0002382,1,debit_card,1,233.57,baseline
order_0002383,1,gift_card,1,51.35,baseline
order_0002384,1,credit_card,1,13.78,baseline
order_0002384,2,debit_card,1,35.83,baseline
order_0002385,1,digital_wallet,1,197.29,baseline
order_0002386,1,debit_card,1,90.84,baseline
order_0002387,1,credit_card,2,54.56,baseline
order_0002387,2,debit_card,1,54.14,baseline
order_0002388,1,debit_card,1,390.56,baseline
order_0002388,2,credit_card,6,281.92,baseline
order_0002389,1,digital_wallet,1,122.02,baseline
order_0002390,1,bank_transfer,1,290.64,baseline
order_0002391,1,credit_card,1,16.33,baseline
order_0002391,2,digital_wallet,1,7.87,baseline
order_0002392,1,credit_card,1,66.84,baseline
order_0002393,1,digital_wallet,1,47.39,baseline
order_0002394,1,digital_wallet,1,268.05,baseline
order_0002395,1,credit_card,2,37.58,baseline
order_0002396,1,digital_wallet,1,200.31,baseline
order_0002397,1,debit_card,1,82.08,baseline
order_0002398,1,credit_card,1,50.37,baseline
order_0002399,1,debit_card,1,400.18,baseline
order_0002400,1,credit_card,2,138.06,baseline
order_0002401,1,credit_card,2,31.51,baseline
order_0002402,1,credit_card,2,77.88,baseline
order_0002403,1,credit_card,3,119.01,baseline
order_0002404,1,credit_card,1,76.81,baseline
order_0002405,1,credit_card,2,80.45,baseline
order_0002406,1,credit_card,1,351.62,baseline
order_0002407,1,credit_card,11,565.63,baseline
order_0002408,1,gift_card,1,54.9,baseline
order_0002409,1,credit_card,8,374.46,baseline
order_0002410,1,debit_card,1,30.45,baseline
order_0002411,1,digital_wallet,1,70.59,baseline
order_0002412,1,credit_card,3,211.91,baseline
order_0002413,1,digital_wallet,1,92.77,baseline
order_0002413,2,credit_card,4,185.26,baseline
order_0002414,1,bank_transfer,1,61.76,baseline
order_0002415,1,credit_card,2,63.94,baseline
order_0002416,1,debit_card,1,141.95,baseline
order_0002417,1,credit_card,1,63.0,baseline
order_0002418,1,digital_wallet,1,352.97,baseline
order_0002419,1,bank_transfer,1,62.11,baseline
order_0002420,1,digital_wallet,1,27.31,baseline
order_0002421,1,gift_card,1,66.9,baseline
order_0002422,1,digital_wallet,1,105.4,baseline
order_0002423,1,credit_card,1,26.17,baseline
order_0002424,1,digital_wallet,1,256.71,baseline
order_0002425,1,credit_card,5,205.18,baseline
order_0002426,1,credit_card,1,26.47,baseline
order_0002427,1,credit_card,1,61.89,baseline
order_0002428,1,credit_card,1,44.57,baseline
order_0002429,1,credit_card,5,232.21,baseline
order_0002430,1,digital_wallet,1,286.85,baseline
order_0002431,1,credit_card,2,103.26,baseline
order_0002432,1,credit_card,1,14.82,baseline
order_0002433,1,credit_card,2,52.25,baseline
order_0002434,1,debit_card,1,58.71,baseline
order_0002435,1,debit_card,1,44.81,baseline
order_0002436,1,debit_card,1,161.23,baseline
order_0002437,1,credit_card,2,66.21,baseline
order_0002438,1,credit_card,1,121.79,baseline
order_0002439,1,credit_card,12,767.4,baseline
order_0002440,1,credit_card,2,97.75,baseline
order_0002441,1,digital_wallet,1,131.42,baseline
order_0002442,1,digital_wallet,1,336.85,baseline
order_0002443,1,credit_card,3,194.86,baseline
order_0002444,1,digital_wallet,1,107.04,baseline
order_0002445,1,digital_wallet,1,162.18,baseline
order_0002446,1,credit_card,5,304.72,baseline
order_0002447,1,credit_card,3,107.74,baseline
order_0002448,1,credit_card,1,178.8,baseline
order_0002449,1,debit_card,1,126.77,baseline
order_0002450,1,credit_card,3,126.93,baseline
order_0002451,1,digital_wallet,1,434.92,baseline
order_0002452,1,digital_wallet,1,564.52,baseline
order_0002453,1,credit_card,1,26.65,baseline
order_0002454,1,gift_card,1,28.56,baseline
order_0002455,1,credit_card,1,219.05,baseline
order_0002456,1,credit_card,1,82.63,baseline
order_0002457,1,digital_wallet,1,61.26,baseline
order_0002458,1,debit_card,1,253.48,baseline
order_0002459,1,debit_card,1,153.14,baseline
order_0002460,1,digital_wallet,1,72.47,baseline
order_0002461,1,digital_wallet,1,65.83,baseline
order_0002462,1,credit_card,1,67.48,baseline
order_0002463,1,debit_card,1,60.61,baseline
order_0002464,1,credit_card,2,153.12,baseline
order_0002465,1,credit_card,2,78.05,baseline
order_0002466,1,credit_card,1,610.97,baseline
order_0002467,1,credit_card,5,198.13,baseline
order_0002468,1,bank_transfer,1,320.02,baseline
order_0002469,1,credit_card,2,26.14,baseline
order_0002470,1,gift_card,1,72.82,baseline
order_0002471,1,digital_wallet,1,21.5,baseline
order_0002472,1,credit_card,2,25.49,baseline
order_0002472,2,bank_transfer,1,43.43,baseline
order_0002473,1,credit_card,2,97.91,baseline
order_0002474,1,digital_wallet,1,53.35,baseline
order_0002475,1,digital_wallet,1,344.88,baseline
order_0002476,1,credit_card,1,333.01,baseline
order_0002477,1,credit_card,2,54.75,baseline
order_0002478,1,digital_wallet,1,65.49,baseline
order_0002479,1,digital_wallet,1,235.16,baseline
order_0002480,1,digital_wallet,1,62.34,baseline
order_0002480,2,credit_card,1,67.79,baseline
order_0002481,1,credit_card,1,115.29,baseline
order_0002481,2,digital_wallet,1,187.36,baseline
order_0002482,1,digital_wallet,1,293.29,baseline
order_0002483,1,bank_transfer,1,77.83,baseline
order_0002484,1,digital_wallet,1,68.24,baseline
order_0002485,1,digital_wallet,1,72.85,baseline
order_0002486,1,digital_wallet,1,106.1,baseline
order_0002487,1,digital_wallet,1,163.26,baseline
order_0002488,1,bank_transfer,1,432.11,baseline
order_0002489,1,digital_wallet,1,265.27,baseline
order_0002490,1,credit_card,1,56.37,baseline
order_0002491,1,credit_card,2,40.88,baseline
order_0002492,1,credit_card,1,9.61,baseline
order_0002492,2,bank_transfer,1,13.77,baseline
order_0002493,1,credit_card,2,81.57,baseline
order_0002494,1,debit_card,1,71.35,baseline
order_0002495,1,digital_wallet,1,288.14,baseline
order_0002496,1,digital_wallet,1,34.31,baseline
order_0002497,1,credit_card,1,127.11,baseline
order_0002498,1,digital_wallet,1,106.19,baseline
order_0002499,1,debit_card,1,64.03,baseline
order_0002500,1,credit_card,1,82.84,baseline
order_0002501,1,digital_wallet,1,139.84,baseline
order_0002502,1,bank_transfer,1,68.76,baseline
order_0002503,1,credit_card,1,297.22,baseline
order_0002504,1,credit_card,4,331.53,baseline
order_0002505,1,digital_wallet,1,439.82,baseline
order_0002506,1,credit_card,1,107.73,baseline
order_0002507,1,bank_transfer,1,203.9,baseline
order_0002508,1,digital_wallet,1,51.78,baseline
order_0002509,1,bank_transfer,1,84.41,baseline
order_0002510,1,digital_wallet,1,108.09,baseline
order_0002511,1,credit_card,3,272.46,baseline
order_0002512,1,debit_card,1,104.02,baseline
order_0002513,1,credit_card,5,273.1,baseline
order_0002514,1,digital_wallet,1,203.46,baseline
order_0002515,1,debit_card,1,118.99,baseline
order_0002516,1,credit_card,3,128.49,baseline
order_0002517,1,digital_wallet,1,34.98,baseline
order_0002518,1,credit_card,2,86.45,baseline
order_0002518,2,gift_card,1,141.26,baseline
order_0002519,1,digital_wallet,1,52.42,baseline
order_0002519,2,credit_card,1,105.4,baseline
order_0002520,1,debit_card,1,20.45,baseline
order_0002520,2,credit_card,2,74.28,baseline
order_0002521,1,gift_card,1,219.08,baseline
order_0002522,1,credit_card,2,52.06,baseline
order_0002523,1,credit_card,4,264.5,baseline
order_0002524,1,credit_card,1,137.38,baseline
order_0002525,1,credit_card,2,130.48,baseline
order_0002525,2,digital_wallet,1,152.53,baseline
order_0002526,1,credit_card,1,152.44,baseline
order_0002527,1,credit_card,2,18.91,baseline
order_0002527,2,digital_wallet,1,56.88,baseline
order_0002528,1,credit_card,5,224.44,baseline
order_0002529,1,credit_card,2,81.73,baseline
order_0002530,1,digital_wallet,1,286.64,baseline
order_0002531,1,credit_card,1,94.08,baseline
order_0002532,1,credit_card,1,98.2,baseline
order_0002533,1,debit_card,1,354.25,baseline
order_0002534,1,gift_card,1,385.44,baseline
order_0002535,1,bank_transfer,1,113.28,baseline
order_0002536,1,credit_card,1,48.06,baseline
order_0002537,1,credit_card,1,81.87,baseline
order_0002538,1,credit_card,1,145.22,baseline
order_0002539,1,debit_card,1,39.72,baseline
order_0002540,1,digital_wallet,1,24.22,baseline
order_0002540,2,credit_card,1,39.82,baseline
order_0002541,1,credit_card,1,126.48,baseline
order_0002542,1,digital_wallet,1,5.37,baseline
order_0002542,2,credit_card,2,17.07,baseline
order_0002543,1,credit_card,1,39.54,baseline
order_0002544,1,bank_transfer,1,237.61,baseline
order_0002545,1,credit_card,1,161.16,baseline
order_0002546,1,bank_transfer,1,81.22,baseline
order_0002547,1,gift_card,1,119.44,baseline
order_0002548,1,debit_card,1,123.09,baseline
order_0002549,1,digital_wallet,1,124.8,baseline
order_0002550,1,debit_card,1,75.64,baseline
order_0002551,1,credit_card,1,151.78,baseline
order_0002552,1,digital_wallet,1,200.46,baseline
order_0002553,1,credit_card,2,142.17,baseline
order_0002554,1,gift_card,1,106.32,baseline
order_0002555,1,credit_card,2,151.59,baseline
order_0002555,2,gift_card,1,108.11,baseline
order_0002556,1,credit_card,2,51.73,baseline
order_0002557,1,gift_card,1,522.35,baseline
order_0002558,1,credit_card,3,126.22,baseline
order_0002559,1,digital_wallet,1,116.52,baseline
order_0002560,1,digital_wallet,1,26.56,baseline
order_0002561,1,debit_card,1,416.37,baseline
order_0002562,1,digital_wallet,1,575.24,baseline
order_0002563,1,credit_card,2,207.7,baseline
order_0002564,1,bank_transfer,1,241.48,baseline
order_0002565,1,digital_wallet,1,82.06,baseline
order_0002566,1,credit_card,1,96.36,baseline
order_0002567,1,debit_card,1,19.25,baseline
order_0002568,1,credit_card,2,97.41,baseline
order_0002569,1,credit_card,2,73.05,baseline
order_0002570,1,credit_card,2,43.28,baseline
order_0002571,1,credit_card,1,56.3,baseline
order_0002572,1,credit_card,2,37.32,baseline
order_0002573,1,digital_wallet,1,46.86,baseline
order_0002574,1,credit_card,4,467.27,baseline
order_0002575,1,bank_transfer,1,126.23,baseline
order_0002576,1,credit_card,11,530.22,baseline
order_0002577,1,credit_card,11,738.33,baseline
order_0002578,1,debit_card,1,303.46,baseline
order_0002579,1,credit_card,2,21.62,baseline
order_0002580,1,credit_card,2,81.11,baseline
order_0002581,1,digital_wallet,1,51.48,baseline
order_0002582,1,credit_card,2,88.8,baseline
order_0002583,1,credit_card,4,210.16,baseline
order_0002584,1,bank_transfer,1,150.62,baseline
order_0002585,1,credit_card,1,79.8,baseline
order_0002586,1,bank_transfer,1,151.47,baseline
order_0002587,1,credit_card,1,178.05,baseline
order_0002588,1,digital_wallet,1,63.99,baseline
order_0002589,1,bank_transfer,1,157.55,baseline
order_0002590,1,credit_card,1,119.42,baseline
order_0002591,1,digital_wallet,1,376.56,baseline
order_0002592,1,gift_card,1,133.31,baseline
order_0002593,1,digital_wallet,1,43.83,baseline
order_0002594,1,gift_card,1,118.88,baseline
order_0002595,1,digital_wallet,1,77.15,baseline
order_0002596,1,credit_card,2,121.19,baseline
order_0002597,1,credit_card,1,112.74,baseline
order_0002598,1,digital_wallet,1,205.08,baseline
order_0002598,2,credit_card,1,71.13,baseline
order_0002599,1,credit_card,2,180.77,baseline
order_0002600,1,debit_card,1,15.53,baseline
order_0002600,2,digital_wallet,1,25.47,baseline
order_0002601,1,credit_card,11,701.36,baseline
order_0002602,1,credit_card,4,255.94,baseline
order_0002603,1,credit_card,7,476.1,baseline
order_0002604,1,digital_wallet,1,182.84,baseline
order_0002605,1,gift_card,1,47.4,baseline
order_0002605,2,debit_card,1,167.43,baseline
order_0002606,1,digital_wallet,1,55.5,baseline
order_0002607,1,debit_card,1,437.27,baseline
order_0002608,1,gift_card,1,126.02,baseline
order_0002609,1,gift_card,1,145.13,baseline
order_0002610,1,digital_wallet,1,478.94,baseline
order_0002611,1,credit_card,1,24.47,baseline
order_0002611,2,debit_card,1,85.16,baseline
order_0002612,1,credit_card,2,46.48,baseline
order_0002613,1,digital_wallet,1,566.62,baseline
order_0002614,1,bank_transfer,1,142.6,baseline
order_0002615,1,digital_wallet,1,44.59,baseline
order_0002616,1,digital_wallet,1,49.59,baseline
order_0002616,2,credit_card,1,168.41,baseline
order_0002617,1,credit_card,1,34.27,baseline
order_0002618,1,bank_transfer,1,456.87,baseline
order_0002619,1,debit_card,1,73.0,baseline
order_0002620,1,credit_card,1,45.17,baseline
order_0002621,1,credit_card,2,233.6,baseline
order_0002622,1,credit_card,1,100.47,baseline
order_0002623,1,credit_card,2,290.08,baseline
order_0002624,1,credit_card,2,102.65,baseline
order_0002625,1,digital_wallet,1,148.17,baseline
order_0002626,1,debit_card,1,229.32,baseline
order_0002627,1,digital_wallet,1,209.0,baseline
order_0002628,1,credit_card,1,128.25,baseline
order_0002629,1,credit_card,3,109.57,baseline
order_0002630,1,credit_card,2,38.93,baseline
order_0002631,1,credit_card,2,84.11,baseline
order_0002632,1,credit_card,1,151.76,baseline
order_0002633,1,credit_card,3,104.06,baseline
order_0002634,1,gift_card,1,68.93,baseline
order_0002635,1,debit_card,1,103.23,baseline
order_0002636,1,digital_wallet,1,112.57,baseline
order_0002637,1,digital_wallet,1,235.55,baseline
order_0002638,1,credit_card,2,79.3,baseline
order_0002639,1,digital_wallet,1,354.64,baseline
order_0002640,1,digital_wallet,1,151.08,baseline
order_0002641,1,digital_wallet,1,100.14,baseline
order_0002641,2,credit_card,1,93.26,baseline
order_0002642,1,gift_card,1,47.37,baseline
order_0002643,1,debit_card,1,252.7,baseline
order_0002644,1,credit_card,2,34.59,baseline
order_0002645,1,credit_card,2,65.52,baseline
order_0002646,1,credit_card,2,87.39,baseline
order_0002647,1,digital_wallet,1,154.08,baseline
order_0002648,1,credit_card,2,50.52,baseline
order_0002649,1,debit_card,1,283.24,baseline
order_0002650,1,credit_card,2,117.95,baseline
order_0002651,1,credit_card,3,368.47,baseline
order_0002652,1,credit_card,1,467.81,baseline
order_0002653,1,debit_card,1,96.82,baseline
order_0002654,1,digital_wallet,1,385.83,baseline
order_0002655,1,debit_card,1,196.32,baseline
order_0002656,1,credit_card,1,206.02,baseline
order_0002656,2,digital_wallet,1,279.36,baseline
order_0002657,1,debit_card,1,81.83,baseline
order_0002658,1,credit_card,2,23.24,baseline
order_0002659,1,digital_wallet,1,744.93,baseline
order_0002660,1,debit_card,1,277.79,baseline
order_0002661,1,credit_card,3,125.41,baseline
order_0002661,2,digital_wallet,1,154.51,baseline
order_0002662,1,digital_wallet,1,55.32,baseline
order_0002663,1,credit_card,3,193.6,baseline
order_0002664,1,debit_card,1,126.57,baseline
order_0002665,1,digital_wallet,1,57.91,baseline
order_0002666,1,credit_card,3,216.98,baseline
order_0002667,1,credit_card,1,90.47,baseline
order_0002668,1,gift_card,1,244.08,baseline
order_0002669,1,credit_card,2,52.04,baseline
order_0002670,1,credit_card,1,43.87,baseline
order_0002671,1,bank_transfer,1,191.98,baseline
order_0002672,1,gift_card,1,343.96,baseline
order_0002673,1,digital_wallet,1,44.1,baseline
order_0002674,1,credit_card,2,40.5,baseline
order_0002675,1,debit_card,1,142.06,baseline
order_0002676,1,digital_wallet,1,9.62,baseline
order_0002676,2,debit_card,1,15.22,baseline
order_0002677,1,debit_card,1,56.65,baseline
order_0002678,1,gift_card,1,760.41,baseline
order_0002679,1,credit_card,5,211.31,baseline
order_0002680,1,debit_card,1,457.84,baseline
order_0002681,1,credit_card,1,27.19,baseline
order_0002682,1,digital_wallet,1,103.38,baseline
order_0002682,2,debit_card,1,69.55,baseline
order_0002683,1,bank_transfer,1,58.37,baseline
order_0002684,1,credit_card,3,122.35,baseline
order_0002684,2,debit_card,1,119.0,baseline
order_0002685,1,digital_wallet,1,117.02,baseline
order_0002686,1,credit_card,2,129.99,baseline
order_0002687,1,credit_card,1,63.1,baseline
order_0002688,1,credit_card,1,98.86,baseline
order_0002689,1,debit_card,1,24.84,baseline
order_0002690,1,digital_wallet,1,34.28,baseline
order_0002690,2,credit_card,2,84.02,baseline
order_0002691,1,digital_wallet,1,58.28,baseline
order_0002692,1,credit_card,2,36.99,baseline
order_0002693,1,digital_wallet,1,34.26,baseline
order_0002694,1,gift_card,1,392.36,baseline
order_0002695,1,credit_card,1,74.17,baseline
order_0002696,1,debit_card,1,91.01,baseline
order_0002697,1,digital_wallet,1,32.51,baseline
order_0002698,1,digital_wallet,1,117.32,baseline
order_0002699,1,gift_card,1,535.3,baseline
order_0002700,1,credit_card,3,109.49,baseline
order_0002701,1,digital_wallet,1,188.17,baseline
order_0002702,1,gift_card,1,79.48,baseline
order_0002703,1,credit_card,2,21.18,baseline
order_0002704,1,bank_transfer,1,291.66,baseline
order_0002705,1,credit_card,1,86.82,baseline
order_0002706,1,credit_card,1,155.83,baseline
order_0002707,1,credit_card,2,107.38,baseline
order_0002708,1,credit_card,6,344.7,baseline
order_0002709,1,credit_card,1,231.36,baseline
order_0002709,2,digital_wallet,1,302.13,baseline
order_0002710,1,credit_card,11,435.8,baseline
order_0002711,1,digital_wallet,1,84.4,baseline
order_0002712,1,credit_card,2,250.11,baseline
order_0002713,1,digital_wallet,1,67.77,baseline
order_0002714,1,gift_card,1,452.22,baseline
order_0002715,1,credit_card,2,140.93,baseline
order_0002716,1,credit_card,4,177.84,baseline
order_0002716,2,bank_transfer,1,68.32,baseline
order_0002717,1,credit_card,1,30.95,baseline
order_0002718,1,credit_card,3,104.85,baseline
order_0002719,1,digital_wallet,1,74.88,baseline
order_0002720,1,digital_wallet,1,601.27,baseline
order_0002721,1,digital_wallet,1,428.58,baseline
order_0002722,1,digital_wallet,1,38.03,baseline
order_0002723,1,bank_transfer,1,236.4,baseline
order_0002724,1,digital_wallet,1,218.93,baseline
order_0002725,1,credit_card,9,462.72,baseline
order_0002726,1,credit_card,1,30.86,baseline
order_0002726,2,digital_wallet,1,29.63,baseline
order_0002727,1,digital_wallet,1,186.95,baseline
order_0002728,1,credit_card,2,106.44,baseline
order_0002729,1,credit_card,2,114.76,baseline
order_0002729,2,digital_wallet,1,155.44,baseline
order_0002730,1,digital_wallet,1,179.74,baseline
order_0002731,1,credit_card,2,100.43,baseline
order_0002732,1,debit_card,1,183.18,baseline
order_0002733,1,credit_card,1,257.73,baseline
order_0002734,1,credit_card,1,87.22,baseline
order_0002735,1,digital_wallet,1,11.69,baseline
order_0002735,2,credit_card,1,39.77,baseline
order_0002736,1,credit_card,1,97.89,baseline
order_0002737,1,debit_card,1,625.89,baseline
order_0002738,1,credit_card,3,136.0,baseline
order_0002739,1,credit_card,3,112.92,baseline
order_0002740,1,digital_wallet,1,93.94,baseline
order_0002741,1,digital_wallet,1,21.57,baseline
order_0002742,1,credit_card,2,60.42,baseline
order_0002743,1,debit_card,1,36.42,baseline
order_0002744,1,debit_card,1,139.69,baseline
order_0002745,1,digital_wallet,1,137.67,baseline
order_0002746,1,digital_wallet,1,53.09,baseline
order_0002747,1,bank_transfer,1,38.58,baseline
order_0002748,1,credit_card,3,131.63,baseline
order_0002749,1,credit_card,2,53.88,baseline
order_0002750,1,digital_wallet,1,34.98,baseline
order_0002751,1,credit_card,2,59.23,baseline
order_0002752,1,credit_card,4,250.98,baseline
order_0002753,1,credit_card,3,100.2,baseline
order_0002754,1,digital_wallet,1,279.0,baseline
order_0002755,1,gift_card,1,359.17,baseline
order_0002756,1,digital_wallet,1,86.87,baseline
order_0002757,1,digital_wallet,1,26.72,baseline
order_0002758,1,digital_wallet,1,202.97,baseline
order_0002759,1,debit_card,1,171.31,baseline
order_0002760,1,debit_card,1,56.65,baseline
order_0002761,1,credit_card,2,107.9,baseline
order_0002762,1,credit_card,3,114.93,baseline
order_0002763,1,credit_card,2,43.29,baseline
order_0002764,1,digital_wallet,1,547.22,baseline
order_0002765,1,debit_card,1,46.3,baseline
order_0002766,1,credit_card,2,72.31,baseline
order_0002767,1,credit_card,1,102.88,baseline
order_0002768,1,credit_card,2,40.31,baseline
order_0002768,2,gift_card,1,144.27,baseline
order_0002769,1,debit_card,1,25.55,baseline
order_0002770,1,digital_wallet,1,278.55,baseline
order_0002771,1,digital_wallet,1,88.8,baseline
order_0002771,2,debit_card,1,53.0,baseline
order_0002772,1,credit_card,2,215.49,baseline
order_0002773,1,bank_transfer,1,172.77,baseline
order_0002774,1,credit_card,5,646.41,baseline
order_0002775,1,digital_wallet,1,43.18,baseline
order_0002776,1,credit_card,2,103.2,baseline
order_0002777,1,debit_card,1,62.98,baseline
order_0002778,1,digital_wallet,1,286.91,baseline
order_0002779,1,digital_wallet,1,35.03,baseline
order_0002780,1,credit_card,5,231.48,baseline
order_0002781,1,digital_wallet,1,40.37,baseline
order_0002782,1,credit_card,8,369.79,baseline
order_0002783,1,digital_wallet,1,438.04,baseline
order_0002784,1,gift_card,1,147.19,baseline
order_0002785,1,credit_card,2,206.51,baseline
order_0002786,1,digital_wallet,1,116.51,baseline
order_0002787,1,digital_wallet,1,100.83,baseline
order_0002788,1,digital_wallet,1,379.23,baseline
order_0002789,1,credit_card,3,101.22,baseline
order_0002790,1,digital_wallet,1,92.98,baseline
order_0002791,1,digital_wallet,1,84.36,baseline
order_0002792,1,credit_card,2,41.17,baseline
order_0002793,1,credit_card,2,82.36,baseline
order_0002794,1,gift_card,1,29.61,baseline
order_0002795,1,digital_wallet,1,149.12,baseline
order_0002796,1,credit_card,2,24.67,baseline
order_0002797,1,credit_card,1,13.92,baseline
order_0002797,2,gift_card,1,13.71,baseline
order_0002798,1,digital_wallet,1,137.49,baseline
order_0002799,1,digital_wallet,1,279.49,baseline
order_0002800,1,credit_card,1,129.05,baseline
order_0002801,1,debit_card,1,85.54,baseline
order_0002802,1,credit_card,9,380.35,baseline
order_0002803,1,gift_card,1,193.38,baseline
order_0002804,1,debit_card,1,257.08,baseline
order_0002805,1,digital_wallet,1,63.71,baseline
order_0002806,1,digital_wallet,1,100.0,baseline
order_0002807,1,credit_card,6,895.42,baseline
order_0002808,1,credit_card,3,179.15,baseline
order_0002809,1,digital_wallet,1,39.32,baseline
order_0002810,1,debit_card,1,208.48,baseline
order_0002811,1,digital_wallet,1,56.9,baseline
order_0002812,1,credit_card,4,156.64,baseline
order_0002813,1,debit_card,1,40.41,baseline
order_0002814,1,debit_card,1,51.61,baseline
order_0002815,1,bank_transfer,1,87.54,baseline
order_0002816,1,credit_card,2,267.42,baseline
order_0002817,1,debit_card,1,105.02,baseline
order_0002818,1,bank_transfer,1,346.54,baseline
order_0002819,1,bank_transfer,1,56.59,baseline
order_0002820,1,digital_wallet,1,146.98,baseline
order_0002821,1,digital_wallet,1,71.88,baseline
order_0002821,2,credit_card,2,34.12,baseline
order_0002822,1,credit_card,3,113.96,baseline
order_0002823,1,credit_card,2,9.3,baseline
order_0002823,2,debit_card,1,22.24,baseline
order_0002824,1,digital_wallet,1,18.7,baseline
order_0002824,2,credit_card,2,37.65,baseline
order_0002825,1,credit_card,1,37.96,baseline
order_0002826,1,digital_wallet,1,89.25,baseline
order_0002827,1,credit_card,2,88.9,baseline
order_0002828,1,credit_card,2,63.12,baseline
order_0002829,1,credit_card,1,58.4,baseline
order_0002830,1,gift_card,1,57.88,baseline
order_0002831,1,credit_card,2,371.16,baseline
order_0002831,2,digital_wallet,1,279.46,baseline
order_0002832,1,debit_card,1,81.45,baseline
order_0002833,1,digital_wallet,1,821.94,baseline
order_0002834,1,digital_wallet,1,119.98,baseline
order_0002835,1,debit_card,1,456.42,baseline
order_0002836,1,bank_transfer,1,29.2,baseline
order_0002837,1,credit_card,2,27.93,baseline
order_0002838,1,digital_wallet,1,62.12,baseline
order_0002839,1,digital_wallet,1,280.1,baseline
order_0002840,1,credit_card,1,39.75,baseline
order_0002841,1,digital_wallet,1,38.78,baseline
order_0002842,1,gift_card,1,156.05,baseline
order_0002843,1,digital_wallet,1,29.58,baseline
order_0002844,1,credit_card,1,84.86,baseline
order_0002845,1,digital_wallet,1,35.4,baseline
order_0002846,1,digital_wallet,1,311.1,baseline
order_0002847,1,credit_card,1,88.43,baseline
order_0002848,1,credit_card,2,37.05,baseline
order_0002849,1,gift_card,1,39.08,baseline
order_0002850,1,debit_card,1,57.42,baseline
order_0002851,1,credit_card,3,172.0,baseline
order_0002852,1,digital_wallet,1,203.79,baseline
order_0002853,1,debit_card,1,222.05,baseline
order_0002854,1,digital_wallet,1,52.89,baseline
order_0002855,1,bank_transfer,1,28.32,baseline
order_0002856,1,digital_wallet,1,33.96,baseline
order_0002857,1,digital_wallet,1,85.86,baseline
order_0002858,1,digital_wallet,1,104.18,baseline
order_0002859,1,digital_wallet,1,98.62,baseline
order_0002860,1,credit_card,2,60.4,baseline
order_0002860,2,digital_wallet,1,188.73,baseline
order_0002861,1,digital_wallet,1,113.26,baseline
order_0002862,1,credit_card,1,18.3,baseline
order_0002863,1,credit_card,3,156.84,baseline
order_0002864,1,digital_wallet,1,249.52,baseline
order_0002865,1,debit_card,1,32.92,baseline
order_0002866,1,digital_wallet,1,846.5,baseline
order_0002867,1,credit_card,2,21.19,baseline
order_0002868,1,credit_card,2,93.36,baseline
order_0002869,1,debit_card,1,265.93,baseline
order_0002870,1,digital_wallet,1,138.87,baseline
order_0002871,1,digital_wallet,1,432.46,baseline
order_0002872,1,credit_card,2,46.54,baseline
order_0002873,1,digital_wallet,1,32.42,baseline
order_0002874,1,credit_card,6,318.79,baseline
order_0002874,2,debit_card,1,610.64,baseline
order_0002875,1,gift_card,1,121.23,baseline
order_0002876,1,credit_card,2,50.81,baseline
order_0002877,1,credit_card,1,51.53,baseline
order_0002878,1,digital_wallet,1,235.19,baseline
order_0002879,1,credit_card,2,91.27,baseline
order_0002880,1,credit_card,1,27.27,baseline
order_0002881,1,digital_wallet,1,162.29,baseline
order_0002882,1,bank_transfer,1,269.65,baseline
order_0002883,1,credit_card,2,37.15,baseline
order_0002884,1,credit_card,2,839.37,baseline
order_0002885,1,digital_wallet,1,300.44,baseline
order_0002886,1,digital_wallet,1,51.92,baseline
order_0002887,1,debit_card,1,78.85,baseline
order_0002888,1,digital_wallet,1,53.95,baseline
order_0002889,1,digital_wallet,1,75.68,baseline
order_0002890,1,digital_wallet,1,297.54,baseline
order_0002891,1,digital_wallet,1,30.54,baseline
order_0002892,1,credit_card,3,152.83,baseline
order_0002892,2,digital_wallet,1,106.48,baseline
order_0002893,1,digital_wallet,1,142.45,baseline
order_0002894,1,credit_card,5,217.35,baseline
order_0002895,1,credit_card,1,75.95,baseline
order_0002895,2,gift_card,1,40.57,baseline
order_0002896,1,credit_card,5,391.21,baseline
order_0002897,1,digital_wallet,1,65.89,baseline
order_0002898,1,digital_wallet,1,42.8,baseline
order_0002899,1,credit_card,3,304.25,baseline
order_0002899,2,digital_wallet,1,142.57,baseline
order_0002900,1,digital_wallet,1,25.8,baseline
order_0002900,2,debit_card,1,13.85,baseline
order_0002901,1,credit_card,2,44.1,baseline
order_0002902,1,digital_wallet,1,721.56,baseline
order_0002903,1,digital_wallet,1,52.35,baseline
order_0002904,1,digital_wallet,1,178.86,baseline
order_0002905,1,digital_wallet,1,190.88,baseline
order_0002906,1,digital_wallet,1,415.01,baseline
order_0002907,1,credit_card,2,24.86,baseline
order_0002908,1,digital_wallet,1,47.52,baseline
order_0002909,1,debit_card,1,77.29,baseline
order_0002910,1,digital_wallet,1,133.57,baseline
order_0002911,1,digital_wallet,1,232.67,baseline
order_0002912,1,digital_wallet,1,173.01,baseline
order_0002913,1,digital_wallet,1,103.94,baseline
order_0002914,1,digital_wallet,1,97.32,baseline
order_0002915,1,credit_card,5,323.89,baseline
order_0002916,1,debit_card,1,186.72,baseline
order_0002917,1,credit_card,6,255.92,baseline
order_0002918,1,digital_wallet,1,46.5,baseline
order_0002919,1,gift_card,1,95.3,baseline
order_0002920,1,digital_wallet,1,322.73,baseline
order_0002921,1,credit_card,2,88.1,baseline
order_0002922,1,digital_wallet,1,258.28,baseline
order_0002923,1,digital_wallet,1,54.81,baseline
order_0002923,2,credit_card,1,41.04,baseline
order_0002924,1,credit_card,7,463.28,baseline
order_0002925,1,digital_wallet,1,269.88,baseline
order_0002926,1,credit_card,2,79.9,baseline
order_0002927,1,credit_card,1,21.56,baseline
order_0002927,2,bank_transfer,1,70.91,baseline
order_0002928,1,digital_wallet,1,666.59,baseline
order_0002929,1,credit_card,1,58.94,baseline
order_0002930,1,digital_wallet,1,492.06,baseline
order_0002931,1,credit_card,4,263.59,baseline
order_0002932,1,credit_card,1,57.89,baseline
order_0002933,1,credit_card,1,72.41,baseline
order_0002934,1,digital_wallet,1,180.94,baseline
order_0002935,1,bank_transfer,1,466.97,baseline
order_0002936,1,digital_wallet,1,575.51,baseline
order_0002937,1,debit_card,1,84.67,baseline
order_0002938,1,credit_card,2,15.1,baseline
order_0002938,2,digital_wallet,1,35.42,baseline
order_0002939,1,digital_wallet,1,41.64,baseline
order_0002940,1,credit_card,1,38.39,baseline
order_0002941,1,digital_wallet,1,342.08,baseline
order_0002942,1,debit_card,1,368.88,baseline
order_0002943,1,credit_card,5,310.31,baseline
order_0002944,1,debit_card,1,92.01,baseline
order_0002945,1,credit_card,1,255.57,baseline
order_0002946,1,credit_card,2,58.25,baseline
order_0002947,1,credit_card,9,457.14,baseline
order_0002948,1,credit_card,2,60.49,baseline
order_0002949,1,credit_card,2,26.92,baseline
order_0002950,1,credit_card,8,405.84,baseline
order_0002951,1,gift_card,1,32.52,baseline
order_0002952,1,debit_card,1,717.97,baseline
order_0002953,1,debit_card,1,336.63,baseline
order_0002954,1,digital_wallet,1,129.1,baseline
order_0002955,1,debit_card,1,87.83,baseline
order_0002956,1,credit_card,2,204.51,baseline
order_0002957,1,credit_card,1,45.77,baseline
order_0002958,1,debit_card,1,98.97,baseline
order_0002959,1,credit_card,1,286.19,baseline
order_0002960,1,bank_transfer,1,103.81,baseline
order_0002961,1,digital_wallet,1,52.17,baseline
order_0002962,1,digital_wallet,1,59.38,baseline
order_0002963,1,credit_card,2,112.05,baseline
order_0002964,1,credit_card,5,285.05,baseline
order_0002965,1,credit_card,2,131.99,baseline
order_0002966,1,credit_card,1,69.56,baseline
order_0002967,1,bank_transfer,1,489.57,baseline
order_0002968,1,credit_card,1,272.07,baseline
order_0002969,1,digital_wallet,1,111.46,baseline
order_0002970,1,digital_wallet,1,90.89,baseline
order_0002971,1,credit_card,1,65.01,baseline
order_0002972,1,credit_card,4,246.19,baseline
order_0002973,1,bank_transfer,1,410.13,baseline
order_0002974,1,credit_card,1,126.3,baseline
order_0002975,1,debit_card,1,89.84,baseline
order_0002976,1,digital_wallet,1,243.71,baseline
order_0002977,1,bank_transfer,1,136.55,baseline
order_0002978,1,bank_transfer,1,421.08,baseline
order_0002979,1,digital_wallet,1,53.16,baseline
order_0002980,1,credit_card,2,102.1,baseline
order_0002980,2,digital_wallet,1,111.19,baseline
order_0002981,1,bank_transfer,1,22.27,baseline
order_0002982,1,credit_card,2,36.58,baseline
order_0002983,1,digital_wallet,1,200.62,baseline
order_0002984,1,debit_card,1,34.19,baseline
order_0002985,1,gift_card,1,103.53,baseline
order_0002986,1,bank_transfer,1,539.34,baseline
order_0002987,1,credit_card,1,70.57,baseline
order_0002988,1,debit_card,1,37.27,baseline
order_0002989,1,debit_card,1,106.59,baseline
order_0002990,1,gift_card,1,151.19,baseline
order_0002991,1,bank_transfer,1,23.66,baseline
order_0002992,1,credit_card,1,156.52,baseline
order_0002993,1,credit_card,2,141.22,baseline
order_0002994,1,credit_card,3,166.0,baseline
order_0002995,1,digital_wallet,1,530.25,baseline
order_0002996,1,credit_card,1,423.34,baseline
order_0002997,1,credit_card,5,235.86,baseline
order_0002998,1,credit_card,1,74.53,baseline
order_0002999,1,credit_card,3,150.64,baseline
order_0003000,1,bank_transfer,1,932.33,baseline
order_0003001,1,debit_card,1,66.83,baseline
order_0003002,1,digital_wallet,1,219.22,baseline
order_0003003,1,debit_card,1,67.83,baseline
order_0003004,1,credit_card,1,34.45,baseline
order_0003005,1,digital_wallet,1,23.79,baseline
order_0003006,1,digital_wallet,1,55.33,baseline
order_0003007,1,credit_card,6,238.88,baseline
order_0003008,1,debit_card,1,52.63,baseline
order_0003009,1,bank_transfer,1,174.78,baseline
order_0003010,1,debit_card,1,70.87,baseline
order_0003011,1,digital_wallet,1,592.52,baseline
order_0003012,1,gift_card,1,19.19,baseline
order_0003012,2,credit_card,2,29.63,baseline
order_0003013,1,credit_card,4,175.57,baseline
order_0003014,1,credit_card,2,103.63,baseline
order_0003015,1,credit_card,2,9.44,baseline
order_0003015,2,bank_transfer,1,30.08,baseline
order_0003016,1,credit_card,2,80.13,baseline
order_0003017,1,credit_card,6,246.89,baseline
order_0003018,1,debit_card,1,136.74,baseline
order_0003019,1,debit_card,1,223.07,baseline
order_0003020,1,credit_card,1,74.65,baseline
order_0003021,1,debit_card,1,427.37,baseline
order_0003022,1,credit_card,7,424.68,baseline
order_0003023,1,digital_wallet,1,382.02,baseline
order_0003024,1,credit_card,3,229.08,baseline
order_0003025,1,bank_transfer,1,53.06,baseline
order_0003026,1,digital_wallet,1,294.95,baseline
order_0003027,1,bank_transfer,1,211.99,baseline
order_0003028,1,credit_card,6,291.52,baseline
order_0003029,1,digital_wallet,1,341.93,baseline
order_0003030,1,credit_card,2,146.48,baseline
order_0003031,1,credit_card,4,359.58,baseline
order_0003032,1,debit_card,1,388.07,baseline
order_0003033,1,credit_card,1,148.01,baseline
order_0003034,1,gift_card,1,188.3,baseline
order_0003035,1,credit_card,1,44.82,baseline
order_0003036,1,credit_card,2,37.05,baseline
order_0003037,1,digital_wallet,1,14.3,baseline
order_0003037,2,credit_card,1,21.02,baseline
order_0003038,1,digital_wallet,1,171.9,baseline
order_0003039,1,credit_card,3,209.52,baseline
order_0003040,1,credit_card,1,88.58,baseline
order_0003041,1,bank_transfer,1,63.06,baseline
order_0003042,1,digital_wallet,1,55.65,baseline
order_0003043,1,digital_wallet,1,365.99,baseline
order_0003044,1,credit_card,2,230.11,baseline
order_0003045,1,credit_card,2,86.9,baseline
order_0003046,1,bank_transfer,1,103.95,baseline
order_0003047,1,credit_card,2,38.43,baseline
order_0003048,1,credit_card,1,133.7,baseline
order_0003048,2,debit_card,1,208.63,baseline
order_0003049,1,digital_wallet,1,101.86,baseline
order_0003050,1,credit_card,1,52.75,baseline
order_0003051,1,digital_wallet,1,133.98,baseline
order_0003052,1,debit_card,1,175.43,baseline
order_0003053,1,digital_wallet,1,628.1,baseline
order_0003054,1,bank_transfer,1,66.1,baseline
order_0003054,2,digital_wallet,1,22.79,baseline
order_0003055,1,gift_card,1,137.07,baseline
order_0003056,1,gift_card,1,121.61,baseline
order_0003057,1,credit_card,6,394.27,baseline
order_0003058,1,credit_card,2,19.8,baseline
order_0003059,1,credit_card,2,30.32,baseline
order_0003059,2,digital_wallet,1,44.24,baseline
order_0003060,1,credit_card,4,160.76,baseline
order_0003061,1,credit_card,12,605.26,baseline
order_0003062,1,credit_card,2,14.74,baseline
order_0003063,1,credit_card,7,669.9,baseline
order_0003064,1,bank_transfer,1,32.26,baseline
order_0003065,1,gift_card,1,131.51,baseline
order_0003066,1,bank_transfer,1,86.39,baseline
order_0003067,1,digital_wallet,1,43.93,baseline
order_0003068,1,digital_wallet,1,37.99,baseline
order_0003068,2,debit_card,1,75.27,baseline
order_0003069,1,credit_card,1,42.06,baseline
order_0003070,1,digital_wallet,1,205.65,baseline
order_0003071,1,credit_card,1,90.91,baseline
order_0003072,1,credit_card,1,37.33,baseline
order_0003072,2,debit_card,1,31.63,baseline
order_0003073,1,digital_wallet,1,188.63,baseline
order_0003074,1,credit_card,4,640.71,baseline
order_0003075,1,debit_card,1,307.37,baseline
order_0003076,1,credit_card,2,136.35,baseline
order_0003077,1,digital_wallet,1,126.89,baseline
order_0003078,1,digital_wallet,1,45.74,baseline
order_0003079,1,credit_card,7,277.5,baseline
order_0003080,1,digital_wallet,1,168.31,baseline
order_0003081,1,digital_wallet,1,192.89,baseline
order_0003082,1,digital_wallet,1,178.47,baseline
order_0003083,1,credit_card,1,65.16,baseline
order_0003083,2,digital_wallet,1,63.65,baseline
order_0003084,1,credit_card,1,25.31,baseline
order_0003085,1,credit_card,4,266.76,baseline
order_0003086,1,credit_card,3,113.45,baseline
order_0003087,1,credit_card,1,53.81,baseline
order_0003088,1,digital_wallet,1,228.97,baseline
order_0003089,1,credit_card,3,103.09,baseline
order_0003090,1,debit_card,1,74.13,baseline
order_0003091,1,credit_card,2,25.85,baseline
order_0003092,1,credit_card,1,67.03,baseline
order_0003093,1,credit_card,10,449.73,baseline
order_0003094,1,debit_card,1,193.18,baseline
order_0003095,1,credit_card,2,44.37,baseline
order_0003095,2,bank_transfer,1,19.78,baseline
order_0003096,1,digital_wallet,1,208.76,baseline
order_0003097,1,credit_card,10,540.53,baseline
order_0003098,1,credit_card,2,45.54,baseline
order_0003099,1,digital_wallet,1,37.83,baseline
order_0003100,1,digital_wallet,1,60.03,baseline
order_0003101,1,credit_card,2,67.11,baseline
order_0003102,1,gift_card,1,95.59,baseline
order_0003103,1,digital_wallet,1,16.23,baseline
order_0003103,2,credit_card,1,41.2,baseline
order_0003104,1,debit_card,1,93.77,baseline
order_0003105,1,digital_wallet,1,201.31,baseline
order_0003106,1,bank_transfer,1,18.27,baseline
order_0003106,2,debit_card,1,49.39,baseline
order_0003107,1,credit_card,2,52.18,baseline
order_0003108,1,bank_transfer,1,33.81,baseline
order_0003109,1,debit_card,1,10.82,baseline
order_0003109,2,digital_wallet,1,10.91,baseline
order_0003110,1,digital_wallet,1,58.91,baseline
order_0003111,1,digital_wallet,1,285.2,baseline
order_0003111,2,credit_card,3,124.53,baseline
order_0003112,1,digital_wallet,1,39.2,baseline
order_0003113,1,digital_wallet,1,39.63,baseline
order_0003114,1,credit_card,2,81.76,baseline
order_0003115,1,credit_card,1,369.65,baseline
order_0003116,1,credit_card,4,148.39,baseline
order_0003117,1,credit_card,4,173.37,baseline
order_0003118,1,digital_wallet,1,5.5,baseline
order_0003118,2,credit_card,1,21.32,baseline
order_0003119,1,digital_wallet,1,54.37,baseline
order_0003120,1,credit_card,1,41.68,baseline
order_0003121,1,debit_card,1,788.43,baseline
order_0003122,1,bank_transfer,1,306.71,baseline
order_0003123,1,gift_card,1,97.26,baseline
order_0003124,1,credit_card,6,252.64,baseline
order_0003125,1,digital_wallet,1,508.9,baseline
order_0003126,1,credit_card,2,98.13,baseline
order_0003127,1,digital_wallet,1,92.96,baseline
order_0003128,1,credit_card,2,80.64,baseline
order_0003129,1,digital_wallet,1,353.38,baseline
order_0003130,1,gift_card,1,539.41,baseline
order_0003131,1,digital_wallet,1,177.37,baseline
order_0003132,1,credit_card,1,15.92,baseline
order_0003133,1,digital_wallet,1,31.9,baseline
order_0003134,1,debit_card,1,248.81,baseline
order_0003135,1,bank_transfer,1,127.32,baseline
order_0003136,1,credit_card,3,118.59,baseline
order_0003137,1,digital_wallet,1,501.54,baseline
order_0003138,1,digital_wallet,1,245.64,baseline
order_0003139,1,credit_card,3,359.65,baseline
order_0003140,1,digital_wallet,1,151.88,baseline
order_0003140,2,credit_card,1,75.75,baseline
order_0003141,1,digital_wallet,1,43.02,baseline
order_0003142,1,bank_transfer,1,104.64,baseline
order_0003143,1,credit_card,3,105.84,baseline
order_0003144,1,digital_wallet,1,377.28,baseline
order_0003145,1,bank_transfer,1,275.23,baseline
order_0003146,1,digital_wallet,1,115.48,baseline
order_0003147,1,digital_wallet,1,78.01,baseline
order_0003148,1,credit_card,2,80.13,baseline
order_0003149,1,credit_card,1,120.94,baseline
order_0003150,1,digital_wallet,1,49.05,baseline
order_0003151,1,credit_card,2,36.52,baseline
order_0003152,1,bank_transfer,1,64.77,baseline
order_0003153,1,debit_card,1,64.98,baseline
order_0003154,1,credit_card,3,206.64,baseline
order_0003155,1,debit_card,1,32.04,baseline
order_0003156,1,credit_card,3,134.1,baseline
order_0003157,1,digital_wallet,1,60.67,baseline
order_0003158,1,credit_card,1,38.21,baseline
order_0003159,1,credit_card,1,67.07,baseline
order_0003160,1,gift_card,1,135.06,baseline
order_0003161,1,credit_card,2,59.19,baseline
order_0003162,1,credit_card,3,139.09,baseline
order_0003163,1,credit_card,2,80.71,baseline
order_0003164,1,digital_wallet,1,430.98,baseline
order_0003165,1,credit_card,8,371.5,baseline
order_0003166,1,debit_card,1,206.14,baseline
order_0003167,1,credit_card,2,124.28,baseline
order_0003168,1,digital_wallet,1,64.17,baseline
order_0003169,1,credit_card,1,103.21,baseline
order_0003170,1,digital_wallet,1,30.32,baseline
order_0003171,1,digital_wallet,1,27.91,baseline
order_0003172,1,credit_card,2,270.25,baseline
order_0003173,1,credit_card,2,44.76,baseline
order_0003173,2,digital_wallet,1,40.79,baseline
order_0003174,1,credit_card,6,261.56,baseline
order_0003175,1,credit_card,2,44.99,baseline
order_0003176,1,credit_card,1,328.25,baseline
order_0003177,1,digital_wallet,1,82.08,baseline
order_0003177,2,credit_card,1,60.4,baseline
order_0003178,1,debit_card,1,129.99,baseline
order_0003179,1,digital_wallet,1,108.85,baseline
order_0003180,1,credit_card,5,507.18,baseline
order_0003181,1,debit_card,1,74.48,baseline
order_0003182,1,digital_wallet,1,53.99,baseline
order_0003183,1,credit_card,1,53.99,baseline
order_0003184,1,digital_wallet,1,228.35,baseline
order_0003185,1,credit_card,3,155.72,baseline
order_0003186,1,credit_card,2,60.74,baseline
order_0003187,1,credit_card,3,142.07,baseline
order_0003188,1,digital_wallet,1,334.85,baseline
order_0003189,1,credit_card,2,42.61,baseline
order_0003190,1,gift_card,1,58.92,baseline
order_0003191,1,digital_wallet,1,16.64,baseline
order_0003192,1,credit_card,3,113.01,baseline
order_0003193,1,credit_card,2,39.34,baseline
order_0003194,1,credit_card,3,213.31,baseline
order_0003195,1,digital_wallet,1,204.49,baseline
order_0003196,1,credit_card,1,64.23,baseline
order_0003197,1,credit_card,4,159.86,baseline
order_0003198,1,credit_card,2,286.9,baseline
order_0003199,1,credit_card,4,176.26,baseline
order_0003200,1,digital_wallet,1,42.75,baseline
order_0003201,1,credit_card,2,161.78,baseline
order_0003201,2,bank_transfer,1,141.07,baseline
order_0003202,1,bank_transfer,1,39.96,baseline
order_0003203,1,credit_card,2,18.64,baseline
order_0003203,2,debit_card,1,28.5,baseline
order_0003204,1,digital_wallet,1,95.91,baseline
order_0003205,1,bank_transfer,1,56.74,baseline
order_0003206,1,credit_card,1,131.25,baseline
order_0003206,2,digital_wallet,1,354.75,baseline
order_0003207,1,bank_transfer,1,304.13,baseline
order_0003208,1,digital_wallet,1,43.68,baseline
order_0003209,1,debit_card,1,79.19,baseline
order_0003210,1,bank_transfer,1,39.97,baseline
order_0003210,2,credit_card,1,19.83,baseline
order_0003211,1,credit_card,1,375.74,baseline
order_0003212,1,digital_wallet,1,259.74,baseline
order_0003213,1,credit_card,4,188.69,baseline
order_0003214,1,debit_card,1,666.28,baseline
order_0003215,1,digital_wallet,1,44.07,baseline
order_0003216,1,debit_card,1,201.79,baseline
order_0003217,1,digital_wallet,1,58.18,baseline
order_0003218,1,credit_card,1,177.59,baseline
order_0003219,1,digital_wallet,1,41.01,baseline
order_0003220,1,digital_wallet,1,118.78,baseline
order_0003221,1,credit_card,1,63.4,baseline
order_0003222,1,digital_wallet,1,361.4,baseline
order_0003223,1,digital_wallet,1,317.78,baseline
order_0003224,1,credit_card,1,68.3,baseline
order_0003225,1,credit_card,1,86.9,baseline
order_0003226,1,credit_card,1,147.01,baseline
order_0003227,1,credit_card,1,158.15,baseline
order_0003227,2,digital_wallet,1,117.26,baseline
order_0003228,1,credit_card,2,16.09,baseline
order_0003228,2,digital_wallet,1,28.85,baseline
order_0003229,1,credit_card,2,52.62,baseline
order_0003230,1,credit_card,1,115.11,baseline
order_0003231,1,credit_card,2,206.16,baseline
order_0003232,1,credit_card,1,62.07,baseline
order_0003233,1,credit_card,1,20.37,baseline
order_0003234,1,credit_card,1,88.44,baseline
order_0003235,1,credit_card,2,55.1,baseline
order_0003235,2,digital_wallet,1,21.38,baseline
order_0003236,1,digital_wallet,1,297.59,baseline
order_0003237,1,digital_wallet,1,24.5,baseline
order_0003238,1,credit_card,7,261.31,baseline
order_0003239,1,credit_card,4,156.98,baseline
order_0003240,1,digital_wallet,1,235.81,baseline
order_0003241,1,debit_card,1,50.99,baseline
order_0003242,1,debit_card,1,106.93,baseline
order_0003243,1,credit_card,1,86.69,baseline
order_0003244,1,credit_card,1,37.83,baseline
order_0003245,1,credit_card,1,125.47,baseline
order_0003246,1,bank_transfer,1,55.03,baseline
order_0003246,2,digital_wallet,1,42.68,baseline
order_0003247,1,credit_card,1,101.03,baseline
order_0003248,1,credit_card,2,115.94,baseline
order_0003249,1,digital_wallet,1,93.1,baseline
order_0003250,1,credit_card,2,229.08,baseline
order_0003251,1,debit_card,1,29.98,baseline
order_0003252,1,digital_wallet,1,204.08,baseline
order_0003253,1,credit_card,2,54.35,baseline
order_0003254,1,digital_wallet,1,165.78,baseline
order_0003255,1,credit_card,2,40.29,baseline
order_0003256,1,credit_card,1,60.28,baseline
order_0003257,1,credit_card,3,146.91,baseline
order_0003258,1,bank_transfer,1,199.35,baseline
order_0003259,1,digital_wallet,1,32.1,baseline
order_0003260,1,digital_wallet,1,142.01,baseline
order_0003261,1,credit_card,1,31.79,baseline
order_0003262,1,digital_wallet,1,304.37,baseline
order_0003263,1,digital_wallet,1,250.97,baseline
order_0003264,1,digital_wallet,1,18.96,baseline
order_0003264,2,credit_card,2,26.48,baseline
order_0003265,1,credit_card,2,89.91,baseline
order_0003266,1,gift_card,1,61.24,baseline
order_0003267,1,credit_card,5,186.58,baseline
order_0003268,1,credit_card,1,144.87,baseline
order_0003268,2,digital_wallet,1,405.78,baseline
order_0003269,1,debit_card,1,32.21,baseline
order_0003269,2,credit_card,1,12.21,baseline
order_0003270,1,digital_wallet,1,15.53,baseline
order_0003270,2,credit_card,2,42.03,baseline
order_0003271,1,debit_card,1,549.45,baseline
order_0003271,2,digital_wallet,1,420.69,baseline
order_0003272,1,credit_card,1,32.16,baseline
order_0003273,1,credit_card,5,782.97,baseline
order_0003274,1,gift_card,1,156.6,baseline
order_0003274,2,digital_wallet,1,179.49,baseline
order_0003275,1,credit_card,4,295.56,baseline
order_0003276,1,bank_transfer,1,279.21,baseline
order_0003277,1,digital_wallet,1,284.56,baseline
order_0003278,1,digital_wallet,1,52.48,baseline
order_0003279,1,credit_card,1,66.57,baseline
order_0003280,1,credit_card,4,510.05,baseline
order_0003281,1,bank_transfer,1,34.88,baseline
order_0003282,1,credit_card,2,205.12,baseline
order_0003283,1,bank_transfer,1,29.53,baseline
order_0003284,1,digital_wallet,1,181.91,baseline
order_0003285,1,bank_transfer,1,46.34,baseline
order_0003286,1,credit_card,1,27.02,baseline
order_0003287,1,digital_wallet,1,169.98,baseline
order_0003288,1,gift_card,1,207.3,baseline
order_0003289,1,debit_card,1,189.75,baseline
order_0003290,1,credit_card,2,86.63,baseline
order_0003291,1,debit_card,1,71.21,baseline
order_0003292,1,digital_wallet,1,37.16,baseline
order_0003293,1,digital_wallet,1,114.19,baseline
order_0003294,1,debit_card,1,300.56,baseline
order_0003295,1,debit_card,1,266.28,baseline
order_0003296,1,debit_card,1,420.47,baseline
order_0003297,1,credit_card,1,89.6,baseline
order_0003298,1,credit_card,1,47.24,baseline
order_0003299,1,credit_card,1,355.66,baseline
order_0003300,1,credit_card,3,176.93,baseline
order_0003301,1,digital_wallet,1,26.54,baseline
order_0003302,1,debit_card,1,24.86,baseline
order_0003303,1,credit_card,2,104.41,baseline
order_0003304,1,digital_wallet,1,62.68,baseline
order_0003305,1,digital_wallet,1,77.35,baseline
order_0003306,1,gift_card,1,154.27,baseline
order_0003307,1,credit_card,2,132.27,baseline
order_0003308,1,credit_card,1,120.89,baseline
order_0003309,1,credit_card,6,625.33,baseline
order_0003310,1,debit_card,1,136.45,baseline
order_0003311,1,credit_card,1,60.03,baseline
order_0003312,1,digital_wallet,1,322.52,baseline
order_0003313,1,credit_card,9,368.36,baseline
order_0003314,1,debit_card,1,264.52,baseline
order_0003315,1,credit_card,2,74.07,baseline
order_0003316,1,digital_wallet,1,46.7,baseline
order_0003317,1,digital_wallet,1,43.37,baseline
order_0003318,1,credit_card,4,228.98,baseline
order_0003319,1,credit_card,3,110.13,baseline
order_0003320,1,digital_wallet,1,68.33,baseline
order_0003321,1,bank_transfer,1,127.4,baseline
order_0003322,1,credit_card,1,42.89,baseline
order_0003323,1,digital_wallet,1,102.9,baseline
order_0003324,1,bank_transfer,1,268.85,baseline
order_0003325,1,credit_card,2,94.68,baseline
order_0003326,1,digital_wallet,1,43.23,baseline
order_0003327,1,gift_card,1,33.04,baseline
order_0003328,1,bank_transfer,1,45.14,baseline
order_0003328,2,debit_card,1,22.59,baseline
order_0003329,1,credit_card,1,57.79,baseline
order_0003330,1,credit_card,1,30.6,baseline
order_0003331,1,credit_card,3,223.11,baseline
order_0003332,1,credit_card,1,49.14,baseline
order_0003333,1,credit_card,2,451.25,baseline
order_0003334,1,credit_card,1,173.38,baseline
order_0003335,1,credit_card,10,465.86,baseline
order_0003336,1,credit_card,2,215.21,baseline
order_0003337,1,debit_card,1,70.54,baseline
order_0003338,1,credit_card,4,200.38,baseline
order_0003339,1,credit_card,9,397.95,baseline
order_0003340,1,digital_wallet,1,408.65,baseline
order_0003341,1,debit_card,1,197.1,baseline
order_0003342,1,digital_wallet,1,136.94,baseline
order_0003343,1,digital_wallet,1,621.03,baseline
order_0003344,1,debit_card,1,17.73,baseline
order_0003344,2,credit_card,1,38.05,baseline
order_0003345,1,credit_card,1,59.81,baseline
order_0003346,1,credit_card,1,106.51,baseline
order_0003347,1,credit_card,2,69.88,baseline
order_0003348,1,credit_card,5,180.99,baseline
order_0003349,1,credit_card,2,44.81,baseline
order_0003350,1,digital_wallet,1,64.32,baseline
order_0003350,2,credit_card,2,57.47,baseline
order_0003351,1,digital_wallet,1,67.51,baseline
order_0003352,1,digital_wallet,1,239.89,baseline
order_0003353,1,credit_card,1,72.59,baseline
order_0003353,2,gift_card,1,92.88,baseline
order_0003354,1,debit_card,1,189.05,baseline
order_0003355,1,digital_wallet,1,267.27,baseline
order_0003356,1,credit_card,3,109.37,baseline
order_0003357,1,digital_wallet,1,415.02,baseline
order_0003358,1,digital_wallet,1,369.26,baseline
order_0003359,1,digital_wallet,1,232.19,baseline
order_0003360,1,debit_card,1,139.91,baseline
order_0003361,1,debit_card,1,482.88,baseline
order_0003362,1,debit_card,1,130.69,baseline
order_0003363,1,digital_wallet,1,75.95,baseline
order_0003364,1,digital_wallet,1,53.28,baseline
order_0003365,1,digital_wallet,1,47.22,baseline
order_0003366,1,debit_card,1,241.91,baseline
order_0003367,1,credit_card,2,154.81,baseline
order_0003368,1,credit_card,11,510.92,baseline
order_0003369,1,credit_card,3,397.61,baseline
order_0003369,2,gift_card,1,228.1,baseline
order_0003370,1,gift_card,1,458.17,baseline
order_0003371,1,digital_wallet,1,41.24,baseline
order_0003371,2,credit_card,2,66.55,baseline
order_0003372,1,digital_wallet,1,743.67,baseline
order_0003373,1,digital_wallet,1,292.8,baseline
order_0003374,1,debit_card,1,111.57,baseline
order_0003375,1,credit_card,1,207.97,baseline
order_0003376,1,credit_card,1,180.79,baseline
order_0003377,1,credit_card,5,185.51,baseline
order_0003378,1,credit_card,4,231.01,baseline
order_0003379,1,credit_card,1,63.81,baseline
order_0003380,1,digital_wallet,1,124.29,baseline
order_0003380,2,bank_transfer,1,104.1,baseline
order_0003381,1,credit_card,4,200.4,baseline
order_0003382,1,digital_wallet,1,37.26,baseline
order_0003383,1,credit_card,4,159.9,baseline
order_0003384,1,credit_card,2,49.7,baseline
order_0003385,1,debit_card,1,32.38,baseline
order_0003386,1,digital_wallet,1,355.23,baseline
order_0003387,1,credit_card,3,124.13,baseline
order_0003387,2,digital_wallet,1,154.33,baseline
order_0003388,1,credit_card,1,67.51,baseline
order_0003389,1,credit_card,4,145.71,baseline
order_0003390,1,credit_card,1,318.5,baseline
order_0003391,1,credit_card,1,48.47,baseline
order_0003392,1,bank_transfer,1,87.23,baseline
order_0003393,1,debit_card,1,184.69,baseline
order_0003394,1,credit_card,2,81.67,baseline
order_0003395,1,debit_card,1,220.89,baseline
order_0003396,1,credit_card,1,65.01,baseline
order_0003397,1,digital_wallet,1,20.22,baseline
order_0003397,2,credit_card,1,42.18,baseline
order_0003398,1,credit_card,1,57.45,baseline
order_0003399,1,debit_card,1,391.04,baseline
order_0003400,1,credit_card,3,114.63,baseline
order_0003401,1,credit_card,2,64.54,baseline
order_0003402,1,credit_card,2,31.73,baseline
order_0003403,1,credit_card,2,48.57,baseline
order_0003404,1,digital_wallet,1,110.39,baseline
order_0003405,1,bank_transfer,1,185.29,baseline
order_0003406,1,debit_card,1,522.29,baseline
order_0003407,1,bank_transfer,1,38.91,baseline
order_0003408,1,debit_card,1,309.2,baseline
order_0003409,1,credit_card,3,111.48,baseline
order_0003410,1,credit_card,5,222.14,baseline
order_0003411,1,credit_card,1,67.72,baseline
order_0003412,1,credit_card,1,102.08,baseline
order_0003413,1,credit_card,3,133.38,baseline
order_0003414,1,debit_card,1,93.97,baseline
order_0003415,1,digital_wallet,1,51.72,baseline
order_0003416,1,credit_card,3,131.76,baseline
order_0003417,1,credit_card,1,25.65,baseline
order_0003418,1,debit_card,1,59.59,baseline
order_0003419,1,digital_wallet,1,275.24,baseline
order_0003420,1,digital_wallet,1,159.34,baseline
order_0003421,1,credit_card,5,217.07,baseline
order_0003422,1,credit_card,2,293.29,baseline
order_0003423,1,debit_card,1,76.36,baseline
order_0003424,1,credit_card,1,30.33,baseline
order_0003425,1,debit_card,1,18.72,baseline
order_0003426,1,digital_wallet,1,42.79,baseline
order_0003427,1,digital_wallet,1,118.14,baseline
order_0003428,1,credit_card,2,247.98,baseline
order_0003429,1,credit_card,2,916.75,baseline
order_0003430,1,credit_card,3,133.39,baseline
order_0003431,1,debit_card,1,164.27,baseline
order_0003432,1,digital_wallet,1,10.57,baseline
order_0003432,2,debit_card,1,27.29,baseline
order_0003433,1,credit_card,2,35.46,baseline
order_0003434,1,credit_card,2,45.54,baseline
order_0003435,1,digital_wallet,1,346.62,baseline
order_0003436,1,digital_wallet,1,231.61,baseline
order_0003437,1,digital_wallet,1,60.03,baseline
order_0003438,1,credit_card,2,144.38,baseline
order_0003439,1,digital_wallet,1,395.5,baseline
order_0003440,1,digital_wallet,1,139.02,baseline
order_0003441,1,bank_transfer,1,79.14,baseline
order_0003442,1,digital_wallet,1,74.5,baseline
order_0003443,1,credit_card,2,93.9,baseline
order_0003444,1,credit_card,6,274.33,baseline
order_0003445,1,credit_card,2,76.45,baseline
order_0003446,1,digital_wallet,1,29.07,baseline
order_0003447,1,credit_card,1,25.37,baseline
order_0003448,1,digital_wallet,1,212.04,baseline
order_0003449,1,debit_card,1,29.04,baseline
order_0003450,1,credit_card,1,54.55,baseline
order_0003451,1,credit_card,11,517.94,baseline
order_0003452,1,digital_wallet,1,213.49,baseline
order_0003453,1,credit_card,1,97.93,baseline
order_0003454,1,credit_card,7,419.51,baseline
order_0003455,1,digital_wallet,1,210.05,baseline
order_0003456,1,credit_card,1,52.69,baseline
order_0003457,1,credit_card,2,39.93,baseline
order_0003458,1,credit_card,2,23.8,baseline
order_0003458,2,digital_wallet,1,76.6,baseline
order_0003459,1,digital_wallet,1,32.72,baseline
order_0003460,1,digital_wallet,1,37.94,baseline
order_0003461,1,debit_card,1,30.35,baseline
order_0003462,1,debit_card,1,58.22,baseline
order_0003463,1,digital_wallet,1,217.49,baseline
order_0003464,1,digital_wallet,1,232.08,baseline
order_0003465,1,digital_wallet,1,48.1,baseline
order_0003465,2,credit_card,1,95.94,baseline
order_0003466,1,credit_card,5,366.16,baseline
order_0003467,1,digital_wallet,1,75.7,baseline
order_0003468,1,credit_card,3,152.73,baseline
order_0003469,1,debit_card,1,79.71,baseline
order_0003470,1,digital_wallet,1,208.23,baseline
order_0003471,1,digital_wallet,1,210.5,baseline
order_0003472,1,digital_wallet,1,19.76,baseline
order_0003472,2,credit_card,2,63.23,baseline
order_0003473,1,debit_card,1,225.59,baseline
order_0003474,1,credit_card,3,257.3,baseline
order_0003475,1,credit_card,3,144.84,baseline
order_0003476,1,bank_transfer,1,268.94,baseline
order_0003477,1,credit_card,3,155.28,baseline
order_0003478,1,credit_card,1,79.1,baseline
order_0003478,2,digital_wallet,1,43.8,baseline
order_0003479,1,credit_card,7,408.05,baseline
order_0003480,1,credit_card,2,11.83,baseline
order_0003480,2,digital_wallet,1,42.73,baseline
order_0003481,1,credit_card,2,68.82,baseline
order_0003482,1,credit_card,5,235.97,baseline
order_0003483,1,digital_wallet,1,396.96,baseline
order_0003484,1,credit_card,1,466.47,baseline
order_0003485,1,credit_card,2,51.7,baseline
order_0003486,1,credit_card,2,362.91,baseline
order_0003487,1,credit_card,2,42.28,baseline
order_0003488,1,debit_card,1,33.88,baseline
order_0003489,1,credit_card,2,24.03,baseline
order_0003490,1,credit_card,3,195.01,baseline
order_0003491,1,credit_card,2,107.63,baseline
order_0003492,1,debit_card,1,30.36,baseline
order_0003493,1,bank_transfer,1,199.33,baseline
order_0003494,1,credit_card,2,102.98,baseline
order_0003495,1,debit_card,1,60.72,baseline
order_0003496,1,debit_card,1,385.86,baseline
order_0003497,1,digital_wallet,1,35.5,baseline
order_0003498,1,credit_card,1,43.11,baseline
order_0003499,1,credit_card,5,208.3,baseline
order_0003500,1,credit_card,6,307.18,baseline
order_0003501,1,debit_card,1,28.23,baseline
order_0003502,1,credit_card,1,105.8,baseline
order_0003502,2,digital_wallet,1,70.99,baseline
order_0003503,1,digital_wallet,1,133.1,baseline
order_0003504,1,bank_transfer,1,203.76,baseline
order_0003505,1,digital_wallet,1,163.23,baseline
order_0003506,1,credit_card,2,156.56,baseline
order_0003507,1,debit_card,1,308.82,baseline
order_0003508,1,credit_card,9,482.15,baseline
order_0003509,1,credit_card,1,149.79,baseline
order_0003510,1,credit_card,3,268.04,baseline
order_0003511,1,credit_card,2,25.29,baseline
order_0003512,1,credit_card,2,25.83,baseline
order_0003513,1,credit_card,2,23.52,baseline
order_0003513,2,bank_transfer,1,12.28,baseline
order_0003514,1,digital_wallet,1,94.1,baseline
order_0003515,1,credit_card,1,43.46,baseline
order_0003516,1,credit_card,3,127.07,baseline
order_0003517,1,credit_card,2,28.03,baseline
order_0003518,1,digital_wallet,1,343.6,baseline
order_0003519,1,digital_wallet,1,77.44,baseline
order_0003520,1,gift_card,1,52.06,baseline
order_0003521,1,credit_card,1,19.58,baseline
order_0003522,1,credit_card,2,104.88,baseline
order_0003523,1,digital_wallet,1,29.73,baseline
order_0003524,1,bank_transfer,1,518.43,baseline
order_0003525,1,credit_card,2,41.14,baseline
order_0003526,1,credit_card,10,398.4,baseline
order_0003527,1,digital_wallet,1,399.19,baseline
order_0003528,1,digital_wallet,1,279.1,baseline
order_0003529,1,credit_card,2,366.2,baseline
order_0003530,1,credit_card,1,98.52,baseline
order_0003531,1,credit_card,4,292.68,baseline
order_0003532,1,digital_wallet,1,38.99,baseline
order_0003533,1,debit_card,1,66.4,baseline
order_0003534,1,credit_card,2,504.37,baseline
order_0003535,1,debit_card,1,87.32,baseline
order_0003536,1,digital_wallet,1,137.11,baseline
order_0003537,1,digital_wallet,1,136.01,baseline
order_0003538,1,credit_card,3,387.02,baseline
order_0003539,1,digital_wallet,1,98.87,baseline
order_0003540,1,bank_transfer,1,73.56,baseline
order_0003541,1,digital_wallet,1,60.94,baseline
order_0003542,1,digital_wallet,1,95.17,baseline
order_0003543,1,credit_card,2,52.85,baseline
order_0003543,2,debit_card,1,80.46,baseline
order_0003544,1,credit_card,1,44.65,baseline
order_0003545,1,debit_card,1,188.25,baseline
order_0003546,1,credit_card,6,299.01,baseline
order_0003547,1,digital_wallet,1,82.51,baseline
order_0003548,1,credit_card,1,58.45,baseline
order_0003549,1,credit_card,1,150.06,baseline
order_0003550,1,bank_transfer,1,67.92,baseline
order_0003551,1,credit_card,2,143.12,baseline
order_0003552,1,credit_card,1,31.91,baseline
order_0003553,1,digital_wallet,1,185.21,baseline
order_0003554,1,gift_card,1,223.07,baseline
order_0003555,1,gift_card,1,134.93,baseline
order_0003556,1,credit_card,5,258.16,baseline
order_0003557,1,credit_card,1,78.11,baseline
order_0003558,1,credit_card,2,22.5,baseline
order_0003559,1,credit_card,2,52.22,baseline
order_0003560,1,digital_wallet,1,39.83,baseline
order_0003561,1,credit_card,1,114.51,baseline
order_0003562,1,digital_wallet,1,230.51,baseline
order_0003563,1,credit_card,1,110.17,baseline
order_0003564,1,digital_wallet,1,50.5,baseline
order_0003565,1,debit_card,1,89.37,baseline
order_0003566,1,digital_wallet,1,47.12,baseline
order_0003567,1,credit_card,6,296.13,baseline
order_0003568,1,bank_transfer,1,323.26,baseline
order_0003569,1,gift_card,1,274.82,baseline
order_0003570,1,credit_card,1,212.97,baseline
order_0003571,1,debit_card,1,25.8,baseline
order_0003572,1,debit_card,1,51.13,baseline
order_0003573,1,digital_wallet,1,119.28,baseline
order_0003574,1,credit_card,2,58.91,baseline
order_0003575,1,credit_card,11,589.12,baseline
order_0003576,1,debit_card,1,34.23,baseline
order_0003576,2,digital_wallet,1,12.31,baseline
order_0003577,1,digital_wallet,1,39.02,baseline
order_0003578,1,debit_card,1,128.75,baseline
order_0003579,1,digital_wallet,1,29.87,baseline
order_0003580,1,digital_wallet,1,196.18,baseline
order_0003581,1,digital_wallet,1,55.62,baseline
order_0003582,1,bank_transfer,1,471.39,baseline
order_0003583,1,digital_wallet,1,20.2,baseline
order_0003584,1,digital_wallet,1,47.45,baseline
order_0003585,1,bank_transfer,1,156.66,baseline
order_0003586,1,credit_card,1,30.64,baseline
order_0003586,2,debit_card,1,31.73,baseline
order_0003587,1,bank_transfer,1,59.65,baseline
order_0003587,2,credit_card,1,82.02,baseline
order_0003588,1,credit_card,1,79.71,baseline
order_0003589,1,debit_card,1,27.95,baseline
order_0003590,1,credit_card,12,474.3,baseline
order_0003591,1,credit_card,3,120.78,baseline
order_0003592,1,credit_card,5,195.56,baseline
order_0003593,1,digital_wallet,1,261.35,baseline
order_0003594,1,bank_transfer,1,26.73,baseline
order_0003595,1,credit_card,2,32.37,baseline
order_0003596,1,credit_card,2,98.53,baseline
order_0003597,1,bank_transfer,1,142.24,baseline
order_0003598,1,debit_card,1,49.91,baseline
order_0003598,2,credit_card,2,75.15,baseline
order_0003599,1,credit_card,2,47.34,baseline
order_0003600,1,bank_transfer,1,69.91,baseline
order_0003601,1,credit_card,2,54.44,baseline
order_0003602,1,credit_card,1,52.77,baseline
order_0003603,1,debit_card,1,84.39,baseline
order_0003604,1,credit_card,5,380.06,baseline
order_0003605,1,credit_card,1,61.37,baseline
order_0003606,1,credit_card,1,123.2,baseline
order_0003607,1,digital_wallet,1,27.7,baseline
order_0003608,1,credit_card,6,512.65,baseline
order_0003609,1,credit_card,3,115.9,baseline
order_0003610,1,digital_wallet,1,129.32,baseline
order_0003610,2,credit_card,2,67.1,baseline
order_0003611,1,digital_wallet,1,136.3,baseline
order_0003612,1,digital_wallet,1,82.44,baseline
order_0003613,1,credit_card,5,211.34,baseline
order_0003614,1,credit_card,1,73.78,baseline
order_0003615,1,credit_card,2,7.9,baseline
order_0003615,2,digital_wallet,1,21.36,baseline
order_0003616,1,digital_wallet,1,51.22,baseline
order_0003617,1,digital_wallet,1,51.56,baseline
order_0003618,1,credit_card,4,151.96,baseline
order_0003619,1,credit_card,1,41.64,baseline
order_0003620,1,credit_card,1,49.59,baseline
order_0003621,1,debit_card,1,60.89,baseline
order_0003622,1,digital_wallet,1,89.08,baseline
order_0003623,1,digital_wallet,1,85.03,baseline
order_0003624,1,debit_card,1,113.58,baseline
order_0003625,1,digital_wallet,1,151.13,baseline
order_0003626,1,digital_wallet,1,98.76,baseline
order_0003627,1,bank_transfer,1,51.79,baseline
order_0003628,1,credit_card,5,232.01,baseline
order_0003629,1,credit_card,2,67.8,baseline
order_0003630,1,credit_card,1,46.83,baseline
order_0003631,1,credit_card,5,188.5,baseline
order_0003632,1,credit_card,1,49.1,baseline
order_0003633,1,credit_card,2,193.51,baseline
order_0003634,1,credit_card,1,73.98,baseline
order_0003635,1,bank_transfer,1,188.28,baseline
order_0003636,1,credit_card,3,157.93,baseline
order_0003637,1,credit_card,7,453.21,baseline
order_0003638,1,credit_card,2,79.79,baseline
order_0003639,1,credit_card,2,359.19,baseline
order_0003640,1,credit_card,1,31.57,baseline
order_0003641,1,credit_card,1,87.61,baseline
order_0003642,1,credit_card,9,396.18,baseline
order_0003643,1,digital_wallet,1,150.16,baseline
order_0003644,1,digital_wallet,1,386.04,baseline
order_0003645,1,credit_card,1,37.99,baseline
order_0003646,1,bank_transfer,1,92.74,baseline
order_0003647,1,credit_card,1,137.54,baseline
order_0003648,1,credit_card,3,282.31,baseline
order_0003649,1,bank_transfer,1,84.34,baseline
order_0003650,1,credit_card,2,36.84,baseline
order_0003651,1,credit_card,2,187.8,baseline
order_0003651,2,bank_transfer,1,166.0,baseline
order_0003652,1,credit_card,4,151.17,baseline
order_0003653,1,digital_wallet,1,62.54,baseline
order_0003654,1,credit_card,1,73.61,baseline
order_0003655,1,digital_wallet,1,44.48,baseline
order_0003656,1,digital_wallet,1,158.49,baseline
order_0003657,1,credit_card,1,49.86,baseline
order_0003658,1,credit_card,3,113.82,baseline
order_0003659,1,credit_card,6,262.56,baseline
order_0003659,2,debit_card,1,239.7,baseline
order_0003660,1,digital_wallet,1,91.9,baseline
order_0003661,1,bank_transfer,1,148.58,baseline
order_0003662,1,credit_card,3,160.2,baseline
order_0003663,1,credit_card,2,97.36,baseline
order_0003664,1,credit_card,1,45.59,baseline
order_0003665,1,credit_card,2,387.71,baseline
order_0003666,1,debit_card,1,39.53,baseline
order_0003667,1,digital_wallet,1,152.99,baseline
order_0003668,1,digital_wallet,1,60.03,baseline
order_0003669,1,digital_wallet,1,182.07,baseline
order_0003670,1,credit_card,2,63.97,baseline
order_0003671,1,debit_card,1,199.78,baseline
order_0003672,1,digital_wallet,1,66.02,baseline
order_0003673,1,digital_wallet,1,32.84,baseline
order_0003674,1,digital_wallet,1,101.03,baseline
order_0003675,1,credit_card,2,207.75,baseline
order_0003676,1,debit_card,1,44.75,baseline
order_0003677,1,credit_card,2,23.42,baseline
order_0003678,1,credit_card,2,70.37,baseline
order_0003679,1,digital_wallet,1,17.78,baseline
order_0003680,1,credit_card,2,89.13,baseline
order_0003681,1,digital_wallet,1,328.88,baseline
order_0003682,1,bank_transfer,1,460.71,baseline
order_0003683,1,digital_wallet,1,135.8,baseline
order_0003684,1,bank_transfer,1,49.93,baseline
order_0003685,1,credit_card,2,167.73,baseline
order_0003686,1,debit_card,1,268.71,baseline
order_0003687,1,digital_wallet,1,120.11,baseline
order_0003688,1,credit_card,1,56.2,baseline
order_0003688,2,digital_wallet,1,98.11,baseline
order_0003689,1,bank_transfer,1,317.53,baseline
order_0003690,1,credit_card,3,108.16,baseline
order_0003691,1,credit_card,5,265.89,baseline
order_0003692,1,credit_card,6,259.83,baseline
order_0003693,1,credit_card,4,289.15,baseline
order_0003694,1,credit_card,1,106.67,baseline
order_0003695,1,credit_card,2,29.91,baseline
order_0003696,1,credit_card,1,71.61,baseline
order_0003697,1,credit_card,2,49.93,baseline
order_0003697,2,debit_card,1,36.33,baseline
order_0003698,1,credit_card,2,34.36,baseline
order_0003699,1,credit_card,1,183.46,baseline
order_0003700,1,credit_card,2,138.82,baseline
order_0003701,1,credit_card,2,100.7,baseline
order_0003702,1,digital_wallet,1,163.05,baseline
order_0003702,2,credit_card,3,101.14,baseline
order_0003703,1,credit_card,1,40.9,baseline
order_0003704,1,credit_card,3,115.27,baseline
order_0003705,1,credit_card,1,18.21,baseline
order_0003706,1,digital_wallet,1,106.22,baseline
order_0003707,1,debit_card,1,407.18,baseline
order_0003708,1,credit_card,2,12.99,baseline
order_0003708,2,debit_card,1,38.44,baseline
order_0003709,1,debit_card,1,81.62,baseline
order_0003710,1,credit_card,1,97.5,baseline
order_0003711,1,credit_card,3,138.51,baseline
order_0003712,1,credit_card,1,151.35,baseline
order_0003713,1,digital_wallet,1,481.67,baseline
order_0003714,1,credit_card,2,35.72,baseline
order_0003715,1,credit_card,4,287.67,baseline
order_0003716,1,debit_card,1,60.64,baseline
order_0003717,1,credit_card,2,76.87,baseline
order_0003718,1,credit_card,2,28.38,baseline
order_0003719,1,debit_card,1,301.48,baseline
order_0003720,1,credit_card,3,146.26,baseline
order_0003721,1,digital_wallet,1,171.67,baseline
order_0003722,1,digital_wallet,1,50.18,baseline
order_0003723,1,credit_card,1,90.19,baseline
order_0003724,1,digital_wallet,1,68.22,baseline
order_0003725,1,digital_wallet,1,415.85,baseline
order_0003726,1,credit_card,1,17.96,baseline
order_0003727,1,credit_card,2,51.11,baseline
order_0003728,1,debit_card,1,316.79,baseline
order_0003729,1,debit_card,1,70.02,baseline
order_0003730,1,credit_card,1,39.18,baseline
order_0003731,1,bank_transfer,1,131.58,baseline
order_0003732,1,digital_wallet,1,205.25,baseline
order_0003733,1,digital_wallet,1,212.15,baseline
order_0003734,1,credit_card,2,86.05,baseline
order_0003735,1,credit_card,1,313.71,baseline
order_0003736,1,debit_card,1,391.43,baseline
order_0003737,1,credit_card,3,258.85,baseline
order_0003738,1,debit_card,1,76.4,baseline
order_0003739,1,credit_card,2,164.96,baseline
order_0003740,1,credit_card,6,402.7,baseline
order_0003741,1,credit_card,1,49.42,baseline
order_0003742,1,credit_card,1,236.73,baseline
order_0003743,1,credit_card,5,215.32,baseline
order_0003744,1,digital_wallet,1,474.72,baseline
order_0003745,1,bank_transfer,1,170.62,baseline
order_0003746,1,credit_card,5,317.04,baseline
order_0003747,1,credit_card,1,37.34,baseline
order_0003748,1,credit_card,1,81.77,baseline
order_0003749,1,credit_card,2,71.8,baseline
order_0003750,1,gift_card,1,18.13,baseline
order_0003751,1,digital_wallet,1,275.58,baseline
order_0003752,1,credit_card,1,63.78,baseline
order_0003753,1,credit_card,2,48.37,baseline
order_0003754,1,credit_card,5,224.64,baseline
order_0003755,1,digital_wallet,1,48.93,baseline
order_0003756,1,digital_wallet,1,121.14,baseline
order_0003757,1,credit_card,5,799.5,baseline
order_0003758,1,digital_wallet,1,227.8,baseline
order_0003759,1,debit_card,1,7.53,baseline
order_0003759,2,digital_wallet,1,27.45,baseline
order_0003760,1,digital_wallet,1,576.53,baseline
order_0003761,1,credit_card,1,106.96,baseline
order_0003761,2,debit_card,1,122.51,baseline
order_0003762,1,credit_card,4,170.16,baseline
order_0003763,1,credit_card,2,94.7,baseline
order_0003764,1,credit_card,3,135.04,baseline
order_0003765,1,digital_wallet,1,125.18,baseline
order_0003766,1,digital_wallet,1,63.79,baseline
order_0003767,1,gift_card,1,69.74,baseline
order_0003768,1,credit_card,2,22.27,baseline
order_0003769,1,credit_card,1,48.89,baseline
order_0003770,1,digital_wallet,1,56.22,baseline
order_0003771,1,digital_wallet,1,36.57,baseline
order_0003772,1,bank_transfer,1,34.57,baseline
order_0003773,1,credit_card,1,232.55,baseline
order_0003774,1,credit_card,2,67.85,baseline
order_0003775,1,credit_card,3,140.49,baseline
order_0003776,1,debit_card,1,178.04,baseline
order_0003777,1,credit_card,4,209.11,baseline
order_0003777,2,digital_wallet,1,297.67,baseline
order_0003778,1,credit_card,2,48.13,baseline
order_0003779,1,credit_card,3,150.35,baseline
order_0003780,1,digital_wallet,1,248.86,baseline
order_0003781,1,credit_card,5,208.5,baseline
order_0003782,1,credit_card,10,382.22,baseline
order_0003783,1,digital_wallet,1,238.54,baseline
order_0003784,1,digital_wallet,1,36.73,baseline
order_0003785,1,digital_wallet,1,33.81,baseline
order_0003786,1,credit_card,4,287.16,baseline
order_0003787,1,gift_card,1,240.41,baseline
order_0003788,1,digital_wallet,1,122.12,baseline
order_0003789,1,credit_card,2,93.31,baseline
order_0003790,1,credit_card,1,20.28,baseline
order_0003791,1,credit_card,1,311.63,baseline
order_0003792,1,credit_card,2,94.51,baseline
order_0003793,1,digital_wallet,1,178.35,baseline
order_0003794,1,debit_card,1,331.99,baseline
order_0003795,1,credit_card,2,80.31,baseline
order_0003796,1,credit_card,2,47.65,baseline
order_0003797,1,digital_wallet,1,66.39,baseline
order_0003798,1,digital_wallet,1,47.97,baseline
order_0003799,1,digital_wallet,1,74.56,baseline
order_0003800,1,digital_wallet,1,98.15,baseline
order_0003800,2,gift_card,1,92.5,baseline
order_0003801,1,credit_card,1,30.12,baseline
order_0003802,1,credit_card,1,87.85,baseline
order_0003803,1,credit_card,1,63.88,baseline
order_0003804,1,debit_card,1,99.19,baseline
order_0003805,1,digital_wallet,1,191.32,baseline
order_0003806,1,credit_card,1,232.66,baseline
order_0003807,1,debit_card,1,156.29,baseline
order_0003808,1,bank_transfer,1,21.72,baseline
order_0003809,1,credit_card,2,40.72,baseline
order_0003810,1,debit_card,1,296.0,baseline
order_0003811,1,debit_card,1,253.35,baseline
order_0003812,1,digital_wallet,1,694.58,baseline
order_0003813,1,bank_transfer,1,48.64,baseline
order_0003814,1,credit_card,1,41.56,baseline
order_0003815,1,credit_card,8,315.03,baseline
order_0003816,1,credit_card,2,59.3,baseline
order_0003817,1,digital_wallet,1,918.32,baseline
order_0003818,1,digital_wallet,1,81.03,baseline
order_0003819,1,bank_transfer,1,28.59,baseline
order_0003820,1,credit_card,2,51.53,baseline
order_0003821,1,credit_card,4,165.39,baseline
order_0003822,1,credit_card,12,582.61,baseline
order_0003823,1,digital_wallet,1,31.04,baseline
order_0003824,1,digital_wallet,1,155.12,baseline
order_0003825,1,credit_card,2,99.37,baseline
order_0003825,2,digital_wallet,1,256.74,baseline
order_0003826,1,digital_wallet,1,370.41,baseline
order_0003827,1,credit_card,2,239.93,baseline
order_0003828,1,digital_wallet,1,185.46,baseline
order_0003829,1,digital_wallet,1,13.62,baseline
order_0003830,1,digital_wallet,1,416.46,baseline
order_0003831,1,digital_wallet,1,206.59,baseline
order_0003832,1,digital_wallet,1,42.65,baseline
order_0003833,1,digital_wallet,1,90.38,baseline
order_0003834,1,credit_card,1,51.06,baseline
order_0003835,1,digital_wallet,1,229.82,baseline
order_0003836,1,debit_card,1,478.58,baseline
order_0003837,1,debit_card,1,201.08,baseline
order_0003838,1,digital_wallet,1,41.25,baseline
order_0003838,2,credit_card,2,71.7,baseline
order_0003839,1,credit_card,5,384.17,baseline
order_0003840,1,digital_wallet,1,256.05,baseline
order_0003841,1,gift_card,1,517.71,baseline
order_0003842,1,credit_card,5,285.98,baseline
order_0003843,1,digital_wallet,1,678.93,baseline
order_0003844,1,digital_wallet,1,403.53,baseline
order_0003845,1,digital_wallet,1,78.41,baseline
order_0003846,1,credit_card,2,95.81,baseline
order_0003847,1,credit_card,2,194.71,baseline
order_0003848,1,credit_card,1,57.07,baseline
order_0003849,1,bank_transfer,1,158.71,baseline
order_0003850,1,debit_card,1,64.5,baseline
order_0003851,1,credit_card,3,161.85,baseline
order_0003852,1,bank_transfer,1,46.42,baseline
order_0003853,1,credit_card,1,70.37,baseline
order_0003854,1,credit_card,2,93.96,baseline
order_0003855,1,debit_card,1,22.63,baseline
order_0003856,1,credit_card,2,149.41,baseline
order_0003857,1,credit_card,10,444.68,baseline
order_0003858,1,digital_wallet,1,584.96,baseline
order_0003859,1,credit_card,2,107.09,baseline
order_0003860,1,gift_card,1,98.59,baseline
order_0003861,1,debit_card,1,40.84,baseline
order_0003862,1,credit_card,1,92.16,baseline
order_0003862,2,digital_wallet,1,64.52,baseline
order_0003863,1,credit_card,1,47.41,baseline
order_0003863,2,digital_wallet,1,25.63,baseline
order_0003864,1,bank_transfer,1,34.37,baseline
order_0003865,1,credit_card,1,118.14,baseline
order_0003866,1,debit_card,1,119.28,baseline
order_0003867,1,credit_card,3,126.93,baseline
order_0003868,1,credit_card,1,55.68,baseline
order_0003869,1,credit_card,4,217.79,baseline
order_0003870,1,debit_card,1,110.14,baseline
order_0003871,1,debit_card,1,173.68,baseline
order_0003872,1,credit_card,2,18.96,baseline
order_0003873,1,credit_card,1,25.2,baseline
order_0003874,1,bank_transfer,1,20.67,baseline
order_0003875,1,digital_wallet,1,37.59,baseline
order_0003876,1,digital_wallet,1,22.69,baseline
order_0003877,1,credit_card,2,41.14,baseline
order_0003878,1,credit_card,11,726.17,baseline
order_0003879,1,credit_card,7,554.58,baseline
order_0003880,1,digital_wallet,1,52.34,baseline
order_0003881,1,digital_wallet,1,43.26,baseline
order_0003882,1,credit_card,4,305.54,baseline
order_0003883,1,credit_card,2,85.46,baseline
order_0003884,1,credit_card,1,77.55,baseline
order_0003885,1,debit_card,1,98.08,baseline
order_0003886,1,credit_card,2,65.31,baseline
order_0003887,1,credit_card,2,280.93,baseline
order_0003888,1,debit_card,1,65.77,baseline
order_0003889,1,digital_wallet,1,113.18,baseline
order_0003890,1,debit_card,1,175.87,baseline
order_0003891,1,bank_transfer,1,112.3,baseline
order_0003892,1,debit_card,1,131.85,baseline
order_0003893,1,credit_card,2,16.92,baseline
order_0003894,1,credit_card,6,293.61,baseline
order_0003895,1,credit_card,2,147.79,baseline
order_0003896,1,debit_card,1,43.41,baseline
order_0003897,1,credit_card,1,97.32,baseline
order_0003898,1,bank_transfer,1,543.18,baseline
order_0003899,1,credit_card,3,305.84,baseline
order_0003900,1,bank_transfer,1,31.74,baseline
order_0003901,1,digital_wallet,1,302.7,baseline
order_0003902,1,debit_card,1,159.13,baseline
order_0003903,1,credit_card,1,80.01,baseline
order_0003904,1,digital_wallet,1,106.39,baseline
order_0003905,1,gift_card,1,125.75,baseline
order_0003906,1,credit_card,1,287.71,baseline
order_0003907,1,digital_wallet,1,157.39,baseline
order_0003908,1,bank_transfer,1,172.09,baseline
order_0003909,1,digital_wallet,1,341.1,baseline
order_0003910,1,debit_card,1,94.89,baseline
order_0003911,1,credit_card,1,188.69,baseline
order_0003912,1,credit_card,1,56.5,baseline
order_0003913,1,digital_wallet,1,76.71,baseline
order_0003914,1,digital_wallet,1,83.3,baseline
order_0003915,1,bank_transfer,1,276.69,baseline
order_0003916,1,debit_card,1,9.86,baseline
order_0003916,2,credit_card,1,28.82,baseline
order_0003917,1,credit_card,2,66.98,baseline
order_0003918,1,credit_card,2,147.56,baseline
order_0003919,1,credit_card,1,68.81,baseline
order_0003920,1,bank_transfer,1,759.82,baseline
order_0003921,1,digital_wallet,1,201.88,baseline
order_0003922,1,debit_card,1,190.87,baseline
order_0003923,1,digital_wallet,1,119.88,baseline
order_0003924,1,digital_wallet,1,36.9,baseline
order_0003924,2,gift_card,1,62.8,baseline
order_0003925,1,credit_card,2,169.19,baseline
order_0003926,1,credit_card,1,58.76,baseline
order_0003927,1,credit_card,1,57.72,baseline
order_0003928,1,digital_wallet,1,49.05,baseline
order_0003929,1,credit_card,1,136.6,baseline
order_0003930,1,debit_card,1,62.22,baseline
order_0003931,1,credit_card,2,96.58,baseline
order_0003932,1,credit_card,6,255.16,baseline
order_0003933,1,credit_card,4,368.36,baseline
order_0003934,1,credit_card,1,18.91,baseline
order_0003935,1,digital_wallet,1,31.61,baseline
order_0003936,1,digital_wallet,1,16.03,baseline
order_0003936,2,debit_card,1,5.98,baseline
order_0003937,1,debit_card,1,33.95,baseline
order_0003938,1,digital_wallet,1,409.18,baseline
order_0003939,1,credit_card,2,831.0,baseline
order_0003940,1,credit_card,4,283.93,baseline
order_0003941,1,digital_wallet,1,31.28,baseline
order_0003941,2,credit_card,1,107.25,baseline
order_0003942,1,digital_wallet,1,252.65,baseline
order_0003943,1,credit_card,2,82.74,baseline
order_0003943,2,debit_card,1,161.01,baseline
order_0003944,1,digital_wallet,1,89.88,baseline
order_0003945,1,digital_wallet,1,250.45,baseline
order_0003946,1,bank_transfer,1,579.26,baseline
order_0003947,1,credit_card,2,62.26,baseline
order_0003948,1,digital_wallet,1,180.17,baseline
order_0003949,1,digital_wallet,1,66.67,baseline
order_0003950,1,credit_card,1,152.7,baseline
order_0003951,1,debit_card,1,40.9,baseline
order_0003952,1,credit_card,2,125.5,baseline
order_0003953,1,credit_card,1,30.28,baseline
order_0003954,1,digital_wallet,1,103.02,baseline
order_0003955,1,credit_card,2,83.5,baseline
order_0003956,1,digital_wallet,1,197.61,baseline
order_0003957,1,credit_card,4,267.06,baseline
order_0003958,1,credit_card,2,55.24,baseline
order_0003959,1,credit_card,2,138.59,baseline
order_0003960,1,credit_card,3,142.02,baseline
order_0003961,1,debit_card,1,100.87,baseline
order_0003962,1,credit_card,2,28.82,baseline
order_0003963,1,digital_wallet,1,31.32,baseline
order_0003964,1,digital_wallet,1,93.23,baseline
order_0003965,1,digital_wallet,1,66.21,baseline
order_0003966,1,digital_wallet,1,324.79,baseline
order_0003967,1,credit_card,1,50.5,baseline
order_0003968,1,credit_card,1,66.1,baseline
order_0003969,1,digital_wallet,1,82.58,baseline
order_0003969,2,gift_card,1,79.98,baseline
order_0003970,1,digital_wallet,1,29.98,baseline
order_0003971,1,digital_wallet,1,54.66,baseline
order_0003972,1,credit_card,2,89.44,baseline
order_0003973,1,debit_card,1,115.61,baseline
order_0003974,1,digital_wallet,1,71.31,baseline
order_0003975,1,credit_card,2,135.07,baseline
order_0003976,1,digital_wallet,1,143.69,baseline
order_0003977,1,digital_wallet,1,31.96,baseline
order_0003978,1,debit_card,1,319.23,baseline
order_0003979,1,digital_wallet,1,83.89,baseline
order_0003980,1,debit_card,1,51.45,baseline
order_0003981,1,digital_wallet,1,302.39,baseline
order_0003982,1,credit_card,8,322.11,baseline
order_0003983,1,bank_transfer,1,30.29,baseline
order_0003984,1,credit_card,2,27.11,baseline
order_0003985,1,digital_wallet,1,52.47,baseline
order_0003986,1,credit_card,1,20.05,baseline
order_0003986,2,digital_wallet,1,58.53,baseline
order_0003987,1,digital_wallet,1,114.51,baseline
order_0003988,1,digital_wallet,1,263.21,baseline
order_0003989,1,credit_card,2,61.82,baseline
order_0003990,1,credit_card,1,67.77,baseline
order_0003991,1,credit_card,2,130.06,baseline
order_0003992,1,credit_card,1,61.0,baseline
order_0003993,1,digital_wallet,1,377.58,baseline
order_0003994,1,digital_wallet,1,52.64,baseline
order_0003995,1,credit_card,1,179.1,baseline
order_0003996,1,credit_card,3,186.02,baseline
order_0003997,1,credit_card,5,284.18,baseline
order_0003998,1,credit_card,2,96.84,baseline
order_0003999,1,credit_card,1,99.99,baseline
order_0004000,1,digital_wallet,1,22.88,baseline
order_0004001,1,credit_card,1,110.22,baseline
order_0004002,1,credit_card,2,81.54,baseline
order_0004003,1,debit_card,1,379.9,baseline
order_0004004,1,debit_card,1,402.98,baseline
order_0004005,1,credit_card,2,284.51,baseline
order_0004006,1,credit_card,3,108.47,baseline
order_0004007,1,credit_card,4,177.12,baseline
order_0004008,1,credit_card,7,504.94,baseline
order_0004009,1,digital_wallet,1,40.77,baseline
order_0004010,1,credit_card,1,40.93,baseline
order_0004010,2,digital_wallet,1,17.2,baseline
order_0004011,1,bank_transfer,1,222.25,baseline
order_0004012,1,bank_transfer,1,71.51,baseline
order_0004013,1,credit_card,2,135.03,baseline
order_0004014,1,credit_card,3,138.77,baseline
order_0004015,1,digital_wallet,1,144.81,baseline
order_0004016,1,credit_card,5,338.86,baseline
order_0004017,1,credit_card,3,346.58,baseline
order_0004018,1,debit_card,1,52.6,baseline
order_0004019,1,credit_card,2,95.51,baseline
order_0004020,1,credit_card,2,36.64,baseline
order_0004020,2,bank_transfer,1,121.2,baseline
order_0004021,1,digital_wallet,1,13.58,baseline
order_0004021,2,gift_card,1,14.32,baseline
order_0004022,1,credit_card,1,236.53,baseline
order_0004023,1,digital_wallet,1,88.7,baseline
order_0004024,1,digital_wallet,1,105.63,baseline
order_0004025,1,credit_card,1,20.15,baseline
order_0004026,1,credit_card,1,123.89,baseline
order_0004026,2,digital_wallet,1,50.96,baseline
order_0004027,1,credit_card,1,34.6,baseline
order_0004027,2,gift_card,1,23.2,baseline
order_0004028,1,digital_wallet,1,332.7,baseline
order_0004029,1,credit_card,1,149.29,baseline
order_0004030,1,digital_wallet,1,249.62,baseline
order_0004031,1,digital_wallet,1,137.42,baseline
order_0004032,1,credit_card,1,60.7,baseline
order_0004033,1,credit_card,2,39.91,baseline
order_0004034,1,credit_card,1,92.58,baseline
order_0004035,1,credit_card,3,102.32,baseline
order_0004036,1,digital_wallet,1,98.51,baseline
order_0004037,1,credit_card,1,123.99,baseline
order_0004038,1,gift_card,1,63.78,baseline
order_0004039,1,credit_card,1,18.01,baseline
order_0004039,2,bank_transfer,1,28.49,baseline
order_0004040,1,credit_card,3,739.73,baseline
order_0004041,1,debit_card,1,193.98,baseline
order_0004042,1,credit_card,2,45.66,baseline
order_0004043,1,gift_card,1,182.38,baseline
order_0004044,1,debit_card,1,353.92,baseline
order_0004045,1,digital_wallet,1,150.41,baseline
order_0004046,1,credit_card,4,227.09,baseline
order_0004047,1,bank_transfer,1,64.05,baseline
order_0004048,1,digital_wallet,1,33.87,baseline
order_0004049,1,credit_card,3,369.82,baseline
order_0004050,1,digital_wallet,1,94.44,baseline
order_0004051,1,debit_card,1,63.58,baseline
order_0004052,1,bank_transfer,1,113.66,baseline
order_0004053,1,digital_wallet,1,48.97,baseline
order_0004054,1,credit_card,2,108.24,baseline
order_0004055,1,digital_wallet,1,89.85,baseline
order_0004056,1,credit_card,1,183.44,baseline
order_0004057,1,gift_card,1,67.88,baseline
order_0004058,1,credit_card,12,537.1,baseline
order_0004059,1,debit_card,1,253.77,baseline
order_0004060,1,credit_card,1,140.6,baseline
order_0004061,1,digital_wallet,1,79.52,baseline
order_0004062,1,credit_card,2,165.97,baseline
order_0004063,1,bank_transfer,1,27.27,baseline
order_0004064,1,credit_card,3,243.04,baseline
order_0004065,1,bank_transfer,1,58.18,baseline
order_0004066,1,digital_wallet,1,220.79,baseline
order_0004067,1,gift_card,1,87.55,baseline
order_0004068,1,digital_wallet,1,237.54,baseline
order_0004069,1,debit_card,1,521.53,baseline
order_0004070,1,digital_wallet,1,129.51,baseline
order_0004071,1,credit_card,4,327.05,baseline
order_0004072,1,digital_wallet,1,146.58,baseline
order_0004073,1,debit_card,1,45.94,baseline
order_0004074,1,credit_card,2,69.87,baseline
order_0004075,1,credit_card,4,141.51,baseline
order_0004076,1,digital_wallet,1,108.76,baseline
order_0004077,1,credit_card,1,31.73,baseline
order_0004078,1,credit_card,1,29.34,baseline
order_0004079,1,credit_card,2,31.98,baseline
order_0004080,1,debit_card,1,271.19,baseline
order_0004081,1,digital_wallet,1,188.35,baseline
order_0004082,1,credit_card,2,35.23,baseline
order_0004083,1,debit_card,1,399.98,baseline
order_0004084,1,gift_card,1,167.01,baseline
order_0004085,1,debit_card,1,95.58,baseline
order_0004086,1,credit_card,3,266.86,baseline
order_0004087,1,credit_card,4,148.71,baseline
order_0004088,1,credit_card,1,187.25,baseline
order_0004089,1,credit_card,4,226.73,baseline
order_0004090,1,credit_card,1,107.67,baseline
order_0004091,1,credit_card,3,233.33,baseline
order_0004092,1,credit_card,6,244.76,baseline
order_0004093,1,credit_card,1,32.3,baseline
order_0004094,1,credit_card,1,114.71,baseline
order_0004094,2,digital_wallet,1,111.84,baseline
order_0004095,1,credit_card,1,31.79,baseline
order_0004096,1,digital_wallet,1,178.03,baseline
order_0004097,1,credit_card,1,72.49,baseline
order_0004098,1,credit_card,2,149.93,baseline
order_0004099,1,digital_wallet,1,57.61,baseline
order_0004100,1,credit_card,1,35.04,baseline
order_0004101,1,credit_card,1,21.22,baseline
order_0004102,1,digital_wallet,1,56.25,baseline
order_0004103,1,credit_card,2,97.4,baseline
order_0004104,1,credit_card,1,64.24,baseline
order_0004105,1,bank_transfer,1,17.84,baseline
order_0004105,2,digital_wallet,1,56.34,baseline
order_0004106,1,credit_card,1,62.49,baseline
order_0004107,1,credit_card,3,348.55,baseline
order_0004108,1,credit_card,2,47.23,baseline
order_0004109,1,credit_card,6,233.37,baseline
order_0004110,1,digital_wallet,1,75.64,baseline
order_0004111,1,debit_card,1,89.2,baseline
order_0004112,1,credit_card,1,279.4,baseline
order_0004113,1,bank_transfer,1,30.0,baseline
order_0004114,1,credit_card,2,71.44,baseline
order_0004115,1,digital_wallet,1,134.02,baseline
order_0004115,2,bank_transfer,1,56.53,baseline
order_0004116,1,digital_wallet,1,150.57,baseline
order_0004117,1,credit_card,1,45.56,baseline
order_0004118,1,bank_transfer,1,49.51,baseline
order_0004119,1,credit_card,2,92.88,baseline
order_0004120,1,digital_wallet,1,48.97,baseline
order_0004121,1,credit_card,1,50.84,baseline
order_0004122,1,bank_transfer,1,31.81,baseline
order_0004123,1,digital_wallet,1,28.75,baseline
order_0004124,1,gift_card,1,351.47,baseline
order_0004125,1,credit_card,3,221.32,baseline
order_0004126,1,credit_card,1,85.44,baseline
order_0004127,1,digital_wallet,1,75.37,baseline
order_0004127,2,credit_card,3,153.69,baseline
order_0004128,1,debit_card,1,189.8,baseline
order_0004129,1,credit_card,1,58.9,baseline
order_0004130,1,credit_card,2,131.77,baseline
order_0004131,1,digital_wallet,1,227.88,baseline
order_0004132,1,credit_card,2,44.43,baseline
order_0004132,2,digital_wallet,1,33.67,baseline
order_0004133,1,digital_wallet,1,29.72,baseline
order_0004134,1,digital_wallet,1,161.14,baseline
order_0004135,1,digital_wallet,1,291.17,baseline
order_0004136,1,debit_card,1,67.85,baseline
order_0004136,2,credit_card,7,270.03,baseline
order_0004137,1,debit_card,1,150.64,baseline
order_0004138,1,bank_transfer,1,194.75,baseline
order_0004139,1,credit_card,3,122.64,baseline
order_0004140,1,credit_card,2,62.87,baseline
order_0004141,1,credit_card,2,25.55,baseline
order_0004142,1,debit_card,1,208.65,baseline
order_0004143,1,credit_card,10,534.72,baseline
order_0004144,1,digital_wallet,1,156.83,baseline
order_0004145,1,credit_card,4,219.51,baseline
order_0004146,1,credit_card,1,28.16,baseline
order_0004147,1,credit_card,3,111.87,baseline
order_0004148,1,credit_card,1,149.28,baseline
order_0004149,1,credit_card,2,66.66,baseline
order_0004150,1,credit_card,3,174.87,baseline
order_0004151,1,digital_wallet,1,69.14,baseline
order_0004152,1,credit_card,1,100.76,baseline
order_0004153,1,digital_wallet,1,93.8,baseline
order_0004154,1,debit_card,1,235.54,baseline
order_0004155,1,debit_card,1,312.72,baseline
order_0004156,1,credit_card,1,91.06,baseline
order_0004157,1,digital_wallet,1,89.36,baseline
order_0004158,1,credit_card,7,374.27,baseline
order_0004159,1,credit_card,2,60.1,baseline
order_0004159,2,digital_wallet,1,124.57,baseline
order_0004160,1,credit_card,1,73.35,baseline
order_0004161,1,credit_card,1,65.34,baseline
order_0004162,1,credit_card,2,139.6,baseline
order_0004163,1,debit_card,1,45.83,baseline
order_0004164,1,digital_wallet,1,529.88,baseline
order_0004165,1,debit_card,1,196.36,baseline
order_0004166,1,credit_card,1,37.04,baseline
order_0004167,1,digital_wallet,1,173.36,baseline
order_0004168,1,bank_transfer,1,47.41,baseline
order_0004169,1,debit_card,1,65.0,baseline
order_0004170,1,debit_card,1,28.09,baseline
order_0004170,2,digital_wallet,1,20.56,baseline
order_0004171,1,credit_card,2,141.09,baseline
order_0004171,2,digital_wallet,1,154.22,baseline
order_0004172,1,digital_wallet,1,121.37,baseline
order_0004173,1,credit_card,1,143.86,baseline
order_0004174,1,digital_wallet,1,341.22,baseline
order_0004175,1,digital_wallet,1,67.27,baseline
order_0004176,1,credit_card,2,20.17,baseline
order_0004177,1,credit_card,2,84.36,baseline
order_0004178,1,gift_card,1,90.81,baseline
order_0004179,1,credit_card,4,267.87,baseline
order_0004180,1,bank_transfer,1,64.55,baseline
order_0004181,1,credit_card,1,207.16,baseline
order_0004182,1,credit_card,4,292.34,baseline
order_0004183,1,debit_card,1,141.04,baseline
order_0004184,1,digital_wallet,1,71.8,baseline
order_0004185,1,credit_card,1,140.25,baseline
order_0004186,1,digital_wallet,1,21.67,baseline
order_0004187,1,digital_wallet,1,114.19,baseline
order_0004187,2,credit_card,1,65.76,baseline
order_0004188,1,digital_wallet,1,141.19,baseline
order_0004189,1,debit_card,1,240.12,baseline
order_0004190,1,credit_card,4,260.31,baseline
order_0004191,1,digital_wallet,1,23.56,baseline
order_0004191,2,credit_card,1,27.97,baseline
order_0004192,1,credit_card,11,422.1,baseline
order_0004193,1,digital_wallet,1,333.42,baseline
order_0004194,1,debit_card,1,281.25,baseline
order_0004195,1,debit_card,1,327.45,baseline
order_0004196,1,credit_card,1,84.46,baseline
order_0004197,1,credit_card,2,47.88,baseline
order_0004197,2,digital_wallet,1,111.26,baseline
order_0004198,1,debit_card,1,68.34,baseline
order_0004198,2,credit_card,2,206.45,baseline
order_0004199,1,credit_card,3,168.91,baseline
order_0004200,1,digital_wallet,1,32.41,baseline
order_0004201,1,credit_card,2,26.27,baseline
order_0004202,1,credit_card,3,313.01,baseline
order_0004203,1,debit_card,1,267.82,baseline
order_0004204,1,credit_card,1,33.2,baseline
order_0004205,1,debit_card,1,91.47,baseline
order_0004205,2,digital_wallet,1,88.71,baseline
order_0004206,1,credit_card,5,205.65,baseline
order_0004207,1,credit_card,2,57.02,baseline
order_0004208,1,debit_card,1,279.82,baseline
order_0004209,1,credit_card,2,34.08,baseline
order_0004210,1,credit_card,1,81.24,baseline
order_0004211,1,digital_wallet,1,70.19,baseline
order_0004212,1,digital_wallet,1,44.13,baseline
order_0004213,1,credit_card,1,30.67,baseline
order_0004214,1,debit_card,1,68.05,baseline
order_0004215,1,credit_card,2,133.12,baseline
order_0004216,1,bank_transfer,1,275.89,baseline
order_0004217,1,debit_card,1,43.68,baseline
order_0004218,1,digital_wallet,1,137.83,baseline
order_0004219,1,debit_card,1,72.31,baseline
order_0004220,1,credit_card,2,78.03,baseline
order_0004221,1,debit_card,1,82.98,baseline
order_0004222,1,digital_wallet,1,262.64,baseline
order_0004223,1,credit_card,4,233.28,baseline
order_0004224,1,credit_card,1,43.15,baseline
order_0004225,1,gift_card,1,124.53,baseline
order_0004226,1,digital_wallet,1,22.47,baseline
order_0004227,1,debit_card,1,1041.73,baseline
order_0004228,1,credit_card,1,65.64,baseline
order_0004228,2,bank_transfer,1,67.81,baseline
order_0004229,1,digital_wallet,1,375.02,baseline
order_0004230,1,credit_card,2,56.81,baseline
order_0004231,1,credit_card,1,49.93,baseline
order_0004232,1,debit_card,1,40.65,baseline
order_0004233,1,credit_card,3,193.44,baseline
order_0004234,1,credit_card,2,62.07,baseline
order_0004235,1,bank_transfer,1,354.33,baseline
order_0004236,1,credit_card,2,100.56,baseline
order_0004237,1,credit_card,8,316.25,baseline
order_0004238,1,debit_card,1,129.62,baseline
order_0004239,1,bank_transfer,1,44.74,baseline
order_0004240,1,bank_transfer,1,97.67,baseline
order_0004241,1,digital_wallet,1,64.14,baseline
order_0004242,1,credit_card,1,97.47,baseline
order_0004243,1,credit_card,2,77.78,baseline
order_0004244,1,gift_card,1,91.05,baseline
order_0004245,1,digital_wallet,1,48.07,baseline
order_0004246,1,bank_transfer,1,258.71,baseline
order_0004247,1,credit_card,1,29.62,baseline
order_0004248,1,credit_card,4,268.43,baseline
order_0004249,1,credit_card,2,43.66,baseline
order_0004250,1,credit_card,5,190.42,baseline
order_0004251,1,credit_card,3,182.09,baseline
order_0004252,1,digital_wallet,1,167.55,baseline
order_0004253,1,credit_card,3,101.36,baseline
order_0004254,1,credit_card,2,36.39,baseline
order_0004255,1,credit_card,5,182.92,baseline
order_0004256,1,credit_card,2,114.84,baseline
order_0004257,1,bank_transfer,1,575.5,baseline
order_0004258,1,credit_card,2,64.1,baseline
order_0004259,1,digital_wallet,1,76.43,baseline
order_0004260,1,credit_card,3,120.7,baseline
order_0004261,1,credit_card,3,108.73,baseline
order_0004262,1,digital_wallet,1,129.27,baseline
order_0004263,1,credit_card,2,42.86,baseline
order_0004264,1,bank_transfer,1,67.82,baseline
order_0004265,1,digital_wallet,1,144.71,baseline
order_0004266,1,digital_wallet,1,142.35,baseline
order_0004267,1,digital_wallet,1,36.81,baseline
order_0004268,1,credit_card,3,114.11,baseline
order_0004269,1,debit_card,1,145.72,baseline
order_0004270,1,gift_card,1,52.94,baseline
order_0004271,1,digital_wallet,1,114.21,baseline
order_0004272,1,credit_card,2,34.49,baseline
order_0004273,1,digital_wallet,1,295.21,baseline
order_0004274,1,digital_wallet,1,41.31,baseline
order_0004275,1,digital_wallet,1,94.67,baseline
order_0004276,1,credit_card,2,50.72,baseline
order_0004277,1,credit_card,1,51.77,baseline
order_0004278,1,debit_card,1,32.54,baseline
order_0004279,1,bank_transfer,1,187.42,baseline
order_0004280,1,credit_card,2,106.46,baseline
order_0004281,1,digital_wallet,1,38.02,baseline
order_0004282,1,credit_card,2,48.31,baseline
order_0004283,1,credit_card,1,61.0,baseline
order_0004284,1,debit_card,1,27.84,baseline
order_0004285,1,gift_card,1,106.73,baseline
order_0004286,1,credit_card,6,241.76,baseline
order_0004287,1,credit_card,3,167.0,baseline
order_0004288,1,gift_card,1,227.68,baseline
order_0004289,1,credit_card,1,28.88,baseline
order_0004290,1,credit_card,1,70.24,baseline
order_0004291,1,bank_transfer,1,255.41,baseline
order_0004292,1,bank_transfer,1,57.25,baseline
order_0004293,1,credit_card,2,35.73,baseline
order_0004294,1,credit_card,2,72.86,baseline
order_0004295,1,gift_card,1,132.1,baseline
order_0004296,1,credit_card,1,15.32,baseline
order_0004296,2,bank_transfer,1,25.53,baseline
order_0004297,1,digital_wallet,1,64.34,baseline
order_0004298,1,credit_card,1,34.04,baseline
order_0004299,1,digital_wallet,1,95.72,baseline
order_0004300,1,debit_card,1,129.75,baseline
order_0004301,1,debit_card,1,124.99,baseline
order_0004302,1,credit_card,4,207.87,baseline
order_0004303,1,digital_wallet,1,95.34,baseline
order_0004304,1,debit_card,1,353.86,baseline
order_0004305,1,credit_card,1,168.91,baseline
order_0004306,1,credit_card,2,140.23,baseline
order_0004307,1,credit_card,1,48.66,baseline
order_0004308,1,gift_card,1,76.19,baseline
order_0004309,1,debit_card,1,293.48,baseline
order_0004310,1,credit_card,1,103.31,baseline
order_0004311,1,credit_card,1,81.9,baseline
order_0004312,1,gift_card,1,587.64,baseline
order_0004313,1,credit_card,1,27.89,baseline
order_0004313,2,digital_wallet,1,50.02,baseline
order_0004314,1,digital_wallet,1,209.28,baseline
order_0004315,1,credit_card,1,144.54,baseline
order_0004316,1,credit_card,3,113.66,baseline
order_0004317,1,credit_card,1,45.3,baseline
order_0004318,1,debit_card,1,91.22,baseline
order_0004319,1,debit_card,1,284.04,baseline
order_0004320,1,credit_card,1,266.09,baseline
order_0004321,1,digital_wallet,1,119.13,baseline
order_0004322,1,debit_card,1,30.71,baseline
order_0004323,1,credit_card,2,154.13,baseline
order_0004324,1,credit_card,1,118.81,baseline
order_0004325,1,digital_wallet,1,213.89,baseline
order_0004326,1,credit_card,4,505.14,baseline
order_0004327,1,credit_card,5,188.39,baseline
order_0004328,1,credit_card,8,304.68,baseline
order_0004329,1,digital_wallet,1,58.48,baseline
order_0004330,1,debit_card,1,190.68,baseline
order_0004331,1,digital_wallet,1,215.5,baseline
order_0004332,1,debit_card,1,443.42,baseline
order_0004333,1,digital_wallet,1,89.47,baseline
order_0004334,1,bank_transfer,1,89.87,baseline
order_0004335,1,credit_card,1,88.37,baseline
order_0004336,1,credit_card,3,190.25,baseline
order_0004337,1,digital_wallet,1,108.86,baseline
order_0004337,2,credit_card,2,84.5,baseline
order_0004338,1,debit_card,1,79.73,baseline
order_0004339,1,digital_wallet,1,13.26,baseline
order_0004339,2,credit_card,2,24.45,baseline
order_0004340,1,credit_card,11,1016.25,baseline
order_0004341,1,credit_card,2,26.06,baseline
order_0004342,1,credit_card,1,40.46,baseline
order_0004343,1,credit_card,1,53.6,baseline
order_0004344,1,digital_wallet,1,277.7,baseline
order_0004345,1,credit_card,2,290.76,baseline
order_0004346,1,debit_card,1,167.41,baseline
order_0004347,1,credit_card,1,54.25,baseline
order_0004348,1,credit_card,1,97.68,baseline
order_0004349,1,credit_card,2,96.36,baseline
order_0004350,1,credit_card,3,182.13,baseline
order_0004351,1,credit_card,3,128.3,baseline
order_0004352,1,credit_card,1,66.42,baseline
order_0004353,1,digital_wallet,1,112.19,baseline
order_0004354,1,credit_card,2,130.66,baseline
order_0004355,1,debit_card,1,122.96,baseline
order_0004356,1,digital_wallet,1,313.64,baseline
order_0004357,1,credit_card,2,57.14,baseline
order_0004358,1,credit_card,3,271.49,baseline
order_0004359,1,bank_transfer,1,186.99,baseline
order_0004360,1,debit_card,1,465.81,baseline
order_0004361,1,digital_wallet,1,393.76,baseline
order_0004362,1,digital_wallet,1,189.02,baseline
order_0004363,1,digital_wallet,1,27.68,baseline
order_0004363,2,credit_card,2,40.66,baseline
order_0004364,1,credit_card,1,47.46,baseline
order_0004365,1,digital_wallet,1,124.16,baseline
order_0004366,1,debit_card,1,102.52,baseline
order_0004367,1,debit_card,1,33.74,baseline
order_0004368,1,credit_card,1,96.47,baseline
order_0004369,1,digital_wallet,1,38.69,baseline
order_0004370,1,gift_card,1,194.86,baseline
order_0004371,1,bank_transfer,1,39.23,baseline
order_0004372,1,credit_card,1,91.77,baseline
order_0004373,1,digital_wallet,1,144.18,baseline
order_0004374,1,credit_card,1,65.72,baseline
order_0004374,2,bank_transfer,1,49.54,baseline
order_0004375,1,digital_wallet,1,21.69,baseline
order_0004376,1,credit_card,2,199.38,baseline
order_0004377,1,credit_card,11,523.63,baseline
order_0004378,1,credit_card,2,30.94,baseline
order_0004379,1,digital_wallet,1,94.77,baseline
order_0004380,1,digital_wallet,1,49.11,baseline
order_0004381,1,credit_card,3,271.6,baseline
order_0004382,1,digital_wallet,1,175.38,baseline
order_0004383,1,credit_card,2,615.48,baseline
order_0004384,1,debit_card,1,361.87,baseline
order_0004385,1,credit_card,3,122.8,baseline
order_0004386,1,digital_wallet,1,58.28,baseline
order_0004387,1,credit_card,2,34.1,baseline
order_0004388,1,digital_wallet,1,71.53,baseline
order_0004389,1,digital_wallet,1,241.54,baseline
order_0004390,1,credit_card,2,96.63,baseline
order_0004391,1,digital_wallet,1,49.33,baseline
order_0004392,1,digital_wallet,1,402.23,baseline
order_0004393,1,gift_card,1,258.74,baseline
order_0004394,1,credit_card,2,34.79,baseline
order_0004395,1,credit_card,1,152.28,baseline
order_0004396,1,credit_card,2,63.35,baseline
order_0004397,1,credit_card,2,89.81,baseline
order_0004398,1,credit_card,1,21.84,baseline
order_0004399,1,debit_card,1,59.19,baseline
order_0004400,1,bank_transfer,1,211.51,baseline
order_0004401,1,digital_wallet,1,100.6,baseline
order_0004402,1,bank_transfer,1,169.47,baseline
order_0004403,1,credit_card,6,229.2,baseline
order_0004404,1,credit_card,1,105.78,baseline
order_0004405,1,digital_wallet,1,105.53,baseline
order_0004406,1,bank_transfer,1,305.92,baseline
order_0004407,1,credit_card,3,119.05,baseline
order_0004408,1,digital_wallet,1,667.31,baseline
order_0004409,1,debit_card,1,144.57,baseline
order_0004410,1,credit_card,1,20.22,baseline
order_0004411,1,bank_transfer,1,98.7,baseline
order_0004412,1,credit_card,2,381.99,baseline
order_0004413,1,credit_card,1,43.8,baseline
order_0004414,1,credit_card,2,402.6,baseline
order_0004415,1,credit_card,1,49.78,baseline
order_0004416,1,credit_card,1,56.47,baseline
order_0004417,1,digital_wallet,1,65.69,baseline
order_0004418,1,credit_card,5,213.38,baseline
order_0004419,1,bank_transfer,1,228.31,baseline
order_0004420,1,bank_transfer,1,503.76,baseline
order_0004421,1,digital_wallet,1,18.65,baseline
order_0004422,1,digital_wallet,1,31.01,baseline
order_0004423,1,digital_wallet,1,35.35,baseline
order_0004424,1,credit_card,1,28.4,baseline
order_0004425,1,digital_wallet,1,107.21,baseline
order_0004426,1,credit_card,2,217.01,baseline
order_0004427,1,digital_wallet,1,53.32,baseline
order_0004428,1,bank_transfer,1,58.41,baseline
order_0004429,1,credit_card,4,207.75,baseline
order_0004430,1,bank_transfer,1,167.59,baseline
order_0004431,1,debit_card,1,69.17,baseline
order_0004432,1,debit_card,1,409.75,baseline
order_0004433,1,digital_wallet,1,148.29,baseline
order_0004434,1,debit_card,1,129.09,baseline
order_0004435,1,credit_card,1,102.58,baseline
order_0004436,1,digital_wallet,1,28.67,baseline
order_0004437,1,digital_wallet,1,125.23,baseline
order_0004438,1,credit_card,6,229.1,baseline
order_0004439,1,digital_wallet,1,151.01,baseline
order_0004440,1,credit_card,1,52.66,baseline
order_0004441,1,credit_card,2,42.7,baseline
order_0004442,1,credit_card,3,277.29,baseline
order_0004443,1,debit_card,1,23.86,baseline
order_0004444,1,credit_card,2,83.4,baseline
order_0004445,1,gift_card,1,104.44,baseline
order_0004446,1,digital_wallet,1,132.85,baseline
order_0004447,1,credit_card,1,34.15,baseline
order_0004448,1,credit_card,2,76.5,baseline
order_0004449,1,credit_card,3,118.45,baseline
order_0004450,1,credit_card,2,45.29,baseline
order_0004451,1,gift_card,1,42.94,baseline
order_0004451,2,debit_card,1,61.06,baseline
order_0004452,1,credit_card,2,59.99,baseline
order_0004453,1,credit_card,1,70.92,baseline
order_0004454,1,credit_card,2,79.66,baseline
order_0004455,1,gift_card,1,71.59,baseline
order_0004456,1,credit_card,5,651.27,baseline
order_0004457,1,credit_card,1,291.51,baseline
order_0004458,1,credit_card,2,32.86,baseline
order_0004459,1,digital_wallet,1,366.61,baseline
order_0004460,1,credit_card,2,67.05,baseline
order_0004461,1,credit_card,1,112.86,baseline
order_0004462,1,debit_card,1,260.44,baseline
order_0004463,1,credit_card,2,103.11,baseline
order_0004464,1,debit_card,1,58.47,baseline
order_0004465,1,credit_card,1,193.9,baseline
order_0004466,1,digital_wallet,1,455.23,baseline
order_0004467,1,credit_card,3,160.31,baseline
order_0004468,1,bank_transfer,1,748.16,baseline
order_0004469,1,gift_card,1,52.02,baseline
order_0004470,1,digital_wallet,1,35.4,baseline
order_0004471,1,credit_card,2,65.43,baseline
order_0004472,1,credit_card,1,233.37,baseline
order_0004473,1,credit_card,1,38.4,baseline
order_0004474,1,digital_wallet,1,91.42,baseline
order_0004475,1,credit_card,2,34.31,baseline
order_0004476,1,debit_card,1,51.78,baseline
order_0004477,1,credit_card,3,113.94,baseline
order_0004478,1,digital_wallet,1,79.89,baseline
order_0004479,1,digital_wallet,1,274.15,baseline
order_0004480,1,credit_card,1,31.96,baseline
order_0004481,1,bank_transfer,1,237.3,baseline
order_0004482,1,credit_card,2,50.04,baseline
order_0004483,1,credit_card,1,85.52,baseline
order_0004484,1,credit_card,2,82.1,baseline
order_0004485,1,debit_card,1,301.04,baseline
order_0004486,1,credit_card,1,164.55,baseline
order_0004487,1,credit_card,1,180.56,baseline
order_0004488,1,credit_card,2,23.93,baseline
order_0004488,2,debit_card,1,23.92,baseline
order_0004489,1,credit_card,3,136.17,baseline
order_0004490,1,credit_card,2,131.52,baseline
order_0004491,1,credit_card,1,37.52,baseline
order_0004492,1,digital_wallet,1,51.3,baseline
order_0004493,1,credit_card,2,74.9,baseline
order_0004494,1,bank_transfer,1,125.05,baseline
order_0004495,1,credit_card,1,284.6,baseline
order_0004496,1,digital_wallet,1,42.2,baseline
order_0004497,1,digital_wallet,1,25.51,baseline
order_0004498,1,bank_transfer,1,27.29,baseline
order_0004498,2,credit_card,2,46.62,baseline
order_0004499,1,digital_wallet,1,347.62,baseline
order_0004500,1,bank_transfer,1,223.14,baseline
order_0004501,1,digital_wallet,1,41.46,baseline
order_0004502,1,credit_card,2,41.15,baseline
order_0004503,1,bank_transfer,1,140.71,baseline
order_0004504,1,digital_wallet,1,64.92,baseline
order_0004505,1,digital_wallet,1,32.87,baseline
order_0004505,2,credit_card,1,15.61,baseline
order_0004506,1,credit_card,2,78.23,baseline
order_0004507,1,digital_wallet,1,117.81,baseline
order_0004508,1,credit_card,1,366.41,baseline
order_0004509,1,bank_transfer,1,71.83,baseline
order_0004509,2,credit_card,1,70.98,baseline
order_0004510,1,gift_card,1,545.65,baseline
order_0004511,1,digital_wallet,1,139.98,baseline
order_0004512,1,credit_card,1,38.82,baseline
order_0004513,1,bank_transfer,1,108.3,baseline
order_0004514,1,bank_transfer,1,182.43,baseline
order_0004514,2,credit_card,2,136.7,baseline
order_0004515,1,credit_card,2,101.21,baseline
order_0004516,1,debit_card,1,203.5,baseline
order_0004517,1,bank_transfer,1,32.41,baseline
order_0004518,1,bank_transfer,1,55.62,baseline
order_0004519,1,digital_wallet,1,572.64,baseline
order_0004520,1,bank_transfer,1,76.75,baseline
order_0004521,1,gift_card,1,220.08,baseline
order_0004522,1,digital_wallet,1,120.24,baseline
order_0004523,1,bank_transfer,1,121.32,baseline
order_0004524,1,digital_wallet,1,324.54,baseline
order_0004525,1,digital_wallet,1,538.48,baseline
order_0004526,1,credit_card,2,51.17,baseline
order_0004526,2,digital_wallet,1,47.55,baseline
order_0004527,1,bank_transfer,1,65.29,baseline
order_0004528,1,debit_card,1,120.97,baseline
order_0004529,1,credit_card,6,272.0,baseline
order_0004530,1,gift_card,1,199.11,baseline
order_0004531,1,credit_card,1,43.75,baseline
order_0004531,2,debit_card,1,98.43,baseline
order_0004532,1,digital_wallet,1,120.79,baseline
order_0004533,1,credit_card,2,74.17,baseline
order_0004534,1,digital_wallet,1,19.73,baseline
order_0004535,1,digital_wallet,1,254.25,baseline
order_0004536,1,credit_card,1,217.69,baseline
order_0004537,1,digital_wallet,1,92.3,baseline
order_0004538,1,digital_wallet,1,64.45,baseline
order_0004539,1,debit_card,1,51.26,baseline
order_0004540,1,credit_card,7,322.32,baseline
order_0004541,1,debit_card,1,29.37,baseline
order_0004542,1,credit_card,2,92.86,baseline
order_0004543,1,digital_wallet,1,115.99,baseline
order_0004544,1,credit_card,1,129.79,baseline
order_0004545,1,credit_card,2,344.96,baseline
order_0004545,2,bank_transfer,1,196.29,baseline
order_0004546,1,digital_wallet,1,212.99,baseline
order_0004546,2,credit_card,1,88.29,baseline
order_0004547,1,digital_wallet,1,349.94,baseline
order_0004548,1,digital_wallet,1,249.05,baseline
order_0004549,1,credit_card,2,53.9,baseline
order_0004550,1,credit_card,3,150.83,baseline
order_0004551,1,digital_wallet,1,381.42,baseline
order_0004552,1,digital_wallet,1,115.81,baseline
order_0004553,1,credit_card,2,23.95,baseline
order_0004554,1,credit_card,2,167.07,baseline
order_0004555,1,digital_wallet,1,63.69,baseline
order_0004556,1,credit_card,3,257.7,baseline
order_0004557,1,debit_card,1,114.91,baseline
order_0004557,2,credit_card,2,59.48,baseline
order_0004558,1,digital_wallet,1,40.33,baseline
order_0004559,1,debit_card,1,219.32,baseline
order_0004560,1,digital_wallet,1,43.03,baseline
order_0004561,1,digital_wallet,1,298.75,baseline
order_0004562,1,credit_card,3,396.3,baseline
order_0004563,1,credit_card,6,552.58,baseline
order_0004564,1,bank_transfer,1,252.01,baseline
order_0004565,1,digital_wallet,1,82.98,baseline
order_0004566,1,bank_transfer,1,251.15,baseline
order_0004567,1,credit_card,2,82.43,baseline
order_0004568,1,digital_wallet,1,215.14,baseline
order_0004569,1,credit_card,3,186.6,baseline
order_0004570,1,digital_wallet,1,120.26,baseline
order_0004571,1,credit_card,9,371.88,baseline
order_0004572,1,credit_card,1,119.41,baseline
order_0004573,1,debit_card,1,153.99,baseline
order_0004574,1,digital_wallet,1,753.13,baseline
order_0004575,1,digital_wallet,1,144.38,baseline
order_0004576,1,debit_card,1,65.59,baseline
order_0004577,1,credit_card,2,61.01,baseline
order_0004578,1,digital_wallet,1,53.93,baseline
order_0004579,1,credit_card,3,296.66,baseline
order_0004580,1,debit_card,1,40.01,baseline
order_0004580,2,credit_card,1,13.7,baseline
order_0004581,1,digital_wallet,1,46.12,baseline
order_0004582,1,bank_transfer,1,491.54,baseline
order_0004583,1,credit_card,10,634.2,baseline
order_0004584,1,bank_transfer,1,38.56,baseline
order_0004585,1,debit_card,1,71.94,baseline
order_0004586,1,credit_card,1,152.27,baseline
order_0004587,1,digital_wallet,1,120.81,baseline
order_0004588,1,digital_wallet,1,860.81,baseline
order_0004589,1,debit_card,1,65.87,baseline
order_0004590,1,credit_card,2,65.13,baseline
order_0004591,1,digital_wallet,1,206.82,baseline
order_0004592,1,credit_card,1,28.22,baseline
order_0004593,1,credit_card,1,42.79,baseline
order_0004593,2,digital_wallet,1,50.26,baseline
order_0004594,1,digital_wallet,1,34.61,baseline
order_0004595,1,credit_card,3,107.34,baseline
order_0004596,1,digital_wallet,1,69.53,baseline
order_0004597,1,credit_card,1,48.33,baseline
order_0004598,1,credit_card,2,232.75,baseline
order_0004599,1,bank_transfer,1,261.91,baseline
order_0004600,1,debit_card,1,241.16,baseline
order_0004601,1,digital_wallet,1,75.9,baseline
order_0004602,1,digital_wallet,1,69.55,baseline
order_0004603,1,digital_wallet,1,103.45,baseline
order_0004604,1,debit_card,1,64.75,baseline
order_0004605,1,digital_wallet,1,62.02,baseline
order_0004606,1,credit_card,3,103.56,baseline
order_0004607,1,credit_card,2,26.61,baseline
order_0004608,1,digital_wallet,1,210.42,baseline
order_0004609,1,credit_card,3,120.73,baseline
order_0004610,1,credit_card,5,339.27,baseline
order_0004611,1,credit_card,2,77.0,baseline
order_0004612,1,debit_card,1,274.78,baseline
order_0004613,1,credit_card,2,133.33,baseline
order_0004614,1,debit_card,1,101.44,baseline
order_0004615,1,digital_wallet,1,39.49,baseline
order_0004616,1,debit_card,1,39.93,baseline
order_0004617,1,debit_card,1,648.28,baseline
order_0004618,1,digital_wallet,1,241.41,baseline
order_0004619,1,credit_card,6,289.16,baseline
order_0004620,1,credit_card,1,266.14,baseline
order_0004621,1,debit_card,1,213.21,baseline
order_0004622,1,bank_transfer,1,25.65,baseline
order_0004623,1,credit_card,1,74.21,baseline
order_0004624,1,debit_card,1,35.88,baseline
order_0004625,1,digital_wallet,1,50.09,baseline
order_0004626,1,credit_card,1,57.32,baseline
order_0004627,1,bank_transfer,1,450.28,baseline
order_0004628,1,debit_card,1,218.21,baseline
order_0004629,1,credit_card,3,120.07,baseline
order_0004630,1,credit_card,1,64.56,baseline
order_0004631,1,digital_wallet,1,107.97,baseline
order_0004632,1,credit_card,1,161.1,baseline
order_0004633,1,debit_card,1,217.63,baseline
order_0004634,1,credit_card,2,154.95,baseline
order_0004635,1,gift_card,1,107.57,baseline
order_0004636,1,credit_card,2,91.54,baseline
order_0004636,2,digital_wallet,1,48.49,baseline
order_0004637,1,credit_card,4,386.28,baseline
order_0004638,1,credit_card,2,120.12,baseline
order_0004639,1,credit_card,1,46.96,baseline
order_0004640,1,credit_card,1,124.67,baseline
order_0004641,1,digital_wallet,1,179.81,baseline
order_0004642,1,credit_card,4,163.5,baseline
order_0004643,1,digital_wallet,1,202.27,baseline
order_0004644,1,gift_card,1,36.35,baseline
order_0004645,1,credit_card,1,56.64,baseline
order_0004646,1,debit_card,1,21.39,baseline
order_0004646,2,bank_transfer,1,7.94,baseline
order_0004647,1,debit_card,1,28.7,baseline
order_0004648,1,debit_card,1,130.71,baseline
order_0004649,1,digital_wallet,1,13.66,baseline
order_0004649,2,debit_card,1,34.98,baseline
order_0004650,1,digital_wallet,1,68.91,baseline
order_0004651,1,credit_card,2,38.84,baseline
order_0004652,1,credit_card,2,41.05,baseline
order_0004653,1,credit_card,1,327.93,baseline
order_0004654,1,gift_card,1,146.63,baseline
order_0004655,1,digital_wallet,1,82.94,baseline
order_0004656,1,debit_card,1,198.02,baseline
order_0004657,1,credit_card,8,318.84,baseline
order_0004658,1,credit_card,1,160.22,baseline
order_0004659,1,credit_card,1,88.01,baseline
order_0004660,1,digital_wallet,1,186.03,baseline
order_0004661,1,debit_card,1,54.14,baseline
order_0004662,1,digital_wallet,1,72.15,baseline
order_0004663,1,digital_wallet,1,91.73,baseline
order_0004664,1,debit_card,1,89.51,baseline
order_0004665,1,credit_card,4,305.78,baseline
order_0004666,1,bank_transfer,1,333.05,baseline
order_0004667,1,digital_wallet,1,193.76,baseline
order_0004668,1,credit_card,2,65.9,baseline
order_0004669,1,credit_card,1,43.26,baseline
order_0004670,1,credit_card,1,65.89,baseline
order_0004671,1,bank_transfer,1,150.21,baseline
order_0004672,1,credit_card,7,417.8,baseline
order_0004673,1,credit_card,1,33.62,baseline
order_0004673,2,bank_transfer,1,15.6,baseline
order_0004674,1,credit_card,4,309.55,baseline
order_0004675,1,bank_transfer,1,127.16,baseline
order_0004676,1,debit_card,1,79.37,baseline
order_0004677,1,digital_wallet,1,169.78,baseline
order_0004678,1,digital_wallet,1,327.73,baseline
order_0004679,1,digital_wallet,1,113.65,baseline
order_0004680,1,credit_card,2,47.64,baseline
order_0004681,1,credit_card,1,77.91,baseline
order_0004682,1,debit_card,1,216.76,baseline
order_0004683,1,debit_card,1,185.04,baseline
order_0004684,1,credit_card,1,241.6,baseline
order_0004685,1,credit_card,1,97.22,baseline
order_0004686,1,digital_wallet,1,255.79,baseline
order_0004687,1,credit_card,2,169.8,baseline
order_0004688,1,digital_wallet,1,107.51,baseline
order_0004688,2,bank_transfer,1,330.77,baseline
order_0004689,1,digital_wallet,1,461.57,baseline
order_0004690,1,credit_card,3,116.09,baseline
order_0004691,1,credit_card,4,306.01,baseline
order_0004692,1,bank_transfer,1,67.67,baseline
order_0004693,1,credit_card,2,128.41,baseline
order_0004694,1,debit_card,1,83.85,baseline
order_0004695,1,credit_card,2,105.45,baseline
order_0004696,1,digital_wallet,1,226.26,baseline
order_0004697,1,credit_card,1,80.25,baseline
order_0004698,1,digital_wallet,1,23.14,baseline
order_0004699,1,digital_wallet,1,60.07,baseline
order_0004700,1,digital_wallet,1,97.77,baseline
order_0004701,1,credit_card,2,58.31,baseline
order_0004702,1,credit_card,2,168.08,baseline
order_0004703,1,debit_card,1,145.13,baseline
order_0004704,1,digital_wallet,1,77.52,baseline
order_0004705,1,digital_wallet,1,312.24,baseline
order_0004706,1,debit_card,1,142.6,baseline
order_0004707,1,gift_card,1,31.65,baseline
order_0004708,1,credit_card,5,263.7,baseline
order_0004709,1,digital_wallet,1,75.06,baseline
order_0004710,1,digital_wallet,1,346.06,baseline
order_0004711,1,credit_card,1,240.42,baseline
order_0004712,1,credit_card,3,135.45,baseline
order_0004713,1,digital_wallet,1,232.84,baseline
order_0004714,1,credit_card,12,996.59,baseline
order_0004715,1,bank_transfer,1,327.54,baseline
order_0004716,1,credit_card,2,144.08,baseline
order_0004717,1,gift_card,1,39.8,baseline
order_0004718,1,credit_card,1,30.62,baseline
order_0004719,1,credit_card,4,145.82,baseline
order_0004720,1,credit_card,1,43.35,baseline
order_0004721,1,credit_card,1,123.56,baseline
order_0004722,1,credit_card,1,68.13,baseline
order_0004723,1,credit_card,6,243.76,baseline
order_0004724,1,credit_card,2,36.36,baseline
order_0004725,1,credit_card,3,186.76,baseline
order_0004726,1,digital_wallet,1,159.72,baseline
order_0004727,1,debit_card,1,49.95,baseline
order_0004728,1,digital_wallet,1,85.74,baseline
order_0004729,1,digital_wallet,1,48.8,baseline
order_0004730,1,credit_card,1,85.92,baseline
order_0004731,1,debit_card,1,627.52,baseline
order_0004732,1,credit_card,3,123.88,baseline
order_0004733,1,digital_wallet,1,116.64,baseline
order_0004734,1,digital_wallet,1,232.64,baseline
order_0004735,1,credit_card,2,70.82,baseline
order_0004736,1,credit_card,4,409.32,baseline
order_0004737,1,debit_card,1,267.01,baseline
order_0004738,1,credit_card,2,100.07,baseline
order_0004739,1,credit_card,4,148.21,baseline
order_0004740,1,credit_card,10,526.75,baseline
order_0004741,1,credit_card,2,21.66,baseline
order_0004741,2,gift_card,1,40.61,baseline
order_0004742,1,credit_card,4,268.24,baseline
order_0004743,1,debit_card,1,148.51,baseline
order_0004744,1,digital_wallet,1,165.58,baseline
order_0004745,1,digital_wallet,1,60.4,baseline
order_0004746,1,credit_card,4,176.77,baseline
order_0004747,1,gift_card,1,102.28,baseline
order_0004748,1,bank_transfer,1,41.27,baseline
order_0004749,1,digital_wallet,1,367.38,baseline
order_0004750,1,digital_wallet,1,73.49,baseline
order_0004751,1,digital_wallet,1,16.28,baseline
order_0004752,1,credit_card,1,94.65,baseline
order_0004753,1,credit_card,2,93.41,baseline
order_0004754,1,digital_wallet,1,141.42,baseline
order_0004755,1,digital_wallet,1,230.35,baseline
order_0004756,1,debit_card,1,431.29,baseline
order_0004757,1,credit_card,2,89.99,baseline
order_0004758,1,credit_card,3,228.76,baseline
order_0004759,1,credit_card,10,397.36,baseline
order_0004760,1,credit_card,9,407.65,baseline
order_0004761,1,credit_card,4,140.37,baseline
order_0004762,1,digital_wallet,1,52.81,baseline
order_0004763,1,debit_card,1,237.93,baseline
order_0004764,1,digital_wallet,1,40.43,baseline
order_0004765,1,debit_card,1,33.32,baseline
order_0004766,1,debit_card,1,221.17,baseline
order_0004767,1,debit_card,1,45.37,baseline
order_0004768,1,credit_card,3,123.66,baseline
order_0004769,1,bank_transfer,1,185.45,baseline
order_0004770,1,credit_card,1,72.06,baseline
order_0004771,1,credit_card,4,459.37,baseline
order_0004772,1,digital_wallet,1,270.42,baseline
order_0004773,1,credit_card,2,149.9,baseline
order_0004774,1,credit_card,4,214.89,baseline
order_0004775,1,credit_card,1,38.3,baseline
order_0004776,1,gift_card,1,79.8,baseline
order_0004777,1,debit_card,1,59.81,baseline
order_0004778,1,credit_card,1,56.44,baseline
order_0004779,1,debit_card,1,29.45,baseline
order_0004780,1,digital_wallet,1,67.42,baseline
order_0004781,1,debit_card,1,273.96,baseline
order_0004782,1,digital_wallet,1,102.21,baseline
order_0004783,1,credit_card,1,40.82,baseline
order_0004784,1,credit_card,10,732.92,baseline
order_0004785,1,credit_card,2,20.09,baseline
order_0004785,2,debit_card,1,15.08,baseline
order_0004786,1,debit_card,1,37.01,baseline
order_0004787,1,digital_wallet,1,352.91,baseline
order_0004788,1,credit_card,1,43.64,baseline
order_0004789,1,credit_card,1,44.42,baseline
order_0004790,1,credit_card,3,123.67,baseline
order_0004791,1,credit_card,4,633.09,baseline
order_0004792,1,digital_wallet,1,321.49,baseline
order_0004793,1,credit_card,1,46.72,baseline
order_0004794,1,debit_card,1,154.87,baseline
order_0004795,1,debit_card,1,7.41,baseline
order_0004795,2,digital_wallet,1,18.85,baseline
order_0004796,1,credit_card,1,71.13,baseline
order_0004797,1,debit_card,1,40.65,baseline
order_0004797,2,credit_card,2,26.2,baseline
order_0004798,1,digital_wallet,1,523.73,baseline
order_0004799,1,digital_wallet,1,44.64,baseline
order_0004800,1,digital_wallet,1,115.55,baseline
order_0004801,1,credit_card,1,111.55,baseline
order_0004802,1,bank_transfer,1,187.39,baseline
order_0004803,1,digital_wallet,1,24.21,baseline
order_0004804,1,bank_transfer,1,188.4,baseline
order_0004805,1,credit_card,1,68.09,baseline
order_0004806,1,credit_card,1,115.97,baseline
order_0004807,1,credit_card,8,305.61,baseline
order_0004808,1,gift_card,1,83.45,baseline
order_0004809,1,debit_card,1,120.88,baseline
order_0004810,1,debit_card,1,224.69,baseline
order_0004811,1,credit_card,5,189.71,baseline
order_0004812,1,digital_wallet,1,86.68,baseline
order_0004813,1,credit_card,2,38.31,baseline
order_0004814,1,credit_card,5,255.01,baseline
order_0004815,1,digital_wallet,1,11.46,baseline
order_0004815,2,credit_card,2,21.02,baseline
order_0004816,1,credit_card,2,466.2,baseline
order_0004817,1,bank_transfer,1,268.68,baseline
order_0004818,1,credit_card,2,83.16,baseline
order_0004819,1,digital_wallet,1,86.75,baseline
order_0004820,1,debit_card,1,49.58,baseline
order_0004821,1,credit_card,1,45.74,baseline
order_0004822,1,credit_card,2,91.73,baseline
order_0004823,1,credit_card,2,81.31,baseline
order_0004824,1,credit_card,1,45.27,baseline
order_0004825,1,digital_wallet,1,108.57,baseline
order_0004826,1,credit_card,7,352.91,baseline
order_0004827,1,digital_wallet,1,22.85,baseline
order_0004827,2,credit_card,1,8.49,baseline
order_0004828,1,digital_wallet,1,39.79,baseline
order_0004829,1,digital_wallet,1,167.7,baseline
order_0004830,1,credit_card,3,343.41,baseline
order_0004831,1,bank_transfer,1,92.48,baseline
order_0004831,2,credit_card,2,36.27,baseline
order_0004832,1,digital_wallet,1,227.64,baseline
order_0004833,1,credit_card,2,90.87,baseline
order_0004834,1,debit_card,1,112.47,baseline
order_0004835,1,credit_card,2,23.9,baseline
order_0004836,1,digital_wallet,1,508.89,baseline
order_0004837,1,credit_card,3,125.36,baseline
order_0004838,1,bank_transfer,1,148.57,baseline
order_0004839,1,credit_card,2,69.23,baseline
order_0004840,1,digital_wallet,1,261.79,baseline
order_0004841,1,credit_card,2,61.41,baseline
order_0004842,1,digital_wallet,1,47.28,baseline
order_0004843,1,digital_wallet,1,418.77,baseline
order_0004844,1,digital_wallet,1,125.15,baseline
order_0004845,1,digital_wallet,1,53.2,baseline
order_0004846,1,credit_card,1,96.05,baseline
order_0004847,1,digital_wallet,1,269.34,baseline
order_0004848,1,credit_card,2,34.81,baseline
order_0004849,1,debit_card,1,20.36,baseline
order_0004850,1,credit_card,2,97.51,baseline
order_0004851,1,gift_card,1,71.24,baseline
order_0004852,1,credit_card,1,99.95,baseline
order_0004853,1,credit_card,1,476.49,baseline
order_0004854,1,digital_wallet,1,30.27,baseline
order_0004855,1,credit_card,1,82.49,baseline
order_0004856,1,digital_wallet,1,195.52,baseline
order_0004857,1,credit_card,4,163.11,baseline
order_0004858,1,digital_wallet,1,42.08,baseline
order_0004859,1,credit_card,1,134.44,baseline
order_0004860,1,credit_card,1,21.93,baseline
order_0004861,1,bank_transfer,1,213.57,baseline
order_0004862,1,gift_card,1,75.8,baseline
order_0004863,1,digital_wallet,1,315.38,baseline
order_0004864,1,credit_card,4,198.16,baseline
order_0004865,1,credit_card,1,65.13,baseline
order_0004866,1,digital_wallet,1,196.21,baseline
order_0004867,1,digital_wallet,1,243.61,baseline
order_0004868,1,digital_wallet,1,87.23,baseline
order_0004868,2,credit_card,2,94.66,baseline
order_0004869,1,digital_wallet,1,102.93,baseline
order_0004870,1,credit_card,1,80.67,baseline
order_0004870,2,debit_card,1,44.98,baseline
order_0004871,1,credit_card,2,15.73,baseline
order_0004871,2,digital_wallet,1,9.19,baseline
order_0004872,1,credit_card,2,63.12,baseline
order_0004873,1,debit_card,1,314.37,baseline
order_0004874,1,credit_card,2,293.17,baseline
order_0004875,1,credit_card,1,85.45,baseline
order_0004876,1,debit_card,1,753.65,baseline
order_0004877,1,credit_card,6,296.61,baseline
order_0004878,1,credit_card,2,106.87,baseline
order_0004879,1,credit_card,2,90.51,baseline
order_0004880,1,digital_wallet,1,138.05,baseline
order_0004881,1,credit_card,1,39.54,baseline
order_0004882,1,bank_transfer,1,59.31,baseline
order_0004883,1,debit_card,1,92.21,baseline
order_0004884,1,gift_card,1,360.68,baseline
order_0004885,1,credit_card,4,173.11,baseline
order_0004886,1,credit_card,3,110.7,baseline
order_0004887,1,credit_card,2,94.63,baseline
order_0004888,1,bank_transfer,1,40.08,baseline
order_0004889,1,debit_card,1,229.85,baseline
order_0004890,1,digital_wallet,1,422.31,baseline
order_0004891,1,credit_card,2,84.48,baseline
order_0004892,1,credit_card,1,21.46,baseline
order_0004893,1,credit_card,6,447.59,baseline
order_0004894,1,digital_wallet,1,128.37,baseline
order_0004895,1,credit_card,1,86.81,baseline
order_0004896,1,digital_wallet,1,39.09,baseline
order_0004897,1,bank_transfer,1,275.92,baseline
order_0004898,1,digital_wallet,1,1027.22,baseline
order_0004899,1,credit_card,4,215.2,baseline
order_0004900,1,digital_wallet,1,63.88,baseline
order_0004901,1,debit_card,1,138.13,baseline
order_0004902,1,credit_card,1,99.18,baseline
order_0004903,1,digital_wallet,1,258.1,baseline
order_0004904,1,credit_card,2,56.33,baseline
order_0004905,1,credit_card,2,132.49,baseline
order_0004906,1,credit_card,4,144.29,baseline
order_0004907,1,digital_wallet,1,242.69,baseline
order_0004908,1,digital_wallet,1,532.98,baseline
order_0004909,1,debit_card,1,51.58,baseline
order_0004910,1,credit_card,1,347.67,baseline
order_0004911,1,credit_card,3,124.53,baseline
order_0004912,1,credit_card,1,27.72,baseline
order_0004913,1,bank_transfer,1,77.83,baseline
order_0004914,1,gift_card,1,58.62,baseline
order_0004915,1,digital_wallet,1,33.35,baseline
order_0004916,1,credit_card,1,50.19,baseline
order_0004917,1,debit_card,1,124.08,baseline
order_0004918,1,digital_wallet,1,38.03,baseline
order_0004919,1,digital_wallet,1,136.68,baseline
order_0004920,1,gift_card,1,158.9,baseline
order_0004921,1,digital_wallet,1,224.97,baseline
order_0004922,1,credit_card,1,32.94,baseline
order_0004923,1,digital_wallet,1,141.87,baseline
order_0004924,1,credit_card,2,37.83,baseline
order_0004925,1,debit_card,1,245.72,baseline
order_0004926,1,digital_wallet,1,427.62,baseline
order_0004927,1,credit_card,2,58.83,baseline
order_0004928,1,digital_wallet,1,71.98,baseline
order_0004929,1,digital_wallet,1,188.94,baseline
order_0004930,1,bank_transfer,1,124.77,baseline
order_0004931,1,credit_card,3,300.37,baseline
order_0004932,1,credit_card,2,318.14,baseline
order_0004933,1,credit_card,1,15.69,baseline
order_0004934,1,bank_transfer,1,112.73,baseline
order_0004934,2,debit_card,1,86.97,baseline
order_0004935,1,digital_wallet,1,22.22,baseline
order_0004936,1,credit_card,1,36.79,baseline
order_0004937,1,digital_wallet,1,150.89,baseline
order_0004938,1,digital_wallet,1,325.27,baseline
order_0004939,1,debit_card,1,159.17,baseline
order_0004940,1,debit_card,1,92.68,baseline
order_0004941,1,digital_wallet,1,462.61,baseline
order_0004942,1,credit_card,2,72.64,baseline
order_0004943,1,digital_wallet,1,40.0,baseline
order_0004944,1,credit_card,1,67.01,baseline
order_0004945,1,credit_card,2,147.07,baseline
order_0004946,1,credit_card,6,236.73,baseline
order_0004947,1,digital_wallet,1,48.11,baseline
order_0004948,1,credit_card,4,278.83,baseline
order_0004949,1,credit_card,1,156.21,baseline
order_0004950,1,bank_transfer,1,374.14,baseline
order_0004951,1,credit_card,6,264.24,baseline
order_0004952,1,digital_wallet,1,181.56,baseline
order_0004953,1,digital_wallet,1,108.87,baseline
order_0004954,1,gift_card,1,170.99,baseline
order_0004955,1,debit_card,1,138.35,baseline
order_0004956,1,credit_card,1,118.62,baseline
order_0004957,1,bank_transfer,1,171.31,baseline
order_0004958,1,credit_card,1,58.26,baseline
order_0004959,1,digital_wallet,1,412.71,baseline
order_0004960,1,digital_wallet,1,123.01,baseline
order_0004961,1,debit_card,1,382.98,baseline
order_0004962,1,digital_wallet,1,174.67,baseline
order_0004963,1,digital_wallet,1,33.39,baseline
order_0004963,2,credit_card,2,17.23,baseline
order_0004964,1,digital_wallet,1,73.04,baseline
order_0004965,1,bank_transfer,1,423.31,baseline
order_0004966,1,credit_card,2,105.38,baseline
order_0004967,1,debit_card,1,91.73,baseline
order_0004968,1,digital_wallet,1,433.87,baseline
order_0004969,1,credit_card,4,217.13,baseline
order_0004970,1,credit_card,5,191.97,baseline
order_0004971,1,credit_card,4,231.47,baseline
order_0004972,1,digital_wallet,1,271.91,baseline
order_0004973,1,credit_card,2,81.69,baseline
order_0004973,2,digital_wallet,1,100.8,baseline
order_0004974,1,credit_card,1,54.26,baseline
order_0004974,2,gift_card,1,83.3,baseline
order_0004975,1,credit_card,1,110.86,baseline
order_0004976,1,digital_wallet,1,65.36,baseline
order_0004977,1,digital_wallet,1,29.41,baseline
order_0004978,1,digital_wallet,1,272.61,baseline
order_0004979,1,gift_card,1,29.91,baseline
order_0004980,1,credit_card,2,42.76,baseline
order_0004981,1,credit_card,2,32.16,baseline
order_0004982,1,digital_wallet,1,33.48,baseline
order_0004983,1,credit_card,3,124.98,baseline
order_0004983,2,bank_transfer,1,147.87,baseline
order_0004984,1,digital_wallet,1,64.51,baseline
order_0004984,2,credit_card,1,68.42,baseline
order_0004985,1,digital_wallet,1,60.33,baseline
order_0004986,1,bank_transfer,1,236.88,baseline
order_0004987,1,digital_wallet,1,36.04,baseline
order_0004987,2,debit_card,1,16.95,baseline
order_0004988,1,digital_wallet,1,11.99,baseline
order_0004988,2,credit_card,1,34.07,baseline
order_0004989,1,credit_card,1,44.46,baseline
order_0004990,1,digital_wallet,1,16.57,baseline
order_0004990,2,credit_card,2,25.95,baseline
order_0004991,1,credit_card,1,130.67,baseline
order_0004992,1,credit_card,1,121.92,baseline
order_0004993,1,credit_card,3,292.01,baseline
order_0004994,1,digital_wallet,1,16.17,baseline
order_0004994,2,credit_card,1,36.68,baseline
order_0004995,1,debit_card,1,120.98,baseline
order_0004996,1,credit_card,2,91.67,baseline
order_0004997,1,digital_wallet,1,117.02,baseline
order_0004998,1,digital_wallet,1,186.81,baseline
order_0004999,1,credit_card,2,26.83,baseline
order_0005000,1,credit_card,1,29.93,baseline
order_0005001,1,debit_card,1,41.61,baseline
order_0005002,1,gift_card,1,172.57,baseline
order_0005003,1,digital_wallet,1,48.34,baseline
order_0005003,2,gift_card,1,27.86,baseline
order_0005004,1,gift_card,1,37.34,baseline
order_0005005,1,debit_card,1,97.28,baseline
order_0005006,1,credit_card,1,88.85,baseline
order_0005007,1,credit_card,2,59.94,baseline
order_0005008,1,debit_card,1,152.61,baseline
order_0005009,1,digital_wallet,1,123.07,baseline
order_0005010,1,credit_card,7,540.29,baseline
order_0005011,1,debit_card,1,339.61,baseline
order_0005012,1,credit_card,4,147.97,baseline
order_0005013,1,credit_card,2,65.94,baseline
order_0005014,1,digital_wallet,1,49.03,baseline
order_0005015,1,credit_card,6,308.1,baseline
order_0005016,1,gift_card,1,185.95,baseline
order_0005017,1,credit_card,2,173.95,baseline
order_0005018,1,credit_card,1,81.84,baseline
order_0005019,1,digital_wallet,1,35.56,baseline
order_0005020,1,credit_card,2,77.29,baseline
order_0005021,1,credit_card,1,166.62,baseline
order_0005022,1,credit_card,1,75.95,baseline
order_0005023,1,credit_card,1,66.47,baseline
order_0005024,1,bank_transfer,1,85.24,baseline
order_0005025,1,credit_card,2,41.96,baseline
order_0005026,1,digital_wallet,1,140.56,baseline
order_0005027,1,debit_card,1,65.05,baseline
order_0005028,1,debit_card,1,56.61,baseline
order_0005028,2,gift_card,1,69.52,baseline
order_0005029,1,debit_card,1,168.14,baseline
order_0005030,1,digital_wallet,1,50.08,baseline
order_0005031,1,bank_transfer,1,316.91,baseline
order_0005032,1,gift_card,1,44.38,baseline
order_0005033,1,debit_card,1,130.86,baseline
order_0005034,1,gift_card,1,254.13,baseline
order_0005035,1,digital_wallet,1,179.16,baseline
order_0005036,1,gift_card,1,36.09,baseline
order_0005037,1,credit_card,2,158.34,baseline
order_0005038,1,digital_wallet,1,395.41,baseline
order_0005039,1,bank_transfer,1,45.32,baseline
order_0005040,1,credit_card,2,89.21,baseline
order_0005041,1,credit_card,1,17.74,baseline
order_0005042,1,credit_card,1,32.73,baseline
order_0005043,1,credit_card,2,35.41,baseline
order_0005044,1,debit_card,1,292.12,baseline
order_0005045,1,debit_card,1,46.6,baseline
order_0005046,1,digital_wallet,1,91.76,baseline
order_0005047,1,credit_card,2,64.1,baseline
order_0005048,1,debit_card,1,58.6,baseline
order_0005049,1,debit_card,1,92.86,baseline
order_0005050,1,digital_wallet,1,49.41,baseline
order_0005051,1,credit_card,3,235.79,baseline
order_0005052,1,digital_wallet,1,366.05,baseline
order_0005053,1,credit_card,1,162.73,baseline
order_0005054,1,credit_card,2,485.97,baseline
order_0005055,1,digital_wallet,1,47.76,baseline
order_0005056,1,credit_card,2,28.86,baseline
order_0005056,2,debit_card,1,16.88,baseline
order_0005057,1,credit_card,1,42.15,baseline
order_0005058,1,credit_card,1,105.74,baseline
order_0005059,1,bank_transfer,1,56.68,baseline
order_0005059,2,credit_card,2,53.42,baseline
order_0005060,1,credit_card,10,454.19,baseline
order_0005061,1,credit_card,2,108.79,baseline
order_0005062,1,credit_card,2,57.15,baseline
order_0005063,1,digital_wallet,1,205.88,baseline
order_0005064,1,credit_card,1,69.46,baseline
order_0005065,1,bank_transfer,1,367.07,baseline
order_0005066,1,debit_card,1,182.58,baseline
order_0005067,1,credit_card,1,54.43,baseline
order_0005068,1,digital_wallet,1,239.43,baseline
order_0005069,1,digital_wallet,1,460.62,baseline
order_0005070,1,digital_wallet,1,120.95,baseline
order_0005071,1,digital_wallet,1,80.37,baseline
order_0005072,1,credit_card,1,96.91,baseline
order_0005073,1,credit_card,2,143.99,baseline
order_0005074,1,credit_card,1,36.7,baseline
order_0005075,1,credit_card,3,403.92,baseline
order_0005076,1,credit_card,1,42.25,baseline
order_0005077,1,credit_card,1,89.02,baseline
order_0005077,2,debit_card,1,139.16,baseline
order_0005078,1,credit_card,2,43.19,baseline
order_0005079,1,debit_card,1,103.73,baseline
order_0005080,1,credit_card,4,193.98,baseline
order_0005081,1,credit_card,1,100.51,baseline
order_0005082,1,credit_card,3,187.41,baseline
order_0005083,1,credit_card,3,148.65,baseline
order_0005084,1,credit_card,5,195.23,baseline
order_0005085,1,digital_wallet,1,57.6,baseline
order_0005086,1,credit_card,2,24.81,baseline
order_0005087,1,digital_wallet,1,131.47,baseline
order_0005088,1,credit_card,2,131.36,baseline
order_0005089,1,credit_card,1,112.9,baseline
order_0005090,1,digital_wallet,1,25.49,baseline
order_0005090,2,credit_card,2,49.42,baseline
order_0005091,1,credit_card,2,250.86,baseline
order_0005092,1,credit_card,6,360.97,baseline
order_0005093,1,digital_wallet,1,26.39,baseline
order_0005094,1,digital_wallet,1,68.21,baseline
order_0005095,1,credit_card,7,305.42,baseline
order_0005096,1,bank_transfer,1,55.96,baseline
order_0005097,1,credit_card,2,73.35,baseline
order_0005098,1,debit_card,1,54.83,baseline
order_0005099,1,credit_card,4,159.29,baseline
order_0005100,1,bank_transfer,1,73.01,baseline
order_0005101,1,digital_wallet,1,111.04,baseline
order_0005102,1,debit_card,1,562.2,baseline
order_0005103,1,digital_wallet,1,147.68,baseline
order_0005104,1,gift_card,1,22.4,baseline
order_0005105,1,bank_transfer,1,98.35,baseline
order_0005106,1,credit_card,2,33.84,baseline
order_0005107,1,gift_card,1,37.19,baseline
order_0005108,1,digital_wallet,1,247.14,baseline
order_0005109,1,debit_card,1,188.22,baseline
order_0005110,1,debit_card,1,369.32,baseline
order_0005111,1,credit_card,2,79.81,baseline
order_0005112,1,credit_card,5,404.05,baseline
order_0005113,1,credit_card,5,284.5,baseline
order_0005114,1,digital_wallet,1,30.79,baseline
order_0005115,1,credit_card,2,181.0,baseline
order_0005116,1,digital_wallet,1,137.99,baseline
order_0005117,1,credit_card,1,37.45,baseline
order_0005118,1,credit_card,2,155.88,baseline
order_0005119,1,gift_card,1,115.84,baseline
order_0005120,1,credit_card,3,246.09,baseline
order_0005121,1,digital_wallet,1,23.41,baseline
order_0005122,1,credit_card,2,41.68,baseline
order_0005123,1,digital_wallet,1,74.21,baseline
order_0005124,1,credit_card,4,148.04,baseline
order_0005125,1,debit_card,1,90.25,baseline
order_0005126,1,debit_card,1,74.09,baseline
order_0005127,1,credit_card,5,285.61,baseline
order_0005128,1,credit_card,2,160.71,baseline
order_0005129,1,credit_card,6,430.91,baseline
order_0005130,1,bank_transfer,1,430.42,baseline
order_0005131,1,credit_card,1,61.19,baseline
order_0005132,1,credit_card,3,167.7,baseline
order_0005133,1,credit_card,2,73.94,baseline
order_0005134,1,digital_wallet,1,135.34,baseline
order_0005135,1,bank_transfer,1,109.06,baseline
order_0005136,1,credit_card,1,43.32,baseline
order_0005137,1,credit_card,6,232.74,baseline
order_0005138,1,debit_card,1,322.82,baseline
order_0005139,1,digital_wallet,1,186.82,baseline
order_0005140,1,digital_wallet,1,137.85,baseline
order_0005141,1,credit_card,4,164.74,baseline
order_0005142,1,debit_card,1,137.48,baseline
order_0005143,1,credit_card,8,632.83,baseline
order_0005144,1,digital_wallet,1,216.54,baseline
order_0005145,1,digital_wallet,1,358.86,baseline
order_0005146,1,credit_card,1,29.91,baseline
order_0005147,1,credit_card,4,285.01,baseline
order_0005148,1,credit_card,2,182.5,baseline
order_0005149,1,credit_card,2,214.69,baseline
order_0005150,1,credit_card,5,289.96,baseline
order_0005151,1,credit_card,2,73.19,baseline
order_0005152,1,digital_wallet,1,322.75,baseline
order_0005153,1,credit_card,2,51.74,baseline
order_0005154,1,credit_card,1,36.51,baseline
order_0005155,1,credit_card,4,149.9,baseline
order_0005156,1,digital_wallet,1,88.22,baseline
order_0005157,1,debit_card,1,228.09,baseline
order_0005158,1,bank_transfer,1,103.13,baseline
order_0005159,1,credit_card,1,26.97,baseline
order_0005160,1,debit_card,1,83.41,baseline
order_0005161,1,credit_card,2,99.54,baseline
order_0005162,1,credit_card,2,89.31,baseline
order_0005163,1,digital_wallet,1,417.9,baseline
order_0005164,1,debit_card,1,163.29,baseline
order_0005165,1,credit_card,4,202.71,baseline
order_0005166,1,credit_card,2,32.38,baseline
order_0005167,1,credit_card,2,39.92,baseline
order_0005167,2,digital_wallet,1,21.89,baseline
order_0005168,1,bank_transfer,1,51.06,baseline
order_0005169,1,digital_wallet,1,162.78,baseline
order_0005170,1,debit_card,1,52.87,baseline
order_0005171,1,digital_wallet,1,105.05,baseline
order_0005172,1,credit_card,3,182.98,baseline
order_0005173,1,credit_card,1,121.85,baseline
order_0005174,1,bank_transfer,1,381.75,baseline
order_0005175,1,digital_wallet,1,52.89,baseline
order_0005176,1,digital_wallet,1,1080.63,baseline
order_0005177,1,credit_card,3,235.03,baseline
order_0005178,1,credit_card,8,387.34,baseline
order_0005179,1,credit_card,2,35.5,baseline
order_0005180,1,credit_card,7,416.57,baseline
order_0005181,1,debit_card,1,41.67,baseline
order_0005182,1,credit_card,2,78.43,baseline
order_0005183,1,credit_card,2,82.85,baseline
order_0005183,2,gift_card,1,86.1,baseline
order_0005184,1,credit_card,3,126.37,baseline
order_0005185,1,digital_wallet,1,174.51,baseline
order_0005186,1,digital_wallet,1,80.62,baseline
order_0005186,2,credit_card,3,230.26,baseline
order_0005187,1,credit_card,3,110.89,baseline
order_0005188,1,credit_card,1,47.15,baseline
order_0005189,1,credit_card,1,181.57,baseline
order_0005190,1,credit_card,2,160.95,baseline
order_0005191,1,digital_wallet,1,35.13,baseline
order_0005192,1,digital_wallet,1,265.86,baseline
order_0005193,1,debit_card,1,120.85,baseline
order_0005194,1,gift_card,1,49.1,baseline
order_0005195,1,digital_wallet,1,249.4,baseline
order_0005196,1,credit_card,5,224.17,baseline
order_0005197,1,digital_wallet,1,31.21,baseline
order_0005198,1,credit_card,4,232.59,baseline
order_0005199,1,debit_card,1,70.6,baseline
order_0005200,1,digital_wallet,1,204.93,baseline
order_0005201,1,credit_card,5,181.49,baseline
order_0005202,1,digital_wallet,1,21.98,baseline
order_0005203,1,digital_wallet,1,78.9,baseline
order_0005204,1,credit_card,1,89.89,baseline
order_0005205,1,credit_card,2,55.48,baseline
order_0005206,1,gift_card,1,168.67,baseline
order_0005207,1,bank_transfer,1,183.95,baseline
order_0005208,1,digital_wallet,1,26.19,baseline
order_0005209,1,credit_card,2,39.43,baseline
order_0005210,1,digital_wallet,1,83.57,baseline
order_0005211,1,credit_card,2,29.15,baseline
order_0005212,1,bank_transfer,1,18.17,baseline
order_0005213,1,credit_card,1,31.63,baseline
order_0005214,1,bank_transfer,1,65.04,baseline
order_0005215,1,digital_wallet,1,418.4,baseline
order_0005216,1,debit_card,1,158.27,baseline
order_0005217,1,digital_wallet,1,124.55,baseline
order_0005218,1,credit_card,5,256.12,baseline
order_0005219,1,bank_transfer,1,193.02,baseline
order_0005220,1,digital_wallet,1,557.43,baseline
order_0005221,1,credit_card,7,262.03,baseline
order_0005222,1,credit_card,2,112.39,baseline
order_0005223,1,credit_card,2,86.66,baseline
order_0005224,1,credit_card,2,76.85,baseline
order_0005225,1,digital_wallet,1,99.23,baseline
order_0005226,1,digital_wallet,1,32.57,baseline
order_0005227,1,credit_card,1,45.92,baseline
order_0005228,1,digital_wallet,1,183.66,baseline
order_0005229,1,credit_card,5,186.09,baseline
order_0005230,1,credit_card,2,94.33,baseline
order_0005231,1,credit_card,5,250.62,baseline
order_0005232,1,credit_card,1,126.95,baseline
order_0005233,1,credit_card,3,119.87,baseline
order_0005234,1,debit_card,1,117.4,baseline
order_0005235,1,digital_wallet,1,53.32,baseline
order_0005236,1,credit_card,1,19.76,baseline
order_0005237,1,digital_wallet,1,69.65,baseline
order_0005238,1,gift_card,1,74.35,baseline
order_0005239,1,credit_card,2,135.24,baseline
order_0005240,1,credit_card,1,341.1,baseline
order_0005241,1,digital_wallet,1,22.85,baseline
order_0005242,1,credit_card,1,102.23,baseline
order_0005243,1,digital_wallet,1,145.23,baseline
order_0005244,1,digital_wallet,1,405.51,baseline
order_0005245,1,digital_wallet,1,41.62,baseline
order_0005246,1,credit_card,2,176.44,baseline
order_0005247,1,credit_card,2,28.69,baseline
order_0005248,1,debit_card,1,52.09,baseline
order_0005249,1,credit_card,3,113.36,baseline
order_0005250,1,credit_card,2,40.86,baseline
order_0005251,1,digital_wallet,1,17.18,baseline
order_0005251,2,debit_card,1,8.93,baseline
order_0005252,1,credit_card,5,180.97,baseline
order_0005253,1,credit_card,2,53.16,baseline
order_0005254,1,digital_wallet,1,33.71,baseline
order_0005255,1,credit_card,1,98.42,baseline
order_0005256,1,credit_card,7,285.47,baseline
order_0005257,1,digital_wallet,1,208.89,baseline
order_0005258,1,credit_card,2,50.4,baseline
order_0005259,1,digital_wallet,1,462.42,baseline
order_0005260,1,credit_card,2,85.66,baseline
order_0005261,1,credit_card,2,81.68,baseline
order_0005261,2,digital_wallet,1,34.13,baseline
order_0005262,1,digital_wallet,1,199.82,baseline
order_0005263,1,digital_wallet,1,187.98,baseline
order_0005264,1,credit_card,1,82.59,baseline
order_0005265,1,digital_wallet,1,61.12,baseline
order_0005266,1,credit_card,1,123.41,baseline
order_0005267,1,credit_card,2,33.91,baseline
order_0005268,1,gift_card,1,273.73,baseline
order_0005269,1,credit_card,1,137.33,baseline
order_0005270,1,digital_wallet,1,286.3,baseline
order_0005271,1,credit_card,1,55.7,baseline
order_0005272,1,credit_card,2,20.28,baseline
order_0005272,2,digital_wallet,1,60.24,baseline
order_0005273,1,bank_transfer,1,26.9,baseline
order_0005274,1,debit_card,1,666.78,baseline
order_0005275,1,debit_card,1,223.26,baseline
order_0005276,1,digital_wallet,1,187.06,baseline
order_0005277,1,credit_card,2,79.65,baseline
order_0005277,2,debit_card,1,120.67,baseline
order_0005278,1,credit_card,1,198.55,baseline
order_0005279,1,bank_transfer,1,116.17,baseline
order_0005280,1,digital_wallet,1,70.28,baseline
order_0005281,1,digital_wallet,1,30.83,baseline
order_0005282,1,credit_card,1,168.65,baseline
order_0005283,1,digital_wallet,1,256.06,baseline
order_0005284,1,credit_card,4,148.93,baseline
order_0005285,1,debit_card,1,155.41,baseline
order_0005286,1,debit_card,1,54.5,baseline
order_0005287,1,digital_wallet,1,117.05,baseline
order_0005288,1,credit_card,1,88.15,baseline
order_0005289,1,debit_card,1,111.45,baseline
order_0005290,1,digital_wallet,1,618.03,baseline
order_0005291,1,credit_card,2,63.32,baseline
order_0005292,1,gift_card,1,21.86,baseline
order_0005292,2,credit_card,1,35.94,baseline
order_0005293,1,digital_wallet,1,174.03,baseline
order_0005294,1,credit_card,2,37.77,baseline
order_0005295,1,credit_card,1,92.88,baseline
order_0005296,1,credit_card,2,59.16,baseline
order_0005297,1,credit_card,1,96.19,baseline
order_0005298,1,credit_card,2,144.88,baseline
order_0005299,1,bank_transfer,1,194.5,baseline
order_0005300,1,digital_wallet,1,24.71,baseline
order_0005301,1,credit_card,1,62.81,baseline
order_0005302,1,digital_wallet,1,59.12,baseline
order_0005303,1,digital_wallet,1,269.57,baseline
order_0005304,1,credit_card,1,32.0,baseline
order_0005305,1,credit_card,1,227.68,baseline
order_0005306,1,credit_card,3,117.57,baseline
order_0005307,1,credit_card,2,37.22,baseline
order_0005308,1,debit_card,1,289.01,baseline
order_0005309,1,credit_card,1,32.7,baseline
order_0005310,1,digital_wallet,1,22.97,baseline
order_0005311,1,credit_card,1,120.82,baseline
order_0005312,1,credit_card,3,166.47,baseline
order_0005313,1,debit_card,1,60.29,baseline
order_0005314,1,gift_card,1,61.03,baseline
order_0005315,1,credit_card,2,189.63,baseline
order_0005316,1,credit_card,1,149.87,baseline
order_0005317,1,gift_card,1,283.72,baseline
order_0005318,1,credit_card,3,112.57,baseline
order_0005318,2,digital_wallet,1,66.05,baseline
order_0005319,1,credit_card,4,141.91,baseline
order_0005320,1,digital_wallet,1,53.56,baseline
order_0005321,1,bank_transfer,1,46.44,baseline
order_0005322,1,credit_card,1,87.96,baseline
order_0005323,1,credit_card,2,53.14,baseline
order_0005324,1,digital_wallet,1,156.58,baseline
order_0005325,1,digital_wallet,1,261.67,baseline
order_0005326,1,gift_card,1,68.76,baseline
order_0005327,1,digital_wallet,1,162.91,baseline
order_0005328,1,debit_card,1,47.12,baseline
order_0005329,1,credit_card,2,31.45,baseline
order_0005329,2,digital_wallet,1,27.88,baseline
order_0005330,1,credit_card,2,143.95,baseline
order_0005331,1,digital_wallet,1,35.09,baseline
order_0005332,1,credit_card,4,206.72,baseline
order_0005333,1,digital_wallet,1,66.2,baseline
order_0005334,1,debit_card,1,106.21,baseline
order_0005335,1,debit_card,1,628.27,baseline
order_0005336,1,credit_card,2,69.06,baseline
order_0005337,1,bank_transfer,1,60.13,baseline
order_0005338,1,bank_transfer,1,108.52,baseline
order_0005339,1,bank_transfer,1,221.62,baseline
order_0005340,1,credit_card,2,24.29,baseline
order_0005341,1,digital_wallet,1,202.43,baseline
order_0005341,2,debit_card,1,71.98,baseline
order_0005342,1,digital_wallet,1,162.66,baseline
order_0005343,1,digital_wallet,1,65.23,baseline
order_0005344,1,digital_wallet,1,315.65,baseline
order_0005345,1,debit_card,1,208.27,baseline
order_0005346,1,credit_card,3,373.68,baseline
order_0005347,1,credit_card,1,192.85,baseline
order_0005348,1,bank_transfer,1,178.28,baseline
order_0005349,1,gift_card,1,143.0,baseline
order_0005350,1,credit_card,3,207.78,baseline
order_0005351,1,credit_card,2,74.3,baseline
order_0005352,1,credit_card,1,54.19,baseline
order_0005353,1,credit_card,2,47.54,baseline
order_0005354,1,debit_card,1,27.34,baseline
order_0005354,2,credit_card,2,19.58,baseline
order_0005355,1,debit_card,1,89.39,baseline
order_0005355,2,credit_card,5,248.82,baseline
order_0005356,1,debit_card,1,15.12,baseline
order_0005356,2,digital_wallet,1,31.72,baseline
order_0005357,1,debit_card,1,327.8,baseline
order_0005358,1,digital_wallet,1,54.54,baseline
order_0005359,1,credit_card,2,108.82,baseline
order_0005360,1,credit_card,2,24.1,baseline
order_0005361,1,bank_transfer,1,63.25,baseline
order_0005362,1,credit_card,1,249.24,baseline
order_0005363,1,digital_wallet,1,61.94,baseline
order_0005364,1,digital_wallet,1,163.96,baseline
order_0005365,1,digital_wallet,1,145.71,baseline
order_0005366,1,debit_card,1,44.97,baseline
order_0005367,1,debit_card,1,110.48,baseline
order_0005368,1,credit_card,1,97.4,baseline
order_0005369,1,credit_card,4,181.05,baseline
order_0005369,2,digital_wallet,1,84.17,baseline
order_0005370,1,credit_card,1,132.03,baseline
order_0005371,1,credit_card,2,79.76,baseline
order_0005372,1,digital_wallet,1,179.06,baseline
order_0005373,1,credit_card,5,474.68,baseline
order_0005374,1,credit_card,1,26.79,baseline
order_0005375,1,credit_card,11,528.23,baseline
order_0005376,1,digital_wallet,1,290.45,baseline
order_0005377,1,digital_wallet,1,313.17,baseline
order_0005378,1,gift_card,1,183.8,baseline
order_0005378,2,credit_card,2,189.27,baseline
order_0005379,1,gift_card,1,133.67,baseline
order_0005380,1,credit_card,2,18.25,baseline
order_0005380,2,digital_wallet,1,14.26,baseline
order_0005381,1,credit_card,4,143.69,baseline
order_0005382,1,debit_card,1,105.35,baseline
order_0005383,1,credit_card,6,270.06,baseline
order_0005384,1,credit_card,2,76.33,baseline
order_0005385,1,credit_card,2,42.13,baseline
order_0005386,1,debit_card,1,188.85,baseline
order_0005387,1,bank_transfer,1,165.24,baseline
order_0005388,1,credit_card,1,81.93,baseline
order_0005389,1,debit_card,1,234.69,baseline
order_0005390,1,credit_card,2,49.08,baseline
order_0005391,1,credit_card,1,208.24,baseline
order_0005391,2,digital_wallet,1,140.37,baseline
order_0005392,1,credit_card,1,31.85,baseline
order_0005393,1,debit_card,1,101.96,baseline
order_0005394,1,credit_card,1,137.32,baseline
order_0005395,1,digital_wallet,1,66.72,baseline
order_0005396,1,debit_card,1,352.74,baseline
order_0005397,1,debit_card,1,22.0,baseline
order_0005398,1,debit_card,1,65.59,baseline
order_0005399,1,credit_card,2,31.3,baseline
order_0005400,1,digital_wallet,1,40.9,baseline
order_0005401,1,credit_card,3,121.24,baseline
order_0005402,1,digital_wallet,1,187.31,baseline
order_0005403,1,credit_card,2,120.72,baseline
order_0005404,1,gift_card,1,338.09,baseline
order_0005405,1,credit_card,4,246.47,baseline
order_0005406,1,gift_card,1,258.59,baseline
order_0005407,1,digital_wallet,1,55.11,baseline
order_0005408,1,credit_card,1,54.17,baseline
order_0005409,1,bank_transfer,1,555.68,baseline
order_0005410,1,credit_card,4,260.39,baseline
order_0005411,1,bank_transfer,1,22.73,baseline
order_0005412,1,credit_card,1,49.41,baseline
order_0005413,1,digital_wallet,1,184.06,baseline
order_0005414,1,credit_card,5,187.59,baseline
order_0005415,1,credit_card,2,40.1,baseline
order_0005416,1,credit_card,1,257.05,baseline
order_0005417,1,credit_card,2,93.96,baseline
order_0005418,1,credit_card,4,160.17,baseline
order_0005419,1,digital_wallet,1,113.88,baseline
order_0005420,1,gift_card,1,23.86,baseline
order_0005421,1,credit_card,3,143.35,baseline
order_0005422,1,credit_card,2,43.65,baseline
order_0005423,1,credit_card,1,44.88,baseline
order_0005424,1,digital_wallet,1,105.91,baseline
order_0005425,1,digital_wallet,1,198.6,baseline
order_0005426,1,bank_transfer,1,158.19,baseline
order_0005427,1,digital_wallet,1,77.34,baseline
order_0005428,1,bank_transfer,1,25.21,baseline
order_0005429,1,digital_wallet,1,266.76,baseline
order_0005430,1,digital_wallet,1,235.56,baseline
order_0005431,1,digital_wallet,1,107.3,baseline
order_0005432,1,credit_card,1,91.31,baseline
order_0005433,1,bank_transfer,1,73.67,baseline
order_0005434,1,credit_card,8,307.19,baseline
order_0005435,1,digital_wallet,1,102.47,baseline
order_0005436,1,credit_card,1,69.24,baseline
order_0005437,1,bank_transfer,1,508.11,baseline
order_0005438,1,credit_card,1,114.25,baseline
order_0005439,1,credit_card,2,86.5,baseline
order_0005440,1,credit_card,2,125.03,baseline
order_0005441,1,digital_wallet,1,37.33,baseline
order_0005442,1,bank_transfer,1,27.73,baseline
order_0005443,1,credit_card,2,210.34,baseline
order_0005444,1,credit_card,3,113.39,baseline
order_0005445,1,gift_card,1,511.55,baseline
order_0005446,1,credit_card,5,346.49,baseline
order_0005447,1,debit_card,1,370.76,baseline
order_0005448,1,gift_card,1,152.66,baseline
order_0005449,1,credit_card,2,45.76,baseline
order_0005450,1,credit_card,2,84.15,baseline
order_0005451,1,credit_card,1,33.91,baseline
order_0005451,2,bank_transfer,1,97.45,baseline
order_0005452,1,digital_wallet,1,146.65,baseline
order_0005453,1,gift_card,1,92.0,baseline
order_0005454,1,credit_card,2,122.53,baseline
order_0005455,1,digital_wallet,1,44.54,baseline
order_0005456,1,bank_transfer,1,97.43,baseline
order_0005457,1,bank_transfer,1,117.34,baseline
order_0005458,1,digital_wallet,1,81.35,baseline
order_0005459,1,debit_card,1,219.17,baseline
order_0005460,1,credit_card,1,296.84,baseline
order_0005461,1,digital_wallet,1,241.8,baseline
order_0005462,1,debit_card,1,437.05,baseline
order_0005463,1,credit_card,2,84.68,baseline
order_0005464,1,credit_card,3,128.23,baseline
order_0005465,1,bank_transfer,1,47.32,baseline
order_0005466,1,bank_transfer,1,93.93,baseline
order_0005467,1,credit_card,2,48.94,baseline
order_0005468,1,credit_card,7,407.69,baseline
order_0005469,1,bank_transfer,1,66.74,baseline
order_0005470,1,digital_wallet,1,204.2,baseline
order_0005471,1,digital_wallet,1,153.52,baseline
order_0005472,1,credit_card,11,430.04,baseline
order_0005473,1,credit_card,1,222.44,baseline
order_0005474,1,credit_card,2,6.32,baseline
order_0005474,2,digital_wallet,1,15.22,baseline
order_0005475,1,gift_card,1,29.1,baseline
order_0005475,2,debit_card,1,25.88,baseline
order_0005476,1,gift_card,1,177.5,baseline
order_0005476,2,credit_card,2,85.55,baseline
order_0005477,1,credit_card,1,26.76,baseline
order_0005478,1,credit_card,2,174.25,baseline
order_0005479,1,digital_wallet,1,83.86,baseline
order_0005480,1,gift_card,1,92.54,baseline
order_0005481,1,digital_wallet,1,601.84,baseline
order_0005482,1,credit_card,4,154.14,baseline
order_0005483,1,digital_wallet,1,78.25,baseline
order_0005484,1,digital_wallet,1,31.96,baseline
order_0005484,2,bank_transfer,1,72.24,baseline
order_0005485,1,credit_card,2,128.16,baseline
order_0005486,1,credit_card,2,78.59,baseline
order_0005487,1,credit_card,1,140.49,baseline
order_0005488,1,credit_card,2,19.99,baseline
order_0005489,1,debit_card,1,60.94,baseline
order_0005490,1,debit_card,1,190.57,baseline
order_0005491,1,bank_transfer,1,51.24,baseline
order_0005491,2,credit_card,1,21.57,baseline
order_0005492,1,digital_wallet,1,203.17,baseline
order_0005493,1,credit_card,3,153.21,baseline
order_0005494,1,credit_card,2,103.27,baseline
order_0005495,1,credit_card,2,20.24,baseline
order_0005496,1,bank_transfer,1,429.16,baseline
order_0005497,1,digital_wallet,1,325.95,baseline
order_0005498,1,digital_wallet,1,130.84,baseline
order_0005499,1,credit_card,3,153.99,baseline
order_0005500,1,digital_wallet,1,340.37,baseline
order_0005501,1,credit_card,7,387.96,baseline
order_0005502,1,digital_wallet,1,459.26,baseline
order_0005503,1,debit_card,1,48.25,baseline
order_0005504,1,credit_card,1,49.22,baseline
order_0005505,1,credit_card,1,110.08,baseline
order_0005506,1,credit_card,2,62.05,baseline
order_0005507,1,credit_card,2,286.8,baseline
order_0005508,1,credit_card,1,110.78,baseline
order_0005509,1,digital_wallet,1,35.14,baseline
order_0005510,1,debit_card,1,33.44,baseline
order_0005511,1,digital_wallet,1,230.7,baseline
order_0005512,1,credit_card,1,257.89,baseline
order_0005513,1,digital_wallet,1,73.47,baseline
order_0005514,1,bank_transfer,1,73.1,baseline
order_0005515,1,digital_wallet,1,81.21,baseline
order_0005516,1,digital_wallet,1,135.32,baseline
order_0005517,1,bank_transfer,1,148.89,baseline
order_0005518,1,credit_card,1,131.29,baseline
order_0005519,1,credit_card,2,151.62,baseline
order_0005520,1,credit_card,2,32.55,baseline
order_0005521,1,digital_wallet,1,83.09,baseline
order_0005522,1,digital_wallet,1,63.66,baseline
order_0005523,1,credit_card,3,116.85,baseline
order_0005524,1,credit_card,7,315.19,baseline
order_0005525,1,digital_wallet,1,235.21,baseline
order_0005526,1,credit_card,2,31.69,baseline
order_0005527,1,credit_card,1,33.76,baseline
order_0005528,1,credit_card,1,68.15,baseline
order_0005529,1,credit_card,2,37.37,baseline
order_0005530,1,credit_card,1,18.79,baseline
order_0005530,2,digital_wallet,1,26.82,baseline
order_0005531,1,debit_card,1,170.39,baseline
order_0005532,1,debit_card,1,31.98,baseline
order_0005533,1,credit_card,1,39.38,baseline
order_0005534,1,digital_wallet,1,201.75,baseline
order_0005535,1,bank_transfer,1,122.25,baseline
order_0005536,1,digital_wallet,1,85.12,baseline
order_0005537,1,credit_card,1,34.21,baseline
order_0005538,1,debit_card,1,85.65,baseline
order_0005539,1,debit_card,1,25.97,baseline
order_0005540,1,credit_card,1,73.59,baseline
order_0005541,1,digital_wallet,1,98.12,baseline
order_0005542,1,debit_card,1,68.73,baseline
order_0005543,1,credit_card,1,112.3,baseline
order_0005544,1,credit_card,1,72.8,baseline
order_0005545,1,digital_wallet,1,162.46,baseline
order_0005546,1,gift_card,1,90.55,baseline
order_0005547,1,digital_wallet,1,43.47,baseline
order_0005548,1,credit_card,1,38.2,baseline
order_0005549,1,bank_transfer,1,282.3,baseline
order_0005550,1,credit_card,8,371.1,baseline
order_0005551,1,debit_card,1,152.46,baseline
order_0005552,1,debit_card,1,95.69,baseline
order_0005553,1,credit_card,2,38.42,baseline
order_0005554,1,credit_card,3,196.06,baseline
order_0005555,1,digital_wallet,1,170.9,baseline
order_0005556,1,credit_card,2,15.52,baseline
order_0005557,1,credit_card,3,203.06,baseline
order_0005558,1,digital_wallet,1,102.83,baseline
order_0005559,1,digital_wallet,1,248.37,baseline
order_0005560,1,gift_card,1,42.1,baseline
order_0005561,1,debit_card,1,18.18,baseline
order_0005561,2,credit_card,1,13.57,baseline
order_0005562,1,bank_transfer,1,43.76,baseline
order_0005563,1,digital_wallet,1,129.74,baseline
order_0005564,1,digital_wallet,1,759.28,baseline
order_0005565,1,debit_card,1,115.76,baseline
order_0005566,1,credit_card,3,124.52,baseline
order_0005567,1,digital_wallet,1,349.32,baseline
order_0005568,1,digital_wallet,1,4.79,baseline
order_0005568,2,credit_card,1,19.04,baseline
order_0005569,1,credit_card,1,242.98,baseline
order_0005570,1,digital_wallet,1,310.91,baseline
order_0005571,1,digital_wallet,1,262.64,baseline
order_0005572,1,credit_card,5,203.7,baseline
order_0005573,1,debit_card,1,201.44,baseline
order_0005574,1,digital_wallet,1,288.95,baseline
order_0005575,1,digital_wallet,1,138.71,baseline
order_0005576,1,digital_wallet,1,466.65,baseline
order_0005577,1,credit_card,2,123.15,baseline
order_0005578,1,credit_card,1,64.57,baseline
order_0005579,1,credit_card,2,10.91,baseline
order_0005579,2,digital_wallet,1,36.6,baseline
order_0005580,1,credit_card,2,45.25,baseline
order_0005581,1,digital_wallet,1,29.1,baseline
order_0005582,1,credit_card,2,51.36,baseline
order_0005583,1,credit_card,1,38.42,baseline
order_0005584,1,digital_wallet,1,120.23,baseline
order_0005585,1,credit_card,1,54.83,baseline
order_0005586,1,credit_card,1,128.88,baseline
order_0005587,1,digital_wallet,1,32.82,baseline
order_0005588,1,credit_card,4,354.87,baseline
order_0005589,1,digital_wallet,1,38.47,baseline
order_0005589,2,credit_card,2,145.74,baseline
order_0005590,1,digital_wallet,1,24.3,baseline
order_0005591,1,credit_card,1,141.55,baseline
order_0005592,1,debit_card,1,40.77,baseline
order_0005593,1,credit_card,7,443.84,baseline
order_0005594,1,digital_wallet,1,102.08,baseline
order_0005595,1,digital_wallet,1,147.06,baseline
order_0005596,1,credit_card,5,194.4,baseline
order_0005597,1,credit_card,8,304.57,baseline
order_0005598,1,debit_card,1,51.79,baseline
order_0005599,1,credit_card,1,105.77,baseline
order_0005600,1,debit_card,1,28.61,baseline
order_0005601,1,debit_card,1,30.29,baseline
order_0005602,1,digital_wallet,1,47.11,baseline
order_0005603,1,debit_card,1,84.5,baseline
order_0005604,1,debit_card,1,39.54,baseline
order_0005605,1,digital_wallet,1,188.82,baseline
order_0005606,1,digital_wallet,1,99.39,baseline
order_0005607,1,credit_card,1,123.15,baseline
order_0005608,1,credit_card,10,393.21,baseline
order_0005609,1,credit_card,3,160.78,baseline
order_0005610,1,credit_card,7,366.8,baseline
order_0005611,1,debit_card,1,124.85,baseline
order_0005612,1,credit_card,1,107.67,baseline
order_0005613,1,credit_card,2,41.37,baseline
order_0005614,1,gift_card,1,25.13,baseline
order_0005615,1,credit_card,2,48.19,baseline
order_0005616,1,debit_card,1,32.29,baseline
order_0005617,1,credit_card,11,608.63,baseline
order_0005618,1,digital_wallet,1,25.27,baseline
order_0005619,1,digital_wallet,1,192.46,baseline
order_0005620,1,debit_card,1,135.45,baseline
order_0005621,1,digital_wallet,1,31.75,baseline
order_0005621,2,credit_card,1,18.53,baseline
order_0005622,1,debit_card,1,17.88,baseline
order_0005623,1,digital_wallet,1,66.13,baseline
order_0005623,2,credit_card,1,103.78,baseline
order_0005624,1,digital_wallet,1,272.1,baseline
order_0005625,1,credit_card,2,133.79,baseline
order_0005626,1,credit_card,4,184.37,baseline
order_0005627,1,credit_card,2,148.8,baseline
order_0005628,1,credit_card,2,137.16,baseline
order_0005629,1,credit_card,7,512.06,baseline
order_0005630,1,credit_card,2,73.49,baseline
order_0005631,1,credit_card,1,52.99,baseline
order_0005632,1,credit_card,1,112.84,baseline
order_0005633,1,credit_card,1,55.83,baseline
order_0005634,1,credit_card,2,37.33,baseline
order_0005634,2,debit_card,1,78.21,baseline
order_0005635,1,digital_wallet,1,151.53,baseline
order_0005636,1,credit_card,1,49.36,baseline
order_0005637,1,credit_card,2,371.04,baseline
order_0005638,1,credit_card,1,43.45,baseline
order_0005639,1,credit_card,1,114.28,baseline
order_0005640,1,debit_card,1,40.36,baseline
order_0005641,1,debit_card,1,149.46,baseline
order_0005641,2,bank_transfer,1,194.93,baseline
order_0005642,1,credit_card,2,100.33,baseline
order_0005643,1,credit_card,2,41.88,baseline
order_0005644,1,digital_wallet,1,146.63,baseline
order_0005645,1,digital_wallet,1,253.93,baseline
order_0005646,1,digital_wallet,1,31.39,baseline
order_0005647,1,credit_card,1,84.54,baseline
order_0005648,1,credit_card,2,92.52,baseline
order_0005649,1,credit_card,2,638.39,baseline
order_0005650,1,debit_card,1,290.79,baseline
order_0005651,1,credit_card,1,143.14,baseline
order_0005652,1,credit_card,2,39.08,baseline
order_0005653,1,digital_wallet,1,183.42,baseline
order_0005654,1,digital_wallet,1,78.58,baseline
order_0005655,1,digital_wallet,1,34.33,baseline
order_0005656,1,digital_wallet,1,374.68,baseline
order_0005657,1,bank_transfer,1,264.65,baseline
order_0005658,1,credit_card,2,56.58,baseline
order_0005659,1,credit_card,2,277.01,baseline
order_0005659,2,bank_transfer,1,293.81,baseline
order_0005660,1,debit_card,1,96.02,baseline
order_0005661,1,credit_card,2,30.43,baseline
order_0005662,1,credit_card,2,85.32,baseline
order_0005662,2,bank_transfer,1,108.97,baseline
order_0005663,1,bank_transfer,1,36.68,baseline
order_0005664,1,bank_transfer,1,156.26,baseline
order_0005665,1,credit_card,2,40.82,baseline
order_0005666,1,digital_wallet,1,191.03,baseline
order_0005667,1,digital_wallet,1,38.08,baseline
order_0005668,1,debit_card,1,47.46,baseline
order_0005669,1,digital_wallet,1,104.58,baseline
order_0005670,1,credit_card,1,115.79,baseline
order_0005671,1,digital_wallet,1,31.25,baseline
order_0005672,1,credit_card,1,29.3,baseline
order_0005673,1,credit_card,2,50.3,baseline
order_0005674,1,bank_transfer,1,178.39,baseline
order_0005675,1,gift_card,1,20.9,baseline
order_0005675,2,credit_card,2,21.43,baseline
order_0005676,1,digital_wallet,1,679.06,baseline
order_0005677,1,digital_wallet,1,54.56,baseline
order_0005678,1,credit_card,4,153.0,baseline
order_0005679,1,credit_card,7,314.71,baseline
order_0005680,1,bank_transfer,1,143.28,baseline
order_0005681,1,credit_card,2,214.39,baseline
order_0005682,1,debit_card,1,90.88,baseline
order_0005682,2,credit_card,2,59.06,baseline
order_0005683,1,credit_card,1,85.39,baseline
order_0005684,1,debit_card,1,28.81,baseline
order_0005685,1,bank_transfer,1,93.53,baseline
order_0005686,1,debit_card,1,59.86,baseline
order_0005687,1,debit_card,1,188.45,baseline
order_0005688,1,digital_wallet,1,51.66,baseline
order_0005689,1,digital_wallet,1,108.56,baseline
order_0005690,1,debit_card,1,74.4,baseline
order_0005690,2,bank_transfer,1,185.4,baseline
order_0005691,1,digital_wallet,1,57.09,baseline
order_0005692,1,credit_card,1,386.97,baseline
order_0005693,1,debit_card,1,72.45,baseline
order_0005694,1,credit_card,4,160.68,baseline
order_0005695,1,credit_card,1,30.95,baseline
order_0005696,1,debit_card,1,49.07,baseline
order_0005697,1,debit_card,1,208.84,baseline
order_0005698,1,credit_card,1,131.95,baseline
order_0005699,1,debit_card,1,108.72,baseline
order_0005700,1,digital_wallet,1,59.34,baseline
order_0005701,1,digital_wallet,1,65.75,baseline
order_0005702,1,credit_card,2,121.41,baseline
order_0005703,1,credit_card,3,121.19,baseline
order_0005704,1,digital_wallet,1,896.04,baseline
order_0005705,1,credit_card,2,505.12,baseline
order_0005706,1,debit_card,1,40.99,baseline
order_0005707,1,credit_card,1,130.93,baseline
order_0005708,1,digital_wallet,1,76.58,baseline
order_0005709,1,credit_card,1,333.24,baseline
order_0005710,1,debit_card,1,214.96,baseline
order_0005711,1,credit_card,2,248.81,baseline
order_0005712,1,credit_card,1,199.66,baseline
order_0005713,1,credit_card,6,243.56,baseline
order_0005714,1,credit_card,1,95.7,baseline
order_0005715,1,digital_wallet,1,152.3,baseline
order_0005716,1,credit_card,1,71.08,baseline
order_0005717,1,debit_card,1,20.15,baseline
order_0005718,1,credit_card,1,43.18,baseline
order_0005719,1,digital_wallet,1,92.83,baseline
order_0005720,1,digital_wallet,1,335.4,baseline
order_0005721,1,credit_card,2,47.72,baseline
order_0005722,1,credit_card,3,131.51,baseline
order_0005723,1,credit_card,1,131.86,baseline
order_0005724,1,debit_card,1,31.92,baseline
order_0005725,1,credit_card,2,102.47,baseline
order_0005726,1,credit_card,2,35.56,baseline
order_0005727,1,digital_wallet,1,146.33,baseline
order_0005728,1,credit_card,2,55.73,baseline
order_0005729,1,credit_card,1,27.3,baseline
order_0005730,1,credit_card,3,141.85,baseline
order_0005731,1,credit_card,2,67.76,baseline
order_0005732,1,digital_wallet,1,435.21,baseline
order_0005733,1,credit_card,5,236.8,baseline
order_0005734,1,digital_wallet,1,122.95,baseline
order_0005735,1,digital_wallet,1,146.22,baseline
order_0005736,1,credit_card,2,175.92,baseline
order_0005737,1,gift_card,1,194.15,baseline
order_0005738,1,debit_card,1,168.06,baseline
order_0005738,2,credit_card,10,612.88,baseline
order_0005739,1,digital_wallet,1,107.22,baseline
order_0005740,1,credit_card,3,114.62,baseline
order_0005741,1,debit_card,1,87.88,baseline
order_0005742,1,digital_wallet,1,364.98,baseline
order_0005743,1,bank_transfer,1,40.79,baseline
order_0005744,1,credit_card,4,168.7,baseline
order_0005744,2,digital_wallet,1,73.64,baseline
order_0005745,1,digital_wallet,1,423.2,baseline
order_0005746,1,credit_card,1,90.47,baseline
order_0005747,1,bank_transfer,1,206.42,baseline
order_0005748,1,credit_card,2,80.42,baseline
order_0005749,1,digital_wallet,1,34.96,baseline
order_0005750,1,credit_card,2,122.23,baseline
order_0005751,1,credit_card,3,108.59,baseline
order_0005752,1,digital_wallet,1,20.85,baseline
order_0005753,1,bank_transfer,1,84.09,baseline
order_0005754,1,credit_card,3,135.38,baseline
order_0005755,1,bank_transfer,1,36.8,baseline
order_0005756,1,debit_card,1,84.52,baseline
order_0005757,1,credit_card,1,27.23,baseline
order_0005757,2,digital_wallet,1,32.45,baseline
order_0005758,1,digital_wallet,1,132.15,baseline
order_0005759,1,credit_card,2,198.81,baseline
order_0005760,1,digital_wallet,1,187.34,baseline
order_0005761,1,credit_card,4,246.01,baseline
order_0005762,1,credit_card,5,513.51,baseline
order_0005763,1,credit_card,2,22.8,baseline
order_0005764,1,debit_card,1,279.15,baseline
order_0005765,1,debit_card,1,160.65,baseline
order_0005765,2,credit_card,4,143.18,baseline
order_0005766,1,digital_wallet,1,188.85,baseline
order_0005767,1,credit_card,1,14.47,baseline
order_0005767,2,digital_wallet,1,28.77,baseline
order_0005768,1,credit_card,2,107.62,baseline
order_0005769,1,credit_card,2,18.23,baseline
order_0005770,1,digital_wallet,1,44.48,baseline
order_0005771,1,credit_card,2,277.45,baseline
order_0005772,1,credit_card,1,31.47,baseline
order_0005773,1,credit_card,4,159.18,baseline
order_0005774,1,digital_wallet,1,194.76,baseline
order_0005775,1,gift_card,1,359.53,baseline
order_0005776,1,digital_wallet,1,274.4,baseline
order_0005777,1,gift_card,1,26.58,baseline
order_0005778,1,credit_card,3,101.96,baseline
order_0005779,1,credit_card,2,77.46,baseline
order_0005780,1,digital_wallet,1,32.12,baseline
order_0005781,1,credit_card,3,210.87,baseline
order_0005782,1,credit_card,4,165.84,baseline
order_0005783,1,credit_card,6,453.07,baseline
order_0005783,2,digital_wallet,1,355.38,baseline
order_0005784,1,credit_card,2,63.27,baseline
order_0005785,1,digital_wallet,1,59.46,baseline
order_0005785,2,credit_card,1,90.61,baseline
order_0005786,1,credit_card,1,86.53,baseline
order_0005787,1,bank_transfer,1,143.33,baseline
order_0005788,1,digital_wallet,1,73.13,baseline
order_0005789,1,bank_transfer,1,136.54,baseline
order_0005789,2,debit_card,1,207.09,baseline
order_0005790,1,digital_wallet,1,380.53,baseline
order_0005791,1,credit_card,5,195.11,baseline
order_0005792,1,debit_card,1,33.59,baseline
order_0005793,1,credit_card,4,204.3,baseline
order_0005794,1,debit_card,1,88.21,baseline
order_0005794,2,digital_wallet,1,110.34,baseline
order_0005795,1,digital_wallet,1,133.49,baseline
order_0005795,2,gift_card,1,210.75,baseline
order_0005796,1,bank_transfer,1,165.56,baseline
order_0005797,1,debit_card,1,50.97,baseline
order_0005798,1,bank_transfer,1,184.85,baseline
order_0005799,1,credit_card,2,82.37,baseline
order_0005800,1,digital_wallet,1,86.84,baseline
order_0005801,1,credit_card,2,25.51,baseline
order_0005802,1,credit_card,1,73.68,baseline
order_0005803,1,credit_card,3,126.56,baseline
order_0005804,1,digital_wallet,1,54.99,baseline
order_0005804,2,credit_card,2,50.7,baseline
order_0005805,1,credit_card,2,135.52,baseline
order_0005806,1,bank_transfer,1,199.29,baseline
order_0005807,1,credit_card,4,224.82,baseline
order_0005808,1,digital_wallet,1,310.15,baseline
order_0005809,1,credit_card,1,80.52,baseline
order_0005810,1,credit_card,2,81.01,baseline
order_0005811,1,digital_wallet,1,33.35,baseline
order_0005812,1,credit_card,8,323.89,baseline
order_0005813,1,credit_card,4,280.11,baseline
order_0005814,1,credit_card,5,272.55,baseline
order_0005815,1,digital_wallet,1,55.28,baseline
order_0005816,1,gift_card,1,62.68,baseline
order_0005817,1,digital_wallet,1,45.8,baseline
order_0005818,1,bank_transfer,1,93.91,baseline
order_0005818,2,digital_wallet,1,39.72,baseline
order_0005819,1,digital_wallet,1,64.88,baseline
order_0005820,1,bank_transfer,1,15.27,baseline
order_0005820,2,credit_card,1,17.97,baseline
order_0005821,1,credit_card,2,25.62,baseline
order_0005822,1,credit_card,1,84.85,baseline
order_0005823,1,debit_card,1,70.56,baseline
order_0005824,1,digital_wallet,1,137.69,baseline
order_0005825,1,credit_card,1,25.05,baseline
order_0005826,1,credit_card,2,283.32,baseline
order_0005827,1,digital_wallet,1,38.45,baseline
order_0005828,1,credit_card,2,41.46,baseline
order_0005829,1,digital_wallet,1,197.73,baseline
order_0005830,1,bank_transfer,1,90.49,baseline
order_0005831,1,credit_card,4,163.66,baseline
order_0005832,1,digital_wallet,1,258.04,baseline
order_0005833,1,digital_wallet,1,331.74,baseline
order_0005834,1,credit_card,1,28.52,baseline
order_0005835,1,credit_card,2,85.25,baseline
order_0005836,1,digital_wallet,1,214.12,baseline
order_0005837,1,debit_card,1,236.51,baseline
order_0005838,1,digital_wallet,1,31.23,baseline
order_0005839,1,debit_card,1,117.26,baseline
order_0005840,1,credit_card,5,316.24,baseline
order_0005841,1,credit_card,2,345.08,baseline
order_0005842,1,credit_card,2,85.14,baseline
order_0005843,1,credit_card,2,51.6,baseline
order_0005844,1,credit_card,1,151.56,baseline
order_0005845,1,credit_card,4,336.92,baseline
order_0005846,1,digital_wallet,1,161.33,baseline
order_0005847,1,credit_card,3,149.46,baseline
order_0005848,1,credit_card,3,134.97,baseline
order_0005849,1,digital_wallet,1,162.39,baseline
order_0005850,1,gift_card,1,379.38,baseline
order_0005851,1,digital_wallet,1,42.46,baseline
order_0005852,1,credit_card,3,166.06,baseline
order_0005853,1,credit_card,1,36.68,baseline
order_0005854,1,debit_card,1,332.12,baseline
order_0005855,1,credit_card,6,331.68,baseline
order_0005856,1,credit_card,1,75.55,baseline
order_0005857,1,credit_card,2,118.74,baseline
order_0005858,1,debit_card,1,123.29,baseline
order_0005858,2,bank_transfer,1,74.95,baseline
order_0005859,1,debit_card,1,60.58,baseline
order_0005859,2,credit_card,3,190.99,baseline
order_0005860,1,credit_card,1,179.81,baseline
order_0005861,1,bank_transfer,1,590.27,baseline
order_0005862,1,debit_card,1,39.08,baseline
order_0005863,1,credit_card,1,170.42,baseline
order_0005864,1,digital_wallet,1,440.47,baseline
order_0005865,1,bank_transfer,1,70.44,baseline
order_0005866,1,credit_card,6,234.59,baseline
order_0005867,1,credit_card,4,156.04,baseline
order_0005868,1,debit_card,1,55.69,baseline
order_0005869,1,credit_card,1,72.07,baseline
order_0005870,1,credit_card,3,132.07,baseline
order_0005871,1,credit_card,2,195.62,baseline
order_0005872,1,digital_wallet,1,54.7,baseline
order_0005873,1,credit_card,2,69.8,baseline
order_0005874,1,digital_wallet,1,23.12,baseline
order_0005875,1,debit_card,1,26.61,baseline
order_0005876,1,credit_card,2,30.38,baseline
order_0005877,1,credit_card,1,204.49,baseline
order_0005878,1,digital_wallet,1,292.66,baseline
order_0005879,1,digital_wallet,1,330.26,baseline
order_0005880,1,digital_wallet,1,57.56,baseline
order_0005881,1,digital_wallet,1,221.23,baseline
order_0005882,1,credit_card,1,67.49,baseline
order_0005883,1,digital_wallet,1,204.12,baseline
order_0005884,1,gift_card,1,68.54,baseline
order_0005885,1,digital_wallet,1,232.31,baseline
order_0005886,1,credit_card,1,22.34,baseline
order_0005887,1,credit_card,3,113.05,baseline
order_0005888,1,digital_wallet,1,38.18,baseline
order_0005889,1,digital_wallet,1,235.34,baseline
order_0005890,1,credit_card,3,125.22,baseline
order_0005891,1,debit_card,1,25.96,baseline
order_0005891,2,credit_card,2,23.6,baseline
order_0005892,1,credit_card,2,225.08,baseline
order_0005893,1,credit_card,1,92.65,baseline
order_0005894,1,credit_card,5,388.67,baseline
order_0005895,1,digital_wallet,1,62.24,baseline
order_0005896,1,credit_card,2,129.19,baseline
order_0005897,1,credit_card,2,141.98,baseline
order_0005898,1,digital_wallet,1,326.49,baseline
order_0005899,1,credit_card,1,68.76,baseline
order_0005899,2,digital_wallet,1,50.18,baseline
order_0005900,1,credit_card,2,69.72,baseline
order_0005901,1,digital_wallet,1,64.67,baseline
order_0005902,1,credit_card,2,55.16,baseline
order_0005903,1,digital_wallet,1,59.0,baseline
order_0005904,1,credit_card,1,92.45,baseline
order_0005905,1,credit_card,4,438.96,baseline
order_0005906,1,credit_card,2,167.67,baseline
order_0005907,1,digital_wallet,1,131.91,baseline
order_0005908,1,credit_card,1,81.54,baseline
order_0005909,1,debit_card,1,82.75,baseline
order_0005910,1,credit_card,2,58.97,baseline
order_0005911,1,bank_transfer,1,151.39,baseline
order_0005912,1,debit_card,1,34.28,baseline
order_0005913,1,credit_card,2,90.81,baseline
order_0005914,1,digital_wallet,1,41.75,baseline
order_0005915,1,credit_card,1,56.62,baseline
order_0005916,1,digital_wallet,1,111.86,baseline
order_0005917,1,digital_wallet,1,128.09,baseline
order_0005918,1,bank_transfer,1,52.45,baseline
order_0005919,1,debit_card,1,180.03,baseline
order_0005920,1,digital_wallet,1,86.05,baseline
order_0005921,1,debit_card,1,160.75,baseline
order_0005922,1,credit_card,2,91.47,baseline
order_0005923,1,gift_card,1,169.87,baseline
order_0005924,1,debit_card,1,320.29,baseline
order_0005925,1,digital_wallet,1,34.75,baseline
order_0005926,1,credit_card,2,257.71,baseline
order_0005927,1,credit_card,4,257.14,baseline
order_0005928,1,bank_transfer,1,42.49,baseline
order_0005929,1,debit_card,1,65.43,baseline
order_0005930,1,digital_wallet,1,82.45,baseline
order_0005930,2,credit_card,1,50.8,baseline
order_0005931,1,digital_wallet,1,83.46,baseline
order_0005932,1,credit_card,1,68.2,baseline
order_0005933,1,credit_card,2,40.9,baseline
order_0005934,1,digital_wallet,1,184.14,baseline
order_0005935,1,credit_card,3,164.72,baseline
order_0005936,1,credit_card,3,157.23,baseline
order_0005936,2,debit_card,1,77.56,baseline
order_0005937,1,credit_card,12,933.18,baseline
order_0005938,1,digital_wallet,1,127.68,baseline
order_0005939,1,digital_wallet,1,110.39,baseline
order_0005940,1,digital_wallet,1,72.34,baseline
order_0005941,1,digital_wallet,1,43.39,baseline
order_0005942,1,digital_wallet,1,563.77,baseline
order_0005943,1,credit_card,1,65.42,baseline
order_0005943,2,bank_transfer,1,127.03,baseline
order_0005944,1,credit_card,1,128.72,baseline
order_0005945,1,credit_card,1,115.46,baseline
order_0005946,1,bank_transfer,1,223.25,baseline
order_0005947,1,debit_card,1,20.48,baseline
order_0005947,2,digital_wallet,1,9.25,baseline
order_0005948,1,bank_transfer,1,28.73,baseline
order_0005949,1,credit_card,3,121.55,baseline
order_0005950,1,digital_wallet,1,149.48,baseline
order_0005951,1,gift_card,1,33.94,baseline
order_0005952,1,credit_card,10,407.74,baseline
order_0005952,2,bank_transfer,1,169.86,baseline
order_0005953,1,digital_wallet,1,304.78,baseline
order_0005954,1,credit_card,5,425.44,baseline
order_0005955,1,gift_card,1,57.31,baseline
order_0005956,1,digital_wallet,1,150.56,baseline
order_0005957,1,debit_card,1,207.83,baseline
order_0005958,1,debit_card,1,290.07,baseline
order_0005959,1,credit_card,9,341.38,baseline
order_0005960,1,credit_card,1,153.54,baseline
order_0005961,1,credit_card,1,30.37,baseline
order_0005962,1,debit_card,1,51.44,baseline
order_0005963,1,credit_card,1,37.98,baseline
order_0005964,1,digital_wallet,1,247.66,baseline
order_0005965,1,debit_card,1,159.53,baseline
order_0005966,1,digital_wallet,1,49.76,baseline
order_0005967,1,credit_card,2,142.08,baseline
order_0005968,1,gift_card,1,72.53,baseline
order_0005969,1,digital_wallet,1,48.04,baseline
order_0005970,1,credit_card,1,75.46,baseline
order_0005971,1,digital_wallet,1,147.69,baseline
order_0005972,1,digital_wallet,1,97.02,baseline
order_0005972,2,credit_card,1,165.53,baseline
order_0005973,1,credit_card,2,66.0,baseline
order_0005974,1,credit_card,2,67.86,baseline
order_0005975,1,credit_card,2,59.16,baseline
order_0005976,1,credit_card,2,204.02,baseline
order_0005977,1,gift_card,1,185.11,baseline
order_0005978,1,credit_card,4,178.96,baseline
order_0005979,1,digital_wallet,1,105.59,baseline
order_0005980,1,digital_wallet,1,233.7,baseline
order_0005981,1,digital_wallet,1,301.2,baseline
order_0005982,1,digital_wallet,1,43.49,baseline
order_0005983,1,credit_card,1,24.38,baseline
order_0005984,1,digital_wallet,1,328.79,baseline
order_0005985,1,digital_wallet,1,102.22,baseline
order_0005986,1,credit_card,1,177.03,baseline
order_0005987,1,credit_card,1,58.98,baseline
order_0005988,1,digital_wallet,1,576.21,baseline
order_0005989,1,credit_card,1,95.4,baseline
order_0005990,1,credit_card,1,85.46,baseline
order_0005991,1,digital_wallet,1,70.23,baseline
order_0005992,1,credit_card,1,34.78,baseline
order_0005993,1,credit_card,3,111.53,baseline
order_0005994,1,credit_card,6,361.76,baseline
order_0005995,1,credit_card,1,56.68,baseline
order_0005996,1,credit_card,1,59.28,baseline
order_0005997,1,credit_card,6,229.11,baseline
order_0005998,1,credit_card,1,127.26,baseline
order_0005998,2,digital_wallet,1,77.42,baseline
order_0005999,1,digital_wallet,1,436.98,baseline
order_0006000,1,credit_card,2,247.42,baseline
order_0006001,1,gift_card,1,406.1,baseline
order_0006002,1,bank_transfer,1,38.81,baseline
order_0006003,1,debit_card,1,35.18,baseline
order_0006004,1,credit_card,2,60.4,baseline
order_0006005,1,credit_card,2,74.49,baseline
order_0006006,1,credit_card,1,197.08,baseline
order_0006007,1,credit_card,6,247.29,baseline
order_0006008,1,digital_wallet,1,37.88,baseline
order_0006009,1,digital_wallet,1,62.51,baseline
order_0006010,1,credit_card,1,89.53,baseline
order_0006011,1,credit_card,1,18.75,baseline
order_0006012,1,credit_card,1,82.54,baseline
order_0006013,1,debit_card,1,27.59,baseline
order_0006013,2,digital_wallet,1,11.55,baseline
order_0006014,1,digital_wallet,1,44.99,baseline
order_0006015,1,credit_card,1,40.86,baseline
order_0006016,1,digital_wallet,1,150.42,baseline
order_0006017,1,credit_card,1,145.51,baseline
order_0006017,2,debit_card,1,60.49,baseline
order_0006018,1,credit_card,2,78.84,baseline
order_0006019,1,gift_card,1,62.46,baseline
order_0006020,1,digital_wallet,1,185.07,baseline
order_0006021,1,gift_card,1,196.23,baseline
order_0006022,1,credit_card,1,67.27,baseline
order_0006023,1,credit_card,1,70.79,baseline
order_0006024,1,credit_card,3,164.45,baseline
order_0006025,1,digital_wallet,1,64.79,baseline
order_0006026,1,gift_card,1,242.14,baseline
order_0006027,1,debit_card,1,42.57,baseline
order_0006028,1,credit_card,1,220.6,baseline
order_0006029,1,bank_transfer,1,68.07,baseline
order_0006029,2,debit_card,1,37.06,baseline
order_0006030,1,bank_transfer,1,36.19,baseline
order_0006031,1,credit_card,5,230.01,baseline
order_0006032,1,credit_card,9,447.65,baseline
order_0006033,1,credit_card,5,183.0,baseline
order_0006034,1,credit_card,1,18.98,baseline
order_0006035,1,debit_card,1,308.79,baseline
order_0006036,1,digital_wallet,1,136.83,baseline
order_0006037,1,digital_wallet,1,211.07,baseline
order_0006038,1,credit_card,2,52.83,baseline
order_0006039,1,debit_card,1,160.45,baseline
order_0006040,1,digital_wallet,1,144.41,baseline
order_0006040,2,credit_card,1,59.12,baseline
order_0006041,1,debit_card,1,57.71,baseline
order_0006042,1,credit_card,2,134.01,baseline
order_0006043,1,digital_wallet,1,308.55,baseline
order_0006044,1,digital_wallet,1,350.36,baseline
order_0006045,1,credit_card,2,47.45,baseline
order_0006045,2,debit_card,1,23.13,baseline
order_0006046,1,gift_card,1,42.6,baseline
order_0006047,1,digital_wallet,1,34.69,baseline
order_0006047,2,debit_card,1,14.44,baseline
order_0006048,1,digital_wallet,1,193.68,baseline
order_0006049,1,bank_transfer,1,569.29,baseline
order_0006050,1,credit_card,1,101.7,baseline
order_0006051,1,debit_card,1,219.16,baseline
order_0006052,1,digital_wallet,1,113.98,baseline
order_0006052,2,credit_card,1,38.12,baseline
order_0006053,1,credit_card,2,23.02,baseline
order_0006053,2,digital_wallet,1,51.98,baseline
order_0006054,1,credit_card,1,70.93,baseline
order_0006055,1,credit_card,6,477.28,baseline
order_0006056,1,digital_wallet,1,166.01,baseline
order_0006057,1,debit_card,1,108.54,baseline
order_0006058,1,credit_card,8,352.35,baseline
order_0006059,1,debit_card,1,46.92,baseline
order_0006060,1,credit_card,1,76.41,baseline
order_0006061,1,credit_card,2,34.36,baseline
order_0006062,1,digital_wallet,1,44.57,baseline
order_0006063,1,digital_wallet,1,220.01,baseline
order_0006064,1,gift_card,1,31.6,baseline
order_0006064,2,credit_card,1,86.24,baseline
order_0006065,1,credit_card,2,23.17,baseline
order_0006066,1,credit_card,8,530.05,baseline
order_0006067,1,digital_wallet,1,50.32,baseline
order_0006068,1,credit_card,5,206.1,baseline
order_0006069,1,bank_transfer,1,121.05,baseline
order_0006070,1,gift_card,1,193.5,baseline
order_0006070,2,credit_card,1,87.7,baseline
order_0006071,1,digital_wallet,1,31.07,baseline
order_0006072,1,digital_wallet,1,408.77,baseline
order_0006073,1,credit_card,7,351.1,baseline
order_0006074,1,debit_card,1,42.81,baseline
order_0006075,1,digital_wallet,1,78.48,baseline
order_0006076,1,digital_wallet,1,204.76,baseline
order_0006077,1,debit_card,1,59.51,baseline
order_0006077,2,digital_wallet,1,205.35,baseline
order_0006078,1,digital_wallet,1,98.27,baseline
order_0006079,1,digital_wallet,1,135.18,baseline
order_0006080,1,credit_card,5,415.22,baseline
order_0006081,1,bank_transfer,1,81.76,baseline
order_0006082,1,debit_card,1,275.96,baseline
order_0006083,1,credit_card,2,137.48,baseline
order_0006084,1,credit_card,2,50.05,baseline
order_0006085,1,digital_wallet,1,8.48,baseline
order_0006085,2,credit_card,2,16.53,baseline
order_0006086,1,credit_card,1,102.68,baseline
order_0006087,1,digital_wallet,1,33.05,baseline
order_0006088,1,credit_card,1,36.97,baseline
order_0006089,1,credit_card,1,61.71,baseline
order_0006090,1,digital_wallet,1,399.54,baseline
order_0006091,1,credit_card,2,171.14,baseline
order_0006092,1,credit_card,1,45.47,baseline
order_0006093,1,digital_wallet,1,58.11,baseline
order_0006094,1,digital_wallet,1,45.38,baseline
order_0006095,1,credit_card,1,21.96,baseline
order_0006095,2,digital_wallet,1,17.32,baseline
order_0006096,1,credit_card,1,29.57,baseline
order_0006096,2,digital_wallet,1,28.54,baseline
order_0006097,1,digital_wallet,1,32.5,baseline
order_0006098,1,gift_card,1,270.5,baseline
order_0006099,1,digital_wallet,1,49.02,baseline
order_0006100,1,credit_card,4,211.98,baseline
order_0006101,1,debit_card,1,454.66,baseline
order_0006102,1,debit_card,1,95.98,baseline
order_0006103,1,credit_card,1,147.36,baseline
order_0006104,1,credit_card,6,223.51,baseline
order_0006105,1,credit_card,1,48.99,baseline
order_0006106,1,credit_card,2,112.81,baseline
order_0006107,1,debit_card,1,98.21,baseline
order_0006108,1,credit_card,1,65.55,baseline
order_0006109,1,digital_wallet,1,116.34,baseline
order_0006110,1,credit_card,1,132.04,baseline
order_0006111,1,credit_card,2,124.01,baseline
order_0006112,1,digital_wallet,1,556.65,baseline
order_0006113,1,credit_card,2,134.76,baseline
order_0006114,1,credit_card,1,99.92,baseline
order_0006115,1,credit_card,4,265.78,baseline
order_0006116,1,credit_card,1,32.1,baseline
order_0006117,1,credit_card,1,233.25,baseline
order_0006118,1,gift_card,1,53.9,baseline
order_0006119,1,bank_transfer,1,52.75,baseline
order_0006120,1,gift_card,1,264.26,baseline
order_0006121,1,credit_card,7,267.54,baseline
order_0006122,1,credit_card,7,369.35,baseline
order_0006123,1,debit_card,1,108.41,baseline
order_0006124,1,digital_wallet,1,138.15,baseline
order_0006125,1,credit_card,1,97.1,baseline
order_0006126,1,credit_card,1,61.98,baseline
order_0006127,1,debit_card,1,270.93,baseline
order_0006128,1,credit_card,1,164.33,baseline
order_0006129,1,credit_card,4,174.02,baseline
order_0006130,1,digital_wallet,1,96.51,baseline
order_0006131,1,credit_card,4,184.98,baseline
order_0006132,1,credit_card,10,558.56,baseline
order_0006133,1,debit_card,1,129.92,baseline
order_0006134,1,credit_card,5,307.76,baseline
order_0006135,1,credit_card,5,204.44,baseline
order_0006136,1,credit_card,2,243.6,baseline
order_0006137,1,debit_card,1,334.57,baseline
order_0006138,1,credit_card,1,30.14,baseline
order_0006138,2,digital_wallet,1,53.5,baseline
order_0006139,1,gift_card,1,204.01,baseline
order_0006140,1,credit_card,1,118.35,baseline
order_0006141,1,bank_transfer,1,66.46,baseline
order_0006142,1,debit_card,1,186.41,baseline
order_0006143,1,credit_card,2,93.56,baseline
order_0006144,1,digital_wallet,1,53.67,baseline
order_0006145,1,digital_wallet,1,392.44,baseline
order_0006146,1,debit_card,1,115.86,baseline
order_0006147,1,digital_wallet,1,88.6,baseline
order_0006147,2,credit_card,1,103.07,baseline
order_0006148,1,bank_transfer,1,253.68,baseline
order_0006149,1,credit_card,1,84.55,baseline
order_0006150,1,bank_transfer,1,34.53,baseline
order_0006151,1,debit_card,1,159.37,baseline
order_0006152,1,credit_card,1,139.6,baseline
order_0006152,2,debit_card,1,86.21,baseline
order_0006153,1,debit_card,1,46.51,baseline
order_0006154,1,credit_card,4,201.8,baseline
order_0006155,1,credit_card,4,164.59,baseline
order_0006156,1,debit_card,1,55.79,baseline
order_0006157,1,credit_card,6,695.17,baseline
order_0006158,1,credit_card,6,427.37,baseline
order_0006159,1,digital_wallet,1,67.63,baseline
order_0006160,1,credit_card,1,36.51,baseline
order_0006161,1,credit_card,2,70.46,baseline
order_0006162,1,debit_card,1,215.69,baseline
order_0006163,1,debit_card,1,76.81,baseline
order_0006164,1,digital_wallet,1,56.81,baseline
order_0006165,1,digital_wallet,1,39.18,baseline
order_0006166,1,digital_wallet,1,29.43,baseline
order_0006167,1,digital_wallet,1,113.9,baseline
order_0006168,1,debit_card,1,288.1,baseline
order_0006169,1,debit_card,1,141.78,baseline
order_0006170,1,digital_wallet,1,88.67,baseline
order_0006170,2,credit_card,3,227.01,baseline
order_0006171,1,digital_wallet,1,43.47,baseline
order_0006172,1,digital_wallet,1,126.61,baseline
order_0006173,1,gift_card,1,63.96,baseline
order_0006174,1,gift_card,1,91.9,baseline
order_0006175,1,debit_card,1,110.65,baseline
order_0006176,1,credit_card,1,42.18,baseline
order_0006176,2,debit_card,1,34.38,baseline
order_0006177,1,digital_wallet,1,114.11,baseline
order_0006178,1,bank_transfer,1,93.8,baseline
order_0006179,1,digital_wallet,1,152.69,baseline
order_0006180,1,debit_card,1,94.77,baseline
order_0006181,1,bank_transfer,1,111.69,baseline
order_0006182,1,digital_wallet,1,38.0,baseline
order_0006183,1,credit_card,1,37.38,baseline
order_0006184,1,credit_card,2,175.98,baseline
order_0006185,1,credit_card,5,372.42,baseline
order_0006186,1,credit_card,1,131.3,baseline
order_0006187,1,credit_card,6,268.24,baseline
order_0006188,1,credit_card,1,64.97,baseline
order_0006189,1,bank_transfer,1,71.56,baseline
order_0006190,1,digital_wallet,1,176.12,baseline
order_0006191,1,gift_card,1,219.5,baseline
order_0006192,1,credit_card,2,159.82,baseline
order_0006193,1,debit_card,1,238.66,baseline
order_0006194,1,bank_transfer,1,59.16,baseline
order_0006195,1,digital_wallet,1,161.5,baseline
order_0006196,1,digital_wallet,1,60.44,baseline
order_0006197,1,credit_card,9,363.93,baseline
order_0006198,1,credit_card,2,38.63,baseline
order_0006199,1,bank_transfer,1,96.56,baseline
order_0006200,1,credit_card,3,139.17,baseline
order_0006201,1,credit_card,1,54.8,baseline
order_0006202,1,credit_card,2,51.39,baseline
order_0006203,1,credit_card,6,463.87,baseline
order_0006204,1,digital_wallet,1,279.98,baseline
order_0006205,1,credit_card,2,85.16,baseline
order_0006206,1,credit_card,1,49.28,baseline
order_0006207,1,credit_card,3,100.9,baseline
order_0006208,1,bank_transfer,1,24.07,baseline
order_0006208,2,credit_card,2,53.19,baseline
order_0006209,1,credit_card,2,94.34,baseline
order_0006210,1,debit_card,1,116.45,baseline
order_0006211,1,bank_transfer,1,186.29,baseline
order_0006212,1,digital_wallet,1,92.14,baseline
order_0006213,1,digital_wallet,1,501.07,baseline
order_0006214,1,credit_card,1,260.6,baseline
order_0006215,1,digital_wallet,1,39.36,baseline
order_0006216,1,digital_wallet,1,57.08,baseline
order_0006217,1,credit_card,6,250.79,baseline
order_0006218,1,credit_card,5,476.35,baseline
order_0006219,1,bank_transfer,1,453.2,baseline
order_0006220,1,credit_card,3,140.68,baseline
order_0006221,1,debit_card,1,55.12,baseline
order_0006222,1,credit_card,1,44.16,baseline
order_0006223,1,digital_wallet,1,138.49,baseline
order_0006224,1,digital_wallet,1,26.09,baseline
order_0006225,1,debit_card,1,145.24,baseline
order_0006226,1,digital_wallet,1,161.67,baseline
order_0006227,1,credit_card,4,176.57,baseline
order_0006228,1,credit_card,4,180.81,baseline
order_0006229,1,bank_transfer,1,43.92,baseline
order_0006230,1,digital_wallet,1,34.32,baseline
order_0006231,1,credit_card,2,58.34,baseline
order_0006232,1,credit_card,1,114.91,baseline
order_0006233,1,digital_wallet,1,85.41,baseline
order_0006234,1,credit_card,1,65.01,baseline
order_0006235,1,debit_card,1,22.98,baseline
order_0006236,1,digital_wallet,1,134.77,baseline
order_0006237,1,digital_wallet,1,78.57,baseline
order_0006238,1,digital_wallet,1,25.46,baseline
order_0006239,1,debit_card,1,145.62,baseline
order_0006239,2,credit_card,2,59.48,baseline
order_0006240,1,credit_card,1,705.83,baseline
order_0006241,1,digital_wallet,1,85.3,baseline
order_0006242,1,digital_wallet,1,71.29,baseline
order_0006243,1,gift_card,1,22.22,baseline
order_0006243,2,debit_card,1,32.09,baseline
order_0006244,1,digital_wallet,1,69.1,baseline
order_0006245,1,credit_card,1,150.17,baseline
order_0006246,1,credit_card,2,55.23,baseline
order_0006247,1,credit_card,5,333.12,baseline
order_0006248,1,digital_wallet,1,13.78,baseline
order_0006248,2,credit_card,2,13.98,baseline
order_0006249,1,digital_wallet,1,357.95,baseline
order_0006250,1,bank_transfer,1,261.66,baseline
order_0006251,1,credit_card,10,440.96,baseline
order_0006252,1,credit_card,1,69.51,baseline
order_0006253,1,digital_wallet,1,69.14,baseline
order_0006254,1,digital_wallet,1,180.49,baseline
order_0006255,1,credit_card,2,85.0,baseline
order_0006256,1,digital_wallet,1,47.35,baseline
order_0006257,1,bank_transfer,1,150.27,baseline
order_0006258,1,bank_transfer,1,318.42,baseline
order_0006259,1,debit_card,1,26.65,baseline
order_0006260,1,credit_card,2,220.78,baseline
order_0006261,1,credit_card,2,13.03,baseline
order_0006261,2,debit_card,1,20.99,baseline
order_0006262,1,debit_card,1,582.08,baseline
order_0006263,1,credit_card,1,28.02,baseline
order_0006263,2,digital_wallet,1,88.77,baseline
order_0006264,1,digital_wallet,1,79.98,baseline
order_0006265,1,credit_card,1,27.35,baseline
order_0006266,1,credit_card,1,89.51,baseline
order_0006267,1,bank_transfer,1,67.68,baseline
order_0006267,2,debit_card,1,83.33,baseline
order_0006268,1,credit_card,3,124.14,baseline
order_0006269,1,credit_card,1,36.21,baseline
order_0006270,1,digital_wallet,1,92.13,baseline
order_0006271,1,credit_card,6,222.26,baseline
order_0006272,1,gift_card,1,77.98,baseline
order_0006273,1,digital_wallet,1,47.69,baseline
order_0006274,1,digital_wallet,1,78.12,baseline
order_0006275,1,gift_card,1,269.32,baseline
order_0006276,1,credit_card,3,245.72,baseline
order_0006277,1,digital_wallet,1,105.01,baseline
order_0006278,1,credit_card,2,179.54,baseline
order_0006279,1,digital_wallet,1,354.93,baseline
order_0006280,1,credit_card,2,21.1,baseline
order_0006280,2,digital_wallet,1,59.24,baseline
order_0006281,1,debit_card,1,106.3,baseline
order_0006281,2,credit_card,1,85.81,baseline
order_0006282,1,credit_card,4,192.72,baseline
order_0006283,1,credit_card,1,245.32,baseline
order_0006284,1,gift_card,1,492.54,baseline
order_0006285,1,credit_card,1,97.1,baseline
order_0006286,1,credit_card,2,218.19,baseline
order_0006287,1,credit_card,2,43.73,baseline
order_0006288,1,credit_card,3,120.05,baseline
order_0006289,1,debit_card,1,222.41,baseline
order_0006290,1,credit_card,1,40.12,baseline
order_0006291,1,credit_card,4,150.11,baseline
order_0006292,1,credit_card,2,22.88,baseline
order_0006293,1,credit_card,2,89.61,baseline
order_0006294,1,credit_card,3,139.57,baseline
order_0006295,1,gift_card,1,72.9,baseline
order_0006296,1,credit_card,2,248.74,baseline
order_0006297,1,credit_card,1,55.01,baseline
order_0006298,1,debit_card,1,62.19,baseline
order_0006299,1,digital_wallet,1,200.18,baseline
order_0006300,1,gift_card,1,62.29,baseline
order_0006300,2,debit_card,1,106.21,baseline
order_0006301,1,credit_card,2,73.15,baseline
order_0006302,1,debit_card,1,51.92,baseline
order_0006303,1,credit_card,2,179.74,baseline
order_0006304,1,credit_card,1,28.35,baseline
order_0006305,1,digital_wallet,1,34.73,baseline
order_0006306,1,credit_card,2,36.61,baseline
order_0006307,1,digital_wallet,1,199.07,baseline
order_0006308,1,debit_card,1,39.94,baseline
order_0006309,1,digital_wallet,1,83.65,baseline
order_0006310,1,credit_card,7,318.96,baseline
order_0006311,1,gift_card,1,71.68,baseline
order_0006312,1,digital_wallet,1,30.82,baseline
order_0006313,1,credit_card,4,201.27,baseline
order_0006314,1,digital_wallet,1,172.25,baseline
order_0006315,1,bank_transfer,1,77.59,baseline
order_0006316,1,digital_wallet,1,262.0,baseline
order_0006317,1,credit_card,1,81.13,baseline
order_0006318,1,bank_transfer,1,92.05,baseline
order_0006318,2,digital_wallet,1,72.85,baseline
order_0006319,1,bank_transfer,1,135.64,baseline
order_0006320,1,credit_card,2,395.19,baseline
order_0006321,1,credit_card,5,330.24,baseline
order_0006321,2,digital_wallet,1,317.74,baseline
order_0006322,1,debit_card,1,74.94,baseline
order_0006323,1,credit_card,1,62.08,baseline
order_0006324,1,digital_wallet,1,133.71,baseline
order_0006325,1,debit_card,1,87.59,baseline
order_0006326,1,digital_wallet,1,420.18,baseline
order_0006327,1,debit_card,1,189.48,baseline
order_0006328,1,debit_card,1,52.6,baseline
order_0006329,1,debit_card,1,129.19,baseline
order_0006330,1,credit_card,1,26.74,baseline
order_0006331,1,credit_card,2,45.22,baseline
order_0006332,1,credit_card,7,265.07,baseline
order_0006333,1,credit_card,1,55.17,baseline
order_0006334,1,credit_card,3,500.72,baseline
order_0006335,1,credit_card,2,93.46,baseline
order_0006336,1,debit_card,1,158.34,baseline
order_0006337,1,credit_card,1,99.51,baseline
order_0006338,1,credit_card,2,68.23,baseline
order_0006339,1,bank_transfer,1,296.28,baseline
order_0006340,1,credit_card,1,157.48,baseline
order_0006341,1,credit_card,3,116.17,baseline
order_0006342,1,credit_card,2,48.9,baseline
order_0006343,1,credit_card,3,100.39,baseline
order_0006343,2,debit_card,1,68.51,baseline
order_0006344,1,credit_card,2,117.84,baseline
order_0006345,1,credit_card,2,30.05,baseline
order_0006346,1,gift_card,1,98.47,baseline
order_0006347,1,gift_card,1,103.53,baseline
order_0006348,1,credit_card,1,55.87,baseline
order_0006349,1,credit_card,1,82.23,baseline
order_0006350,1,credit_card,5,221.86,baseline
order_0006351,1,credit_card,1,184.03,baseline
order_0006352,1,credit_card,4,181.31,baseline
order_0006353,1,digital_wallet,1,215.8,baseline
order_0006354,1,credit_card,1,92.75,baseline
order_0006355,1,credit_card,2,111.61,baseline
order_0006356,1,bank_transfer,1,111.89,baseline
order_0006356,2,credit_card,3,111.24,baseline
order_0006357,1,gift_card,1,20.75,baseline
order_0006357,2,digital_wallet,1,17.2,baseline
order_0006358,1,digital_wallet,1,145.02,baseline
order_0006359,1,credit_card,3,119.49,baseline
order_0006360,1,credit_card,1,100.47,baseline
order_0006361,1,digital_wallet,1,83.06,baseline
order_0006362,1,credit_card,2,40.8,baseline
order_0006363,1,credit_card,1,36.92,baseline
order_0006364,1,bank_transfer,1,68.86,baseline
order_0006365,1,credit_card,3,629.51,baseline
order_0006366,1,gift_card,1,25.44,baseline
order_0006366,2,digital_wallet,1,44.22,baseline
order_0006367,1,debit_card,1,442.38,baseline
order_0006367,2,digital_wallet,1,337.62,baseline
order_0006368,1,credit_card,4,157.43,baseline
order_0006369,1,bank_transfer,1,113.58,baseline
order_0006370,1,credit_card,2,78.44,baseline
order_0006371,1,digital_wallet,1,232.34,baseline
order_0006372,1,digital_wallet,1,123.95,baseline
order_0006373,1,debit_card,1,55.74,baseline
order_0006374,1,credit_card,1,67.07,baseline
order_0006375,1,gift_card,1,303.75,baseline
order_0006376,1,credit_card,1,73.64,baseline
order_0006377,1,debit_card,1,54.15,baseline
order_0006378,1,credit_card,2,54.87,baseline
order_0006379,1,credit_card,1,84.06,baseline
order_0006380,1,credit_card,2,117.85,baseline
order_0006381,1,debit_card,1,682.85,baseline
order_0006382,1,credit_card,2,105.84,baseline
order_0006383,1,digital_wallet,1,98.28,baseline
order_0006384,1,digital_wallet,1,67.99,baseline
order_0006385,1,debit_card,1,25.38,baseline
order_0006386,1,bank_transfer,1,160.2,baseline
order_0006387,1,debit_card,1,254.63,baseline
order_0006388,1,credit_card,1,144.31,baseline
order_0006389,1,debit_card,1,211.74,baseline
order_0006390,1,credit_card,12,835.8,baseline
order_0006391,1,digital_wallet,1,41.88,baseline
order_0006391,2,credit_card,2,91.64,baseline
order_0006392,1,credit_card,1,39.68,baseline
order_0006393,1,credit_card,2,65.76,baseline
order_0006394,1,credit_card,2,95.81,baseline
order_0006395,1,credit_card,1,98.42,baseline
order_0006396,1,credit_card,1,17.82,baseline
order_0006397,1,gift_card,1,94.48,baseline
order_0006398,1,credit_card,1,47.1,baseline
order_0006399,1,digital_wallet,1,141.84,baseline
order_0006400,1,credit_card,1,205.6,baseline
order_0006401,1,credit_card,4,451.51,baseline
order_0006402,1,digital_wallet,1,153.12,baseline
order_0006403,1,digital_wallet,1,88.44,baseline
order_0006404,1,debit_card,1,54.61,baseline
order_0006405,1,digital_wallet,1,295.08,baseline
order_0006406,1,gift_card,1,144.15,baseline
order_0006407,1,credit_card,2,180.95,baseline
order_0006408,1,credit_card,3,152.21,baseline
order_0006409,1,credit_card,2,108.97,baseline
order_0006410,1,debit_card,1,108.72,baseline
order_0006411,1,credit_card,2,159.87,baseline
order_0006412,1,digital_wallet,1,189.64,baseline
order_0006413,1,credit_card,2,262.61,baseline
order_0006414,1,debit_card,1,112.61,baseline
order_0006415,1,debit_card,1,437.01,baseline
order_0006416,1,credit_card,3,135.52,baseline
order_0006417,1,digital_wallet,1,35.02,baseline
order_0006418,1,debit_card,1,79.38,baseline
order_0006419,1,credit_card,1,68.99,baseline
order_0006420,1,credit_card,1,72.01,baseline
order_0006421,1,digital_wallet,1,53.94,baseline
order_0006422,1,credit_card,2,32.35,baseline
order_0006423,1,credit_card,1,43.8,baseline
order_0006424,1,digital_wallet,1,73.22,baseline
order_0006425,1,credit_card,1,69.16,baseline
order_0006426,1,debit_card,1,273.71,baseline
order_0006427,1,digital_wallet,1,64.08,baseline
order_0006428,1,credit_card,1,176.67,baseline
order_0006429,1,bank_transfer,1,101.66,baseline
order_0006430,1,credit_card,1,63.24,baseline
order_0006430,2,digital_wallet,1,33.0,baseline
order_0006431,1,debit_card,1,57.62,baseline
order_0006432,1,debit_card,1,56.14,baseline
order_0006433,1,credit_card,3,238.45,baseline
order_0006434,1,gift_card,1,142.59,baseline
order_0006435,1,bank_transfer,1,205.56,baseline
order_0006436,1,credit_card,1,60.39,baseline
order_0006437,1,credit_card,6,258.17,baseline
order_0006438,1,credit_card,2,26.84,baseline
order_0006439,1,digital_wallet,1,578.17,baseline
order_0006440,1,digital_wallet,1,307.05,baseline
order_0006441,1,digital_wallet,1,69.99,baseline
order_0006441,2,credit_card,1,23.35,baseline
order_0006442,1,bank_transfer,1,48.15,baseline
order_0006443,1,credit_card,11,437.41,baseline
order_0006444,1,debit_card,1,32.27,baseline
order_0006445,1,digital_wallet,1,116.38,baseline
order_0006446,1,bank_transfer,1,77.98,baseline
order_0006447,1,digital_wallet,1,207.94,baseline
order_0006448,1,credit_card,2,58.17,baseline
order_0006448,2,digital_wallet,1,153.67,baseline
order_0006449,1,credit_card,2,70.17,baseline
order_0006450,1,digital_wallet,1,141.33,baseline
order_0006451,1,credit_card,4,149.12,baseline
order_0006452,1,digital_wallet,1,88.97,baseline
order_0006452,2,credit_card,5,238.72,baseline
order_0006453,1,credit_card,4,187.93,baseline
order_0006454,1,credit_card,5,225.37,baseline
order_0006455,1,digital_wallet,1,130.42,baseline
order_0006456,1,bank_transfer,1,94.19,baseline
order_0006457,1,credit_card,1,68.57,baseline
order_0006458,1,credit_card,2,28.48,baseline
order_0006459,1,debit_card,1,431.46,baseline
order_0006460,1,gift_card,1,133.99,baseline
order_0006461,1,credit_card,2,151.65,baseline
order_0006462,1,credit_card,4,750.5,baseline
order_0006463,1,debit_card,1,95.61,baseline
order_0006464,1,digital_wallet,1,31.73,baseline
order_0006465,1,gift_card,1,63.01,baseline
order_0006466,1,debit_card,1,194.13,baseline
order_0006467,1,debit_card,1,166.88,baseline
order_0006468,1,digital_wallet,1,172.5,baseline
order_0006468,2,debit_card,1,61.5,baseline
order_0006469,1,digital_wallet,1,90.34,baseline
order_0006470,1,digital_wallet,1,72.92,baseline
order_0006471,1,debit_card,1,51.49,baseline
order_0006472,1,digital_wallet,1,351.56,baseline
order_0006473,1,credit_card,2,34.96,baseline
order_0006474,1,debit_card,1,36.97,baseline
order_0006475,1,digital_wallet,1,54.99,baseline
order_0006476,1,credit_card,1,31.91,baseline
order_0006477,1,credit_card,2,31.27,baseline
order_0006477,2,digital_wallet,1,62.85,baseline
order_0006478,1,credit_card,2,116.79,baseline
order_0006479,1,bank_transfer,1,56.4,baseline
order_0006480,1,digital_wallet,1,137.44,baseline
order_0006481,1,credit_card,2,199.82,baseline
order_0006482,1,digital_wallet,1,192.55,baseline
order_0006483,1,credit_card,2,92.59,baseline
order_0006484,1,credit_card,3,163.97,baseline
order_0006485,1,debit_card,1,40.28,baseline
order_0006486,1,digital_wallet,1,42.88,baseline
order_0006487,1,digital_wallet,1,35.34,baseline
order_0006488,1,credit_card,3,124.87,baseline
order_0006489,1,digital_wallet,1,166.72,baseline
order_0006490,1,credit_card,1,19.91,baseline
order_0006490,2,debit_card,1,38.33,baseline
order_0006491,1,digital_wallet,1,101.24,baseline
order_0006492,1,digital_wallet,1,242.38,baseline
order_0006493,1,debit_card,1,62.14,baseline
order_0006494,1,credit_card,1,127.63,baseline
order_0006495,1,digital_wallet,1,158.55,baseline
order_0006496,1,digital_wallet,1,149.93,baseline
order_0006497,1,debit_card,1,72.47,baseline
order_0006498,1,debit_card,1,57.19,baseline
order_0006499,1,credit_card,1,51.1,baseline
order_0006500,1,credit_card,2,88.26,baseline
order_0006501,1,digital_wallet,1,38.92,baseline
order_0006502,1,digital_wallet,1,120.2,baseline
order_0006503,1,credit_card,1,89.99,baseline
order_0006503,2,digital_wallet,1,261.71,baseline
order_0006504,1,credit_card,1,91.91,baseline
order_0006505,1,credit_card,2,48.58,baseline
order_0006505,2,debit_card,1,99.27,baseline
order_0006506,1,credit_card,1,40.38,baseline
order_0006506,2,debit_card,1,22.41,baseline
order_0006507,1,digital_wallet,1,57.09,baseline
order_0006508,1,digital_wallet,1,37.74,baseline
order_0006509,1,digital_wallet,1,61.39,baseline
order_0006510,1,debit_card,1,80.15,baseline
order_0006511,1,credit_card,2,86.09,baseline
order_0006512,1,digital_wallet,1,171.39,baseline
order_0006513,1,debit_card,1,205.44,baseline
order_0006514,1,credit_card,1,48.98,baseline
order_0006515,1,credit_card,4,153.31,baseline
order_0006516,1,debit_card,1,126.19,baseline
order_0006517,1,debit_card,1,47.1,baseline
order_0006518,1,credit_card,1,54.9,baseline
order_0006519,1,credit_card,1,24.35,baseline
order_0006520,1,digital_wallet,1,60.6,baseline
order_0006521,1,credit_card,3,175.17,baseline
order_0006522,1,bank_transfer,1,25.64,baseline
order_0006523,1,digital_wallet,1,64.93,baseline
order_0006524,1,credit_card,12,497.96,baseline
order_0006525,1,debit_card,1,161.19,baseline
order_0006526,1,digital_wallet,1,18.98,baseline
order_0006527,1,digital_wallet,1,117.62,baseline
order_0006528,1,credit_card,1,102.85,baseline
order_0006529,1,credit_card,2,83.74,baseline
order_0006530,1,credit_card,2,78.69,baseline
order_0006531,1,digital_wallet,1,366.4,baseline
order_0006532,1,digital_wallet,1,257.15,baseline
order_0006533,1,debit_card,1,182.91,baseline
order_0006533,2,gift_card,1,69.72,baseline
order_0006534,1,digital_wallet,1,178.88,baseline
order_0006535,1,credit_card,1,42.76,baseline
order_0006536,1,credit_card,2,202.0,baseline
order_0006537,1,digital_wallet,1,118.72,baseline
order_0006538,1,credit_card,1,59.31,baseline
order_0006539,1,credit_card,1,302.7,baseline
order_0006540,1,bank_transfer,1,68.27,baseline
order_0006541,1,credit_card,1,26.96,baseline
order_0006541,2,gift_card,1,88.53,baseline
order_0006542,1,digital_wallet,1,115.86,baseline
order_0006543,1,credit_card,2,160.81,baseline
order_0006544,1,credit_card,1,83.82,baseline
order_0006545,1,credit_card,5,197.54,baseline
order_0006546,1,debit_card,1,375.47,baseline
order_0006547,1,digital_wallet,1,34.26,baseline
order_0006548,1,credit_card,2,75.94,baseline
order_0006549,1,credit_card,8,376.92,baseline
order_0006550,1,debit_card,1,147.03,baseline
order_0006551,1,digital_wallet,1,219.4,baseline
order_0006552,1,credit_card,1,50.9,baseline
order_0006552,2,bank_transfer,1,18.87,baseline
order_0006553,1,credit_card,2,93.81,baseline
order_0006554,1,digital_wallet,1,65.26,baseline
order_0006555,1,credit_card,3,434.97,baseline
order_0006556,1,credit_card,8,530.92,baseline
order_0006557,1,credit_card,4,482.52,baseline
order_0006558,1,credit_card,5,209.52,baseline
order_0006559,1,digital_wallet,1,71.45,baseline
order_0006560,1,digital_wallet,1,353.22,baseline
order_0006561,1,debit_card,1,185.29,baseline
order_0006562,1,credit_card,4,164.39,baseline
order_0006563,1,debit_card,1,226.41,baseline
order_0006564,1,bank_transfer,1,24.81,baseline
order_0006564,2,credit_card,2,13.21,baseline
order_0006565,1,credit_card,2,96.32,baseline
order_0006566,1,digital_wallet,1,74.27,baseline
order_0006567,1,digital_wallet,1,75.8,baseline
order_0006568,1,credit_card,1,96.51,baseline
order_0006569,1,credit_card,5,262.39,baseline
order_0006570,1,bank_transfer,1,344.55,baseline
order_0006571,1,credit_card,1,148.77,baseline
order_0006572,1,digital_wallet,1,48.28,baseline
order_0006572,2,gift_card,1,58.94,baseline
order_0006573,1,credit_card,2,162.41,baseline
order_0006574,1,credit_card,2,37.97,baseline
order_0006575,1,credit_card,3,127.5,baseline
order_0006576,1,credit_card,1,112.63,baseline
order_0006577,1,debit_card,1,103.82,baseline
order_0006578,1,credit_card,2,101.21,baseline
order_0006579,1,credit_card,1,52.49,baseline
order_0006579,2,digital_wallet,1,38.49,baseline
order_0006580,1,debit_card,1,44.88,baseline
order_0006581,1,credit_card,5,252.05,baseline
order_0006582,1,credit_card,3,268.24,baseline
order_0006583,1,credit_card,1,117.15,baseline
order_0006584,1,credit_card,6,445.43,baseline
order_0006585,1,debit_card,1,95.41,baseline
order_0006586,1,credit_card,1,80.04,baseline
order_0006587,1,debit_card,1,26.57,baseline
order_0006588,1,digital_wallet,1,62.72,baseline
order_0006588,2,credit_card,2,99.74,baseline
order_0006589,1,credit_card,5,210.58,baseline
order_0006590,1,credit_card,2,44.26,baseline
order_0006591,1,credit_card,3,127.38,baseline
order_0006592,1,credit_card,1,44.7,baseline
order_0006593,1,debit_card,1,41.04,baseline
order_0006594,1,credit_card,4,231.27,baseline
order_0006595,1,credit_card,1,176.1,baseline
order_0006596,1,bank_transfer,1,198.25,baseline
order_0006597,1,gift_card,1,109.19,baseline
order_0006598,1,bank_transfer,1,113.94,baseline
order_0006599,1,digital_wallet,1,73.13,baseline
order_0006600,1,credit_card,1,48.96,baseline
order_0006600,2,digital_wallet,1,65.88,baseline
order_0006601,1,credit_card,1,88.02,baseline
order_0006601,2,digital_wallet,1,69.58,baseline
order_0006602,1,digital_wallet,1,348.38,baseline
order_0006603,1,gift_card,1,245.85,baseline
order_0006604,1,debit_card,1,58.9,baseline
order_0006604,2,gift_card,1,130.6,baseline
order_0006605,1,credit_card,2,48.7,baseline
order_0006606,1,digital_wallet,1,130.13,baseline
order_0006607,1,bank_transfer,1,30.65,baseline
order_0006608,1,digital_wallet,1,69.6,baseline
order_0006609,1,digital_wallet,1,37.38,baseline
order_0006610,1,credit_card,1,67.01,baseline
order_0006611,1,credit_card,5,180.33,baseline
order_0006612,1,digital_wallet,1,35.19,baseline
order_0006613,1,credit_card,2,46.34,baseline
order_0006614,1,credit_card,3,123.92,baseline
order_0006615,1,credit_card,2,55.57,baseline
order_0006616,1,credit_card,1,172.53,baseline
order_0006617,1,gift_card,1,201.99,baseline
order_0006618,1,digital_wallet,1,102.25,baseline
order_0006619,1,bank_transfer,1,398.76,baseline
order_0006620,1,credit_card,2,126.82,baseline
order_0006621,1,credit_card,2,205.77,baseline
order_0006622,1,bank_transfer,1,91.19,baseline
order_0006623,1,debit_card,1,203.25,baseline
order_0006624,1,digital_wallet,1,108.85,baseline
order_0006625,1,digital_wallet,1,52.44,baseline
order_0006626,1,debit_card,1,52.03,baseline
order_0006627,1,debit_card,1,55.46,baseline
order_0006628,1,digital_wallet,1,51.67,baseline
order_0006628,2,credit_card,1,31.27,baseline
order_0006629,1,bank_transfer,1,42.4,baseline
order_0006630,1,credit_card,1,54.39,baseline
order_0006631,1,credit_card,2,36.49,baseline
order_0006632,1,credit_card,3,498.35,baseline
order_0006632,2,debit_card,1,260.85,baseline
order_0006633,1,credit_card,1,196.02,baseline
order_0006634,1,credit_card,1,75.66,baseline
order_0006635,1,digital_wallet,1,48.11,baseline
order_0006636,1,credit_card,1,110.4,baseline
order_0006637,1,digital_wallet,1,46.49,baseline
order_0006638,1,credit_card,7,369.73,baseline
order_0006639,1,digital_wallet,1,178.95,baseline
order_0006640,1,credit_card,2,47.42,baseline
order_0006641,1,debit_card,1,51.55,baseline
order_0006642,1,credit_card,1,75.63,baseline
order_0006643,1,credit_card,5,197.33,baseline
order_0006644,1,credit_card,1,50.93,baseline
order_0006645,1,credit_card,2,25.81,baseline
order_0006646,1,gift_card,1,362.0,baseline
order_0006647,1,digital_wallet,1,211.8,baseline
order_0006648,1,digital_wallet,1,17.47,baseline
order_0006648,2,debit_card,1,12.25,baseline
order_0006649,1,credit_card,2,117.9,baseline
order_0006650,1,digital_wallet,1,116.17,baseline
order_0006651,1,digital_wallet,1,283.19,baseline
order_0006652,1,digital_wallet,1,146.12,baseline
order_0006653,1,credit_card,1,124.23,baseline
order_0006654,1,debit_card,1,69.2,baseline
order_0006655,1,digital_wallet,1,29.92,baseline
order_0006655,2,credit_card,1,47.87,baseline
order_0006656,1,credit_card,2,92.06,baseline
order_0006657,1,credit_card,2,93.91,baseline
order_0006658,1,credit_card,2,49.15,baseline
order_0006659,1,gift_card,1,93.1,baseline
order_0006660,1,credit_card,4,146.69,baseline
order_0006661,1,debit_card,1,106.28,baseline
order_0006662,1,credit_card,2,149.0,baseline
order_0006663,1,bank_transfer,1,22.36,baseline
order_0006664,1,digital_wallet,1,594.13,baseline
order_0006665,1,debit_card,1,66.56,baseline
order_0006666,1,credit_card,2,34.07,baseline
order_0006667,1,bank_transfer,1,33.45,baseline
order_0006668,1,credit_card,1,89.82,baseline
order_0006669,1,gift_card,1,348.68,baseline
order_0006670,1,credit_card,1,39.66,baseline
order_0006670,2,debit_card,1,60.09,baseline
order_0006671,1,credit_card,5,190.66,baseline
order_0006672,1,gift_card,1,238.05,baseline
order_0006673,1,digital_wallet,1,237.64,baseline
order_0006674,1,credit_card,2,59.21,baseline
order_0006675,1,credit_card,2,111.46,baseline
order_0006676,1,debit_card,1,83.47,baseline
order_0006677,1,debit_card,1,303.75,baseline
order_0006678,1,debit_card,1,297.75,baseline
order_0006679,1,digital_wallet,1,154.6,baseline
order_0006680,1,credit_card,1,55.36,baseline
order_0006681,1,credit_card,11,517.96,baseline
order_0006682,1,debit_card,1,48.63,baseline
order_0006683,1,credit_card,2,14.25,baseline
order_0006684,1,digital_wallet,1,659.77,baseline
order_0006685,1,credit_card,1,85.02,baseline
order_0006686,1,credit_card,1,39.08,baseline
order_0006687,1,credit_card,1,56.07,baseline
order_0006688,1,bank_transfer,1,95.87,baseline
order_0006689,1,bank_transfer,1,95.82,baseline
order_0006690,1,credit_card,3,112.73,baseline
order_0006690,2,debit_card,1,44.23,baseline
order_0006691,1,credit_card,1,332.75,baseline
order_0006692,1,digital_wallet,1,69.6,baseline
order_0006693,1,digital_wallet,1,37.73,baseline
order_0006694,1,credit_card,1,20.01,baseline
order_0006695,1,debit_card,1,74.91,baseline
order_0006696,1,credit_card,5,242.49,baseline
order_0006697,1,digital_wallet,1,189.05,baseline
order_0006698,1,credit_card,3,199.34,baseline
order_0006699,1,credit_card,1,51.45,baseline
order_0006700,1,credit_card,1,22.54,baseline
order_0006701,1,bank_transfer,1,59.2,baseline
order_0006702,1,digital_wallet,1,297.29,baseline
order_0006703,1,debit_card,1,342.3,baseline
order_0006704,1,credit_card,3,143.1,baseline
order_0006705,1,credit_card,1,98.15,baseline
order_0006706,1,digital_wallet,1,35.77,baseline
order_0006707,1,credit_card,1,82.99,baseline
order_0006708,1,digital_wallet,1,217.13,baseline
order_0006709,1,credit_card,4,160.05,baseline
order_0006710,1,credit_card,8,536.7,baseline
order_0006711,1,debit_card,1,104.09,baseline
order_0006712,1,digital_wallet,1,496.47,baseline
order_0006713,1,digital_wallet,1,27.06,baseline
order_0006713,2,credit_card,2,59.46,baseline
order_0006714,1,credit_card,1,77.58,baseline
order_0006715,1,digital_wallet,1,85.45,baseline
order_0006716,1,digital_wallet,1,34.16,baseline
order_0006717,1,digital_wallet,1,317.41,baseline
order_0006718,1,credit_card,4,172.83,baseline
order_0006719,1,digital_wallet,1,40.53,baseline
order_0006720,1,debit_card,1,35.25,baseline
order_0006721,1,digital_wallet,1,75.09,baseline
order_0006721,2,credit_card,1,262.85,baseline
order_0006722,1,digital_wallet,1,109.68,baseline
order_0006723,1,gift_card,1,58.97,baseline
order_0006724,1,digital_wallet,1,152.77,baseline
order_0006725,1,bank_transfer,1,179.29,baseline
order_0006726,1,credit_card,2,113.91,baseline
order_0006727,1,digital_wallet,1,148.37,baseline
order_0006728,1,credit_card,2,234.37,baseline
order_0006729,1,debit_card,1,545.62,baseline
order_0006730,1,debit_card,1,183.68,baseline
order_0006731,1,credit_card,6,220.2,baseline
order_0006732,1,digital_wallet,1,132.36,baseline
order_0006733,1,credit_card,5,234.03,baseline
order_0006734,1,digital_wallet,1,141.85,baseline
order_0006735,1,digital_wallet,1,212.93,baseline
order_0006735,2,credit_card,2,104.0,baseline
order_0006736,1,credit_card,2,48.98,baseline
order_0006737,1,debit_card,1,39.41,baseline
order_0006738,1,credit_card,1,55.32,baseline
order_0006739,1,digital_wallet,1,111.02,baseline
order_0006740,1,debit_card,1,127.51,baseline
order_0006741,1,credit_card,5,196.71,baseline
order_0006742,1,bank_transfer,1,97.44,baseline
order_0006743,1,debit_card,1,93.62,baseline
order_0006744,1,debit_card,1,303.41,baseline
order_0006745,1,credit_card,2,54.61,baseline
order_0006746,1,credit_card,1,134.51,baseline
order_0006746,2,debit_card,1,126.53,baseline
order_0006747,1,credit_card,1,47.57,baseline
order_0006747,2,digital_wallet,1,44.64,baseline
order_0006748,1,bank_transfer,1,38.73,baseline
order_0006749,1,digital_wallet,1,95.19,baseline
order_0006750,1,credit_card,3,193.56,baseline
order_0006751,1,debit_card,1,79.33,baseline
order_0006751,2,digital_wallet,1,237.11,baseline
order_0006752,1,debit_card,1,82.0,baseline
order_0006753,1,digital_wallet,1,226.02,baseline
order_0006754,1,digital_wallet,1,71.0,baseline
order_0006755,1,digital_wallet,1,49.75,baseline
order_0006756,1,credit_card,2,215.04,baseline
order_0006757,1,credit_card,1,43.29,baseline
order_0006758,1,credit_card,1,136.82,baseline
order_0006759,1,credit_card,1,29.37,baseline
order_0006759,2,digital_wallet,1,65.3,baseline
order_0006760,1,credit_card,6,421.52,baseline
order_0006761,1,debit_card,1,84.72,baseline
order_0006762,1,digital_wallet,1,117.96,baseline
order_0006763,1,debit_card,1,667.22,baseline
order_0006764,1,credit_card,2,29.18,baseline
order_0006764,2,digital_wallet,1,21.07,baseline
order_0006765,1,credit_card,1,81.95,baseline
order_0006766,1,credit_card,1,83.39,baseline
order_0006766,2,gift_card,1,108.63,baseline
order_0006767,1,bank_transfer,1,67.03,baseline
order_0006768,1,credit_card,4,224.99,baseline
order_0006769,1,credit_card,2,172.69,baseline
order_0006770,1,digital_wallet,1,225.78,baseline
order_0006771,1,digital_wallet,1,149.45,baseline
order_0006772,1,credit_card,3,491.42,baseline
order_0006773,1,digital_wallet,1,131.01,baseline
order_0006774,1,credit_card,1,65.89,baseline
order_0006775,1,digital_wallet,1,60.81,baseline
order_0006776,1,credit_card,1,106.28,baseline
order_0006777,1,credit_card,7,315.2,baseline
order_0006778,1,credit_card,1,21.45,baseline
order_0006779,1,gift_card,1,115.02,baseline
order_0006780,1,digital_wallet,1,317.33,baseline
order_0006781,1,bank_transfer,1,167.81,baseline
order_0006782,1,credit_card,9,1006.53,baseline
order_0006783,1,credit_card,1,32.33,baseline
order_0006784,1,digital_wallet,1,49.09,baseline
order_0006785,1,credit_card,2,36.39,baseline
order_0006786,1,digital_wallet,1,222.36,baseline
order_0006787,1,digital_wallet,1,336.78,baseline
order_0006788,1,credit_card,2,99.74,baseline
order_0006789,1,debit_card,1,637.19,baseline
order_0006790,1,debit_card,1,224.39,baseline
order_0006791,1,digital_wallet,1,61.88,baseline
order_0006792,1,credit_card,10,388.13,baseline
order_0006793,1,bank_transfer,1,312.27,baseline
order_0006794,1,bank_transfer,1,286.68,baseline
order_0006795,1,credit_card,2,54.26,baseline
order_0006796,1,credit_card,2,36.9,baseline
order_0006797,1,digital_wallet,1,96.38,baseline
order_0006797,2,bank_transfer,1,67.62,baseline
order_0006798,1,bank_transfer,1,329.32,baseline
order_0006799,1,credit_card,1,32.43,baseline
order_0006799,2,gift_card,1,54.65,baseline
order_0006800,1,debit_card,1,283.27,baseline
order_0006801,1,credit_card,3,146.35,baseline
order_0006802,1,credit_card,2,117.31,baseline
order_0006803,1,bank_transfer,1,173.51,baseline
order_0006804,1,credit_card,2,24.94,baseline
order_0006805,1,digital_wallet,1,118.29,baseline
order_0006806,1,bank_transfer,1,50.72,baseline
order_0006807,1,credit_card,1,141.86,baseline
order_0006808,1,credit_card,2,44.53,baseline
order_0006809,1,credit_card,1,368.31,baseline
order_0006810,1,digital_wallet,1,154.0,baseline
order_0006811,1,bank_transfer,1,144.34,baseline
order_0006812,1,bank_transfer,1,192.89,baseline
order_0006813,1,digital_wallet,1,103.73,baseline
order_0006814,1,credit_card,2,57.83,baseline
order_0006815,1,gift_card,1,170.82,baseline
order_0006816,1,credit_card,3,388.09,baseline
order_0006817,1,credit_card,1,80.19,baseline
order_0006818,1,credit_card,2,81.64,baseline
order_0006819,1,digital_wallet,1,146.64,baseline
order_0006820,1,bank_transfer,1,61.0,baseline
order_0006821,1,credit_card,1,51.0,baseline
order_0006822,1,debit_card,1,133.72,baseline
order_0006823,1,credit_card,1,37.1,baseline
order_0006824,1,gift_card,1,42.08,baseline
order_0006825,1,credit_card,1,95.07,baseline
order_0006826,1,credit_card,1,80.77,baseline
order_0006827,1,digital_wallet,1,26.45,baseline
order_0006827,2,credit_card,2,36.53,baseline
order_0006828,1,credit_card,4,256.53,baseline
order_0006829,1,credit_card,1,212.6,baseline
order_0006830,1,credit_card,1,56.42,baseline
order_0006830,2,digital_wallet,1,66.59,baseline
order_0006831,1,credit_card,6,289.37,baseline
order_0006832,1,credit_card,2,43.06,baseline
order_0006833,1,credit_card,1,42.48,baseline
order_0006833,2,digital_wallet,1,51.39,baseline
order_0006834,1,digital_wallet,1,30.98,baseline
order_0006835,1,debit_card,1,289.7,baseline
order_0006836,1,credit_card,1,84.42,baseline
order_0006837,1,digital_wallet,1,320.79,baseline
order_0006838,1,bank_transfer,1,185.84,baseline
order_0006839,1,credit_card,2,181.72,baseline
order_0006840,1,debit_card,1,69.85,baseline
order_0006841,1,digital_wallet,1,37.32,baseline
order_0006842,1,credit_card,2,22.52,baseline
order_0006843,1,digital_wallet,1,95.51,baseline
order_0006844,1,digital_wallet,1,154.34,baseline
order_0006845,1,debit_card,1,247.3,baseline
order_0006846,1,credit_card,1,88.62,baseline
order_0006847,1,bank_transfer,1,496.65,baseline
order_0006848,1,digital_wallet,1,231.84,baseline
order_0006849,1,credit_card,2,35.14,baseline
order_0006850,1,debit_card,1,153.38,baseline
order_0006851,1,debit_card,1,148.07,baseline
order_0006852,1,digital_wallet,1,46.86,baseline
order_0006853,1,credit_card,1,18.12,baseline
order_0006853,2,digital_wallet,1,72.28,baseline
order_0006854,1,bank_transfer,1,249.31,baseline
order_0006855,1,credit_card,1,129.18,baseline
order_0006856,1,bank_transfer,1,233.98,baseline
order_0006857,1,credit_card,2,72.81,baseline
order_0006858,1,credit_card,1,31.56,baseline
order_0006859,1,digital_wallet,1,230.85,baseline
order_0006860,1,debit_card,1,63.98,baseline
order_0006861,1,digital_wallet,1,103.52,baseline
order_0006862,1,credit_card,2,219.03,baseline
order_0006863,1,digital_wallet,1,243.08,baseline
order_0006864,1,bank_transfer,1,245.58,baseline
order_0006865,1,digital_wallet,1,44.87,baseline
order_0006866,1,debit_card,1,55.38,baseline
order_0006867,1,credit_card,4,164.2,baseline
order_0006868,1,credit_card,7,320.26,baseline
order_0006869,1,debit_card,1,127.17,baseline
order_0006870,1,digital_wallet,1,531.98,baseline
order_0006871,1,debit_card,1,439.51,baseline
order_0006872,1,debit_card,1,592.33,baseline
order_0006873,1,credit_card,2,47.63,baseline
order_0006874,1,credit_card,3,345.98,baseline
order_0006875,1,credit_card,1,175.83,baseline
order_0006876,1,credit_card,1,42.08,baseline
order_0006877,1,credit_card,2,25.44,baseline
order_0006878,1,credit_card,1,8.6,baseline
order_0006878,2,debit_card,1,24.07,baseline
order_0006879,1,credit_card,2,66.99,baseline
order_0006880,1,credit_card,1,88.11,baseline
order_0006881,1,debit_card,1,450.21,baseline
order_0006882,1,credit_card,7,361.58,baseline
order_0006883,1,credit_card,2,88.15,baseline
order_0006884,1,digital_wallet,1,103.27,baseline
order_0006885,1,credit_card,1,87.14,baseline
order_0006886,1,credit_card,1,133.61,baseline
order_0006887,1,digital_wallet,1,247.34,baseline
order_0006888,1,digital_wallet,1,375.79,baseline
order_0006889,1,digital_wallet,1,39.43,baseline
order_0006890,1,credit_card,2,68.23,baseline
order_0006891,1,debit_card,1,269.6,baseline
order_0006892,1,digital_wallet,1,113.9,baseline
order_0006893,1,digital_wallet,1,208.32,baseline
order_0006894,1,credit_card,6,278.77,baseline
order_0006895,1,digital_wallet,1,73.11,baseline
order_0006896,1,debit_card,1,210.74,baseline
order_0006897,1,debit_card,1,73.71,baseline
order_0006898,1,credit_card,2,251.82,baseline
order_0006899,1,credit_card,1,274.9,baseline
order_0006900,1,digital_wallet,1,409.87,baseline
order_0006901,1,credit_card,2,116.15,baseline
order_0006902,1,debit_card,1,253.58,baseline
order_0006903,1,bank_transfer,1,16.09,baseline
order_0006904,1,credit_card,2,57.61,baseline
order_0006905,1,digital_wallet,1,34.14,baseline
order_0006906,1,credit_card,1,133.5,baseline
order_0006907,1,digital_wallet,1,115.46,baseline
order_0006908,1,digital_wallet,1,358.67,baseline
order_0006909,1,digital_wallet,1,77.18,baseline
order_0006910,1,bank_transfer,1,304.93,baseline
order_0006911,1,digital_wallet,1,108.47,baseline
order_0006911,2,gift_card,1,293.51,baseline
order_0006912,1,digital_wallet,1,127.1,baseline
order_0006913,1,credit_card,1,82.76,baseline
order_0006914,1,credit_card,2,69.87,baseline
order_0006915,1,credit_card,2,74.9,baseline
order_0006916,1,bank_transfer,1,82.93,baseline
order_0006917,1,digital_wallet,1,70.4,baseline
order_0006918,1,credit_card,1,128.2,baseline
order_0006919,1,credit_card,5,362.05,baseline
order_0006920,1,credit_card,6,249.72,baseline
order_0006921,1,bank_transfer,1,169.88,baseline
order_0006922,1,gift_card,1,188.85,baseline
order_0006923,1,credit_card,2,52.0,baseline
order_0006924,1,credit_card,3,107.01,baseline
order_0006925,1,bank_transfer,1,230.29,baseline
order_0006926,1,digital_wallet,1,26.42,baseline
order_0006927,1,credit_card,7,399.81,baseline
order_0006928,1,gift_card,1,149.14,baseline
order_0006929,1,digital_wallet,1,159.28,baseline
order_0006930,1,bank_transfer,1,49.1,baseline
order_0006931,1,bank_transfer,1,88.57,baseline
order_0006932,1,debit_card,1,107.06,baseline
order_0006933,1,credit_card,7,338.79,baseline
order_0006934,1,credit_card,2,179.37,baseline
order_0006935,1,debit_card,1,37.12,baseline
order_0006936,1,credit_card,1,30.18,baseline
order_0006937,1,credit_card,1,39.9,baseline
order_0006938,1,debit_card,1,233.23,baseline
order_0006939,1,credit_card,1,64.51,baseline
order_0006940,1,credit_card,1,348.06,baseline
order_0006941,1,bank_transfer,1,172.76,baseline
order_0006942,1,digital_wallet,1,40.59,baseline
order_0006943,1,credit_card,1,115.06,baseline
order_0006944,1,digital_wallet,1,398.74,baseline
order_0006945,1,credit_card,4,319.53,baseline
order_0006946,1,credit_card,2,120.17,baseline
order_0006947,1,debit_card,1,11.31,baseline
order_0006947,2,digital_wallet,1,42.03,baseline
order_0006948,1,credit_card,2,405.55,baseline
order_0006949,1,credit_card,4,241.98,baseline
order_0006950,1,credit_card,4,239.85,baseline
order_0006951,1,digital_wallet,1,137.15,baseline
order_0006952,1,credit_card,2,38.71,baseline
order_0006953,1,credit_card,3,137.36,baseline
order_0006954,1,digital_wallet,1,57.99,baseline
order_0006955,1,digital_wallet,1,27.51,baseline
order_0006956,1,debit_card,1,107.02,baseline
order_0006957,1,credit_card,1,80.43,baseline
order_0006958,1,credit_card,4,167.31,baseline
order_0006959,1,gift_card,1,47.0,baseline
order_0006960,1,bank_transfer,1,315.66,baseline
order_0006961,1,digital_wallet,1,180.42,baseline
order_0006962,1,debit_card,1,53.9,baseline
order_0006962,2,credit_card,1,81.48,baseline
order_0006963,1,digital_wallet,1,551.56,baseline
order_0006964,1,credit_card,2,103.25,baseline
order_0006965,1,debit_card,1,301.18,baseline
order_0006966,1,credit_card,1,92.17,baseline
order_0006967,1,credit_card,4,198.7,baseline
order_0006968,1,digital_wallet,1,67.38,baseline
order_0006969,1,credit_card,2,102.65,baseline
order_0006970,1,credit_card,9,548.24,baseline
order_0006971,1,credit_card,1,32.36,baseline
order_0006972,1,debit_card,1,21.43,baseline
order_0006973,1,digital_wallet,1,255.18,baseline
order_0006974,1,digital_wallet,1,109.97,baseline
order_0006975,1,credit_card,1,44.27,baseline
order_0006976,1,credit_card,1,129.97,baseline
order_0006977,1,credit_card,5,187.42,baseline
order_0006978,1,digital_wallet,1,49.6,baseline
order_0006979,1,digital_wallet,1,68.78,baseline
order_0006980,1,digital_wallet,1,69.67,baseline
order_0006981,1,credit_card,3,107.01,baseline
order_0006982,1,debit_card,1,577.63,baseline
order_0006983,1,credit_card,2,270.46,baseline
order_0006984,1,digital_wallet,1,46.82,baseline
order_0006985,1,credit_card,1,37.03,baseline
order_0006986,1,credit_card,2,90.68,baseline
order_0006987,1,debit_card,1,15.69,baseline
order_0006987,2,credit_card,2,29.56,baseline
order_0006988,1,digital_wallet,1,77.89,baseline
order_0006989,1,debit_card,1,42.51,baseline
order_0006990,1,bank_transfer,1,45.3,baseline
order_0006990,2,debit_card,1,171.85,baseline
order_0006991,1,credit_card,2,294.38,baseline
order_0006992,1,credit_card,2,47.97,baseline
order_0006993,1,digital_wallet,1,64.5,baseline
order_0006993,2,credit_card,1,52.36,baseline
order_0006994,1,credit_card,2,79.09,baseline
order_0006995,1,credit_card,2,49.73,baseline
order_0006996,1,debit_card,1,27.59,baseline
order_0006997,1,credit_card,3,108.75,baseline
order_0006998,1,credit_card,2,424.81,baseline
order_0006999,1,credit_card,1,29.38,baseline
order_0006999,2,debit_card,1,23.56,baseline
order_0007000,1,credit_card,4,162.52,baseline
order_0007001,1,digital_wallet,1,43.53,baseline
order_0007002,1,digital_wallet,1,83.16,baseline
order_0007003,1,gift_card,1,87.3,baseline
order_0007004,1,credit_card,1,84.68,baseline
order_0007005,1,bank_transfer,1,140.63,baseline
order_0007006,1,credit_card,1,817.68,baseline
order_0007007,1,debit_card,1,136.13,baseline
order_0007008,1,credit_card,2,40.68,baseline
order_0007009,1,credit_card,1,99.83,baseline
order_0007009,2,digital_wallet,1,367.0,baseline
order_0007010,1,bank_transfer,1,50.66,baseline
order_0007011,1,digital_wallet,1,161.61,baseline
order_0007012,1,credit_card,3,171.97,baseline
order_0007013,1,credit_card,2,342.3,baseline
order_0007014,1,credit_card,2,57.89,baseline
order_0007015,1,credit_card,1,33.99,baseline
order_0007015,2,debit_card,1,22.27,baseline
order_0007016,1,digital_wallet,1,74.02,baseline
order_0007017,1,digital_wallet,1,43.64,baseline
order_0007018,1,digital_wallet,1,112.43,baseline
order_0007019,1,bank_transfer,1,143.0,baseline
order_0007020,1,credit_card,1,99.69,baseline
order_0007021,1,credit_card,2,78.99,baseline
order_0007022,1,credit_card,2,173.07,baseline
order_0007023,1,credit_card,8,393.72,baseline
order_0007024,1,digital_wallet,1,67.62,baseline
order_0007025,1,digital_wallet,1,85.75,baseline
order_0007026,1,credit_card,2,46.59,baseline
order_0007027,1,debit_card,1,45.97,baseline
order_0007028,1,digital_wallet,1,339.58,baseline
order_0007029,1,credit_card,1,41.52,baseline
order_0007030,1,credit_card,2,294.87,baseline
order_0007031,1,credit_card,1,58.48,baseline
order_0007032,1,digital_wallet,1,32.42,baseline
order_0007033,1,digital_wallet,1,44.22,baseline
order_0007034,1,credit_card,2,78.21,baseline
order_0007035,1,credit_card,5,404.4,baseline
order_0007035,2,debit_card,1,465.55,baseline
order_0007036,1,credit_card,2,198.63,baseline
order_0007037,1,credit_card,2,127.2,baseline
order_0007038,1,gift_card,1,199.65,baseline
order_0007039,1,bank_transfer,1,46.49,baseline
order_0007040,1,digital_wallet,1,169.65,baseline
order_0007041,1,credit_card,3,170.07,baseline
order_0007042,1,credit_card,10,462.96,baseline
order_0007043,1,credit_card,7,301.73,baseline
order_0007044,1,credit_card,3,439.86,baseline
order_0007045,1,digital_wallet,1,89.44,baseline
order_0007046,1,debit_card,1,102.0,baseline
order_0007047,1,digital_wallet,1,12.65,baseline
order_0007047,2,bank_transfer,1,42.04,baseline
order_0007048,1,debit_card,1,81.65,baseline
order_0007049,1,digital_wallet,1,176.72,baseline
order_0007050,1,digital_wallet,1,176.96,baseline
order_0007051,1,digital_wallet,1,58.91,baseline
order_0007052,1,credit_card,3,189.12,baseline
order_0007053,1,digital_wallet,1,94.44,baseline
order_0007053,2,credit_card,1,65.14,baseline
order_0007054,1,debit_card,1,156.9,baseline
order_0007055,1,gift_card,1,19.88,baseline
order_0007056,1,debit_card,1,65.57,baseline
order_0007057,1,bank_transfer,1,33.53,baseline
order_0007058,1,digital_wallet,1,104.13,baseline
order_0007059,1,debit_card,1,221.99,baseline
order_0007060,1,debit_card,1,31.28,baseline
order_0007061,1,credit_card,1,62.13,baseline
order_0007061,2,digital_wallet,1,45.96,baseline
order_0007062,1,credit_card,6,241.06,baseline
order_0007063,1,digital_wallet,1,55.15,baseline
order_0007064,1,credit_card,1,40.97,baseline
order_0007064,2,debit_card,1,28.47,baseline
order_0007065,1,credit_card,2,25.5,baseline
order_0007066,1,digital_wallet,1,68.5,baseline
order_0007067,1,debit_card,1,242.91,baseline
order_0007068,1,digital_wallet,1,348.77,baseline
order_0007069,1,digital_wallet,1,160.55,baseline
order_0007070,1,digital_wallet,1,314.84,baseline
order_0007071,1,digital_wallet,1,65.1,baseline
order_0007072,1,credit_card,6,423.31,baseline
order_0007073,1,credit_card,1,84.13,baseline
order_0007074,1,debit_card,1,43.76,baseline
order_0007075,1,debit_card,1,154.46,baseline
order_0007076,1,bank_transfer,1,48.58,baseline
order_0007077,1,credit_card,2,229.16,baseline
order_0007078,1,digital_wallet,1,40.58,baseline
order_0007079,1,credit_card,1,45.81,baseline
order_0007080,1,debit_card,1,98.55,baseline
order_0007081,1,credit_card,1,744.68,baseline
order_0007082,1,debit_card,1,361.66,baseline
order_0007083,1,credit_card,3,154.01,baseline
order_0007084,1,credit_card,1,165.16,baseline
order_0007085,1,credit_card,1,91.9,baseline
order_0007086,1,credit_card,3,238.25,baseline
order_0007087,1,credit_card,8,632.82,baseline
order_0007088,1,debit_card,1,131.13,baseline
order_0007089,1,digital_wallet,1,38.18,baseline
order_0007090,1,digital_wallet,1,274.61,baseline
order_0007091,1,credit_card,1,50.93,baseline
order_0007092,1,digital_wallet,1,161.19,baseline
order_0007093,1,debit_card,1,29.75,baseline
order_0007094,1,credit_card,1,70.88,baseline
order_0007094,2,bank_transfer,1,77.11,baseline
order_0007095,1,digital_wallet,1,30.74,baseline
order_0007096,1,bank_transfer,1,93.34,baseline
order_0007096,2,credit_card,2,68.44,baseline
order_0007097,1,credit_card,3,106.08,baseline
order_0007098,1,digital_wallet,1,305.88,baseline
order_0007099,1,credit_card,1,37.83,baseline
order_0007100,1,credit_card,1,201.9,baseline
order_0007101,1,digital_wallet,1,90.2,baseline
order_0007102,1,debit_card,1,225.95,baseline
order_0007103,1,credit_card,1,54.67,baseline
order_0007104,1,credit_card,1,113.8,baseline
order_0007105,1,credit_card,7,305.95,baseline
order_0007106,1,credit_card,1,99.18,baseline
order_0007106,2,digital_wallet,1,216.84,baseline
order_0007107,1,credit_card,2,156.17,baseline
order_0007108,1,gift_card,1,178.52,baseline
order_0007109,1,bank_transfer,1,73.22,baseline
order_0007110,1,digital_wallet,1,197.39,baseline
order_0007111,1,credit_card,2,64.07,baseline
order_0007111,2,debit_card,1,144.93,baseline
order_0007112,1,credit_card,2,148.96,baseline
order_0007113,1,credit_card,3,182.72,baseline
order_0007114,1,credit_card,1,58.84,baseline
order_0007114,2,debit_card,1,98.16,baseline
order_0007115,1,digital_wallet,1,141.45,baseline
order_0007116,1,digital_wallet,1,34.45,baseline
order_0007117,1,credit_card,2,213.61,baseline
order_0007118,1,digital_wallet,1,88.71,baseline
order_0007119,1,debit_card,1,120.76,baseline
order_0007120,1,credit_card,2,78.32,baseline
order_0007121,1,credit_card,2,177.41,baseline
order_0007122,1,debit_card,1,19.03,baseline
order_0007122,2,credit_card,1,19.59,baseline
order_0007123,1,debit_card,1,336.68,baseline
order_0007124,1,credit_card,3,111.36,baseline
order_0007124,2,digital_wallet,1,80.08,baseline
order_0007125,1,credit_card,3,100.37,baseline
order_0007126,1,digital_wallet,1,120.89,baseline
order_0007127,1,digital_wallet,1,160.74,baseline
order_0007128,1,digital_wallet,1,69.28,baseline
order_0007129,1,credit_card,4,146.57,baseline
order_0007130,1,credit_card,2,185.27,baseline
order_0007131,1,debit_card,1,37.99,baseline
order_0007132,1,credit_card,1,45.46,baseline
order_0007133,1,credit_card,1,31.06,baseline
order_0007134,1,credit_card,1,15.24,baseline
order_0007134,2,digital_wallet,1,26.75,baseline
order_0007135,1,gift_card,1,46.81,baseline
order_0007136,1,bank_transfer,1,31.71,baseline
order_0007137,1,credit_card,1,28.69,baseline
order_0007137,2,gift_card,1,60.89,baseline
order_0007138,1,bank_transfer,1,81.98,baseline
order_0007139,1,gift_card,1,126.62,baseline
order_0007140,1,bank_transfer,1,185.38,baseline
order_0007141,1,credit_card,3,339.42,baseline
order_0007142,1,credit_card,7,968.87,baseline
order_0007143,1,debit_card,1,164.08,baseline
order_0007144,1,credit_card,3,142.95,baseline
order_0007145,1,gift_card,1,57.43,baseline
order_0007146,1,credit_card,1,64.99,baseline
order_0007147,1,digital_wallet,1,177.0,baseline
order_0007148,1,digital_wallet,1,51.7,baseline
order_0007149,1,credit_card,1,22.54,baseline
order_0007149,2,gift_card,1,75.42,baseline
order_0007150,1,bank_transfer,1,49.93,baseline
order_0007151,1,digital_wallet,1,79.58,baseline
order_0007152,1,credit_card,2,108.94,baseline
order_0007153,1,credit_card,2,72.63,baseline
order_0007154,1,bank_transfer,1,669.44,baseline
order_0007155,1,credit_card,1,125.24,baseline
order_0007156,1,credit_card,2,393.94,baseline
order_0007157,1,credit_card,1,34.33,baseline
order_0007158,1,digital_wallet,1,222.03,baseline
order_0007159,1,digital_wallet,1,270.9,baseline
order_0007160,1,credit_card,1,46.92,baseline
order_0007161,1,credit_card,1,67.02,baseline
order_0007162,1,digital_wallet,1,35.17,baseline
order_0007163,1,bank_transfer,1,104.4,baseline
order_0007164,1,gift_card,1,141.39,baseline
order_0007165,1,credit_card,2,97.67,baseline
order_0007165,2,digital_wallet,1,75.61,baseline
order_0007166,1,digital_wallet,1,139.92,baseline
order_0007167,1,credit_card,1,55.08,baseline
order_0007168,1,credit_card,2,48.27,baseline
order_0007169,1,bank_transfer,1,28.7,baseline
order_0007170,1,debit_card,1,113.45,baseline
order_0007171,1,debit_card,1,59.5,baseline
order_0007172,1,credit_card,6,280.58,baseline
order_0007173,1,credit_card,4,258.67,baseline
order_0007174,1,digital_wallet,1,52.2,baseline
order_0007175,1,credit_card,4,155.52,baseline
order_0007176,1,credit_card,1,60.12,baseline
order_0007177,1,credit_card,1,70.48,baseline
order_0007178,1,credit_card,3,161.59,baseline
order_0007179,1,gift_card,1,52.53,baseline
order_0007180,1,digital_wallet,1,365.05,baseline
order_0007181,1,credit_card,3,290.24,baseline
order_0007182,1,digital_wallet,1,150.22,baseline
order_0007183,1,digital_wallet,1,112.03,baseline
order_0007184,1,digital_wallet,1,52.83,baseline
order_0007185,1,credit_card,1,100.52,baseline
order_0007186,1,credit_card,12,620.29,baseline
order_0007187,1,digital_wallet,1,422.93,baseline
order_0007188,1,debit_card,1,49.83,baseline
order_0007189,1,credit_card,2,91.38,baseline
order_0007190,1,debit_card,1,151.26,baseline
order_0007191,1,credit_card,1,31.18,baseline
order_0007192,1,credit_card,2,48.11,baseline
order_0007193,1,debit_card,1,21.39,baseline
order_0007194,1,digital_wallet,1,329.71,baseline
order_0007195,1,credit_card,1,41.42,baseline
order_0007196,1,bank_transfer,1,311.29,baseline
order_0007197,1,credit_card,2,212.14,baseline
order_0007198,1,debit_card,1,368.59,baseline
order_0007199,1,digital_wallet,1,206.44,baseline
order_0007200,1,debit_card,1,151.25,baseline
order_0007201,1,credit_card,3,145.82,baseline
order_0007202,1,bank_transfer,1,139.43,baseline
order_0007203,1,debit_card,1,68.67,baseline
order_0007204,1,credit_card,1,175.41,baseline
order_0007205,1,credit_card,7,367.51,baseline
order_0007206,1,debit_card,1,93.32,baseline
order_0007207,1,digital_wallet,1,203.63,baseline
order_0007208,1,credit_card,4,332.39,baseline
order_0007209,1,credit_card,3,263.88,baseline
order_0007210,1,credit_card,11,491.02,baseline
order_0007211,1,digital_wallet,1,144.73,baseline
order_0007212,1,credit_card,7,377.38,baseline
order_0007213,1,credit_card,2,54.19,baseline
order_0007214,1,credit_card,2,51.01,baseline
order_0007215,1,debit_card,1,39.55,baseline
order_0007216,1,credit_card,1,27.81,baseline
order_0007217,1,digital_wallet,1,40.34,baseline
order_0007218,1,credit_card,3,257.58,baseline
order_0007219,1,digital_wallet,1,62.94,baseline
order_0007220,1,digital_wallet,1,329.14,baseline
order_0007221,1,debit_card,1,28.16,baseline
order_0007222,1,credit_card,1,131.22,baseline
order_0007222,2,digital_wallet,1,286.72,baseline
order_0007223,1,bank_transfer,1,53.02,baseline
order_0007224,1,credit_card,1,108.71,baseline
order_0007225,1,debit_card,1,382.01,baseline
order_0007226,1,digital_wallet,1,155.71,baseline
order_0007227,1,digital_wallet,1,234.11,baseline
order_0007228,1,credit_card,1,157.6,baseline
order_0007229,1,debit_card,1,216.12,baseline
order_0007230,1,bank_transfer,1,929.48,baseline
order_0007231,1,credit_card,2,79.59,baseline
order_0007232,1,debit_card,1,37.97,baseline
order_0007233,1,credit_card,1,69.85,baseline
order_0007234,1,credit_card,6,396.41,baseline
order_0007235,1,credit_card,1,53.36,baseline
order_0007236,1,digital_wallet,1,66.99,baseline
order_0007237,1,digital_wallet,1,298.9,baseline
order_0007238,1,credit_card,1,52.7,baseline
order_0007239,1,digital_wallet,1,66.01,baseline
order_0007240,1,digital_wallet,1,77.51,baseline
order_0007241,1,digital_wallet,1,149.3,baseline
order_0007242,1,debit_card,1,526.37,baseline
order_0007243,1,debit_card,1,152.33,baseline
order_0007244,1,credit_card,6,292.99,baseline
order_0007245,1,digital_wallet,1,23.97,baseline
order_0007245,2,credit_card,1,92.58,baseline
order_0007246,1,credit_card,2,45.44,baseline
order_0007247,1,credit_card,1,110.59,baseline
order_0007248,1,credit_card,1,96.55,baseline
order_0007249,1,credit_card,2,620.41,baseline
order_0007250,1,credit_card,1,86.5,baseline
order_0007251,1,credit_card,4,248.57,baseline
order_0007252,1,credit_card,2,527.28,baseline
order_0007253,1,digital_wallet,1,75.7,baseline
order_0007254,1,debit_card,1,224.16,baseline
order_0007255,1,credit_card,2,58.56,baseline
order_0007256,1,credit_card,5,206.63,baseline
order_0007257,1,digital_wallet,1,33.88,baseline
order_0007258,1,bank_transfer,1,405.16,baseline
order_0007259,1,credit_card,2,119.37,baseline
order_0007260,1,debit_card,1,25.78,baseline
order_0007261,1,credit_card,1,54.16,baseline
order_0007262,1,gift_card,1,190.44,baseline
order_0007263,1,digital_wallet,1,89.88,baseline
order_0007264,1,bank_transfer,1,69.08,baseline
order_0007264,2,credit_card,2,46.26,baseline
order_0007265,1,digital_wallet,1,36.12,baseline
order_0007266,1,credit_card,1,135.77,baseline
order_0007267,1,digital_wallet,1,26.33,baseline
order_0007268,1,credit_card,3,119.78,baseline
order_0007269,1,credit_card,4,140.66,baseline
order_0007270,1,gift_card,1,123.43,baseline
order_0007271,1,credit_card,1,116.15,baseline
order_0007271,2,bank_transfer,1,200.05,baseline
order_0007272,1,debit_card,1,39.73,baseline
order_0007273,1,credit_card,7,352.1,baseline
order_0007274,1,bank_transfer,1,49.13,baseline
order_0007274,2,gift_card,1,151.83,baseline
order_0007275,1,gift_card,1,373.77,baseline
order_0007276,1,digital_wallet,1,56.13,baseline
order_0007277,1,debit_card,1,125.17,baseline
order_0007278,1,debit_card,1,339.6,baseline
order_0007279,1,credit_card,6,232.85,baseline
order_0007280,1,debit_card,1,23.86,baseline
order_0007280,2,credit_card,2,61.67,baseline
order_0007281,1,credit_card,3,150.74,baseline
order_0007282,1,credit_card,1,75.61,baseline
order_0007283,1,credit_card,2,16.22,baseline
order_0007284,1,credit_card,1,69.13,baseline
order_0007285,1,debit_card,1,164.37,baseline
order_0007286,1,credit_card,7,413.9,baseline
order_0007287,1,credit_card,1,41.76,baseline
order_0007288,1,credit_card,5,527.66,baseline
order_0007289,1,debit_card,1,160.98,baseline
order_0007290,1,credit_card,1,114.24,baseline
order_0007291,1,digital_wallet,1,74.04,baseline
order_0007292,1,credit_card,3,114.96,baseline
order_0007293,1,digital_wallet,1,74.23,baseline
order_0007294,1,digital_wallet,1,602.94,baseline
order_0007295,1,digital_wallet,1,86.37,baseline
order_0007296,1,debit_card,1,410.45,baseline
order_0007297,1,credit_card,4,155.31,baseline
order_0007298,1,credit_card,2,366.54,baseline
order_0007299,1,credit_card,2,60.01,baseline
order_0007300,1,digital_wallet,1,48.23,baseline
order_0007301,1,digital_wallet,1,146.07,baseline
order_0007302,1,debit_card,1,231.08,baseline
order_0007303,1,bank_transfer,1,139.65,baseline
order_0007304,1,digital_wallet,1,768.3,baseline
order_0007305,1,credit_card,1,31.49,baseline
order_0007305,2,digital_wallet,1,22.24,baseline
order_0007306,1,credit_card,1,175.95,baseline
order_0007307,1,digital_wallet,1,160.44,baseline
order_0007308,1,digital_wallet,1,148.59,baseline
order_0007309,1,credit_card,3,134.64,baseline
order_0007310,1,credit_card,2,65.22,baseline
order_0007311,1,credit_card,1,60.91,baseline
order_0007312,1,credit_card,3,366.62,baseline
order_0007313,1,credit_card,6,224.71,baseline
order_0007314,1,bank_transfer,1,65.53,baseline
order_0007315,1,bank_transfer,1,206.92,baseline
order_0007316,1,credit_card,2,44.92,baseline
order_0007317,1,credit_card,1,68.58,baseline
order_0007318,1,debit_card,1,182.7,baseline
order_0007319,1,digital_wallet,1,426.12,baseline
order_0007320,1,debit_card,1,43.1,baseline
order_0007321,1,bank_transfer,1,50.49,baseline
order_0007322,1,digital_wallet,1,548.9,baseline
order_0007323,1,credit_card,2,69.22,baseline
order_0007324,1,debit_card,1,140.84,baseline
order_0007325,1,digital_wallet,1,244.51,baseline
order_0007326,1,digital_wallet,1,145.81,baseline
order_0007327,1,credit_card,1,42.6,baseline
order_0007328,1,credit_card,6,279.73,baseline
order_0007329,1,credit_card,1,74.71,baseline
order_0007330,1,credit_card,2,328.83,baseline
order_0007331,1,bank_transfer,1,140.89,baseline
order_0007332,1,credit_card,5,247.49,baseline
order_0007333,1,credit_card,2,166.23,baseline
order_0007334,1,credit_card,1,163.36,baseline
order_0007335,1,credit_card,1,113.55,baseline
order_0007336,1,credit_card,3,105.59,baseline
order_0007337,1,digital_wallet,1,134.67,baseline
order_0007338,1,credit_card,2,319.89,baseline
order_0007339,1,digital_wallet,1,37.87,baseline
order_0007340,1,digital_wallet,1,60.2,baseline
order_0007341,1,credit_card,1,92.99,baseline
order_0007342,1,credit_card,5,346.28,baseline
order_0007343,1,credit_card,1,140.38,baseline
order_0007344,1,credit_card,2,97.23,baseline
order_0007345,1,credit_card,2,60.34,baseline
order_0007346,1,digital_wallet,1,31.84,baseline
order_0007347,1,credit_card,2,15.42,baseline
order_0007348,1,digital_wallet,1,185.86,baseline
order_0007349,1,digital_wallet,1,371.53,baseline
order_0007350,1,credit_card,7,277.88,baseline
order_0007351,1,bank_transfer,1,41.68,baseline
order_0007352,1,digital_wallet,1,86.66,baseline
order_0007353,1,credit_card,2,37.49,baseline
order_0007354,1,bank_transfer,1,71.94,baseline
order_0007355,1,credit_card,1,31.59,baseline
order_0007356,1,debit_card,1,488.85,baseline
order_0007357,1,digital_wallet,1,165.08,baseline
order_0007358,1,digital_wallet,1,526.3,baseline
order_0007359,1,debit_card,1,174.34,baseline
order_0007360,1,credit_card,6,242.5,baseline
order_0007360,2,digital_wallet,1,138.03,baseline
order_0007361,1,digital_wallet,1,220.72,baseline
order_0007362,1,digital_wallet,1,71.15,baseline
order_0007363,1,bank_transfer,1,87.1,baseline
order_0007364,1,debit_card,1,192.01,baseline
order_0007365,1,credit_card,8,503.9,baseline
order_0007366,1,digital_wallet,1,38.37,baseline
order_0007366,2,credit_card,2,59.93,baseline
order_0007367,1,debit_card,1,124.93,baseline
order_0007368,1,debit_card,1,630.6,baseline
order_0007369,1,digital_wallet,1,256.85,baseline
order_0007370,1,credit_card,1,41.57,baseline
order_0007371,1,digital_wallet,1,25.31,baseline
order_0007371,2,gift_card,1,93.91,baseline
order_0007372,1,debit_card,1,77.57,baseline
order_0007373,1,digital_wallet,1,335.91,baseline
order_0007374,1,digital_wallet,1,266.71,baseline
order_0007375,1,digital_wallet,1,143.1,baseline
order_0007376,1,credit_card,1,115.15,baseline
order_0007377,1,debit_card,1,69.55,baseline
order_0007377,2,credit_card,2,82.55,baseline
order_0007378,1,bank_transfer,1,79.0,baseline
order_0007379,1,credit_card,1,276.08,baseline
order_0007380,1,credit_card,6,265.94,baseline
order_0007381,1,debit_card,1,141.41,baseline
order_0007382,1,digital_wallet,1,170.69,baseline
order_0007383,1,digital_wallet,1,216.39,baseline
order_0007384,1,digital_wallet,1,70.0,baseline
order_0007385,1,credit_card,1,69.13,baseline
order_0007386,1,digital_wallet,1,30.95,baseline
order_0007386,2,credit_card,2,30.07,baseline
order_0007387,1,digital_wallet,1,18.4,baseline
order_0007388,1,credit_card,4,216.71,baseline
order_0007389,1,digital_wallet,1,40.03,baseline
order_0007389,2,bank_transfer,1,123.36,baseline
order_0007390,1,gift_card,1,191.46,baseline
order_0007391,1,digital_wallet,1,303.04,baseline
order_0007392,1,digital_wallet,1,254.71,baseline
order_0007393,1,credit_card,3,113.45,baseline
order_0007394,1,credit_card,4,231.7,baseline
order_0007395,1,bank_transfer,1,37.95,baseline
order_0007396,1,credit_card,6,259.16,baseline
order_0007397,1,credit_card,3,287.69,baseline
order_0007398,1,credit_card,4,326.59,baseline
order_0007399,1,digital_wallet,1,167.25,baseline
order_0007400,1,credit_card,2,63.68,baseline
order_0007401,1,credit_card,1,84.76,baseline
order_0007402,1,credit_card,1,32.08,baseline
order_0007402,2,digital_wallet,1,37.43,baseline
order_0007403,1,credit_card,1,204.26,baseline
order_0007404,1,credit_card,1,121.36,baseline
order_0007405,1,credit_card,1,54.89,baseline
order_0007406,1,credit_card,1,51.62,baseline
order_0007407,1,digital_wallet,1,121.52,baseline
order_0007408,1,credit_card,2,64.13,baseline
order_0007409,1,credit_card,2,87.76,baseline
order_0007410,1,credit_card,1,96.85,baseline
order_0007411,1,credit_card,2,83.94,baseline
order_0007412,1,digital_wallet,1,42.78,baseline
order_0007413,1,credit_card,3,187.42,baseline
order_0007414,1,credit_card,1,119.42,baseline
order_0007415,1,digital_wallet,1,193.24,baseline
order_0007416,1,credit_card,1,87.72,baseline
order_0007417,1,credit_card,2,32.63,baseline
order_0007418,1,credit_card,2,32.54,baseline
order_0007419,1,credit_card,2,89.66,baseline
order_0007420,1,credit_card,1,125.48,baseline
order_0007421,1,credit_card,4,251.74,baseline
order_0007422,1,credit_card,1,122.09,baseline
order_0007423,1,credit_card,3,139.29,baseline
order_0007424,1,bank_transfer,1,228.54,baseline
order_0007425,1,digital_wallet,1,28.27,baseline
order_0007426,1,credit_card,2,74.24,baseline
order_0007427,1,digital_wallet,1,108.74,baseline
order_0007428,1,credit_card,2,37.47,baseline
order_0007429,1,bank_transfer,1,53.73,baseline
order_0007429,2,credit_card,1,54.41,baseline
order_0007430,1,bank_transfer,1,212.37,baseline
order_0007431,1,digital_wallet,1,389.96,baseline
order_0007432,1,debit_card,1,32.98,baseline
order_0007432,2,bank_transfer,1,107.22,baseline
order_0007433,1,gift_card,1,123.7,baseline
order_0007434,1,digital_wallet,1,36.51,baseline
order_0007435,1,credit_card,1,100.89,baseline
order_0007436,1,credit_card,4,203.92,baseline
order_0007437,1,debit_card,1,279.84,baseline
order_0007438,1,credit_card,1,166.54,baseline
order_0007439,1,digital_wallet,1,143.18,baseline
order_0007440,1,credit_card,1,73.34,baseline
order_0007441,1,digital_wallet,1,20.13,baseline
order_0007441,2,bank_transfer,1,58.63,baseline
order_0007442,1,credit_card,2,20.14,baseline
order_0007443,1,credit_card,1,33.38,baseline
order_0007444,1,credit_card,2,71.66,baseline
order_0007445,1,credit_card,2,37.37,baseline
order_0007446,1,bank_transfer,1,79.59,baseline
order_0007447,1,bank_transfer,1,27.12,baseline
order_0007448,1,credit_card,2,71.9,baseline
order_0007449,1,digital_wallet,1,53.03,baseline
order_0007450,1,credit_card,5,347.17,baseline
order_0007451,1,debit_card,1,67.92,baseline
order_0007452,1,credit_card,2,121.0,baseline
order_0007453,1,credit_card,1,63.02,baseline
order_0007454,1,credit_card,2,694.47,baseline
order_0007455,1,credit_card,1,28.56,baseline
order_0007456,1,credit_card,1,115.62,baseline
order_0007457,1,credit_card,2,26.18,baseline
order_0007457,2,debit_card,1,19.95,baseline
order_0007458,1,debit_card,1,500.63,baseline
order_0007459,1,credit_card,2,101.37,baseline
order_0007460,1,credit_card,1,62.61,baseline
order_0007461,1,debit_card,1,93.71,baseline
order_0007462,1,digital_wallet,1,124.44,baseline
order_0007463,1,credit_card,1,36.62,baseline
order_0007464,1,bank_transfer,1,80.4,baseline
order_0007465,1,digital_wallet,1,332.52,baseline
order_0007466,1,credit_card,1,129.7,baseline
order_0007467,1,credit_card,1,187.13,baseline
order_0007468,1,bank_transfer,1,19.87,baseline
order_0007468,2,credit_card,1,42.75,baseline
order_0007469,1,credit_card,2,171.68,baseline
order_0007470,1,credit_card,1,344.58,baseline
order_0007471,1,digital_wallet,1,31.17,baseline
order_0007472,1,credit_card,4,846.07,baseline
order_0007473,1,bank_transfer,1,192.86,baseline
order_0007474,1,credit_card,1,220.54,baseline
order_0007474,2,digital_wallet,1,88.78,baseline
order_0007475,1,digital_wallet,1,117.09,baseline
order_0007476,1,credit_card,10,490.37,baseline
order_0007477,1,credit_card,1,47.59,baseline
order_0007478,1,credit_card,1,131.93,baseline
order_0007478,2,digital_wallet,1,345.96,baseline
order_0007479,1,digital_wallet,1,41.42,baseline
order_0007480,1,gift_card,1,239.94,baseline
order_0007481,1,credit_card,7,329.39,baseline
order_0007482,1,credit_card,1,26.2,baseline
order_0007483,1,gift_card,1,278.83,baseline
order_0007484,1,debit_card,1,80.09,baseline
order_0007485,1,credit_card,2,120.83,baseline
order_0007486,1,digital_wallet,1,469.63,baseline
order_0007487,1,credit_card,2,42.04,baseline
order_0007488,1,credit_card,1,158.45,baseline
order_0007489,1,debit_card,1,132.33,baseline
order_0007490,1,credit_card,1,72.59,baseline
order_0007491,1,digital_wallet,1,73.21,baseline
order_0007492,1,debit_card,1,514.22,baseline
order_0007493,1,credit_card,4,409.37,baseline
order_0007494,1,credit_card,2,455.87,baseline
order_0007495,1,digital_wallet,1,51.09,baseline
order_0007496,1,credit_card,3,152.31,baseline
order_0007497,1,credit_card,2,184.09,baseline
order_0007498,1,digital_wallet,1,51.48,baseline
order_0007499,1,debit_card,1,23.42,baseline
order_0007499,2,digital_wallet,1,24.77,baseline
order_0007500,1,digital_wallet,1,70.14,baseline
order_0007501,1,credit_card,1,26.1,baseline
order_0007502,1,digital_wallet,1,152.74,baseline
order_0007503,1,credit_card,2,66.45,baseline
order_0007504,1,credit_card,2,17.64,baseline
order_0007504,2,debit_card,1,53.88,baseline
order_0007505,1,bank_transfer,1,418.64,baseline
order_0007506,1,credit_card,1,59.17,baseline
order_0007507,1,credit_card,1,133.71,baseline
order_0007508,1,digital_wallet,1,123.98,baseline
order_0007509,1,debit_card,1,75.55,baseline
order_0007510,1,digital_wallet,1,41.12,baseline
order_0007511,1,credit_card,1,164.93,baseline
order_0007512,1,credit_card,1,255.19,baseline
order_0007513,1,debit_card,1,210.31,baseline
order_0007514,1,credit_card,2,218.99,baseline
order_0007515,1,credit_card,1,39.57,baseline
order_0007516,1,credit_card,3,130.15,baseline
order_0007517,1,gift_card,1,25.67,baseline
order_0007518,1,digital_wallet,1,258.94,baseline
order_0007519,1,digital_wallet,1,402.6,baseline
order_0007520,1,credit_card,4,212.95,baseline
order_0007521,1,credit_card,1,29.28,baseline
order_0007522,1,credit_card,1,26.84,baseline
order_0007523,1,credit_card,6,379.37,baseline
order_0007524,1,debit_card,1,343.14,baseline
order_0007525,1,digital_wallet,1,39.3,baseline
order_0007526,1,credit_card,2,183.89,baseline
order_0007527,1,credit_card,2,204.34,baseline
order_0007528,1,credit_card,1,233.46,baseline
order_0007529,1,digital_wallet,1,112.43,baseline
order_0007530,1,digital_wallet,1,81.5,baseline
order_0007531,1,debit_card,1,77.64,baseline
order_0007532,1,credit_card,1,121.79,baseline
order_0007533,1,credit_card,3,182.63,baseline
order_0007534,1,digital_wallet,1,74.37,baseline
order_0007535,1,digital_wallet,1,179.7,baseline
order_0007536,1,credit_card,2,95.34,baseline
order_0007537,1,credit_card,4,186.84,baseline
order_0007538,1,credit_card,2,75.44,baseline
order_0007539,1,credit_card,1,73.09,baseline
order_0007539,2,bank_transfer,1,166.27,baseline
order_0007540,1,credit_card,1,200.11,baseline
order_0007541,1,digital_wallet,1,28.59,baseline
order_0007541,2,credit_card,2,51.14,baseline
order_0007542,1,credit_card,5,223.59,baseline
order_0007543,1,credit_card,2,109.98,baseline
order_0007544,1,digital_wallet,1,200.88,baseline
order_0007545,1,debit_card,1,402.41,baseline
order_0007546,1,credit_card,3,143.56,baseline
order_0007547,1,credit_card,1,121.95,baseline
order_0007548,1,bank_transfer,1,125.2,baseline
order_0007549,1,credit_card,10,413.56,baseline
order_0007550,1,credit_card,3,126.93,baseline
order_0007551,1,digital_wallet,1,57.77,baseline
order_0007551,2,debit_card,1,51.44,baseline
order_0007552,1,credit_card,2,126.67,baseline
order_0007553,1,digital_wallet,1,132.31,baseline
order_0007553,2,credit_card,3,114.5,baseline
order_0007554,1,credit_card,4,155.45,baseline
order_0007555,1,credit_card,1,27.49,baseline
order_0007556,1,debit_card,1,70.97,baseline
order_0007557,1,digital_wallet,1,102.24,baseline
order_0007558,1,credit_card,2,98.78,baseline
order_0007558,2,debit_card,1,113.8,baseline
order_0007559,1,credit_card,3,114.16,baseline
order_0007560,1,credit_card,3,136.39,baseline
order_0007561,1,debit_card,1,64.19,baseline
order_0007561,2,credit_card,1,62.29,baseline
order_0007562,1,credit_card,3,182.7,baseline
order_0007563,1,credit_card,3,146.19,baseline
order_0007564,1,credit_card,2,14.29,baseline
order_0007564,2,digital_wallet,1,32.75,baseline
order_0007565,1,credit_card,1,45.1,baseline
order_0007565,2,digital_wallet,1,144.16,baseline
order_0007566,1,digital_wallet,1,288.77,baseline
order_0007567,1,digital_wallet,1,19.38,baseline
order_0007567,2,credit_card,2,30.82,baseline
order_0007568,1,bank_transfer,1,32.94,baseline
order_0007569,1,digital_wallet,1,83.89,baseline
order_0007570,1,credit_card,2,80.9,baseline
order_0007571,1,digital_wallet,1,246.04,baseline
order_0007572,1,credit_card,3,214.86,baseline
order_0007573,1,credit_card,2,27.45,baseline
order_0007574,1,credit_card,2,92.83,baseline
order_0007575,1,debit_card,1,42.97,baseline
order_0007576,1,digital_wallet,1,187.08,baseline
order_0007577,1,debit_card,1,118.57,baseline
order_0007578,1,credit_card,3,206.63,baseline
order_0007579,1,debit_card,1,23.5,baseline
order_0007580,1,credit_card,1,49.66,baseline
order_0007581,1,credit_card,2,128.86,baseline
order_0007582,1,credit_card,1,22.81,baseline
order_0007583,1,digital_wallet,1,292.31,baseline
order_0007584,1,digital_wallet,1,62.3,baseline
order_0007585,1,digital_wallet,1,106.45,baseline
order_0007586,1,credit_card,7,284.66,baseline
order_0007587,1,credit_card,2,178.15,baseline
order_0007588,1,debit_card,1,150.95,baseline
order_0007589,1,digital_wallet,1,166.22,baseline
order_0007590,1,digital_wallet,1,87.83,baseline
order_0007591,1,debit_card,1,48.09,baseline
order_0007592,1,debit_card,1,214.49,baseline
order_0007593,1,bank_transfer,1,64.44,baseline
order_0007594,1,credit_card,6,237.64,baseline
order_0007595,1,bank_transfer,1,93.67,baseline
order_0007596,1,digital_wallet,1,251.15,baseline
order_0007597,1,credit_card,2,50.2,baseline
order_0007598,1,gift_card,1,375.25,baseline
order_0007599,1,gift_card,1,207.08,baseline
order_0007600,1,gift_card,1,45.43,baseline
order_0007600,2,digital_wallet,1,30.64,baseline
order_0007601,1,credit_card,2,72.66,baseline
order_0007602,1,credit_card,1,84.38,baseline
order_0007603,1,digital_wallet,1,53.13,baseline
order_0007604,1,credit_card,2,149.88,baseline
order_0007605,1,credit_card,5,226.96,baseline
order_0007606,1,digital_wallet,1,41.06,baseline
order_0007607,1,credit_card,2,95.55,baseline
order_0007608,1,credit_card,2,96.6,baseline
order_0007609,1,digital_wallet,1,27.33,baseline
order_0007610,1,debit_card,1,94.36,baseline
order_0007611,1,credit_card,5,402.85,baseline
order_0007612,1,debit_card,1,111.44,baseline
order_0007613,1,credit_card,1,174.7,baseline
order_0007614,1,bank_transfer,1,120.75,baseline
order_0007615,1,bank_transfer,1,205.2,baseline
order_0007616,1,digital_wallet,1,121.93,baseline
order_0007617,1,credit_card,2,23.43,baseline
order_0007618,1,digital_wallet,1,85.15,baseline
order_0007619,1,debit_card,1,28.17,baseline
order_0007620,1,credit_card,2,67.79,baseline
order_0007621,1,digital_wallet,1,102.09,baseline
order_0007622,1,bank_transfer,1,720.86,baseline
order_0007623,1,digital_wallet,1,271.38,baseline
order_0007624,1,credit_card,3,343.8,baseline
order_0007625,1,credit_card,1,55.49,baseline
order_0007626,1,debit_card,1,346.17,baseline
order_0007627,1,credit_card,1,32.56,baseline
order_0007628,1,gift_card,1,288.25,baseline
order_0007629,1,bank_transfer,1,36.67,baseline
order_0007630,1,credit_card,1,68.38,baseline
order_0007631,1,bank_transfer,1,143.0,baseline
order_0007632,1,digital_wallet,1,111.09,baseline
order_0007633,1,credit_card,2,62.15,baseline
order_0007634,1,credit_card,11,502.59,baseline
order_0007635,1,gift_card,1,168.02,baseline
order_0007636,1,credit_card,1,29.04,baseline
order_0007637,1,credit_card,2,63.76,baseline
order_0007638,1,digital_wallet,1,36.54,baseline
order_0007638,2,debit_card,1,25.07,baseline
order_0007639,1,gift_card,1,118.43,baseline
order_0007640,1,debit_card,1,603.87,baseline
order_0007641,1,credit_card,6,294.31,baseline
order_0007642,1,bank_transfer,1,96.85,baseline
order_0007643,1,credit_card,3,107.51,baseline
order_0007644,1,credit_card,1,179.0,baseline
order_0007645,1,credit_card,3,234.08,baseline
order_0007646,1,digital_wallet,1,132.11,baseline
order_0007647,1,credit_card,2,96.99,baseline
order_0007648,1,debit_card,1,147.27,baseline
order_0007649,1,credit_card,1,182.74,baseline
order_0007650,1,bank_transfer,1,78.38,baseline
order_0007651,1,digital_wallet,1,157.49,baseline
order_0007652,1,gift_card,1,74.85,baseline
order_0007653,1,digital_wallet,1,230.77,baseline
order_0007654,1,digital_wallet,1,310.61,baseline
order_0007655,1,digital_wallet,1,230.67,baseline
order_0007656,1,debit_card,1,163.64,baseline
order_0007657,1,debit_card,1,549.53,baseline
order_0007658,1,credit_card,2,35.52,baseline
order_0007659,1,bank_transfer,1,10.36,baseline
order_0007659,2,digital_wallet,1,18.96,baseline
order_0007660,1,credit_card,2,223.58,baseline
order_0007660,2,bank_transfer,1,244.77,baseline
order_0007661,1,bank_transfer,1,386.01,baseline
order_0007662,1,credit_card,3,101.46,baseline
order_0007663,1,credit_card,4,177.81,baseline
order_0007664,1,bank_transfer,1,145.67,baseline
order_0007665,1,credit_card,4,262.67,baseline
order_0007666,1,debit_card,1,120.31,baseline
order_0007667,1,bank_transfer,1,55.1,baseline
order_0007668,1,credit_card,2,91.64,baseline
order_0007669,1,credit_card,1,123.07,baseline
order_0007670,1,digital_wallet,1,77.32,baseline
order_0007671,1,debit_card,1,54.05,baseline
order_0007672,1,digital_wallet,1,338.0,baseline
order_0007673,1,digital_wallet,1,418.6,baseline
order_0007674,1,credit_card,8,739.19,baseline
order_0007675,1,digital_wallet,1,24.65,baseline
order_0007675,2,credit_card,2,21.72,baseline
order_0007676,1,digital_wallet,1,55.78,baseline
order_0007677,1,digital_wallet,1,54.21,baseline
order_0007677,2,credit_card,4,216.12,baseline
order_0007678,1,digital_wallet,1,40.16,baseline
order_0007679,1,credit_card,1,73.42,baseline
order_0007680,1,bank_transfer,1,110.56,baseline
order_0007681,1,credit_card,1,65.85,baseline
order_0007682,1,credit_card,4,167.02,baseline
order_0007683,1,debit_card,1,92.96,baseline
order_0007684,1,gift_card,1,285.79,baseline
order_0007685,1,credit_card,1,83.79,baseline
order_0007686,1,bank_transfer,1,120.95,baseline
order_0007687,1,digital_wallet,1,39.97,baseline
order_0007687,2,debit_card,1,69.92,baseline
order_0007688,1,credit_card,2,233.89,baseline
order_0007688,2,digital_wallet,1,113.19,baseline
order_0007689,1,digital_wallet,1,69.95,baseline
order_0007690,1,credit_card,1,151.3,baseline
order_0007691,1,bank_transfer,1,322.88,baseline
order_0007692,1,credit_card,2,67.7,baseline
order_0007693,1,credit_card,2,440.14,baseline
order_0007694,1,bank_transfer,1,336.14,baseline
order_0007695,1,credit_card,2,33.07,baseline
order_0007696,1,digital_wallet,1,347.53,baseline
order_0007697,1,debit_card,1,387.95,baseline
order_0007698,1,credit_card,2,212.49,baseline
order_0007699,1,credit_card,4,157.52,baseline
order_0007700,1,gift_card,1,53.13,baseline
order_0007701,1,bank_transfer,1,28.24,baseline
order_0007702,1,credit_card,3,350.9,baseline
order_0007703,1,digital_wallet,1,42.47,baseline
order_0007704,1,credit_card,9,356.05,baseline
order_0007705,1,credit_card,4,156.17,baseline
order_0007706,1,credit_card,1,78.8,baseline
order_0007707,1,digital_wallet,1,508.05,baseline
order_0007708,1,debit_card,1,22.41,baseline
order_0007708,2,credit_card,1,14.77,baseline
order_0007709,1,debit_card,1,107.56,baseline
order_0007710,1,credit_card,2,46.43,baseline
order_0007711,1,digital_wallet,1,164.54,baseline
order_0007712,1,debit_card,1,98.99,baseline
order_0007713,1,credit_card,1,137.07,baseline
order_0007714,1,credit_card,3,177.68,baseline
order_0007715,1,bank_transfer,1,47.84,baseline
order_0007716,1,credit_card,2,28.96,baseline
order_0007717,1,credit_card,2,32.85,baseline
order_0007718,1,credit_card,5,219.56,baseline
order_0007719,1,credit_card,2,65.92,baseline
order_0007720,1,credit_card,2,30.52,baseline
order_0007721,1,credit_card,1,13.97,baseline
order_0007721,2,digital_wallet,1,17.21,baseline
order_0007722,1,credit_card,1,44.7,baseline
order_0007723,1,digital_wallet,1,109.56,baseline
order_0007724,1,credit_card,2,122.49,baseline
order_0007724,2,bank_transfer,1,64.02,baseline
order_0007725,1,digital_wallet,1,114.28,baseline
order_0007726,1,debit_card,1,140.93,baseline
order_0007726,2,credit_card,1,71.29,baseline
order_0007727,1,credit_card,1,28.77,baseline
order_0007728,1,credit_card,3,138.36,baseline
order_0007729,1,credit_card,2,26.35,baseline
order_0007730,1,digital_wallet,1,123.28,baseline
order_0007731,1,credit_card,2,105.02,baseline
order_0007732,1,digital_wallet,1,51.81,baseline
order_0007733,1,credit_card,2,34.72,baseline
order_0007733,2,digital_wallet,1,30.33,baseline
order_0007734,1,gift_card,1,28.18,baseline
order_0007734,2,debit_card,1,13.11,baseline
order_0007735,1,credit_card,4,188.5,baseline
order_0007736,1,digital_wallet,1,210.15,baseline
order_0007737,1,credit_card,1,95.92,baseline
order_0007738,1,gift_card,1,209.11,baseline
order_0007739,1,digital_wallet,1,113.2,baseline
order_0007740,1,digital_wallet,1,94.08,baseline
order_0007741,1,digital_wallet,1,30.38,baseline
order_0007742,1,credit_card,2,146.49,baseline
order_0007743,1,debit_card,1,104.58,baseline
order_0007744,1,gift_card,1,595.85,baseline
order_0007745,1,bank_transfer,1,45.16,baseline
order_0007746,1,digital_wallet,1,226.21,baseline
order_0007747,1,debit_card,1,25.27,baseline
order_0007748,1,bank_transfer,1,266.27,baseline
order_0007749,1,gift_card,1,93.1,baseline
order_0007750,1,credit_card,4,170.07,baseline
order_0007751,1,debit_card,1,26.6,baseline
order_0007752,1,credit_card,3,248.19,baseline
order_0007752,2,digital_wallet,1,200.09,baseline
order_0007753,1,debit_card,1,131.23,baseline
order_0007754,1,credit_card,1,275.84,baseline
order_0007755,1,debit_card,1,572.68,baseline
order_0007756,1,bank_transfer,1,156.72,baseline
order_0007757,1,debit_card,1,36.22,baseline
order_0007758,1,credit_card,2,87.3,baseline
order_0007759,1,digital_wallet,1,625.62,baseline
order_0007760,1,digital_wallet,1,32.89,baseline
order_0007761,1,debit_card,1,50.41,baseline
order_0007762,1,credit_card,8,453.63,baseline
order_0007763,1,credit_card,2,140.42,baseline
order_0007764,1,credit_card,1,215.84,baseline
order_0007765,1,credit_card,6,491.21,baseline
order_0007766,1,credit_card,2,57.23,baseline
order_0007767,1,debit_card,1,186.84,baseline
order_0007768,1,credit_card,1,80.39,baseline
order_0007769,1,debit_card,1,62.66,baseline
order_0007770,1,credit_card,2,90.78,baseline
order_0007771,1,digital_wallet,1,233.02,baseline
order_0007772,1,digital_wallet,1,170.28,baseline
order_0007773,1,credit_card,2,28.95,baseline
order_0007773,2,digital_wallet,1,54.19,baseline
order_0007774,1,credit_card,2,50.15,baseline
order_0007775,1,credit_card,2,24.69,baseline
order_0007775,2,gift_card,1,60.89,baseline
order_0007776,1,credit_card,11,834.45,baseline
order_0007777,1,credit_card,3,120.33,baseline
order_0007778,1,digital_wallet,1,181.55,baseline
order_0007779,1,digital_wallet,1,181.03,baseline
order_0007780,1,digital_wallet,1,32.87,baseline
order_0007781,1,debit_card,1,466.49,baseline
order_0007782,1,credit_card,1,25.65,baseline
order_0007783,1,credit_card,1,50.44,baseline
order_0007784,1,credit_card,1,163.09,baseline
order_0007785,1,debit_card,1,33.55,baseline
order_0007785,2,credit_card,2,37.74,baseline
order_0007786,1,credit_card,2,30.78,baseline
order_0007787,1,digital_wallet,1,190.03,baseline
order_0007788,1,credit_card,2,262.25,baseline
order_0007789,1,gift_card,1,46.7,baseline
order_0007790,1,credit_card,1,105.15,baseline
order_0007791,1,credit_card,2,97.38,baseline
order_0007792,1,bank_transfer,1,175.08,baseline
order_0007792,2,digital_wallet,1,214.13,baseline
order_0007793,1,credit_card,1,65.45,baseline
order_0007794,1,credit_card,2,27.74,baseline
order_0007795,1,digital_wallet,1,95.45,baseline
order_0007796,1,credit_card,2,69.79,baseline
order_0007797,1,credit_card,2,79.09,baseline
order_0007798,1,digital_wallet,1,48.87,baseline
order_0007799,1,bank_transfer,1,77.12,baseline
order_0007800,1,digital_wallet,1,263.09,baseline
order_0007801,1,credit_card,4,245.4,baseline
order_0007802,1,bank_transfer,1,139.31,baseline
order_0007803,1,credit_card,2,47.08,baseline
order_0007804,1,digital_wallet,1,65.96,baseline
order_0007804,2,credit_card,3,142.37,baseline
order_0007805,1,digital_wallet,1,271.08,baseline
order_0007806,1,digital_wallet,1,115.74,baseline
order_0007807,1,bank_transfer,1,36.99,baseline
order_0007808,1,credit_card,1,77.88,baseline
order_0007809,1,bank_transfer,1,84.81,baseline
order_0007810,1,credit_card,2,28.94,baseline
order_0007811,1,digital_wallet,1,53.5,baseline
order_0007812,1,digital_wallet,1,21.96,baseline
order_0007813,1,credit_card,2,181.99,baseline
order_0007814,1,digital_wallet,1,90.54,baseline
order_0007815,1,credit_card,10,409.99,baseline
order_0007816,1,credit_card,1,167.62,baseline
order_0007817,1,digital_wallet,1,62.74,baseline
order_0007818,1,bank_transfer,1,131.42,baseline
order_0007819,1,credit_card,2,53.87,baseline
order_0007820,1,bank_transfer,1,42.43,baseline
order_0007821,1,digital_wallet,1,447.65,baseline
order_0007822,1,bank_transfer,1,122.35,baseline
order_0007823,1,credit_card,2,74.58,baseline
order_0007824,1,credit_card,1,29.13,baseline
order_0007825,1,credit_card,2,74.38,baseline
order_0007826,1,digital_wallet,1,209.12,baseline
order_0007827,1,credit_card,1,22.02,baseline
order_0007828,1,digital_wallet,1,202.27,baseline
order_0007829,1,digital_wallet,1,48.51,baseline
order_0007830,1,gift_card,1,142.81,baseline
order_0007831,1,debit_card,1,391.65,baseline
order_0007832,1,credit_card,1,61.97,baseline
order_0007833,1,credit_card,2,155.34,baseline
order_0007834,1,credit_card,1,85.29,baseline
order_0007835,1,credit_card,2,198.65,baseline
order_0007836,1,debit_card,1,180.92,baseline
order_0007837,1,credit_card,2,83.49,baseline
order_0007838,1,debit_card,1,60.15,baseline
order_0007839,1,credit_card,1,35.34,baseline
order_0007840,1,debit_card,1,324.08,baseline
order_0007841,1,digital_wallet,1,30.99,baseline
order_0007842,1,credit_card,2,74.81,baseline
order_0007843,1,digital_wallet,1,124.31,baseline
order_0007844,1,credit_card,2,329.24,baseline
order_0007845,1,credit_card,1,17.85,baseline
order_0007846,1,credit_card,4,165.69,baseline
order_0007847,1,digital_wallet,1,158.15,baseline
order_0007848,1,credit_card,3,104.33,baseline
order_0007849,1,debit_card,1,264.82,baseline
order_0007850,1,credit_card,7,313.81,baseline
order_0007851,1,credit_card,1,95.37,baseline
order_0007852,1,digital_wallet,1,63.18,baseline
order_0007853,1,digital_wallet,1,257.65,baseline
order_0007854,1,digital_wallet,1,196.62,baseline
order_0007855,1,debit_card,1,64.47,baseline
order_0007856,1,bank_transfer,1,33.34,baseline
order_0007857,1,credit_card,1,99.7,baseline
order_0007858,1,digital_wallet,1,57.08,baseline
order_0007859,1,digital_wallet,1,128.61,baseline
order_0007860,1,debit_card,1,312.5,baseline
order_0007861,1,credit_card,2,91.91,baseline
order_0007862,1,credit_card,2,48.77,baseline
order_0007863,1,credit_card,2,35.94,baseline
order_0007864,1,digital_wallet,1,83.02,baseline
order_0007865,1,digital_wallet,1,39.32,baseline
order_0007866,1,digital_wallet,1,65.09,baseline
order_0007867,1,credit_card,2,65.11,baseline
order_0007868,1,credit_card,1,247.91,baseline
order_0007869,1,credit_card,1,98.62,baseline
order_0007870,1,credit_card,1,71.75,baseline
order_0007871,1,digital_wallet,1,390.45,baseline
order_0007872,1,gift_card,1,43.17,baseline
order_0007873,1,gift_card,1,188.73,baseline
order_0007874,1,credit_card,1,89.76,baseline
order_0007875,1,credit_card,2,133.55,baseline
order_0007876,1,digital_wallet,1,25.81,baseline
order_0007877,1,digital_wallet,1,200.92,baseline
order_0007878,1,digital_wallet,1,30.57,baseline
order_0007879,1,digital_wallet,1,24.28,baseline
order_0007880,1,digital_wallet,1,101.12,baseline
order_0007881,1,credit_card,1,253.05,baseline
order_0007882,1,debit_card,1,55.86,baseline
order_0007883,1,credit_card,6,300.23,baseline
order_0007884,1,digital_wallet,1,46.97,baseline
order_0007885,1,digital_wallet,1,104.04,baseline
order_0007886,1,digital_wallet,1,138.02,baseline
order_0007887,1,credit_card,2,67.36,baseline
order_0007888,1,digital_wallet,1,525.66,baseline
order_0007889,1,digital_wallet,1,115.81,baseline
order_0007890,1,credit_card,1,37.74,baseline
order_0007891,1,digital_wallet,1,152.84,baseline
order_0007892,1,debit_card,1,68.97,baseline
order_0007893,1,digital_wallet,1,50.06,baseline
order_0007894,1,credit_card,4,226.41,baseline
order_0007895,1,debit_card,1,74.3,baseline
order_0007896,1,debit_card,1,241.63,baseline
order_0007897,1,credit_card,2,88.05,baseline
order_0007898,1,credit_card,2,170.46,baseline
order_0007899,1,digital_wallet,1,157.93,baseline
order_0007900,1,credit_card,2,164.02,baseline
order_0007901,1,credit_card,1,578.51,baseline
order_0007902,1,bank_transfer,1,379.14,baseline
order_0007903,1,digital_wallet,1,112.9,baseline
order_0007904,1,gift_card,1,144.99,baseline
order_0007905,1,digital_wallet,1,304.79,baseline
order_0007906,1,credit_card,4,218.21,baseline
order_0007907,1,debit_card,1,27.72,baseline
order_0007908,1,bank_transfer,1,344.59,baseline
order_0007909,1,digital_wallet,1,22.6,baseline
order_0007910,1,credit_card,1,229.95,baseline
order_0007911,1,digital_wallet,1,119.55,baseline
order_0007912,1,digital_wallet,1,108.98,baseline
order_0007913,1,credit_card,3,100.93,baseline
order_0007914,1,digital_wallet,1,58.47,baseline
order_0007915,1,credit_card,1,96.06,baseline
order_0007916,1,credit_card,2,56.72,baseline
order_0007917,1,digital_wallet,1,18.57,baseline
order_0007918,1,credit_card,2,62.03,baseline
order_0007919,1,digital_wallet,1,47.04,baseline
order_0007920,1,debit_card,1,55.82,baseline
order_0007920,2,credit_card,2,50.37,baseline
order_0007921,1,digital_wallet,1,196.29,baseline
order_0007922,1,digital_wallet,1,68.32,baseline
order_0007923,1,digital_wallet,1,122.49,baseline
order_0007924,1,credit_card,1,70.0,baseline
order_0007925,1,credit_card,3,201.32,baseline
order_0007926,1,digital_wallet,1,17.96,baseline
order_0007926,2,credit_card,1,14.69,baseline
order_0007927,1,digital_wallet,1,29.75,baseline
order_0007928,1,bank_transfer,1,369.02,baseline
order_0007929,1,credit_card,2,84.92,baseline
order_0007930,1,credit_card,1,35.73,baseline
order_0007931,1,debit_card,1,285.53,baseline
order_0007932,1,credit_card,2,68.87,baseline
order_0007933,1,digital_wallet,1,82.5,baseline
order_0007934,1,credit_card,3,122.68,baseline
order_0007935,1,credit_card,1,100.35,baseline
order_0007936,1,digital_wallet,1,1356.63,baseline
order_0007937,1,credit_card,1,167.37,baseline
order_0007938,1,credit_card,2,87.73,baseline
order_0007939,1,credit_card,2,97.16,baseline
order_0007939,2,digital_wallet,1,53.42,baseline
order_0007940,1,credit_card,1,90.6,baseline
order_0007941,1,debit_card,1,171.34,baseline
order_0007942,1,credit_card,2,154.14,baseline
order_0007943,1,credit_card,2,53.2,baseline
order_0007944,1,digital_wallet,1,40.13,baseline
order_0007945,1,credit_card,6,235.64,baseline
order_0007946,1,credit_card,1,98.79,baseline
order_0007947,1,credit_card,1,99.56,baseline
order_0007947,2,debit_card,1,187.54,baseline
order_0007948,1,credit_card,1,138.11,baseline
order_0007949,1,debit_card,1,369.3,baseline
order_0007950,1,digital_wallet,1,58.73,baseline
order_0007951,1,credit_card,2,56.23,baseline
order_0007952,1,credit_card,4,187.17,baseline
order_0007953,1,credit_card,1,257.65,baseline
order_0007954,1,digital_wallet,1,140.93,baseline
order_0007955,1,bank_transfer,1,59.91,baseline
order_0007956,1,bank_transfer,1,18.8,baseline
order_0007956,2,credit_card,1,45.29,baseline
order_0007957,1,credit_card,1,157.63,baseline
order_0007958,1,bank_transfer,1,473.56,baseline
order_0007959,1,credit_card,2,57.13,baseline
order_0007959,2,bank_transfer,1,85.57,baseline
order_0007960,1,credit_card,2,72.97,baseline
order_0007961,1,credit_card,5,238.21,baseline
order_0007962,1,credit_card,2,39.3,baseline
order_0007963,1,digital_wallet,1,100.05,baseline
order_0007964,1,credit_card,2,137.5,baseline
order_0007965,1,bank_transfer,1,428.63,baseline
order_0007966,1,debit_card,1,64.58,baseline
order_0007967,1,bank_transfer,1,102.5,baseline
order_0007968,1,debit_card,1,195.46,baseline
order_0007968,2,credit_card,2,81.78,baseline
order_0007969,1,credit_card,2,111.96,baseline
order_0007970,1,gift_card,1,186.17,baseline
order_0007971,1,digital_wallet,1,449.75,baseline
order_0007972,1,digital_wallet,1,129.15,baseline
order_0007973,1,debit_card,1,456.92,baseline
order_0007974,1,digital_wallet,1,131.62,baseline
order_0007975,1,credit_card,4,190.27,baseline
order_0007976,1,credit_card,3,126.41,baseline
order_0007977,1,credit_card,3,133.62,baseline
order_0007978,1,digital_wallet,1,84.02,baseline
order_0007978,2,credit_card,2,191.13,baseline
order_0007979,1,bank_transfer,1,70.56,baseline
order_0007980,1,credit_card,3,122.5,baseline
order_0007981,1,credit_card,2,40.69,baseline
order_0007982,1,credit_card,1,25.74,baseline
order_0007983,1,credit_card,7,271.73,baseline
order_0007984,1,credit_card,1,46.72,baseline
order_0007985,1,credit_card,4,239.12,baseline
order_0007986,1,bank_transfer,1,222.51,baseline
order_0007987,1,digital_wallet,1,91.92,baseline
order_0007988,1,bank_transfer,1,48.21,baseline
order_0007989,1,credit_card,2,17.15,baseline
order_0007989,2,digital_wallet,1,7.7,baseline
order_0007990,1,digital_wallet,1,25.21,baseline
order_0007991,1,bank_transfer,1,148.36,baseline
order_0007992,1,credit_card,1,43.81,baseline
order_0007993,1,digital_wallet,1,80.75,baseline
order_0007994,1,credit_card,1,60.94,baseline
order_0007995,1,debit_card,1,97.61,baseline
order_0007996,1,credit_card,2,172.85,baseline
order_0007997,1,digital_wallet,1,286.35,baseline
order_0007998,1,credit_card,4,407.66,baseline
order_0007999,1,credit_card,2,154.35,baseline
order_0008000,1,credit_card,2,26.63,baseline
order_0008001,1,debit_card,1,83.47,baseline
order_0008002,1,credit_card,1,152.34,baseline
order_0008003,1,credit_card,2,250.25,baseline
order_0008004,1,gift_card,1,72.28,baseline
order_0008004,2,credit_card,2,34.21,baseline
order_0008005,1,credit_card,3,140.16,baseline
order_0008006,1,credit_card,1,126.26,baseline
order_0008007,1,credit_card,1,39.74,baseline
order_0008008,1,debit_card,1,92.76,baseline
order_0008009,1,digital_wallet,1,186.86,baseline
order_0008010,1,credit_card,2,70.82,baseline
order_0008011,1,credit_card,2,93.73,baseline
order_0008012,1,digital_wallet,1,34.61,baseline
order_0008012,2,debit_card,1,31.16,baseline
order_0008013,1,debit_card,1,243.61,baseline
order_0008014,1,credit_card,3,102.68,baseline
order_0008015,1,bank_transfer,1,112.81,baseline
order_0008016,1,credit_card,1,50.67,baseline
order_0008017,1,bank_transfer,1,48.97,baseline
order_0008018,1,bank_transfer,1,76.7,baseline
order_0008019,1,digital_wallet,1,65.36,baseline
order_0008020,1,credit_card,3,242.48,baseline
order_0008021,1,gift_card,1,402.37,baseline
order_0008022,1,digital_wallet,1,69.93,baseline
order_0008023,1,credit_card,2,90.62,baseline
order_0008024,1,digital_wallet,1,201.65,baseline
order_0008025,1,credit_card,1,113.03,baseline
order_0008026,1,bank_transfer,1,119.39,baseline
order_0008027,1,credit_card,2,71.05,baseline
order_0008027,2,digital_wallet,1,57.11,baseline
order_0008028,1,debit_card,1,20.46,baseline
order_0008029,1,credit_card,1,69.58,baseline
order_0008030,1,digital_wallet,1,126.39,baseline
order_0008031,1,credit_card,2,32.71,baseline
order_0008032,1,digital_wallet,1,324.36,baseline
order_0008033,1,digital_wallet,1,125.44,baseline
order_0008034,1,credit_card,1,56.44,baseline
order_0008035,1,digital_wallet,1,105.09,baseline
order_0008036,1,credit_card,2,104.25,baseline
order_0008037,1,debit_card,1,155.48,baseline
order_0008038,1,debit_card,1,343.22,baseline
order_0008039,1,digital_wallet,1,60.44,baseline
order_0008040,1,credit_card,2,49.01,baseline
order_0008041,1,debit_card,1,90.83,baseline
order_0008042,1,credit_card,1,54.24,baseline
order_0008043,1,digital_wallet,1,80.49,baseline
order_0008044,1,credit_card,1,38.88,baseline
order_0008045,1,debit_card,1,111.75,baseline
order_0008046,1,digital_wallet,1,23.16,baseline
order_0008047,1,bank_transfer,1,86.93,baseline
order_0008048,1,debit_card,1,526.57,baseline
order_0008049,1,credit_card,2,179.22,baseline
order_0008050,1,credit_card,2,49.83,baseline
order_0008051,1,debit_card,1,164.42,baseline
order_0008052,1,credit_card,3,233.48,baseline
order_0008053,1,credit_card,6,674.7,baseline
order_0008054,1,credit_card,4,190.27,baseline
order_0008055,1,debit_card,1,110.34,baseline
order_0008056,1,credit_card,3,174.49,baseline
order_0008057,1,credit_card,2,54.72,baseline
order_0008058,1,digital_wallet,1,283.42,baseline
order_0008059,1,digital_wallet,1,14.78,baseline
order_0008059,2,debit_card,1,39.13,baseline
order_0008060,1,digital_wallet,1,232.69,baseline
order_0008061,1,digital_wallet,1,54.41,baseline
order_0008062,1,credit_card,2,33.5,baseline
order_0008062,2,digital_wallet,1,35.27,baseline
order_0008063,1,gift_card,1,286.5,baseline
order_0008064,1,digital_wallet,1,381.24,baseline
order_0008065,1,credit_card,1,196.7,baseline
order_0008066,1,credit_card,5,184.81,baseline
order_0008067,1,digital_wallet,1,29.94,baseline
order_0008067,2,credit_card,1,66.75,baseline
order_0008068,1,credit_card,2,113.54,baseline
order_0008069,1,bank_transfer,1,54.98,baseline
order_0008070,1,bank_transfer,1,54.91,baseline
order_0008071,1,credit_card,3,215.49,baseline
order_0008072,1,debit_card,1,178.34,baseline
order_0008073,1,bank_transfer,1,850.54,baseline
order_0008074,1,digital_wallet,1,63.2,baseline
order_0008075,1,digital_wallet,1,732.48,baseline
order_0008076,1,credit_card,2,207.43,baseline
order_0008077,1,credit_card,1,59.18,baseline
order_0008078,1,debit_card,1,49.75,baseline
order_0008079,1,credit_card,1,90.56,baseline
order_0008080,1,debit_card,1,318.25,baseline
order_0008081,1,credit_card,1,79.4,baseline
order_0008082,1,credit_card,1,40.08,baseline
order_0008083,1,credit_card,1,19.8,baseline
order_0008083,2,bank_transfer,1,71.74,baseline
order_0008084,1,digital_wallet,1,179.71,baseline
order_0008085,1,digital_wallet,1,36.83,baseline
order_0008086,1,digital_wallet,1,48.43,baseline
order_0008087,1,credit_card,2,58.67,baseline
order_0008088,1,credit_card,1,19.99,baseline
order_0008089,1,credit_card,5,436.72,baseline
order_0008090,1,credit_card,1,17.0,baseline
order_0008090,2,debit_card,1,38.17,baseline
order_0008091,1,credit_card,1,84.03,baseline
order_0008092,1,credit_card,2,232.14,baseline
order_0008093,1,credit_card,2,127.43,baseline
order_0008094,1,credit_card,2,61.16,baseline
order_0008095,1,debit_card,1,35.45,baseline
order_0008096,1,credit_card,1,46.57,baseline
order_0008097,1,debit_card,1,196.99,baseline
order_0008098,1,credit_card,2,60.05,baseline
order_0008099,1,credit_card,2,179.32,baseline
order_0008100,1,credit_card,2,74.56,baseline
order_0008101,1,credit_card,2,85.85,baseline
order_0008102,1,digital_wallet,1,48.59,baseline
order_0008103,1,credit_card,1,55.57,baseline
order_0008103,2,debit_card,1,21.37,baseline
order_0008104,1,credit_card,4,141.01,baseline
order_0008105,1,credit_card,2,29.99,baseline
order_0008106,1,credit_card,8,363.77,baseline
order_0008107,1,bank_transfer,1,145.5,baseline
order_0008108,1,digital_wallet,1,76.99,baseline
order_0008109,1,credit_card,1,25.76,baseline
order_0008110,1,digital_wallet,1,14.63,baseline
order_0008110,2,debit_card,1,13.98,baseline
order_0008111,1,credit_card,2,79.32,baseline
order_0008112,1,gift_card,1,69.83,baseline
order_0008113,1,bank_transfer,1,346.33,baseline
order_0008114,1,credit_card,2,73.39,baseline
order_0008115,1,credit_card,1,639.77,baseline
order_0008116,1,digital_wallet,1,306.94,baseline
order_0008117,1,digital_wallet,1,200.03,baseline
order_0008118,1,digital_wallet,1,160.84,baseline
order_0008119,1,digital_wallet,1,106.9,baseline
order_0008120,1,credit_card,5,258.79,baseline
order_0008121,1,credit_card,3,110.14,baseline
order_0008122,1,debit_card,1,44.71,baseline
order_0008122,2,credit_card,2,132.91,baseline
order_0008123,1,credit_card,3,377.04,baseline
order_0008124,1,digital_wallet,1,126.58,baseline
order_0008125,1,credit_card,1,118.86,baseline
order_0008126,1,credit_card,1,40.36,baseline
order_0008127,1,digital_wallet,1,24.91,baseline
order_0008128,1,credit_card,4,172.95,baseline
order_0008129,1,credit_card,1,294.15,baseline
order_0008130,1,bank_transfer,1,39.84,baseline
order_0008131,1,credit_card,1,62.27,baseline
order_0008132,1,bank_transfer,1,41.04,baseline
order_0008133,1,credit_card,1,47.35,baseline
order_0008134,1,digital_wallet,1,289.67,baseline
order_0008135,1,gift_card,1,136.63,baseline
order_0008136,1,digital_wallet,1,136.37,baseline
order_0008137,1,digital_wallet,1,139.67,baseline
order_0008138,1,credit_card,2,124.11,baseline
order_0008139,1,digital_wallet,1,26.87,baseline
order_0008140,1,credit_card,1,322.38,baseline
order_0008141,1,bank_transfer,1,183.15,baseline
order_0008142,1,credit_card,1,28.15,baseline
order_0008143,1,digital_wallet,1,136.76,baseline
order_0008144,1,credit_card,1,178.01,baseline
order_0008145,1,credit_card,2,59.24,baseline
order_0008146,1,credit_card,2,77.21,baseline
order_0008147,1,credit_card,1,64.4,baseline
order_0008148,1,gift_card,1,39.91,baseline
order_0008148,2,credit_card,1,19.16,baseline
order_0008149,1,digital_wallet,1,260.2,baseline
order_0008150,1,credit_card,3,311.91,baseline
order_0008151,1,credit_card,5,209.92,baseline
order_0008152,1,credit_card,1,122.05,baseline
order_0008153,1,credit_card,2,115.57,baseline
order_0008154,1,credit_card,1,72.51,baseline
order_0008155,1,bank_transfer,1,44.55,baseline
order_0008156,1,credit_card,2,41.85,baseline
order_0008157,1,debit_card,1,120.0,baseline
order_0008158,1,digital_wallet,1,43.98,baseline
order_0008159,1,gift_card,1,174.67,baseline
order_0008160,1,digital_wallet,1,198.85,baseline
order_0008161,1,credit_card,1,27.77,baseline
order_0008162,1,debit_card,1,286.01,baseline
order_0008163,1,debit_card,1,447.14,baseline
order_0008164,1,debit_card,1,146.99,baseline
order_0008165,1,credit_card,2,18.21,baseline
order_0008166,1,credit_card,2,152.71,baseline
order_0008166,2,debit_card,1,262.93,baseline
order_0008167,1,credit_card,5,183.58,baseline
order_0008168,1,credit_card,1,345.45,baseline
order_0008169,1,debit_card,1,97.26,baseline
order_0008170,1,credit_card,1,219.26,baseline
order_0008171,1,digital_wallet,1,55.77,baseline
order_0008172,1,credit_card,2,19.63,baseline
order_0008173,1,credit_card,5,392.17,baseline
order_0008174,1,credit_card,9,391.88,baseline
order_0008175,1,credit_card,2,69.39,baseline
order_0008176,1,digital_wallet,1,55.81,baseline
order_0008176,2,credit_card,2,33.36,baseline
order_0008177,1,bank_transfer,1,134.48,baseline
order_0008178,1,credit_card,4,144.91,baseline
order_0008179,1,bank_transfer,1,238.7,baseline
order_0008180,1,credit_card,3,146.07,baseline
order_0008180,2,debit_card,1,260.04,baseline
order_0008181,1,credit_card,3,161.61,baseline
order_0008182,1,digital_wallet,1,60.87,baseline
order_0008183,1,digital_wallet,1,88.46,baseline
order_0008184,1,digital_wallet,1,53.99,baseline
order_0008185,1,digital_wallet,1,26.45,baseline
order_0008185,2,credit_card,2,18.74,baseline
order_0008186,1,digital_wallet,1,35.64,baseline
order_0008187,1,digital_wallet,1,97.56,baseline
order_0008188,1,credit_card,2,55.58,baseline
order_0008189,1,credit_card,5,191.6,baseline
order_0008190,1,credit_card,1,66.64,baseline
order_0008191,1,credit_card,1,72.92,baseline
order_0008192,1,credit_card,4,185.79,baseline
order_0008193,1,debit_card,1,22.97,baseline
order_0008193,2,credit_card,2,46.15,baseline
order_0008194,1,debit_card,1,122.15,baseline
order_0008195,1,bank_transfer,1,87.31,baseline
order_0008196,1,credit_card,2,34.91,baseline
order_0008197,1,gift_card,1,75.18,baseline
order_0008198,1,credit_card,2,62.68,baseline
order_0008199,1,credit_card,2,40.33,baseline
order_0008200,1,credit_card,2,29.6,baseline
order_0008201,1,credit_card,2,194.17,baseline
order_0008202,1,digital_wallet,1,47.53,baseline
order_0008203,1,debit_card,1,268.82,baseline
order_0008204,1,credit_card,2,56.2,baseline
order_0008205,1,digital_wallet,1,122.4,baseline
order_0008206,1,credit_card,2,87.09,baseline
order_0008207,1,digital_wallet,1,41.15,baseline
order_0008208,1,debit_card,1,128.54,baseline
order_0008209,1,bank_transfer,1,204.67,baseline
order_0008210,1,gift_card,1,50.23,baseline
order_0008210,2,credit_card,2,126.79,baseline
order_0008211,1,credit_card,2,28.04,baseline
order_0008212,1,digital_wallet,1,152.25,baseline
order_0008213,1,credit_card,2,54.42,baseline
order_0008213,2,gift_card,1,187.31,baseline
order_0008214,1,credit_card,4,215.45,baseline
order_0008215,1,digital_wallet,1,124.1,baseline
order_0008216,1,digital_wallet,1,147.55,baseline
order_0008217,1,bank_transfer,1,81.71,baseline
order_0008218,1,digital_wallet,1,146.86,baseline
order_0008219,1,bank_transfer,1,69.34,baseline
order_0008220,1,credit_card,2,65.96,baseline
order_0008221,1,credit_card,1,30.6,baseline
order_0008222,1,digital_wallet,1,40.59,baseline
order_0008223,1,credit_card,2,105.17,baseline
order_0008223,2,digital_wallet,1,78.31,baseline
order_0008224,1,digital_wallet,1,173.19,baseline
order_0008225,1,credit_card,1,29.33,baseline
order_0008225,2,digital_wallet,1,32.0,baseline
order_0008226,1,credit_card,1,19.34,baseline
order_0008226,2,digital_wallet,1,53.3,baseline
order_0008227,1,debit_card,1,263.8,baseline
order_0008228,1,credit_card,1,55.17,baseline
order_0008229,1,bank_transfer,1,298.51,baseline
order_0008230,1,digital_wallet,1,56.17,baseline
order_0008231,1,credit_card,1,193.95,baseline
order_0008232,1,digital_wallet,1,78.97,baseline
order_0008233,1,digital_wallet,1,153.87,baseline
order_0008234,1,credit_card,2,73.61,baseline
order_0008235,1,bank_transfer,1,175.71,baseline
order_0008236,1,digital_wallet,1,98.46,baseline
order_0008237,1,credit_card,2,56.81,baseline
order_0008238,1,credit_card,4,471.77,baseline
order_0008239,1,bank_transfer,1,40.34,baseline
order_0008240,1,credit_card,2,68.37,baseline
order_0008241,1,digital_wallet,1,35.06,baseline
order_0008242,1,credit_card,2,31.69,baseline
order_0008243,1,debit_card,1,43.15,baseline
order_0008244,1,credit_card,1,108.47,baseline
order_0008245,1,digital_wallet,1,37.46,baseline
order_0008246,1,credit_card,6,315.0,baseline
order_0008247,1,debit_card,1,51.75,baseline
order_0008248,1,credit_card,2,89.84,baseline
order_0008249,1,credit_card,2,86.6,baseline
order_0008250,1,digital_wallet,1,119.47,baseline
order_0008251,1,digital_wallet,1,277.3,baseline
order_0008252,1,digital_wallet,1,70.72,baseline
order_0008253,1,digital_wallet,1,496.37,baseline
order_0008254,1,bank_transfer,1,77.95,baseline
order_0008255,1,credit_card,2,84.21,baseline
order_0008256,1,digital_wallet,1,30.02,baseline
order_0008257,1,digital_wallet,1,63.14,baseline
order_0008258,1,credit_card,2,251.07,baseline
order_0008259,1,credit_card,1,59.06,baseline
order_0008259,2,digital_wallet,1,30.14,baseline
order_0008260,1,credit_card,1,86.54,baseline
order_0008261,1,credit_card,6,231.11,baseline
order_0008262,1,debit_card,1,23.87,baseline
order_0008263,1,bank_transfer,1,42.03,baseline
order_0008264,1,credit_card,3,109.47,baseline
order_0008265,1,digital_wallet,1,235.44,baseline
order_0008266,1,digital_wallet,1,62.59,baseline
order_0008266,2,credit_card,1,27.78,baseline
order_0008267,1,digital_wallet,1,309.18,baseline
order_0008268,1,credit_card,1,42.4,baseline
order_0008269,1,digital_wallet,1,152.37,baseline
order_0008270,1,credit_card,2,22.4,baseline
order_0008271,1,credit_card,4,423.6,baseline
order_0008272,1,credit_card,2,31.4,baseline
order_0008273,1,digital_wallet,1,40.17,baseline
order_0008274,1,digital_wallet,1,47.89,baseline
order_0008275,1,debit_card,1,85.41,baseline
order_0008275,2,credit_card,2,109.12,baseline
order_0008276,1,digital_wallet,1,67.6,baseline
order_0008277,1,credit_card,4,158.96,baseline
order_0008278,1,credit_card,1,92.91,baseline
order_0008279,1,bank_transfer,1,38.85,baseline
order_0008280,1,credit_card,2,27.06,baseline
order_0008281,1,credit_card,1,25.58,baseline
order_0008282,1,digital_wallet,1,120.92,baseline
order_0008283,1,digital_wallet,1,20.64,baseline
order_0008284,1,credit_card,2,133.29,baseline
order_0008285,1,debit_card,1,186.09,baseline
order_0008286,1,credit_card,6,652.28,baseline
order_0008287,1,digital_wallet,1,193.66,baseline
order_0008288,1,credit_card,7,279.59,baseline
order_0008289,1,gift_card,1,181.15,baseline
order_0008290,1,digital_wallet,1,239.28,baseline
order_0008291,1,debit_card,1,143.56,baseline
order_0008292,1,digital_wallet,1,134.18,baseline
order_0008293,1,debit_card,1,385.87,baseline
order_0008294,1,digital_wallet,1,552.46,baseline
order_0008295,1,digital_wallet,1,200.39,baseline
order_0008296,1,credit_card,5,320.82,baseline
order_0008297,1,debit_card,1,53.13,baseline
order_0008298,1,digital_wallet,1,167.15,baseline
order_0008299,1,bank_transfer,1,349.32,baseline
order_0008300,1,credit_card,3,138.43,baseline
order_0008301,1,credit_card,2,27.67,baseline
order_0008302,1,digital_wallet,1,39.1,baseline
order_0008303,1,digital_wallet,1,203.76,baseline
order_0008304,1,credit_card,4,266.96,baseline
order_0008305,1,credit_card,2,81.41,baseline
order_0008306,1,credit_card,2,195.37,baseline
order_0008307,1,credit_card,2,63.41,baseline
order_0008308,1,bank_transfer,1,102.71,baseline
order_0008309,1,credit_card,3,172.56,baseline
order_0008310,1,digital_wallet,1,121.65,baseline
order_0008311,1,credit_card,2,52.34,baseline
order_0008312,1,digital_wallet,1,544.35,baseline
order_0008313,1,credit_card,1,284.29,baseline
order_0008314,1,gift_card,1,118.47,baseline
order_0008315,1,credit_card,1,121.58,baseline
order_0008316,1,credit_card,1,187.61,baseline
order_0008317,1,credit_card,6,239.63,baseline
order_0008318,1,digital_wallet,1,263.82,baseline
order_0008319,1,bank_transfer,1,52.93,baseline
order_0008320,1,credit_card,2,56.83,baseline
order_0008321,1,bank_transfer,1,67.08,baseline
order_0008322,1,debit_card,1,153.16,baseline
order_0008323,1,debit_card,1,287.67,baseline
order_0008324,1,credit_card,3,140.16,baseline
order_0008325,1,credit_card,3,242.2,baseline
order_0008326,1,digital_wallet,1,83.9,baseline
order_0008327,1,credit_card,2,36.27,baseline
order_0008328,1,credit_card,4,248.61,baseline
order_0008329,1,credit_card,1,99.16,baseline
order_0008330,1,bank_transfer,1,679.61,baseline
order_0008331,1,credit_card,1,180.56,baseline
order_0008332,1,credit_card,1,100.94,baseline
order_0008333,1,digital_wallet,1,582.2,baseline
order_0008334,1,debit_card,1,60.6,baseline
order_0008335,1,credit_card,2,144.63,baseline
order_0008336,1,bank_transfer,1,128.8,baseline
order_0008337,1,credit_card,1,55.37,baseline
order_0008338,1,bank_transfer,1,377.94,baseline
order_0008339,1,debit_card,1,80.91,baseline
order_0008339,2,digital_wallet,1,248.8,baseline
order_0008340,1,digital_wallet,1,377.31,baseline
order_0008341,1,credit_card,1,18.38,baseline
order_0008341,2,digital_wallet,1,51.92,baseline
order_0008342,1,credit_card,6,356.33,baseline
order_0008343,1,credit_card,2,43.75,baseline
order_0008344,1,credit_card,6,334.47,baseline
order_0008345,1,digital_wallet,1,193.04,baseline
order_0008346,1,digital_wallet,1,107.87,baseline
order_0008347,1,digital_wallet,1,79.57,baseline
order_0008348,1,credit_card,2,15.97,baseline
order_0008349,1,digital_wallet,1,111.71,baseline
order_0008350,1,credit_card,1,29.56,baseline
order_0008351,1,debit_card,1,135.94,baseline
order_0008352,1,credit_card,3,108.78,baseline
order_0008353,1,debit_card,1,57.71,baseline
order_0008354,1,credit_card,4,239.27,baseline
order_0008355,1,digital_wallet,1,279.98,baseline
order_0008356,1,debit_card,1,244.0,baseline
order_0008357,1,credit_card,2,66.48,baseline
order_0008358,1,credit_card,2,129.36,baseline
order_0008359,1,credit_card,3,218.79,baseline
order_0008360,1,credit_card,1,148.8,baseline
order_0008361,1,credit_card,3,110.52,baseline
order_0008361,2,digital_wallet,1,197.81,baseline
order_0008362,1,debit_card,1,84.97,baseline
order_0008363,1,debit_card,1,256.1,baseline
order_0008364,1,credit_card,2,64.93,baseline
order_0008365,1,digital_wallet,1,94.9,baseline
order_0008366,1,bank_transfer,1,170.73,baseline
order_0008367,1,credit_card,3,102.29,baseline
order_0008368,1,credit_card,2,63.36,baseline
order_0008369,1,credit_card,7,326.66,baseline
order_0008370,1,credit_card,2,98.52,baseline
order_0008371,1,debit_card,1,45.59,baseline
order_0008372,1,digital_wallet,1,200.86,baseline
order_0008373,1,digital_wallet,1,86.39,baseline
order_0008374,1,digital_wallet,1,124.38,baseline
order_0008375,1,debit_card,1,35.76,baseline
order_0008376,1,digital_wallet,1,91.79,baseline
order_0008377,1,credit_card,2,105.29,baseline
order_0008378,1,digital_wallet,1,168.19,baseline
order_0008379,1,digital_wallet,1,91.98,baseline
order_0008380,1,credit_card,2,461.48,baseline
order_0008381,1,credit_card,2,90.3,baseline
order_0008382,1,credit_card,8,700.18,baseline
order_0008383,1,credit_card,3,196.21,baseline
order_0008384,1,digital_wallet,1,124.37,baseline
order_0008385,1,credit_card,1,190.55,baseline
order_0008386,1,digital_wallet,1,78.97,baseline
order_0008387,1,credit_card,2,49.55,baseline
order_0008388,1,credit_card,3,132.57,baseline
order_0008389,1,credit_card,1,19.69,baseline
order_0008389,2,debit_card,1,45.34,baseline
order_0008390,1,digital_wallet,1,105.53,baseline
order_0008391,1,digital_wallet,1,658.97,baseline
order_0008392,1,bank_transfer,1,248.77,baseline
order_0008393,1,credit_card,4,294.24,baseline
order_0008394,1,debit_card,1,131.6,baseline
order_0008395,1,debit_card,1,523.07,baseline
order_0008396,1,credit_card,1,89.75,baseline
order_0008397,1,gift_card,1,171.31,baseline
order_0008398,1,bank_transfer,1,223.85,baseline
order_0008399,1,credit_card,2,17.67,baseline
order_0008399,2,digital_wallet,1,50.91,baseline
order_0008400,1,digital_wallet,1,68.29,baseline
order_0008401,1,bank_transfer,1,236.27,baseline
order_0008402,1,credit_card,2,16.7,baseline
order_0008403,1,credit_card,4,140.36,baseline
order_0008404,1,credit_card,3,223.78,baseline
order_0008405,1,digital_wallet,1,78.47,baseline
order_0008406,1,credit_card,3,126.79,baseline
order_0008407,1,credit_card,3,207.48,baseline
order_0008408,1,digital_wallet,1,564.15,baseline
order_0008409,1,credit_card,4,219.24,baseline
order_0008410,1,credit_card,1,90.74,baseline
order_0008411,1,credit_card,1,242.26,baseline
order_0008412,1,debit_card,1,33.35,baseline
order_0008413,1,credit_card,2,16.97,baseline
order_0008414,1,credit_card,1,73.95,baseline
order_0008415,1,credit_card,12,573.43,baseline
order_0008416,1,credit_card,7,449.36,baseline
order_0008417,1,credit_card,3,362.79,baseline
order_0008418,1,credit_card,2,526.07,baseline
order_0008419,1,credit_card,8,317.08,baseline
order_0008420,1,debit_card,1,88.01,baseline
order_0008421,1,digital_wallet,1,36.12,baseline
order_0008422,1,credit_card,1,28.12,baseline
order_0008423,1,bank_transfer,1,115.76,baseline
order_0008424,1,credit_card,1,49.59,baseline
order_0008425,1,digital_wallet,1,224.69,baseline
order_0008426,1,gift_card,1,318.18,baseline
order_0008427,1,credit_card,1,42.84,baseline
order_0008427,2,bank_transfer,1,21.72,baseline
order_0008428,1,bank_transfer,1,303.13,baseline
order_0008428,2,credit_card,3,147.53,baseline
order_0008429,1,digital_wallet,1,114.23,baseline
order_0008430,1,credit_card,2,58.55,baseline
order_0008431,1,credit_card,1,312.47,baseline
order_0008432,1,digital_wallet,1,332.94,baseline
order_0008433,1,digital_wallet,1,410.43,baseline
order_0008434,1,digital_wallet,1,60.76,baseline
order_0008435,1,credit_card,1,90.61,baseline
order_0008436,1,credit_card,1,42.75,baseline
order_0008437,1,digital_wallet,1,107.01,baseline
order_0008438,1,digital_wallet,1,18.41,baseline
order_0008438,2,credit_card,1,13.01,baseline
order_0008439,1,credit_card,2,206.52,baseline
order_0008440,1,credit_card,2,43.03,baseline
order_0008441,1,digital_wallet,1,299.23,baseline
order_0008442,1,debit_card,1,51.66,baseline
order_0008443,1,credit_card,4,164.76,baseline
order_0008444,1,credit_card,2,17.33,baseline
order_0008444,2,debit_card,1,15.0,baseline
order_0008445,1,digital_wallet,1,46.41,baseline
order_0008446,1,credit_card,2,125.71,baseline
order_0008447,1,bank_transfer,1,237.19,baseline
order_0008448,1,digital_wallet,1,173.17,baseline
order_0008449,1,digital_wallet,1,79.83,baseline
order_0008450,1,credit_card,1,107.18,baseline
order_0008451,1,credit_card,1,67.04,baseline
order_0008452,1,digital_wallet,1,202.78,baseline
order_0008453,1,digital_wallet,1,113.64,baseline
order_0008454,1,credit_card,3,382.71,baseline
order_0008455,1,digital_wallet,1,122.81,baseline
order_0008456,1,digital_wallet,1,303.18,baseline
order_0008457,1,credit_card,1,63.18,baseline
order_0008458,1,credit_card,2,189.73,baseline
order_0008459,1,digital_wallet,1,358.21,baseline
order_0008460,1,digital_wallet,1,51.23,baseline
order_0008461,1,credit_card,1,85.05,baseline
order_0008462,1,bank_transfer,1,104.09,baseline
order_0008463,1,debit_card,1,91.7,baseline
order_0008464,1,credit_card,6,258.26,baseline
order_0008465,1,bank_transfer,1,47.09,baseline
order_0008466,1,digital_wallet,1,288.09,baseline
order_0008467,1,credit_card,2,50.39,baseline
order_0008468,1,credit_card,1,30.22,baseline
order_0008469,1,digital_wallet,1,47.18,baseline
order_0008470,1,credit_card,4,360.03,baseline
order_0008470,2,digital_wallet,1,310.25,baseline
order_0008471,1,bank_transfer,1,123.78,baseline
order_0008472,1,digital_wallet,1,787.26,baseline
order_0008473,1,credit_card,3,106.12,baseline
order_0008474,1,credit_card,2,55.64,baseline
order_0008475,1,credit_card,3,175.06,baseline
order_0008476,1,debit_card,1,198.72,baseline
order_0008477,1,credit_card,1,675.61,baseline
order_0008478,1,credit_card,2,112.0,baseline
order_0008479,1,debit_card,1,29.89,baseline
order_0008480,1,digital_wallet,1,84.94,baseline
order_0008481,1,credit_card,1,47.01,baseline
order_0008482,1,digital_wallet,1,57.18,baseline
order_0008483,1,credit_card,2,32.51,baseline
order_0008484,1,bank_transfer,1,15.24,baseline
order_0008484,2,credit_card,1,12.09,baseline
order_0008485,1,credit_card,9,546.76,baseline
order_0008485,2,bank_transfer,1,388.81,baseline
order_0008486,1,bank_transfer,1,405.66,baseline
order_0008487,1,debit_card,1,232.67,baseline
order_0008488,1,credit_card,1,204.92,baseline
order_0008489,1,credit_card,2,134.96,baseline
order_0008490,1,credit_card,1,64.21,baseline
order_0008491,1,digital_wallet,1,45.16,baseline
order_0008492,1,credit_card,2,93.05,baseline
order_0008493,1,credit_card,1,240.22,baseline
order_0008494,1,credit_card,1,32.33,baseline
order_0008495,1,bank_transfer,1,128.06,baseline
order_0008496,1,credit_card,1,52.23,baseline
order_0008497,1,credit_card,6,513.6,baseline
order_0008498,1,bank_transfer,1,182.3,baseline
order_0008499,1,credit_card,6,340.3,baseline
order_0008500,1,bank_transfer,1,163.85,baseline
order_0008501,1,credit_card,1,79.41,baseline
order_0008502,1,credit_card,2,77.72,baseline
order_0008503,1,credit_card,3,312.17,baseline
order_0008504,1,credit_card,1,97.41,baseline
order_0008505,1,debit_card,1,136.67,baseline
order_0008506,1,credit_card,1,86.69,baseline
order_0008507,1,digital_wallet,1,105.9,baseline
order_0008508,1,digital_wallet,1,270.28,baseline
order_0008509,1,credit_card,3,275.53,baseline
order_0008510,1,debit_card,1,633.52,baseline
order_0008511,1,debit_card,1,262.5,baseline
order_0008512,1,credit_card,4,357.21,baseline
order_0008513,1,credit_card,1,196.6,baseline
order_0008514,1,credit_card,3,197.43,baseline
order_0008515,1,digital_wallet,1,114.63,baseline
order_0008516,1,credit_card,4,432.15,baseline
order_0008516,2,digital_wallet,1,417.01,baseline
order_0008517,1,digital_wallet,1,30.55,baseline
order_0008518,1,debit_card,1,557.72,baseline
order_0008519,1,gift_card,1,23.37,baseline
order_0008520,1,digital_wallet,1,249.12,baseline
order_0008521,1,digital_wallet,1,184.55,baseline
order_0008522,1,credit_card,4,149.01,baseline
order_0008523,1,debit_card,1,111.47,baseline
order_0008524,1,credit_card,1,55.57,baseline
order_0008525,1,debit_card,1,41.98,baseline
order_0008526,1,digital_wallet,1,66.35,baseline
order_0008527,1,credit_card,11,436.42,baseline
order_0008528,1,digital_wallet,1,114.28,baseline
order_0008528,2,credit_card,1,74.77,baseline
order_0008529,1,credit_card,2,44.87,baseline
order_0008530,1,credit_card,1,45.11,baseline
order_0008531,1,digital_wallet,1,125.63,baseline
order_0008532,1,credit_card,2,111.78,baseline
order_0008533,1,bank_transfer,1,153.97,baseline
order_0008534,1,credit_card,1,410.65,baseline
order_0008535,1,credit_card,1,153.8,baseline
order_0008536,1,digital_wallet,1,228.15,baseline
order_0008537,1,digital_wallet,1,65.82,baseline
order_0008538,1,credit_card,2,145.76,baseline
order_0008539,1,debit_card,1,276.67,baseline
order_0008540,1,digital_wallet,1,512.62,baseline
order_0008541,1,debit_card,1,105.23,baseline
order_0008542,1,digital_wallet,1,142.72,baseline
order_0008543,1,digital_wallet,1,172.1,baseline
order_0008544,1,gift_card,1,92.54,baseline
order_0008545,1,bank_transfer,1,86.73,baseline
order_0008546,1,digital_wallet,1,37.03,baseline
order_0008547,1,digital_wallet,1,145.16,baseline
order_0008548,1,digital_wallet,1,75.04,baseline
order_0008549,1,credit_card,1,138.69,baseline
order_0008550,1,credit_card,1,111.65,baseline
order_0008551,1,digital_wallet,1,299.76,baseline
order_0008552,1,credit_card,2,33.63,baseline
order_0008553,1,credit_card,4,274.25,baseline
order_0008554,1,digital_wallet,1,28.25,baseline
order_0008555,1,digital_wallet,1,64.92,baseline
order_0008556,1,credit_card,1,72.22,baseline
order_0008557,1,gift_card,1,302.65,baseline
order_0008558,1,credit_card,1,207.1,baseline
order_0008559,1,debit_card,1,95.83,baseline
order_0008559,2,digital_wallet,1,38.94,baseline
order_0008560,1,credit_card,2,202.91,baseline
order_0008561,1,bank_transfer,1,37.99,baseline
order_0008562,1,digital_wallet,1,338.44,baseline
order_0008563,1,gift_card,1,26.49,baseline
order_0008564,1,credit_card,2,41.67,baseline
order_0008564,2,digital_wallet,1,73.43,baseline
order_0008565,1,credit_card,2,176.95,baseline
order_0008566,1,digital_wallet,1,106.28,baseline
order_0008566,2,credit_card,1,224.96,baseline
order_0008567,1,digital_wallet,1,172.69,baseline
order_0008567,2,debit_card,1,118.22,baseline
order_0008568,1,digital_wallet,1,217.85,baseline
order_0008569,1,digital_wallet,1,180.99,baseline
order_0008570,1,digital_wallet,1,299.9,baseline
order_0008571,1,gift_card,1,48.73,baseline
order_0008572,1,digital_wallet,1,186.43,baseline
order_0008573,1,credit_card,2,101.91,baseline
order_0008574,1,credit_card,2,30.59,baseline
order_0008575,1,digital_wallet,1,53.57,baseline
order_0008575,2,credit_card,1,88.47,baseline
order_0008576,1,credit_card,2,42.45,baseline
order_0008577,1,credit_card,1,37.67,baseline
order_0008578,1,bank_transfer,1,261.77,baseline
order_0008579,1,bank_transfer,1,139.81,baseline
order_0008580,1,digital_wallet,1,46.35,baseline
order_0008581,1,debit_card,1,186.84,baseline
order_0008582,1,digital_wallet,1,182.27,baseline
order_0008583,1,bank_transfer,1,59.55,baseline
order_0008584,1,digital_wallet,1,178.54,baseline
order_0008585,1,credit_card,2,34.57,baseline
order_0008586,1,credit_card,3,162.56,baseline
order_0008587,1,gift_card,1,27.8,baseline
order_0008588,1,debit_card,1,22.19,baseline
order_0008589,1,debit_card,1,63.69,baseline
order_0008590,1,digital_wallet,1,187.44,baseline
order_0008591,1,debit_card,1,34.78,baseline
order_0008592,1,credit_card,2,54.64,baseline
order_0008593,1,credit_card,3,389.79,baseline
order_0008594,1,credit_card,2,112.7,baseline
order_0008595,1,credit_card,3,309.78,baseline
order_0008596,1,bank_transfer,1,24.59,baseline
order_0008597,1,credit_card,2,27.41,baseline
order_0008598,1,bank_transfer,1,172.04,baseline
order_0008599,1,credit_card,2,47.2,baseline
order_0008600,1,credit_card,5,437.37,baseline
order_0008601,1,bank_transfer,1,166.01,baseline
order_0008602,1,digital_wallet,1,286.24,baseline
order_0008603,1,credit_card,1,217.63,baseline
order_0008604,1,digital_wallet,1,209.2,baseline
order_0008605,1,digital_wallet,1,64.53,baseline
order_0008606,1,credit_card,1,123.99,baseline
order_0008607,1,credit_card,3,332.35,baseline
order_0008608,1,credit_card,2,23.06,baseline
order_0008609,1,credit_card,2,456.07,baseline
order_0008610,1,credit_card,5,196.36,baseline
order_0008611,1,credit_card,3,144.54,baseline
order_0008612,1,credit_card,2,52.23,baseline
order_0008612,2,bank_transfer,1,69.31,baseline
order_0008613,1,digital_wallet,1,251.43,baseline
order_0008614,1,credit_card,1,34.22,baseline
order_0008615,1,debit_card,1,9.34,baseline
order_0008615,2,credit_card,1,31.03,baseline
order_0008616,1,digital_wallet,1,348.47,baseline
order_0008617,1,digital_wallet,1,274.12,baseline
order_0008618,1,credit_card,2,87.17,baseline
order_0008619,1,credit_card,9,792.37,baseline
order_0008620,1,credit_card,1,55.07,baseline
order_0008621,1,bank_transfer,1,63.93,baseline
order_0008622,1,bank_transfer,1,260.54,baseline
order_0008623,1,bank_transfer,1,298.66,baseline
order_0008624,1,credit_card,2,28.29,baseline
order_0008625,1,credit_card,1,63.37,baseline
order_0008625,2,debit_card,1,30.73,baseline
order_0008626,1,credit_card,1,111.79,baseline
order_0008627,1,credit_card,3,138.83,baseline
order_0008628,1,gift_card,1,28.04,baseline
order_0008628,2,digital_wallet,1,36.3,baseline
order_0008629,1,credit_card,1,81.46,baseline
order_0008630,1,debit_card,1,123.3,baseline
order_0008631,1,gift_card,1,143.48,baseline
order_0008632,1,credit_card,3,133.19,baseline
order_0008633,1,debit_card,1,167.79,baseline
order_0008634,1,debit_card,1,263.0,baseline
order_0008635,1,bank_transfer,1,312.48,baseline
order_0008636,1,debit_card,1,82.28,baseline
order_0008637,1,credit_card,1,102.67,baseline
order_0008638,1,credit_card,3,461.73,baseline
order_0008639,1,credit_card,1,123.05,baseline
order_0008640,1,digital_wallet,1,45.37,baseline
order_0008641,1,credit_card,1,76.8,baseline
order_0008642,1,gift_card,1,123.2,baseline
order_0008643,1,credit_card,1,34.42,baseline
order_0008644,1,credit_card,4,278.56,baseline
order_0008645,1,digital_wallet,1,64.31,baseline
order_0008646,1,credit_card,2,195.83,baseline
order_0008647,1,bank_transfer,1,622.76,baseline
order_0008648,1,credit_card,2,93.98,baseline
order_0008649,1,digital_wallet,1,88.11,baseline
order_0008650,1,debit_card,1,29.76,baseline
order_0008651,1,gift_card,1,235.53,baseline
order_0008652,1,bank_transfer,1,160.61,baseline
order_0008653,1,credit_card,1,56.92,baseline
order_0008654,1,credit_card,8,393.34,baseline
order_0008655,1,digital_wallet,1,630.75,baseline
order_0008656,1,gift_card,1,114.25,baseline
order_0008657,1,credit_card,2,61.08,baseline
order_0008658,1,gift_card,1,127.36,baseline
order_0008659,1,credit_card,5,360.92,baseline
order_0008660,1,debit_card,1,109.86,baseline
order_0008661,1,digital_wallet,1,195.47,baseline
order_0008662,1,credit_card,1,93.69,baseline
order_0008662,2,gift_card,1,79.98,baseline
order_0008663,1,digital_wallet,1,187.43,baseline
order_0008664,1,digital_wallet,1,85.2,baseline
order_0008665,1,gift_card,1,54.52,baseline
order_0008666,1,credit_card,7,370.4,baseline
order_0008667,1,digital_wallet,1,89.8,baseline
order_0008668,1,credit_card,7,278.13,baseline
order_0008669,1,digital_wallet,1,243.06,baseline
order_0008670,1,credit_card,2,141.66,baseline
order_0008670,2,bank_transfer,1,97.2,baseline
order_0008671,1,digital_wallet,1,26.98,baseline
order_0008671,2,credit_card,1,26.12,baseline
order_0008672,1,debit_card,1,182.73,baseline
order_0008673,1,credit_card,2,126.94,baseline
order_0008674,1,digital_wallet,1,42.02,baseline
order_0008675,1,digital_wallet,1,320.69,baseline
order_0008676,1,credit_card,2,75.41,baseline
order_0008677,1,credit_card,1,96.5,baseline
order_0008678,1,credit_card,1,76.86,baseline
order_0008679,1,credit_card,3,156.2,baseline
order_0008680,1,debit_card,1,84.97,baseline
order_0008681,1,credit_card,1,68.95,baseline
order_0008682,1,credit_card,12,783.22,baseline
order_0008683,1,credit_card,2,107.99,baseline
order_0008684,1,digital_wallet,1,31.95,baseline
order_0008685,1,credit_card,3,131.12,baseline
order_0008686,1,credit_card,2,53.08,baseline
order_0008687,1,bank_transfer,1,322.25,baseline
order_0008688,1,debit_card,1,136.56,baseline
order_0008689,1,debit_card,1,54.95,baseline
order_0008690,1,debit_card,1,70.7,baseline
order_0008690,2,credit_card,1,75.65,baseline
order_0008691,1,debit_card,1,103.04,baseline
order_0008692,1,digital_wallet,1,96.27,baseline
order_0008692,2,gift_card,1,35.57,baseline
order_0008693,1,digital_wallet,1,135.4,baseline
order_0008694,1,credit_card,1,203.9,baseline
order_0008695,1,digital_wallet,1,72.21,baseline
order_0008696,1,digital_wallet,1,45.71,baseline
order_0008697,1,credit_card,1,40.11,baseline
order_0008698,1,debit_card,1,125.63,baseline
order_0008699,1,bank_transfer,1,63.49,baseline
order_0008700,1,credit_card,1,376.58,baseline
order_0008701,1,credit_card,2,35.47,baseline
order_0008702,1,digital_wallet,1,155.86,baseline
order_0008703,1,credit_card,1,67.35,baseline
order_0008704,1,credit_card,3,136.04,baseline
order_0008705,1,bank_transfer,1,90.98,baseline
order_0008706,1,credit_card,2,140.35,baseline
order_0008707,1,digital_wallet,1,101.88,baseline
order_0008708,1,credit_card,2,61.18,baseline
order_0008709,1,credit_card,4,439.3,baseline
order_0008710,1,digital_wallet,1,49.82,baseline
order_0008711,1,credit_card,2,71.42,baseline
order_0008712,1,digital_wallet,1,137.69,baseline
order_0008713,1,credit_card,3,115.25,baseline
order_0008714,1,digital_wallet,1,576.1,baseline
order_0008715,1,digital_wallet,1,350.46,baseline
order_0008716,1,credit_card,1,57.42,baseline
order_0008717,1,gift_card,1,95.91,baseline
order_0008718,1,bank_transfer,1,23.26,baseline
order_0008719,1,credit_card,2,88.51,baseline
order_0008720,1,digital_wallet,1,44.1,baseline
order_0008721,1,debit_card,1,29.45,baseline
order_0008722,1,credit_card,1,160.42,baseline
order_0008723,1,digital_wallet,1,26.91,baseline
order_0008724,1,digital_wallet,1,70.41,baseline
order_0008725,1,credit_card,1,85.08,baseline
order_0008726,1,credit_card,8,513.02,baseline
order_0008727,1,gift_card,1,152.61,baseline
order_0008728,1,digital_wallet,1,182.42,baseline
order_0008729,1,debit_card,1,158.24,baseline
order_0008730,1,credit_card,1,44.52,baseline
order_0008731,1,debit_card,1,59.65,baseline
order_0008732,1,credit_card,2,60.54,baseline
order_0008733,1,credit_card,1,29.99,baseline
order_0008734,1,debit_card,1,46.39,baseline
order_0008735,1,credit_card,2,176.57,baseline
order_0008736,1,digital_wallet,1,53.87,baseline
order_0008737,1,digital_wallet,1,24.25,baseline
order_0008738,1,digital_wallet,1,83.25,baseline
order_0008739,1,credit_card,11,741.91,baseline
order_0008740,1,digital_wallet,1,134.95,baseline
order_0008741,1,debit_card,1,43.65,baseline
order_0008742,1,credit_card,1,36.91,baseline
order_0008743,1,credit_card,3,102.01,baseline
order_0008744,1,gift_card,1,64.32,baseline
order_0008745,1,digital_wallet,1,43.97,baseline
order_0008746,1,credit_card,3,118.62,baseline
order_0008747,1,credit_card,1,87.51,baseline
order_0008748,1,digital_wallet,1,78.66,baseline
order_0008749,1,digital_wallet,1,48.44,baseline
order_0008750,1,credit_card,2,122.84,baseline
order_0008751,1,gift_card,1,471.13,baseline
order_0008752,1,gift_card,1,40.13,baseline
order_0008753,1,debit_card,1,63.32,baseline
order_0008754,1,credit_card,1,128.88,baseline
order_0008754,2,digital_wallet,1,126.28,baseline
order_0008755,1,credit_card,2,86.37,baseline
order_0008756,1,credit_card,7,521.36,baseline
order_0008757,1,credit_card,3,127.0,baseline
order_0008758,1,credit_card,1,79.7,baseline
order_0008759,1,credit_card,2,82.9,baseline
order_0008760,1,credit_card,1,34.61,baseline
order_0008761,1,digital_wallet,1,63.21,baseline
order_0008762,1,debit_card,1,191.72,baseline
order_0008763,1,bank_transfer,1,36.11,baseline
order_0008763,2,digital_wallet,1,15.12,baseline
order_0008764,1,credit_card,1,178.8,baseline
order_0008765,1,digital_wallet,1,75.97,baseline
order_0008766,1,credit_card,1,209.82,baseline
order_0008767,1,credit_card,1,111.29,baseline
order_0008768,1,debit_card,1,45.89,baseline
order_0008769,1,digital_wallet,1,48.9,baseline
order_0008770,1,credit_card,2,350.19,baseline
order_0008771,1,bank_transfer,1,280.35,baseline
order_0008772,1,debit_card,1,104.11,baseline
order_0008773,1,credit_card,1,81.26,baseline
order_0008774,1,credit_card,2,45.03,baseline
order_0008775,1,credit_card,2,31.22,baseline
order_0008776,1,credit_card,1,30.61,baseline
order_0008777,1,debit_card,1,66.47,baseline
order_0008778,1,digital_wallet,1,250.94,baseline
order_0008779,1,credit_card,2,63.3,baseline
order_0008780,1,credit_card,6,234.02,baseline
order_0008781,1,credit_card,8,421.03,baseline
order_0008782,1,digital_wallet,1,276.4,baseline
order_0008783,1,gift_card,1,30.35,baseline
order_0008784,1,digital_wallet,1,220.48,baseline
order_0008785,1,credit_card,1,36.25,baseline
order_0008785,2,digital_wallet,1,19.03,baseline
order_0008786,1,credit_card,1,239.25,baseline
order_0008787,1,digital_wallet,1,85.58,baseline
order_0008788,1,digital_wallet,1,64.16,baseline
order_0008789,1,credit_card,3,197.57,baseline
order_0008790,1,gift_card,1,220.53,baseline
order_0008791,1,digital_wallet,1,143.87,baseline
order_0008792,1,credit_card,1,184.6,baseline
order_0008793,1,bank_transfer,1,533.8,baseline
order_0008794,1,credit_card,1,43.84,baseline
order_0008794,2,debit_card,1,25.72,baseline
order_0008795,1,credit_card,3,377.47,baseline
order_0008796,1,debit_card,1,127.35,baseline
order_0008797,1,credit_card,1,262.08,baseline
order_0008798,1,bank_transfer,1,455.9,baseline
order_0008799,1,credit_card,2,125.5,baseline
order_0008800,1,bank_transfer,1,132.27,baseline
order_0008801,1,digital_wallet,1,77.67,baseline
order_0008802,1,credit_card,3,253.29,baseline
order_0008803,1,credit_card,2,60.94,baseline
order_0008804,1,credit_card,2,66.32,baseline
order_0008805,1,credit_card,1,62.97,baseline
order_0008806,1,digital_wallet,1,62.31,baseline
order_0008807,1,credit_card,2,65.89,baseline
order_0008808,1,credit_card,1,34.15,baseline
order_0008809,1,digital_wallet,1,121.08,baseline
order_0008810,1,credit_card,1,36.05,baseline
order_0008811,1,debit_card,1,30.18,baseline
order_0008812,1,credit_card,2,112.64,baseline
order_0008813,1,credit_card,1,80.39,baseline
order_0008814,1,credit_card,6,304.98,baseline
order_0008815,1,credit_card,1,179.3,baseline
order_0008816,1,debit_card,1,87.59,baseline
order_0008817,1,debit_card,1,328.34,baseline
order_0008818,1,bank_transfer,1,27.2,baseline
order_0008819,1,digital_wallet,1,82.87,baseline
order_0008820,1,credit_card,3,103.36,baseline
order_0008821,1,bank_transfer,1,328.37,baseline
order_0008822,1,credit_card,4,251.4,baseline
order_0008823,1,credit_card,3,108.54,baseline
order_0008824,1,digital_wallet,1,207.65,baseline
order_0008825,1,digital_wallet,1,100.0,baseline
order_0008825,2,debit_card,1,138.42,baseline
order_0008826,1,credit_card,2,163.93,baseline
order_0008827,1,credit_card,2,74.49,baseline
order_0008828,1,credit_card,2,92.33,baseline
order_0008829,1,debit_card,1,39.74,baseline
order_0008830,1,credit_card,4,181.15,baseline
order_0008831,1,bank_transfer,1,67.71,baseline
order_0008832,1,credit_card,2,25.32,baseline
order_0008833,1,digital_wallet,1,267.08,baseline
order_0008834,1,credit_card,1,74.37,baseline
order_0008835,1,credit_card,1,51.67,baseline
order_0008836,1,credit_card,1,33.86,baseline
order_0008837,1,credit_card,4,174.55,baseline
order_0008838,1,digital_wallet,1,417.11,baseline
order_0008839,1,debit_card,1,34.54,baseline
order_0008840,1,credit_card,5,258.87,baseline
order_0008841,1,credit_card,8,313.84,baseline
order_0008842,1,credit_card,2,97.62,baseline
order_0008843,1,credit_card,2,200.61,baseline
order_0008844,1,digital_wallet,1,500.88,baseline
order_0008845,1,debit_card,1,83.82,baseline
order_0008846,1,digital_wallet,1,95.5,baseline
order_0008847,1,digital_wallet,1,71.95,baseline
order_0008848,1,gift_card,1,42.76,baseline
order_0008848,2,credit_card,2,46.99,baseline
order_0008849,1,credit_card,2,34.33,baseline
order_0008850,1,digital_wallet,1,52.42,baseline
order_0008851,1,debit_card,1,52.07,baseline
order_0008852,1,bank_transfer,1,86.8,baseline
order_0008853,1,debit_card,1,37.58,baseline
order_0008854,1,credit_card,2,48.91,baseline
order_0008855,1,credit_card,4,319.98,baseline
order_0008856,1,credit_card,1,606.62,baseline
order_0008857,1,bank_transfer,1,64.86,baseline
order_0008858,1,credit_card,1,64.47,baseline
order_0008859,1,credit_card,2,202.35,baseline
order_0008860,1,digital_wallet,1,52.01,baseline
order_0008861,1,credit_card,2,13.92,baseline
order_0008861,2,debit_card,1,16.72,baseline
order_0008862,1,credit_card,2,102.69,baseline
order_0008863,1,credit_card,5,374.58,baseline
order_0008864,1,credit_card,4,266.98,baseline
order_0008865,1,credit_card,1,51.42,baseline
order_0008865,2,digital_wallet,1,106.32,baseline
order_0008866,1,bank_transfer,1,50.07,baseline
order_0008867,1,credit_card,1,55.66,baseline
order_0008867,2,debit_card,1,102.17,baseline
order_0008868,1,digital_wallet,1,40.78,baseline
order_0008868,2,credit_card,2,44.87,baseline
order_0008869,1,debit_card,1,392.8,baseline
order_0008870,1,credit_card,3,528.07,baseline
order_0008871,1,bank_transfer,1,129.93,baseline
order_0008872,1,bank_transfer,1,25.67,baseline
order_0008873,1,debit_card,1,268.76,baseline
order_0008874,1,credit_card,3,135.54,baseline
order_0008875,1,credit_card,2,43.7,baseline
order_0008875,2,digital_wallet,1,54.92,baseline
order_0008876,1,credit_card,1,64.63,baseline
order_0008877,1,digital_wallet,1,78.16,baseline
order_0008878,1,credit_card,1,28.21,baseline
order_0008879,1,debit_card,1,227.34,baseline
order_0008880,1,digital_wallet,1,66.37,baseline
order_0008881,1,digital_wallet,1,46.5,baseline
order_0008882,1,credit_card,6,268.12,baseline
order_0008883,1,credit_card,2,53.1,baseline
order_0008884,1,digital_wallet,1,112.22,baseline
order_0008885,1,credit_card,1,43.22,baseline
order_0008886,1,credit_card,1,60.64,baseline
order_0008887,1,gift_card,1,117.26,baseline
order_0008888,1,digital_wallet,1,233.87,baseline
order_0008889,1,credit_card,2,80.32,baseline
order_0008890,1,digital_wallet,1,185.07,baseline
order_0008891,1,bank_transfer,1,158.24,baseline
order_0008892,1,debit_card,1,53.43,baseline
order_0008893,1,digital_wallet,1,31.11,baseline
order_0008894,1,credit_card,2,72.75,baseline
order_0008895,1,digital_wallet,1,31.21,baseline
order_0008896,1,credit_card,1,56.18,baseline
order_0008897,1,bank_transfer,1,263.78,baseline
order_0008898,1,bank_transfer,1,68.93,baseline
order_0008899,1,credit_card,2,35.35,baseline
order_0008900,1,credit_card,1,73.86,baseline
order_0008901,1,credit_card,1,101.11,baseline
order_0008902,1,digital_wallet,1,76.24,baseline
order_0008903,1,bank_transfer,1,57.97,baseline
order_0008903,2,debit_card,1,144.75,baseline
order_0008904,1,digital_wallet,1,86.81,baseline
order_0008905,1,gift_card,1,101.81,baseline
order_0008906,1,bank_transfer,1,71.24,baseline
order_0008907,1,credit_card,1,44.02,baseline
order_0008908,1,digital_wallet,1,87.07,baseline
order_0008909,1,digital_wallet,1,55.2,baseline
order_0008910,1,digital_wallet,1,150.44,baseline
order_0008911,1,digital_wallet,1,108.38,baseline
order_0008912,1,credit_card,1,140.11,baseline
order_0008913,1,debit_card,1,36.43,baseline
order_0008914,1,credit_card,3,140.32,baseline
order_0008915,1,bank_transfer,1,101.87,baseline
order_0008916,1,credit_card,1,129.95,baseline
order_0008917,1,credit_card,1,82.41,baseline
order_0008917,2,digital_wallet,1,39.28,baseline
order_0008918,1,credit_card,2,123.53,baseline
order_0008919,1,credit_card,4,253.87,baseline
order_0008920,1,digital_wallet,1,150.9,baseline
order_0008921,1,digital_wallet,1,361.74,baseline
order_0008922,1,credit_card,2,56.8,baseline
order_0008923,1,gift_card,1,61.5,baseline
order_0008924,1,credit_card,1,32.74,baseline
order_0008924,2,digital_wallet,1,16.59,baseline
order_0008925,1,digital_wallet,1,104.58,baseline
order_0008926,1,digital_wallet,1,108.76,baseline
order_0008927,1,digital_wallet,1,94.35,baseline
order_0008928,1,gift_card,1,58.77,baseline
order_0008929,1,bank_transfer,1,143.21,baseline
order_0008930,1,credit_card,5,187.93,baseline
order_0008931,1,bank_transfer,1,159.14,baseline
order_0008932,1,digital_wallet,1,134.61,baseline
order_0008932,2,credit_card,1,107.48,baseline
order_0008933,1,credit_card,6,307.29,baseline
order_0008934,1,credit_card,1,313.8,baseline
order_0008935,1,credit_card,1,240.47,baseline
order_0008936,1,debit_card,1,49.87,baseline
order_0008937,1,credit_card,1,99.28,baseline
order_0008938,1,credit_card,3,160.65,baseline
order_0008939,1,digital_wallet,1,80.68,baseline
order_0008940,1,digital_wallet,1,139.53,baseline
order_0008941,1,digital_wallet,1,588.75,baseline
order_0008942,1,credit_card,2,53.84,baseline
order_0008942,2,digital_wallet,1,58.78,baseline
order_0008943,1,digital_wallet,1,42.79,baseline
order_0008943,2,debit_card,1,62.66,baseline
order_0008944,1,credit_card,4,145.46,baseline
order_0008945,1,credit_card,2,153.07,baseline
order_0008946,1,bank_transfer,1,146.3,baseline
order_0008946,2,credit_card,1,70.59,baseline
order_0008947,1,digital_wallet,1,209.8,baseline
order_0008948,1,credit_card,3,109.21,baseline
order_0008949,1,credit_card,1,62.72,baseline
order_0008950,1,credit_card,2,30.43,baseline
order_0008951,1,digital_wallet,1,43.07,baseline
order_0008952,1,credit_card,2,56.02,baseline
order_0008953,1,digital_wallet,1,63.22,baseline
order_0008954,1,credit_card,3,215.96,baseline
order_0008955,1,credit_card,1,38.9,baseline
order_0008955,2,digital_wallet,1,25.5,baseline
order_0008956,1,digital_wallet,1,41.74,baseline
order_0008957,1,credit_card,2,101.51,baseline
order_0008958,1,credit_card,1,49.02,baseline
order_0008959,1,credit_card,2,59.09,baseline
order_0008960,1,credit_card,1,49.89,baseline
order_0008961,1,digital_wallet,1,154.77,baseline
order_0008962,1,credit_card,4,158.03,baseline
order_0008963,1,gift_card,1,117.65,baseline
order_0008964,1,digital_wallet,1,209.23,baseline
order_0008965,1,credit_card,2,45.67,baseline
order_0008965,2,bank_transfer,1,16.5,baseline
order_0008966,1,credit_card,2,122.73,baseline
order_0008967,1,credit_card,2,36.63,baseline
order_0008967,2,digital_wallet,1,15.31,baseline
order_0008968,1,bank_transfer,1,261.89,baseline
order_0008969,1,credit_card,2,49.82,baseline
order_0008969,2,digital_wallet,1,55.52,baseline
order_0008970,1,credit_card,1,250.87,baseline
order_0008971,1,digital_wallet,1,45.47,baseline
order_0008972,1,credit_card,4,237.58,baseline
order_0008973,1,debit_card,1,99.95,baseline
order_0008974,1,digital_wallet,1,54.83,baseline
order_0008975,1,credit_card,2,127.89,baseline
order_0008976,1,gift_card,1,54.81,baseline
order_0008977,1,digital_wallet,1,65.24,baseline
order_0008978,1,bank_transfer,1,46.16,baseline
order_0008979,1,debit_card,1,161.57,baseline
order_0008980,1,credit_card,2,19.98,baseline
order_0008981,1,digital_wallet,1,130.67,baseline
order_0008982,1,digital_wallet,1,61.15,baseline
order_0008983,1,credit_card,1,67.57,baseline
order_0008984,1,credit_card,3,111.34,baseline
order_0008985,1,credit_card,2,186.73,baseline
order_0008986,1,credit_card,3,108.91,baseline
order_0008987,1,digital_wallet,1,292.01,baseline
order_0008988,1,credit_card,3,174.57,baseline
order_0008988,2,digital_wallet,1,62.99,baseline
order_0008989,1,debit_card,1,147.95,baseline
order_0008990,1,credit_card,1,254.77,baseline
order_0008991,1,gift_card,1,122.5,baseline
order_0008992,1,credit_card,1,53.82,baseline
order_0008993,1,credit_card,2,95.62,baseline
order_0008994,1,digital_wallet,1,43.05,baseline
order_0008995,1,credit_card,5,369.65,baseline
order_0008996,1,credit_card,2,40.88,baseline
order_0008996,2,digital_wallet,1,76.25,baseline
order_0008997,1,credit_card,6,283.37,baseline
order_0008998,1,digital_wallet,1,158.07,baseline
order_0008999,1,credit_card,2,7.55,baseline
order_0008999,2,bank_transfer,1,20.67,baseline
order_0009000,1,digital_wallet,1,19.27,baseline
order_0009001,1,credit_card,3,112.5,baseline
order_0009002,1,credit_card,4,272.24,baseline
order_0009003,1,digital_wallet,1,305.13,baseline
order_0009004,1,credit_card,1,166.34,baseline
order_0009005,1,credit_card,5,225.02,baseline
order_0009006,1,credit_card,4,224.16,baseline
order_0009007,1,credit_card,4,142.2,baseline
order_0009007,2,digital_wallet,1,124.48,baseline
order_0009008,1,credit_card,2,80.01,baseline
order_0009009,1,digital_wallet,1,245.66,baseline
order_0009010,1,credit_card,4,239.87,baseline
order_0009011,1,debit_card,1,146.75,baseline
order_0009012,1,digital_wallet,1,238.32,baseline
order_0009013,1,digital_wallet,1,92.44,baseline
order_0009014,1,bank_transfer,1,48.14,baseline
order_0009014,2,credit_card,1,22.97,baseline
order_0009015,1,credit_card,1,60.2,baseline
order_0009016,1,credit_card,2,71.9,baseline
order_0009017,1,credit_card,2,110.83,baseline
order_0009018,1,digital_wallet,1,433.18,baseline
order_0009019,1,credit_card,1,162.15,baseline
order_0009020,1,debit_card,1,40.0,baseline
order_0009020,2,credit_card,1,25.27,baseline
order_0009021,1,credit_card,2,51.23,baseline
order_0009022,1,credit_card,5,228.0,baseline
order_0009023,1,credit_card,1,241.14,baseline
order_0009024,1,credit_card,1,49.38,baseline
order_0009025,1,credit_card,5,193.19,baseline
order_0009026,1,bank_transfer,1,165.7,baseline
order_0009027,1,credit_card,2,169.08,baseline
order_0009028,1,digital_wallet,1,26.29,baseline
order_0009029,1,digital_wallet,1,18.06,baseline
order_0009029,2,credit_card,2,37.5,baseline
order_0009030,1,digital_wallet,1,193.4,baseline
order_0009031,1,credit_card,2,38.55,baseline
order_0009032,1,digital_wallet,1,235.32,baseline
order_0009033,1,debit_card,1,220.72,baseline
order_0009034,1,debit_card,1,122.4,baseline
order_0009035,1,bank_transfer,1,201.28,baseline
order_0009036,1,credit_card,1,275.43,baseline
order_0009037,1,debit_card,1,137.95,baseline
order_0009038,1,digital_wallet,1,40.66,baseline
order_0009039,1,digital_wallet,1,78.76,baseline
order_0009040,1,digital_wallet,1,94.23,baseline
order_0009040,2,credit_card,2,61.23,baseline
order_0009041,1,credit_card,2,112.16,baseline
order_0009042,1,credit_card,2,56.94,baseline
order_0009043,1,digital_wallet,1,83.53,baseline
order_0009044,1,credit_card,3,169.08,baseline
order_0009045,1,digital_wallet,1,138.76,baseline
order_0009046,1,credit_card,1,41.06,baseline
order_0009047,1,digital_wallet,1,295.99,baseline
order_0009048,1,debit_card,1,104.8,baseline
order_0009049,1,bank_transfer,1,84.28,baseline
order_0009050,1,digital_wallet,1,399.14,baseline
order_0009051,1,credit_card,5,417.2,baseline
order_0009052,1,credit_card,3,102.12,baseline
order_0009053,1,credit_card,2,36.23,baseline
order_0009054,1,credit_card,1,44.16,baseline
order_0009054,2,debit_card,1,90.65,baseline
order_0009055,1,credit_card,1,116.19,baseline
order_0009056,1,digital_wallet,1,45.45,baseline
order_0009057,1,digital_wallet,1,150.85,baseline
order_0009058,1,credit_card,1,85.74,baseline
order_0009058,2,bank_transfer,1,187.24,baseline
order_0009059,1,credit_card,2,51.0,baseline
order_0009060,1,digital_wallet,1,157.4,baseline
order_0009061,1,digital_wallet,1,206.06,baseline
order_0009062,1,credit_card,2,68.35,baseline
order_0009063,1,credit_card,1,66.07,baseline
order_0009064,1,gift_card,1,294.92,baseline
order_0009065,1,credit_card,2,31.27,baseline
order_0009066,1,digital_wallet,1,263.61,baseline
order_0009067,1,gift_card,1,29.08,baseline
order_0009067,2,debit_card,1,42.63,baseline
order_0009068,1,debit_card,1,407.18,baseline
order_0009069,1,debit_card,1,35.04,baseline
order_0009069,2,credit_card,1,18.9,baseline
order_0009070,1,digital_wallet,1,135.39,baseline
order_0009071,1,digital_wallet,1,155.97,baseline
order_0009072,1,digital_wallet,1,182.48,baseline
order_0009073,1,credit_card,1,113.4,baseline
order_0009074,1,credit_card,2,17.5,baseline
order_0009074,2,debit_card,1,7.65,baseline
order_0009075,1,digital_wallet,1,216.59,baseline
order_0009075,2,bank_transfer,1,482.24,baseline
order_0009076,1,digital_wallet,1,87.78,baseline
order_0009077,1,credit_card,1,65.57,baseline
order_0009078,1,credit_card,2,80.97,baseline
order_0009079,1,credit_card,1,239.26,baseline
order_0009080,1,credit_card,3,155.76,baseline
order_0009081,1,credit_card,4,172.21,baseline
order_0009082,1,credit_card,1,22.49,baseline
order_0009083,1,credit_card,1,158.22,baseline
order_0009083,2,bank_transfer,1,109.22,baseline
order_0009084,1,credit_card,8,327.83,baseline
order_0009085,1,bank_transfer,1,41.94,baseline
order_0009086,1,credit_card,2,71.83,baseline
order_0009087,1,digital_wallet,1,196.83,baseline
order_0009088,1,digital_wallet,1,105.14,baseline
order_0009089,1,digital_wallet,1,65.16,baseline
order_0009090,1,bank_transfer,1,100.58,baseline
order_0009091,1,digital_wallet,1,255.61,baseline
order_0009092,1,credit_card,4,313.62,baseline
order_0009093,1,digital_wallet,1,64.24,baseline
order_0009093,2,credit_card,3,131.15,baseline
order_0009094,1,debit_card,1,128.94,baseline
order_0009095,1,digital_wallet,1,88.44,baseline
order_0009096,1,digital_wallet,1,99.97,baseline
order_0009097,1,credit_card,1,144.9,baseline
order_0009098,1,bank_transfer,1,277.09,baseline
order_0009099,1,gift_card,1,29.66,baseline
order_0009100,1,gift_card,1,25.44,baseline
order_0009101,1,debit_card,1,78.29,baseline
order_0009102,1,credit_card,1,269.21,baseline
order_0009103,1,credit_card,2,57.43,baseline
order_0009104,1,credit_card,4,260.18,baseline
order_0009105,1,debit_card,1,45.88,baseline
order_0009106,1,bank_transfer,1,165.71,baseline
order_0009107,1,credit_card,2,55.15,baseline
order_0009108,1,digital_wallet,1,150.7,baseline
order_0009109,1,credit_card,2,135.98,baseline
order_0009110,1,gift_card,1,186.28,baseline
order_0009111,1,digital_wallet,1,202.29,baseline
order_0009112,1,credit_card,1,239.59,baseline
order_0009113,1,digital_wallet,1,77.69,baseline
order_0009114,1,credit_card,1,44.63,baseline
order_0009115,1,credit_card,1,104.05,baseline
order_0009116,1,credit_card,2,71.32,baseline
order_0009117,1,digital_wallet,1,296.45,baseline
order_0009118,1,digital_wallet,1,42.98,baseline
order_0009119,1,credit_card,6,426.16,baseline
order_0009120,1,credit_card,3,181.52,baseline
order_0009121,1,debit_card,1,25.61,baseline
order_0009121,2,credit_card,2,17.73,baseline
order_0009122,1,digital_wallet,1,175.8,baseline
order_0009123,1,credit_card,7,275.78,baseline
order_0009124,1,credit_card,3,133.12,baseline
order_0009125,1,credit_card,2,55.37,baseline
order_0009126,1,digital_wallet,1,322.85,baseline
order_0009127,1,debit_card,1,64.65,baseline
order_0009128,1,digital_wallet,1,67.96,baseline
order_0009129,1,credit_card,1,83.88,baseline
order_0009130,1,credit_card,8,564.59,baseline
order_0009131,1,digital_wallet,1,124.0,baseline
order_0009132,1,digital_wallet,1,100.92,baseline
order_0009132,2,credit_card,8,300.78,baseline
order_0009133,1,credit_card,2,40.98,baseline
order_0009134,1,digital_wallet,1,262.69,baseline
order_0009135,1,digital_wallet,1,103.93,baseline
order_0009136,1,gift_card,1,77.95,baseline
order_0009137,1,credit_card,3,101.78,baseline
order_0009138,1,digital_wallet,1,224.6,baseline
order_0009139,1,credit_card,1,78.63,baseline
order_0009140,1,credit_card,3,149.61,baseline
order_0009141,1,credit_card,2,79.97,baseline
order_0009142,1,digital_wallet,1,81.19,baseline
order_0009143,1,credit_card,2,233.75,baseline
order_0009143,2,gift_card,1,218.12,baseline
order_0009144,1,credit_card,2,23.59,baseline
order_0009145,1,credit_card,4,219.06,baseline
order_0009146,1,digital_wallet,1,118.96,baseline
order_0009147,1,debit_card,1,145.83,baseline
order_0009148,1,credit_card,3,206.85,baseline
order_0009149,1,credit_card,4,172.42,baseline
order_0009150,1,credit_card,1,54.29,baseline
order_0009151,1,digital_wallet,1,104.45,baseline
order_0009152,1,credit_card,3,321.63,baseline
order_0009153,1,digital_wallet,1,161.08,baseline
order_0009154,1,credit_card,2,64.68,baseline
order_0009154,2,digital_wallet,1,73.98,baseline
order_0009155,1,digital_wallet,1,92.42,baseline
order_0009156,1,digital_wallet,1,735.3,baseline
order_0009157,1,credit_card,2,102.7,baseline
order_0009158,1,credit_card,1,343.82,baseline
order_0009159,1,credit_card,2,125.94,baseline
order_0009160,1,credit_card,1,85.51,baseline
order_0009161,1,credit_card,1,240.05,baseline
order_0009162,1,digital_wallet,1,25.33,baseline
order_0009163,1,digital_wallet,1,51.59,baseline
order_0009164,1,credit_card,1,347.69,baseline
order_0009165,1,bank_transfer,1,226.68,baseline
order_0009166,1,gift_card,1,149.44,baseline
order_0009167,1,credit_card,2,29.43,baseline
order_0009168,1,credit_card,2,51.36,baseline
order_0009169,1,debit_card,1,81.73,baseline
order_0009170,1,credit_card,8,382.61,baseline
order_0009171,1,digital_wallet,1,99.29,baseline
order_0009172,1,credit_card,2,70.35,baseline
order_0009173,1,credit_card,2,41.52,baseline
order_0009174,1,digital_wallet,1,127.51,baseline
order_0009175,1,credit_card,7,415.63,baseline
order_0009176,1,debit_card,1,45.13,baseline
order_0009177,1,credit_card,3,178.57,baseline
order_0009178,1,digital_wallet,1,44.27,baseline
order_0009179,1,digital_wallet,1,49.4,baseline
order_0009180,1,credit_card,2,93.2,baseline
order_0009181,1,bank_transfer,1,41.81,baseline
order_0009182,1,debit_card,1,180.35,baseline
order_0009183,1,credit_card,5,187.32,baseline
order_0009184,1,credit_card,2,54.4,baseline
order_0009185,1,credit_card,2,97.73,baseline
order_0009186,1,digital_wallet,1,216.1,baseline
order_0009187,1,digital_wallet,1,214.96,baseline
order_0009188,1,debit_card,1,56.56,baseline
order_0009189,1,digital_wallet,1,72.54,baseline
order_0009190,1,credit_card,6,248.08,baseline
order_0009191,1,credit_card,3,117.43,baseline
order_0009192,1,digital_wallet,1,86.01,baseline
order_0009193,1,digital_wallet,1,224.89,baseline
order_0009194,1,credit_card,2,198.68,baseline
order_0009195,1,credit_card,1,50.53,baseline
order_0009196,1,digital_wallet,1,57.13,baseline
order_0009197,1,credit_card,1,174.29,baseline
order_0009198,1,credit_card,1,46.79,baseline
order_0009199,1,debit_card,1,72.38,baseline
order_0009200,1,bank_transfer,1,131.14,baseline
order_0009201,1,gift_card,1,29.02,baseline
order_0009201,2,digital_wallet,1,22.29,baseline
order_0009202,1,gift_card,1,396.11,baseline
order_0009203,1,credit_card,2,61.99,baseline
order_0009204,1,credit_card,1,49.42,baseline
order_0009205,1,digital_wallet,1,49.23,baseline
order_0009206,1,debit_card,1,311.98,baseline
order_0009207,1,credit_card,1,126.56,baseline
order_0009208,1,debit_card,1,81.34,baseline
order_0009209,1,digital_wallet,1,81.41,baseline
order_0009210,1,digital_wallet,1,63.7,baseline
order_0009210,2,credit_card,2,47.48,baseline
order_0009211,1,credit_card,2,31.73,baseline
order_0009212,1,debit_card,1,121.94,baseline
order_0009213,1,bank_transfer,1,116.49,baseline
order_0009214,1,credit_card,1,112.27,baseline
order_0009215,1,credit_card,1,94.92,baseline
order_0009216,1,debit_card,1,332.93,baseline
order_0009217,1,debit_card,1,259.99,baseline
order_0009218,1,credit_card,5,216.19,baseline
order_0009219,1,credit_card,1,29.21,baseline
order_0009219,2,digital_wallet,1,64.43,baseline
order_0009220,1,debit_card,1,65.38,baseline
order_0009221,1,credit_card,2,127.33,baseline
order_0009222,1,credit_card,1,48.78,baseline
order_0009223,1,credit_card,2,37.98,baseline
order_0009223,2,digital_wallet,1,45.85,baseline
order_0009224,1,debit_card,1,93.76,baseline
order_0009225,1,digital_wallet,1,102.72,baseline
order_0009226,1,credit_card,2,92.75,baseline
order_0009227,1,bank_transfer,1,47.06,baseline
order_0009228,1,debit_card,1,55.31,baseline
order_0009229,1,credit_card,2,52.02,baseline
order_0009230,1,credit_card,11,607.72,baseline
order_0009231,1,credit_card,2,47.65,baseline
order_0009232,1,credit_card,2,94.83,baseline
order_0009233,1,debit_card,1,329.85,baseline
order_0009234,1,credit_card,2,267.75,baseline
order_0009235,1,debit_card,1,292.73,baseline
order_0009236,1,credit_card,2,144.59,baseline
order_0009237,1,credit_card,1,48.49,baseline
order_0009238,1,credit_card,12,491.85,baseline
order_0009239,1,bank_transfer,1,28.35,baseline
order_0009240,1,digital_wallet,1,47.77,baseline
order_0009241,1,credit_card,9,462.42,baseline
order_0009242,1,credit_card,4,234.52,baseline
order_0009243,1,credit_card,3,179.21,baseline
order_0009244,1,digital_wallet,1,79.66,baseline
order_0009245,1,digital_wallet,1,73.56,baseline
order_0009246,1,digital_wallet,1,77.35,baseline
order_0009247,1,digital_wallet,1,86.71,baseline
order_0009248,1,digital_wallet,1,68.52,baseline
order_0009249,1,digital_wallet,1,46.99,baseline
order_0009250,1,bank_transfer,1,26.43,baseline
order_0009251,1,digital_wallet,1,88.44,baseline
order_0009252,1,credit_card,2,54.49,baseline
order_0009253,1,credit_card,2,21.43,baseline
order_0009254,1,debit_card,1,29.68,baseline
order_0009255,1,digital_wallet,1,120.54,baseline
order_0009256,1,credit_card,1,280.38,baseline
order_0009257,1,debit_card,1,25.93,baseline
order_0009258,1,credit_card,4,157.22,baseline
order_0009259,1,credit_card,1,14.76,baseline
order_0009259,2,bank_transfer,1,33.18,baseline
order_0009260,1,debit_card,1,242.28,baseline
order_0009261,1,credit_card,3,170.44,baseline
order_0009262,1,debit_card,1,473.4,baseline
order_0009263,1,credit_card,1,147.51,baseline
order_0009263,2,bank_transfer,1,306.46,baseline
order_0009264,1,digital_wallet,1,76.1,baseline
order_0009265,1,digital_wallet,1,435.29,baseline
order_0009266,1,digital_wallet,1,36.22,baseline
order_0009266,2,credit_card,1,32.97,baseline
order_0009267,1,digital_wallet,1,53.04,baseline
order_0009268,1,debit_card,1,325.87,baseline
order_0009269,1,debit_card,1,233.37,baseline
order_0009270,1,credit_card,2,84.13,baseline
order_0009271,1,credit_card,2,41.15,baseline
order_0009272,1,credit_card,1,87.97,baseline
order_0009273,1,digital_wallet,1,139.05,baseline
order_0009274,1,credit_card,2,29.79,baseline
order_0009275,1,credit_card,2,36.16,baseline
order_0009276,1,credit_card,2,219.55,baseline
order_0009277,1,debit_card,1,64.51,baseline
order_0009278,1,digital_wallet,1,67.21,baseline
order_0009279,1,credit_card,3,130.65,baseline
order_0009280,1,digital_wallet,1,57.24,baseline
order_0009281,1,credit_card,4,186.73,baseline
order_0009282,1,digital_wallet,1,62.28,baseline
order_0009283,1,credit_card,2,52.07,baseline
order_0009284,1,credit_card,2,20.24,baseline
order_0009285,1,credit_card,2,155.74,baseline
order_0009286,1,credit_card,2,36.05,baseline
order_0009287,1,credit_card,2,171.6,baseline
order_0009288,1,debit_card,1,34.95,baseline
order_0009289,1,digital_wallet,1,92.09,baseline
order_0009290,1,credit_card,1,97.84,baseline
order_0009291,1,debit_card,1,191.41,baseline
order_0009292,1,digital_wallet,1,36.1,baseline
order_0009293,1,digital_wallet,1,55.7,baseline
order_0009294,1,credit_card,2,51.3,baseline
order_0009295,1,bank_transfer,1,54.82,baseline
order_0009295,2,digital_wallet,1,23.61,baseline
order_0009296,1,digital_wallet,1,139.7,baseline
order_0009296,2,debit_card,1,79.8,baseline
order_0009297,1,credit_card,1,69.51,baseline
order_0009298,1,credit_card,9,799.87,baseline
order_0009299,1,digital_wallet,1,27.03,baseline
order_0009300,1,debit_card,1,41.28,baseline
order_0009301,1,digital_wallet,1,288.76,baseline
order_0009302,1,credit_card,2,36.6,baseline
order_0009302,2,gift_card,1,39.39,baseline
order_0009303,1,credit_card,1,153.69,baseline
order_0009304,1,digital_wallet,1,307.36,baseline
order_0009305,1,digital_wallet,1,54.81,baseline
order_0009306,1,credit_card,1,115.19,baseline
order_0009307,1,digital_wallet,1,128.54,baseline
order_0009308,1,debit_card,1,23.56,baseline
order_0009309,1,credit_card,2,27.15,baseline
order_0009310,1,credit_card,2,222.22,baseline
order_0009311,1,credit_card,1,82.02,baseline
order_0009312,1,digital_wallet,1,47.73,baseline
order_0009313,1,digital_wallet,1,291.53,baseline
order_0009314,1,digital_wallet,1,288.55,baseline
order_0009315,1,digital_wallet,1,128.03,baseline
order_0009316,1,debit_card,1,77.86,baseline
order_0009317,1,credit_card,2,26.78,baseline
order_0009318,1,credit_card,6,384.09,baseline
order_0009319,1,debit_card,1,34.27,baseline
order_0009320,1,credit_card,2,50.26,baseline
order_0009321,1,credit_card,1,47.31,baseline
order_0009322,1,credit_card,1,44.25,baseline
order_0009323,1,bank_transfer,1,66.36,baseline
order_0009324,1,credit_card,2,105.17,baseline
order_0009325,1,credit_card,6,227.67,baseline
order_0009326,1,digital_wallet,1,82.1,baseline
order_0009326,2,debit_card,1,253.28,baseline
order_0009327,1,debit_card,1,87.25,baseline
order_0009328,1,bank_transfer,1,171.33,baseline
order_0009329,1,gift_card,1,347.62,baseline
order_0009330,1,credit_card,2,179.54,baseline
order_0009331,1,credit_card,2,124.4,baseline
order_0009332,1,credit_card,3,106.26,baseline
order_0009333,1,credit_card,2,105.24,baseline
order_0009334,1,debit_card,1,127.75,baseline
order_0009335,1,credit_card,9,396.22,baseline
order_0009336,1,digital_wallet,1,56.26,baseline
order_0009337,1,credit_card,2,385.96,baseline
order_0009338,1,digital_wallet,1,345.27,baseline
order_0009339,1,credit_card,1,194.92,baseline
order_0009340,1,credit_card,1,100.5,baseline
order_0009341,1,digital_wallet,1,112.74,baseline
order_0009342,1,debit_card,1,197.39,baseline
order_0009343,1,credit_card,3,100.73,baseline
order_0009344,1,credit_card,2,35.21,baseline
order_0009345,1,digital_wallet,1,217.66,baseline
order_0009346,1,credit_card,2,34.03,baseline
order_0009347,1,credit_card,2,74.57,baseline
order_0009348,1,credit_card,2,44.33,baseline
order_0009349,1,bank_transfer,1,53.45,baseline
order_0009350,1,debit_card,1,112.2,baseline
order_0009351,1,credit_card,3,173.75,baseline
order_0009352,1,credit_card,1,28.41,baseline
order_0009353,1,digital_wallet,1,325.4,baseline
order_0009354,1,credit_card,2,35.55,baseline
order_0009355,1,digital_wallet,1,70.74,baseline
order_0009356,1,digital_wallet,1,102.84,baseline
order_0009357,1,digital_wallet,1,92.97,baseline
order_0009358,1,credit_card,6,509.49,baseline
order_0009359,1,credit_card,2,193.58,baseline
order_0009360,1,credit_card,1,38.75,baseline
order_0009360,2,bank_transfer,1,62.63,baseline
order_0009361,1,credit_card,4,167.86,baseline
order_0009362,1,debit_card,1,85.1,baseline
order_0009363,1,digital_wallet,1,58.14,baseline
order_0009364,1,digital_wallet,1,129.99,baseline
order_0009365,1,digital_wallet,1,64.72,baseline
order_0009366,1,credit_card,4,230.32,baseline
order_0009367,1,debit_card,1,341.39,baseline
order_0009368,1,bank_transfer,1,89.37,baseline
order_0009369,1,credit_card,9,369.03,baseline
order_0009370,1,debit_card,1,645.28,baseline
order_0009371,1,digital_wallet,1,231.08,baseline
order_0009372,1,gift_card,1,76.65,baseline
order_0009373,1,digital_wallet,1,51.26,baseline
order_0009374,1,credit_card,3,230.84,baseline
order_0009375,1,credit_card,1,131.1,baseline
order_0009376,1,debit_card,1,55.41,baseline
order_0009377,1,credit_card,1,276.44,baseline
order_0009378,1,credit_card,3,103.5,baseline
order_0009379,1,digital_wallet,1,101.89,baseline
order_0009380,1,digital_wallet,1,224.88,baseline
order_0009381,1,credit_card,1,22.47,baseline
order_0009382,1,credit_card,4,243.87,baseline
order_0009383,1,credit_card,1,98.97,baseline
order_0009384,1,debit_card,1,43.11,baseline
order_0009385,1,credit_card,2,226.66,baseline
order_0009386,1,bank_transfer,1,202.24,baseline
order_0009387,1,digital_wallet,1,296.74,baseline
order_0009388,1,credit_card,3,113.86,baseline
order_0009389,1,digital_wallet,1,29.72,baseline
order_0009389,2,credit_card,2,18.39,baseline
order_0009390,1,bank_transfer,1,32.07,baseline
order_0009391,1,credit_card,1,104.1,baseline
order_0009392,1,credit_card,2,89.84,baseline
order_0009393,1,bank_transfer,1,276.88,baseline
order_0009394,1,credit_card,2,102.13,baseline
order_0009395,1,debit_card,1,289.99,baseline
order_0009396,1,debit_card,1,96.4,baseline
order_0009396,2,credit_card,3,128.7,baseline
order_0009397,1,credit_card,2,179.1,baseline
order_0009398,1,digital_wallet,1,30.28,baseline
order_0009399,1,credit_card,2,17.13,baseline
order_0009399,2,debit_card,1,18.46,baseline
order_0009400,1,credit_card,1,49.38,baseline
order_0009401,1,credit_card,2,65.74,baseline
order_0009402,1,digital_wallet,1,386.11,baseline
order_0009403,1,credit_card,1,33.24,baseline
order_0009404,1,credit_card,3,268.72,baseline
order_0009405,1,credit_card,5,188.96,baseline
order_0009406,1,bank_transfer,1,125.37,baseline
order_0009407,1,gift_card,1,125.46,baseline
order_0009408,1,credit_card,2,42.51,baseline
order_0009409,1,credit_card,1,37.04,baseline
order_0009410,1,credit_card,1,212.73,baseline
order_0009411,1,credit_card,3,592.81,baseline
order_0009412,1,digital_wallet,1,60.52,baseline
order_0009413,1,credit_card,2,21.48,baseline
order_0009414,1,digital_wallet,1,62.74,baseline
order_0009415,1,debit_card,1,344.7,baseline
order_0009416,1,credit_card,1,117.14,baseline
order_0009417,1,credit_card,5,233.45,baseline
order_0009418,1,credit_card,2,98.57,baseline
order_0009419,1,credit_card,2,26.56,baseline
order_0009420,1,digital_wallet,1,33.59,baseline
order_0009421,1,gift_card,1,283.25,baseline
order_0009422,1,credit_card,2,35.47,baseline
order_0009423,1,credit_card,1,85.16,baseline
order_0009424,1,credit_card,2,86.74,baseline
order_0009425,1,digital_wallet,1,313.91,baseline
order_0009426,1,credit_card,1,105.25,baseline
order_0009427,1,digital_wallet,1,57.49,baseline
order_0009428,1,digital_wallet,1,43.26,baseline
order_0009429,1,credit_card,1,84.16,baseline
order_0009430,1,gift_card,1,44.55,baseline
order_0009431,1,digital_wallet,1,199.35,baseline
order_0009432,1,digital_wallet,1,74.92,baseline
order_0009433,1,credit_card,2,56.28,baseline
order_0009434,1,credit_card,1,126.89,baseline
order_0009435,1,digital_wallet,1,17.68,baseline
order_0009436,1,credit_card,2,93.67,baseline
order_0009437,1,digital_wallet,1,87.92,baseline
order_0009438,1,credit_card,1,98.99,baseline
order_0009439,1,digital_wallet,1,477.58,baseline
order_0009440,1,credit_card,2,64.22,baseline
order_0009441,1,debit_card,1,362.03,baseline
order_0009442,1,digital_wallet,1,44.19,baseline
order_0009443,1,credit_card,2,24.99,baseline
order_0009444,1,digital_wallet,1,546.13,baseline
order_0009445,1,credit_card,6,332.61,baseline
order_0009446,1,debit_card,1,75.01,baseline
order_0009447,1,credit_card,1,30.47,baseline
order_0009448,1,bank_transfer,1,165.71,baseline
order_0009449,1,digital_wallet,1,128.44,baseline
order_0009450,1,credit_card,1,70.09,baseline
order_0009451,1,debit_card,1,194.0,baseline
order_0009452,1,bank_transfer,1,415.19,baseline
order_0009453,1,credit_card,2,123.97,baseline
order_0009454,1,debit_card,1,72.0,baseline
order_0009455,1,digital_wallet,1,199.68,baseline
order_0009456,1,digital_wallet,1,192.83,baseline
order_0009457,1,credit_card,6,375.69,baseline
order_0009458,1,debit_card,1,1102.12,baseline
order_0009459,1,credit_card,2,55.16,baseline
order_0009460,1,digital_wallet,1,411.02,baseline
order_0009461,1,credit_card,3,110.13,baseline
order_0009462,1,credit_card,2,189.54,baseline
order_0009463,1,debit_card,1,34.73,baseline
order_0009463,2,credit_card,1,19.89,baseline
order_0009464,1,credit_card,5,266.3,baseline
order_0009465,1,credit_card,2,169.02,baseline
order_0009466,1,debit_card,1,24.02,baseline
order_0009466,2,credit_card,2,94.74,baseline
order_0009467,1,credit_card,4,395.53,baseline
order_0009468,1,gift_card,1,372.58,baseline
order_0009469,1,digital_wallet,1,69.32,baseline
order_0009470,1,bank_transfer,1,424.58,baseline
order_0009471,1,bank_transfer,1,274.98,baseline
order_0009472,1,credit_card,3,101.4,baseline
order_0009473,1,credit_card,2,61.15,baseline
order_0009474,1,credit_card,1,36.58,baseline
order_0009475,1,digital_wallet,1,165.31,baseline
order_0009476,1,credit_card,8,323.34,baseline
order_0009477,1,digital_wallet,1,29.13,baseline
order_0009478,1,digital_wallet,1,51.92,baseline
order_0009479,1,credit_card,1,55.82,baseline
order_0009480,1,credit_card,5,237.06,baseline
order_0009481,1,digital_wallet,1,43.89,baseline
order_0009482,1,digital_wallet,1,38.59,baseline
order_0009483,1,credit_card,2,50.27,baseline
order_0009484,1,credit_card,2,169.29,baseline
order_0009485,1,digital_wallet,1,21.15,baseline
order_0009485,2,debit_card,1,21.74,baseline
order_0009486,1,digital_wallet,1,153.37,baseline
order_0009487,1,credit_card,5,236.9,baseline
order_0009488,1,credit_card,3,162.61,baseline
order_0009489,1,credit_card,5,375.51,baseline
order_0009490,1,credit_card,1,98.58,baseline
order_0009491,1,bank_transfer,1,169.32,baseline
order_0009492,1,bank_transfer,1,285.21,baseline
order_0009493,1,digital_wallet,1,230.69,baseline
order_0009494,1,credit_card,3,381.13,baseline
order_0009495,1,credit_card,3,347.52,baseline
order_0009496,1,digital_wallet,1,590.41,baseline
order_0009497,1,credit_card,3,166.89,baseline
order_0009498,1,credit_card,1,20.93,baseline
order_0009499,1,digital_wallet,1,22.96,baseline
order_0009500,1,credit_card,2,146.0,baseline
order_0009500,2,bank_transfer,1,96.63,baseline
order_0009501,1,credit_card,2,54.77,baseline
order_0009502,1,digital_wallet,1,42.4,baseline
order_0009503,1,credit_card,1,217.55,baseline
order_0009504,1,credit_card,2,46.63,baseline
order_0009505,1,credit_card,3,190.15,baseline
order_0009506,1,credit_card,1,109.12,baseline
order_0009507,1,credit_card,6,560.65,baseline
order_0009508,1,bank_transfer,1,211.16,baseline
order_0009509,1,digital_wallet,1,132.31,baseline
order_0009510,1,credit_card,2,204.73,baseline
order_0009511,1,digital_wallet,1,106.82,baseline
order_0009512,1,credit_card,1,95.17,baseline
order_0009513,1,debit_card,1,53.61,baseline
order_0009513,2,credit_card,1,21.01,baseline
order_0009514,1,credit_card,1,49.16,baseline
order_0009515,1,credit_card,1,29.39,baseline
order_0009516,1,credit_card,1,76.16,baseline
order_0009517,1,credit_card,3,141.19,baseline
order_0009518,1,digital_wallet,1,28.64,baseline
order_0009519,1,digital_wallet,1,110.88,baseline
order_0009520,1,bank_transfer,1,71.44,baseline
order_0009521,1,credit_card,1,119.99,baseline
order_0009522,1,credit_card,3,133.76,baseline
order_0009523,1,credit_card,2,498.38,baseline
order_0009524,1,gift_card,1,125.58,baseline
order_0009525,1,credit_card,2,40.02,baseline
order_0009526,1,credit_card,1,44.54,baseline
order_0009527,1,credit_card,4,197.07,baseline
order_0009528,1,debit_card,1,65.27,baseline
order_0009529,1,credit_card,2,29.87,baseline
order_0009530,1,credit_card,3,120.22,baseline
order_0009531,1,credit_card,1,74.17,baseline
order_0009531,2,digital_wallet,1,25.98,baseline
order_0009532,1,credit_card,3,124.72,baseline
order_0009533,1,digital_wallet,1,25.06,baseline
order_0009534,1,bank_transfer,1,446.86,baseline
order_0009535,1,debit_card,1,91.3,baseline
order_0009536,1,credit_card,3,131.91,baseline
order_0009537,1,bank_transfer,1,145.98,baseline
order_0009538,1,digital_wallet,1,201.11,baseline
order_0009539,1,digital_wallet,1,459.75,baseline
order_0009540,1,debit_card,1,291.07,baseline
order_0009541,1,credit_card,3,119.33,baseline
order_0009542,1,credit_card,2,88.8,baseline
order_0009543,1,credit_card,6,230.64,baseline
order_0009544,1,credit_card,5,225.4,baseline
order_0009545,1,digital_wallet,1,40.25,baseline
order_0009546,1,debit_card,1,92.3,baseline
order_0009547,1,credit_card,4,268.67,baseline
order_0009548,1,digital_wallet,1,230.6,baseline
order_0009549,1,bank_transfer,1,350.14,baseline
order_0009550,1,credit_card,5,190.02,baseline
order_0009551,1,bank_transfer,1,31.8,baseline
order_0009552,1,digital_wallet,1,75.32,baseline
order_0009553,1,debit_card,1,228.8,baseline
order_0009554,1,credit_card,1,141.46,baseline
order_0009555,1,credit_card,2,170.24,baseline
order_0009556,1,digital_wallet,1,177.95,baseline
order_0009557,1,debit_card,1,126.85,baseline
order_0009557,2,digital_wallet,1,176.1,baseline
order_0009558,1,credit_card,1,118.94,baseline
order_0009559,1,credit_card,2,58.78,baseline
order_0009560,1,debit_card,1,66.11,baseline
order_0009561,1,credit_card,5,223.06,baseline
order_0009562,1,credit_card,1,96.55,baseline
order_0009563,1,credit_card,2,103.23,baseline
order_0009564,1,digital_wallet,1,132.01,baseline
order_0009565,1,digital_wallet,1,860.68,baseline
order_0009566,1,bank_transfer,1,306.96,baseline
order_0009567,1,digital_wallet,1,154.82,baseline
order_0009568,1,digital_wallet,1,38.7,baseline
order_0009569,1,debit_card,1,112.84,baseline
order_0009570,1,digital_wallet,1,101.96,baseline
order_0009571,1,digital_wallet,1,29.0,baseline
order_0009572,1,credit_card,4,216.03,baseline
order_0009573,1,debit_card,1,27.79,baseline
order_0009574,1,credit_card,4,210.36,baseline
order_0009575,1,credit_card,1,168.76,baseline
order_0009576,1,digital_wallet,1,299.32,baseline
order_0009577,1,credit_card,1,45.63,baseline
order_0009578,1,digital_wallet,1,73.84,baseline
order_0009579,1,debit_card,1,85.28,baseline
order_0009580,1,gift_card,1,332.41,baseline
order_0009581,1,credit_card,2,263.07,baseline
order_0009582,1,credit_card,2,419.22,baseline
order_0009583,1,digital_wallet,1,145.06,baseline
order_0009584,1,debit_card,1,293.1,baseline
order_0009585,1,credit_card,1,73.85,baseline
order_0009586,1,credit_card,1,20.92,baseline
order_0009587,1,bank_transfer,1,175.36,baseline
order_0009588,1,credit_card,1,33.47,baseline
order_0009589,1,digital_wallet,1,291.74,baseline
order_0009590,1,credit_card,2,39.37,baseline
order_0009591,1,credit_card,3,224.54,baseline
order_0009592,1,gift_card,1,46.62,baseline
order_0009593,1,digital_wallet,1,247.81,baseline
order_0009594,1,bank_transfer,1,24.68,baseline
order_0009595,1,debit_card,1,217.12,baseline
order_0009596,1,bank_transfer,1,110.58,baseline
order_0009597,1,credit_card,1,159.18,baseline
order_0009597,2,debit_card,1,91.98,baseline
order_0009598,1,credit_card,2,52.96,baseline
order_0009599,1,digital_wallet,1,662.42,baseline
order_0009600,1,credit_card,2,130.41,baseline
order_0009601,1,credit_card,2,72.55,baseline
order_0009602,1,credit_card,1,114.55,baseline
order_0009603,1,credit_card,2,51.7,baseline
order_0009604,1,credit_card,2,38.04,baseline
order_0009605,1,credit_card,2,97.29,baseline
order_0009606,1,digital_wallet,1,33.18,baseline
order_0009607,1,credit_card,2,44.61,baseline
order_0009608,1,digital_wallet,1,80.36,baseline
order_0009609,1,digital_wallet,1,36.0,baseline
order_0009610,1,debit_card,1,88.08,baseline
order_0009611,1,credit_card,1,90.21,baseline
order_0009611,2,gift_card,1,33.27,baseline
order_0009612,1,debit_card,1,237.23,baseline
order_0009613,1,bank_transfer,1,77.83,baseline
order_0009614,1,credit_card,2,72.14,baseline
order_0009615,1,credit_card,4,209.38,baseline
order_0009616,1,debit_card,1,189.72,baseline
order_0009617,1,gift_card,1,18.6,baseline
order_0009618,1,credit_card,1,192.83,baseline
order_0009619,1,digital_wallet,1,213.84,baseline
order_0009620,1,credit_card,1,83.95,baseline
order_0009621,1,credit_card,4,192.88,baseline
order_0009622,1,digital_wallet,1,438.07,baseline
order_0009623,1,credit_card,4,157.28,baseline
order_0009624,1,credit_card,1,66.29,baseline
order_0009624,2,digital_wallet,1,32.13,baseline
order_0009625,1,credit_card,3,123.04,baseline
order_0009626,1,credit_card,3,246.38,baseline
order_0009627,1,bank_transfer,1,45.33,baseline
order_0009628,1,credit_card,1,77.77,baseline
order_0009629,1,digital_wallet,1,33.84,baseline
order_0009630,1,digital_wallet,1,32.3,baseline
order_0009631,1,digital_wallet,1,205.99,baseline
order_0009632,1,credit_card,2,91.29,baseline
order_0009633,1,bank_transfer,1,125.92,baseline
order_0009634,1,bank_transfer,1,218.46,baseline
order_0009635,1,bank_transfer,1,24.58,baseline
order_0009636,1,credit_card,5,206.09,baseline
order_0009637,1,gift_card,1,77.15,baseline
order_0009638,1,digital_wallet,1,53.86,baseline
order_0009639,1,credit_card,2,49.11,baseline
order_0009640,1,digital_wallet,1,44.95,baseline
order_0009641,1,gift_card,1,296.41,baseline
order_0009642,1,credit_card,1,85.89,baseline
order_0009643,1,debit_card,1,137.94,baseline
order_0009644,1,credit_card,1,50.23,baseline
order_0009645,1,credit_card,1,116.67,baseline
order_0009646,1,credit_card,2,9.81,baseline
order_0009646,2,debit_card,1,13.65,baseline
order_0009647,1,bank_transfer,1,138.67,baseline
order_0009648,1,digital_wallet,1,30.11,baseline
order_0009649,1,credit_card,2,138.2,baseline
order_0009650,1,digital_wallet,1,635.6,baseline
order_0009651,1,digital_wallet,1,235.24,baseline
order_0009652,1,credit_card,1,60.09,baseline
order_0009653,1,debit_card,1,285.27,baseline
order_0009654,1,credit_card,1,48.75,baseline
order_0009655,1,credit_card,2,113.86,baseline
order_0009656,1,debit_card,1,48.49,baseline
order_0009657,1,credit_card,4,143.12,baseline
order_0009658,1,credit_card,1,26.58,baseline
order_0009659,1,digital_wallet,1,165.0,baseline
order_0009660,1,digital_wallet,1,33.69,baseline
order_0009660,2,credit_card,2,56.21,baseline
order_0009661,1,credit_card,2,48.28,baseline
order_0009662,1,digital_wallet,1,30.75,baseline
order_0009663,1,bank_transfer,1,99.79,baseline
order_0009664,1,credit_card,5,220.6,baseline
order_0009665,1,digital_wallet,1,107.67,baseline
order_0009666,1,digital_wallet,1,39.49,baseline
order_0009667,1,credit_card,4,245.53,baseline
order_0009668,1,credit_card,3,190.71,baseline
order_0009669,1,credit_card,2,95.01,baseline
order_0009670,1,credit_card,2,16.91,baseline
order_0009671,1,digital_wallet,1,404.89,baseline
order_0009672,1,credit_card,2,113.87,baseline
order_0009673,1,bank_transfer,1,27.9,baseline
order_0009673,2,credit_card,1,54.95,baseline
order_0009674,1,gift_card,1,53.24,baseline
order_0009675,1,digital_wallet,1,146.78,baseline
order_0009676,1,bank_transfer,1,86.75,baseline
order_0009677,1,debit_card,1,114.54,baseline
order_0009678,1,credit_card,3,125.81,baseline
order_0009679,1,debit_card,1,153.12,baseline
order_0009680,1,digital_wallet,1,346.27,baseline
order_0009681,1,credit_card,2,36.08,baseline
order_0009682,1,credit_card,2,78.06,baseline
order_0009683,1,credit_card,10,468.32,baseline
order_0009684,1,digital_wallet,1,21.07,baseline
order_0009685,1,credit_card,2,81.87,baseline
order_0009686,1,credit_card,2,20.1,baseline
order_0009687,1,credit_card,4,162.37,baseline
order_0009688,1,credit_card,1,40.71,baseline
order_0009689,1,digital_wallet,1,180.26,baseline
order_0009690,1,credit_card,5,286.43,baseline
order_0009691,1,debit_card,1,31.87,baseline
order_0009692,1,credit_card,2,70.64,baseline
order_0009693,1,digital_wallet,1,47.62,baseline
order_0009693,2,credit_card,1,28.36,baseline
order_0009694,1,credit_card,2,76.8,baseline
order_0009695,1,credit_card,2,21.63,baseline
order_0009696,1,gift_card,1,22.49,baseline
order_0009696,2,digital_wallet,1,25.64,baseline
order_0009697,1,credit_card,3,423.36,baseline
order_0009698,1,debit_card,1,448.17,baseline
order_0009699,1,credit_card,2,18.37,baseline
order_0009699,2,digital_wallet,1,15.0,baseline
order_0009700,1,digital_wallet,1,185.06,baseline
order_0009701,1,credit_card,3,146.44,baseline
order_0009702,1,digital_wallet,1,186.41,baseline
order_0009703,1,digital_wallet,1,389.72,baseline
order_0009704,1,credit_card,2,22.19,baseline
order_0009705,1,credit_card,1,70.22,baseline
order_0009706,1,credit_card,1,193.92,baseline
order_0009706,2,digital_wallet,1,96.25,baseline
order_0009707,1,digital_wallet,1,268.3,baseline
order_0009708,1,credit_card,1,98.67,baseline
order_0009709,1,debit_card,1,98.95,baseline
order_0009710,1,credit_card,1,348.61,baseline
order_0009711,1,digital_wallet,1,153.45,baseline
order_0009712,1,gift_card,1,32.02,baseline
order_0009713,1,credit_card,4,311.16,baseline
order_0009714,1,debit_card,1,260.42,baseline
order_0009715,1,bank_transfer,1,24.7,baseline
order_0009715,2,debit_card,1,58.84,baseline
order_0009716,1,credit_card,1,42.79,baseline
order_0009717,1,digital_wallet,1,32.02,baseline
order_0009717,2,credit_card,1,21.69,baseline
order_0009718,1,credit_card,1,68.9,baseline
order_0009719,1,credit_card,1,257.7,baseline
order_0009720,1,debit_card,1,132.31,baseline
order_0009721,1,credit_card,1,26.53,baseline
order_0009722,1,digital_wallet,1,67.28,baseline
order_0009723,1,credit_card,3,136.54,baseline
order_0009724,1,credit_card,4,288.12,baseline
order_0009725,1,bank_transfer,1,166.68,baseline
order_0009726,1,digital_wallet,1,73.97,baseline
order_0009727,1,digital_wallet,1,179.42,baseline
order_0009728,1,credit_card,2,84.87,baseline
order_0009729,1,credit_card,2,43.24,baseline
order_0009730,1,credit_card,1,122.98,baseline
order_0009731,1,digital_wallet,1,40.19,baseline
order_0009732,1,credit_card,1,26.26,baseline
order_0009733,1,digital_wallet,1,124.54,baseline
order_0009734,1,credit_card,1,125.11,baseline
order_0009735,1,debit_card,1,54.79,baseline
order_0009735,2,credit_card,2,30.84,baseline
order_0009736,1,credit_card,2,42.77,baseline
order_0009736,2,bank_transfer,1,105.36,baseline
order_0009737,1,digital_wallet,1,103.45,baseline
order_0009738,1,credit_card,1,36.86,baseline
order_0009739,1,credit_card,1,13.67,baseline
order_0009739,2,debit_card,1,39.3,baseline
order_0009740,1,credit_card,1,533.11,baseline
order_0009741,1,digital_wallet,1,115.03,baseline
order_0009742,1,credit_card,1,65.64,baseline
order_0009743,1,credit_card,6,279.24,baseline
order_0009744,1,digital_wallet,1,111.5,baseline
order_0009745,1,digital_wallet,1,45.29,baseline
order_0009745,2,credit_card,2,29.03,baseline
order_0009746,1,digital_wallet,1,236.39,baseline
order_0009747,1,bank_transfer,1,360.97,baseline
order_0009748,1,credit_card,2,846.07,baseline
order_0009749,1,credit_card,3,154.49,baseline
order_0009750,1,digital_wallet,1,153.84,baseline
order_0009751,1,credit_card,1,89.28,baseline
order_0009752,1,gift_card,1,203.49,baseline
order_0009753,1,bank_transfer,1,69.06,baseline
order_0009754,1,gift_card,1,41.31,baseline
order_0009755,1,digital_wallet,1,40.11,baseline
order_0009756,1,credit_card,3,106.59,baseline
order_0009757,1,gift_card,1,77.76,baseline
order_0009758,1,credit_card,2,49.09,baseline
order_0009758,2,debit_card,1,42.7,baseline
order_0009759,1,gift_card,1,513.51,baseline
order_0009760,1,gift_card,1,155.39,baseline
order_0009761,1,credit_card,1,105.81,baseline
order_0009762,1,debit_card,1,26.42,baseline
order_0009763,1,digital_wallet,1,126.28,baseline
order_0009763,2,credit_card,2,45.15,baseline
order_0009764,1,debit_card,1,108.08,baseline
order_0009765,1,credit_card,2,85.56,baseline
order_0009765,2,debit_card,1,181.68,baseline
order_0009766,1,bank_transfer,1,395.02,baseline
order_0009767,1,debit_card,1,62.9,baseline
order_0009768,1,credit_card,2,81.44,baseline
order_0009769,1,debit_card,1,49.39,baseline
order_0009770,1,credit_card,5,213.17,baseline
order_0009770,2,debit_card,1,551.57,baseline
order_0009771,1,credit_card,2,341.83,baseline
order_0009772,1,credit_card,2,121.25,baseline
order_0009773,1,credit_card,1,138.13,baseline
order_0009774,1,debit_card,1,166.88,baseline
order_0009775,1,credit_card,2,80.94,baseline
order_0009776,1,gift_card,1,361.59,baseline
order_0009777,1,credit_card,4,177.42,baseline
order_0009778,1,digital_wallet,1,23.4,baseline
order_0009778,2,credit_card,1,57.8,baseline
order_0009779,1,digital_wallet,1,271.77,baseline
order_0009780,1,debit_card,1,218.14,baseline
order_0009781,1,credit_card,2,131.76,baseline
order_0009782,1,credit_card,5,382.71,baseline
order_0009783,1,credit_card,4,214.94,baseline
order_0009784,1,credit_card,1,83.09,baseline
order_0009785,1,credit_card,4,171.43,baseline
order_0009786,1,credit_card,4,144.44,baseline
order_0009787,1,credit_card,1,427.28,baseline
order_0009788,1,debit_card,1,53.54,baseline
order_0009789,1,debit_card,1,71.69,baseline
order_0009790,1,credit_card,1,32.62,baseline
order_0009791,1,credit_card,2,188.42,baseline
order_0009792,1,debit_card,1,28.86,baseline
order_0009793,1,credit_card,4,229.54,baseline
order_0009794,1,debit_card,1,61.2,baseline
order_0009795,1,debit_card,1,474.69,baseline
order_0009796,1,credit_card,1,27.35,baseline
order_0009797,1,credit_card,2,64.46,baseline
order_0009797,2,gift_card,1,27.49,baseline
order_0009798,1,credit_card,2,52.19,baseline
order_0009799,1,credit_card,5,353.03,baseline
order_0009800,1,debit_card,1,112.7,baseline
order_0009801,1,credit_card,1,124.5,baseline
order_0009802,1,credit_card,3,313.94,baseline
order_0009803,1,digital_wallet,1,289.12,baseline
order_0009804,1,credit_card,1,37.56,baseline
order_0009805,1,bank_transfer,1,44.17,baseline
order_0009806,1,credit_card,2,46.23,baseline
order_0009807,1,credit_card,1,92.92,baseline
order_0009808,1,credit_card,1,64.99,baseline
order_0009809,1,digital_wallet,1,286.52,baseline
order_0009810,1,digital_wallet,1,62.92,baseline
order_0009811,1,digital_wallet,1,326.71,baseline
order_0009812,1,bank_transfer,1,68.48,baseline
order_0009813,1,credit_card,3,237.34,baseline
order_0009814,1,digital_wallet,1,429.42,baseline
order_0009815,1,digital_wallet,1,46.22,baseline
order_0009816,1,credit_card,8,396.79,baseline
order_0009817,1,credit_card,6,615.03,baseline
order_0009818,1,credit_card,2,38.9,baseline
order_0009818,2,digital_wallet,1,16.15,baseline
order_0009819,1,debit_card,1,145.19,baseline
order_0009820,1,digital_wallet,1,6.71,baseline
order_0009820,2,credit_card,2,17.75,baseline
order_0009821,1,digital_wallet,1,181.53,baseline
order_0009822,1,debit_card,1,136.02,baseline
order_0009823,1,credit_card,2,297.55,baseline
order_0009824,1,debit_card,1,461.96,baseline
order_0009825,1,bank_transfer,1,129.75,baseline
order_0009826,1,credit_card,1,32.49,baseline
order_0009827,1,credit_card,1,175.49,baseline
order_0009828,1,credit_card,3,263.22,baseline
order_0009829,1,bank_transfer,1,50.84,baseline
order_0009830,1,credit_card,2,60.2,baseline
order_0009831,1,credit_card,3,236.63,baseline
order_0009832,1,credit_card,1,56.35,baseline
order_0009833,1,digital_wallet,1,44.87,baseline
order_0009834,1,credit_card,1,113.03,baseline
order_0009835,1,digital_wallet,1,219.4,baseline
order_0009836,1,digital_wallet,1,33.31,baseline
order_0009837,1,digital_wallet,1,71.04,baseline
order_0009838,1,credit_card,8,428.2,baseline
order_0009839,1,credit_card,1,133.38,baseline
order_0009840,1,credit_card,2,131.0,baseline
order_0009841,1,digital_wallet,1,64.66,baseline
order_0009842,1,digital_wallet,1,40.62,baseline
order_0009842,2,credit_card,1,36.68,baseline
order_0009843,1,debit_card,1,241.06,baseline
order_0009844,1,credit_card,2,30.38,baseline
order_0009845,1,credit_card,1,86.59,baseline
order_0009846,1,credit_card,1,86.51,baseline
order_0009847,1,credit_card,3,232.78,baseline
order_0009848,1,credit_card,5,278.6,baseline
order_0009849,1,credit_card,2,61.59,baseline
order_0009850,1,credit_card,2,7.81,baseline
order_0009850,2,digital_wallet,1,12.98,baseline
order_0009851,1,gift_card,1,73.27,baseline
order_0009852,1,gift_card,1,28.99,baseline
order_0009853,1,debit_card,1,23.79,baseline
order_0009853,2,credit_card,2,27.01,baseline
order_0009854,1,credit_card,5,264.23,baseline
order_0009855,1,digital_wallet,1,47.98,baseline
order_0009856,1,gift_card,1,39.16,baseline
order_0009857,1,credit_card,2,278.34,baseline
order_0009858,1,credit_card,1,83.07,baseline
order_0009859,1,credit_card,5,258.91,baseline
order_0009860,1,credit_card,3,743.33,baseline
order_0009861,1,credit_card,4,161.34,baseline
order_0009862,1,digital_wallet,1,340.89,baseline
order_0009863,1,debit_card,1,147.67,baseline
order_0009864,1,gift_card,1,169.85,baseline
order_0009865,1,digital_wallet,1,20.95,baseline
order_0009865,2,credit_card,2,9.82,baseline
order_0009866,1,debit_card,1,147.36,baseline
order_0009867,1,credit_card,5,203.75,baseline
order_0009868,1,gift_card,1,222.71,baseline
order_0009869,1,credit_card,3,239.4,baseline
order_0009870,1,credit_card,1,189.03,baseline
order_0009871,1,credit_card,1,66.71,baseline
order_0009872,1,digital_wallet,1,397.11,baseline
order_0009873,1,credit_card,2,71.34,baseline
order_0009874,1,debit_card,1,50.23,baseline
order_0009875,1,credit_card,1,463.64,baseline
order_0009876,1,digital_wallet,1,88.91,baseline
order_0009877,1,debit_card,1,115.88,baseline
order_0009878,1,digital_wallet,1,86.37,baseline
order_0009879,1,digital_wallet,1,29.55,baseline
order_0009880,1,digital_wallet,1,64.08,baseline
order_0009881,1,debit_card,1,25.99,baseline
order_0009882,1,credit_card,2,23.16,baseline
order_0009883,1,credit_card,2,27.52,baseline
order_0009884,1,credit_card,2,130.19,baseline
order_0009885,1,digital_wallet,1,193.21,baseline
order_0009886,1,debit_card,1,232.91,baseline
order_0009887,1,bank_transfer,1,287.57,baseline
order_0009888,1,credit_card,1,113.43,baseline
order_0009889,1,digital_wallet,1,36.91,baseline
order_0009890,1,gift_card,1,25.65,baseline
order_0009891,1,credit_card,2,23.82,baseline
order_0009892,1,bank_transfer,1,149.8,baseline
order_0009893,1,credit_card,1,75.39,baseline
order_0009894,1,debit_card,1,230.54,baseline
order_0009895,1,digital_wallet,1,126.03,baseline
order_0009896,1,digital_wallet,1,237.96,baseline
order_0009897,1,digital_wallet,1,240.37,baseline
order_0009898,1,debit_card,1,43.59,baseline
order_0009899,1,digital_wallet,1,101.24,baseline
order_0009900,1,debit_card,1,168.44,baseline
order_0009901,1,credit_card,5,1263.94,baseline
order_0009902,1,credit_card,2,41.92,baseline
order_0009903,1,digital_wallet,1,185.03,baseline
order_0009904,1,debit_card,1,145.43,baseline
order_0009905,1,credit_card,2,98.63,baseline
order_0009906,1,credit_card,1,193.93,baseline
order_0009907,1,credit_card,1,38.42,baseline
order_0009908,1,bank_transfer,1,33.0,baseline
order_0009909,1,digital_wallet,1,152.67,baseline
order_0009910,1,digital_wallet,1,78.33,baseline
order_0009911,1,credit_card,3,119.23,baseline
order_0009912,1,digital_wallet,1,98.99,baseline
order_0009913,1,digital_wallet,1,269.9,baseline
order_0009914,1,credit_card,1,146.6,baseline
order_0009915,1,digital_wallet,1,24.31,baseline
order_0009915,2,credit_card,2,94.91,baseline
order_0009916,1,credit_card,2,350.54,baseline
order_0009917,1,digital_wallet,1,98.37,baseline
order_0009918,1,credit_card,2,73.69,baseline
order_0009919,1,credit_card,2,42.49,baseline
order_0009920,1,bank_transfer,1,86.72,baseline
order_0009921,1,credit_card,2,125.22,baseline
order_0009922,1,credit_card,1,82.16,baseline
order_0009923,1,credit_card,2,135.38,baseline
order_0009924,1,credit_card,4,158.61,baseline
order_0009925,1,bank_transfer,1,67.78,baseline
order_0009926,1,credit_card,1,271.79,baseline
order_0009927,1,debit_card,1,24.12,baseline
order_0009928,1,debit_card,1,43.97,baseline
order_0009929,1,digital_wallet,1,54.59,baseline
order_0009930,1,credit_card,5,209.68,baseline
order_0009931,1,bank_transfer,1,331.16,baseline
order_0009932,1,bank_transfer,1,109.46,baseline
order_0009933,1,gift_card,1,295.66,baseline
order_0009934,1,digital_wallet,1,486.21,baseline
order_0009935,1,digital_wallet,1,52.75,baseline
order_0009936,1,debit_card,1,64.2,baseline
order_0009937,1,gift_card,1,274.66,baseline
order_0009938,1,credit_card,2,40.13,baseline
order_0009939,1,credit_card,3,285.96,baseline
order_0009940,1,credit_card,3,161.64,baseline
order_0009941,1,digital_wallet,1,46.36,baseline
order_0009942,1,credit_card,8,344.2,baseline
order_0009943,1,bank_transfer,1,101.45,baseline
order_0009944,1,bank_transfer,1,20.68,baseline
order_0009945,1,digital_wallet,1,12.54,baseline
order_0009945,2,credit_card,2,29.36,baseline
order_0009946,1,debit_card,1,670.9,baseline
order_0009947,1,gift_card,1,84.67,baseline
order_0009948,1,digital_wallet,1,56.98,baseline
order_0009949,1,credit_card,2,168.95,baseline
order_0009950,1,credit_card,1,103.2,baseline
order_0009951,1,credit_card,1,17.9,baseline
order_0009952,1,digital_wallet,1,209.98,baseline
order_0009953,1,digital_wallet,1,181.05,baseline
order_0009954,1,digital_wallet,1,23.13,baseline
order_0009955,1,credit_card,2,58.92,baseline
order_0009956,1,digital_wallet,1,35.61,baseline
order_0009957,1,credit_card,6,298.59,baseline
order_0009958,1,credit_card,6,248.28,baseline
order_0009959,1,credit_card,11,606.61,baseline
order_0009960,1,credit_card,2,57.75,baseline
order_0009961,1,credit_card,5,496.12,baseline
order_0009962,1,bank_transfer,1,479.67,baseline
order_0009963,1,credit_card,2,125.68,baseline
order_0009964,1,debit_card,1,46.22,baseline
order_0009965,1,digital_wallet,1,127.19,baseline
order_0009966,1,credit_card,3,141.95,baseline
order_0009967,1,credit_card,1,78.51,baseline
order_0009968,1,bank_transfer,1,15.99,baseline
order_0009968,2,credit_card,1,63.4,baseline
order_0009969,1,digital_wallet,1,82.17,baseline
order_0009970,1,credit_card,1,117.1,baseline
order_0009971,1,digital_wallet,1,243.68,baseline
order_0009972,1,credit_card,2,41.0,baseline
order_0009973,1,credit_card,1,71.4,baseline
order_0009974,1,credit_card,5,533.19,baseline
order_0009975,1,bank_transfer,1,118.34,baseline
order_0009976,1,credit_card,1,75.0,baseline
order_0009977,1,credit_card,11,476.06,baseline
order_0009978,1,credit_card,1,14.66,baseline
order_0009978,2,debit_card,1,33.75,baseline
order_0009979,1,digital_wallet,1,393.88,baseline
order_0009979,2,credit_card,1,172.88,baseline
order_0009980,1,credit_card,1,91.11,baseline
order_0009981,1,credit_card,2,178.28,baseline
order_0009982,1,digital_wallet,1,67.0,baseline
order_0009983,1,gift_card,1,171.75,baseline
order_0009984,1,credit_card,1,41.33,baseline
order_0009985,1,credit_card,5,240.79,baseline
order_0009986,1,credit_card,1,73.49,baseline
order_0009987,1,credit_card,1,51.31,baseline
order_0009988,1,credit_card,2,21.93,baseline
order_0009989,1,credit_card,1,49.97,baseline
order_0009990,1,debit_card,1,17.94,baseline
order_0009991,1,credit_card,2,42.04,baseline
order_0009992,1,credit_card,1,143.76,baseline
order_0009993,1,credit_card,3,108.34,baseline
order_0009994,1,digital_wallet,1,103.0,baseline
order_0009995,1,credit_card,2,113.31,baseline
order_0009996,1,gift_card,1,195.5,baseline
order_0009997,1,credit_card,2,121.78,baseline
order_0009998,1,bank_transfer,1,144.47,baseline
order_0009999,1,credit_card,2,32.47,baseline
order_0010000,1,bank_transfer,1,32.4,baseline
