product_id,product_category,product_name,product_weight_g,product_length_cm,product_height_cm,product_width_cm,product_price_base_usd,created_at
product_000001,Mobile & Telecom,Mobile Accessory 0001,1290,6.4,3.9,5.4,215.06,2024-01-01T00:00:00
product_000002,Watches & Gifts,Keepsake Item 0002,155,6.1,4.3,4.8,162.94,2024-01-01T00:00:00
product_000003,Office Supplies,Writing Kit 0003,676,6.6,3.2,5.2,26.93,2024-01-01T00:00:00
product_000004,Office Supplies,Writing Kit 0004,749,8.9,3.4,5.0,17.5,2024-01-01T00:00:00
product_000005,Books & Media,Learning Guide 0005,406,5.9,4.7,5.6,21.16,2024-01-01T00:00:00
product_000006,Baby Products,Nursery Accessory 0006,1299,4.7,3.5,5.6,31.93,2024-01-01T00:00:00
product_000007,Automotive,Maintenance Kit 0007,1030,5.0,4.3,4.6,114.68,2024-01-01T00:00:00
product_000008,Baby Products,Feeding Item 0008,2480,8.8,4.3,6.6,74.21,2024-01-01T00:00:00
product_000009,Pet Supplies,Pet Activity Item 0009,898,6.0,3.0,4.7,31.84,2024-01-01T00:00:00
product_000010,Sports & Outdoors,Training Gear 0010,1544,7.1,5.3,5.1,137.62,2024-01-01T00:00:00
product_000011,Furniture & Decor,Accent Furniture 0011,10390,11.1,10.5,8.8,505.94,2024-01-01T00:00:00
product_000012,Home & Bedding,Comfort Item 0012,1623,6.2,4.7,4.6,97.38,2024-01-01T00:00:00
product_000013,Baby Products,Infant Care Item 0013,2734,9.4,5.0,6.3,123.5,2024-01-01T00:00:00
product_000014,Automotive,Maintenance Kit 0014,1788,6.5,4.6,5.6,148.48,2024-01-01T00:00:00
product_000015,Furniture & Decor,Storage Unit 0015,5853,9.8,6.7,7.2,507.8,2024-01-01T00:00:00
product_000016,Books & Media,Media Collection 0016,435,7.5,2.3,5.0,16.68,2024-01-01T00:00:00
product_000017,Baby Products,Nursery Accessory 0017,1606,8.3,3.3,6.5,42.53,2024-01-01T00:00:00
product_000018,Home Goods,Kitchen Item 0018,848,7.0,3.4,6.1,41.46,2024-01-01T00:00:00
product_000019,Home & Bedding,Home Textile 0019,2364,8.2,6.0,6.1,63.44,2024-01-01T00:00:00
product_000020,Toys & Games,Learning Toy 0020,1682,6.0,4.7,5.0,78.51,2024-01-01T00:00:00
product_000021,Office Supplies,Office Organizer 0021,543,7.5,5.4,6.5,16.73,2024-01-01T00:00:00
product_000022,Sports & Outdoors,Fitness Item 0022,1938,8.8,5.3,3.5,65.31,2024-01-01T00:00:00
product_000023,Mobile & Telecom,Phone Item 0023,646,6.3,3.5,5.7,130.23,2024-01-01T00:00:00
product_000024,Toys & Games,Activity Set 0024,982,4.9,4.3,5.6,69.87,2024-01-01T00:00:00
product_000025,Office Supplies,Writing Kit 0025,540,5.2,3.2,4.5,38.97,2024-01-01T00:00:00
product_000026,Health & Beauty,Wellness Item 0026,545,6.4,3.5,5.7,37.76,2024-01-01T00:00:00
product_000027,Books & Media,Media Collection 0027,478,6.8,5.0,4.3,21.25,2024-01-01T00:00:00
product_000028,Fashion,Seasonal Wear 0028,371,6.6,3.8,4.4,62.64,2024-01-01T00:00:00
product_000029,Baby Products,Feeding Item 0029,1158,4.7,5.0,4.5,26.87,2024-01-01T00:00:00
product_000030,Office Supplies,Office Organizer 0030,448,5.4,3.6,4.4,27.87,2024-01-01T00:00:00
product_000031,Baby Products,Infant Care Item 0031,1012,6.6,3.7,4.5,32.36,2024-01-01T00:00:00
product_000032,Garden & Outdoor,Planting Set 0032,1871,5.7,4.2,5.5,102.91,2024-01-01T00:00:00
product_000033,Mobile & Telecom,Phone Item 0033,2018,7.6,5.0,6.9,161.91,2024-01-01T00:00:00
product_000034,Mobile & Telecom,Connectivity Kit 0034,1413,4.9,4.0,4.5,47.64,2024-01-01T00:00:00
product_000035,Office Supplies,Office Organizer 0035,1180,5.5,4.0,4.7,19.88,2024-01-01T00:00:00
product_000036,Electronics & Accessories,Device Accessory 0036,798,5.5,4.4,5.6,91.08,2024-01-01T00:00:00
product_000037,Home & Bedding,Bedding Set 0037,2048,7.3,6.2,5.2,196.16,2024-01-01T00:00:00
product_000038,Watches & Gifts,Gift Set 0038,618,7.0,4.7,4.7,63.06,2024-01-01T00:00:00
product_000039,Home & Bedding,Home Textile 0039,1389,6.6,4.5,5.4,38.17,2024-01-01T00:00:00
product_000040,Sports & Outdoors,Training Gear 0040,2960,5.9,5.5,7.6,79.02,2024-01-01T00:00:00
product_000041,Books & Media,Reference Book 0041,1016,5.3,3.6,5.0,31.29,2024-01-01T00:00:00
product_000042,Watches & Gifts,Timepiece 0042,195,6.6,5.3,5.0,63.11,2024-01-01T00:00:00
product_000043,Mobile & Telecom,Mobile Accessory 0043,546,6.4,4.9,4.4,123.47,2024-01-01T00:00:00
product_000044,Books & Media,Reference Book 0044,506,6.8,4.2,4.4,54.98,2024-01-01T00:00:00
product_000045,Pet Supplies,Feeding Set 0045,1445,8.6,3.1,6.0,15.24,2024-01-01T00:00:00
product_000046,Garden & Outdoor,Planting Set 0046,1827,6.9,4.6,5.0,30.75,2024-01-01T00:00:00
product_000047,Home Goods,Organization Set 0047,1424,6.8,4.9,4.7,25.05,2024-01-01T00:00:00
product_000048,Mobile & Telecom,Mobile Accessory 0048,1068,7.1,3.9,4.5,566.2,2024-01-01T00:00:00
product_000049,Health & Beauty,Wellness Item 0049,540,7.8,3.9,6.2,41.03,2024-01-01T00:00:00
product_000050,Automotive,Maintenance Kit 0050,1572,4.0,4.7,4.9,51.55,2024-01-01T00:00:00
product_000051,Pet Supplies,Feeding Set 0051,2315,8.4,5.4,6.1,31.78,2024-01-01T00:00:00
product_000052,Watches & Gifts,Keepsake Item 0052,337,6.9,4.2,5.2,121.6,2024-01-01T00:00:00
product_000053,Electronics & Accessories,Device Accessory 0053,1300,7.5,2.6,3.8,100.7,2024-01-01T00:00:00
product_000054,Watches & Gifts,Timepiece 0054,304,5.3,3.4,4.2,76.76,2024-01-01T00:00:00
product_000055,Office Supplies,Writing Kit 0055,336,6.9,3.8,5.3,33.38,2024-01-01T00:00:00
product_000056,Watches & Gifts,Timepiece 0056,371,4.1,4.2,4.8,106.58,2024-01-01T00:00:00
product_000057,Mobile & Telecom,Connectivity Kit 0057,630,6.9,4.1,5.1,35.6,2024-01-01T00:00:00
product_000058,Home & Bedding,Bedding Set 0058,1308,5.6,3.4,6.9,102.33,2024-01-01T00:00:00
product_000059,Health & Beauty,Wellness Item 0059,95,8.4,4.0,4.8,43.04,2024-01-01T00:00:00
product_000060,Office Supplies,Office Organizer 0060,1508,7.7,3.9,5.4,25.57,2024-01-01T00:00:00
product_000061,Fashion,Fashion Accessory 0061,738,8.6,3.7,4.5,101.2,2024-01-01T00:00:00
product_000062,Garden & Outdoor,Outdoor Accessory 0062,3312,8.0,5.9,4.9,74.08,2024-01-01T00:00:00
product_000063,Furniture & Decor,Decor Item 0063,8201,13.2,7.6,8.7,337.92,2024-01-01T00:00:00
product_000064,Toys & Games,Activity Set 0064,1153,7.1,2.6,6.5,17.96,2024-01-01T00:00:00
product_000065,Home & Bedding,Comfort Item 0065,5208,9.5,7.6,7.7,31.8,2024-01-01T00:00:00
product_000066,Automotive,Vehicle Accessory 0066,7591,11.7,10.8,9.2,90.39,2024-01-01T00:00:00
product_000067,Automotive,Maintenance Kit 0067,4757,10.6,6.8,7.6,122.8,2024-01-01T00:00:00
product_000068,Electronics & Accessories,Device Accessory 0068,1766,8.2,3.4,7.3,76.94,2024-01-01T00:00:00
product_000069,Automotive,Travel Item 0069,3707,9.9,4.8,6.4,215.36,2024-01-01T00:00:00
product_000070,Pet Supplies,Feeding Set 0070,711,6.3,2.2,4.5,28.26,2024-01-01T00:00:00
product_000071,Fashion,Everyday Apparel 0071,1603,6.9,3.1,4.1,48.83,2024-01-01T00:00:00
product_000072,Pet Supplies,Feeding Set 0072,1162,7.2,3.5,5.0,45.84,2024-01-01T00:00:00
product_000073,Mobile & Telecom,Phone Item 0073,1490,10.0,5.4,6.8,278.02,2024-01-01T00:00:00
product_000074,Garden & Outdoor,Outdoor Accessory 0074,2725,8.0,5.2,6.4,63.98,2024-01-01T00:00:00
product_000075,Baby Products,Feeding Item 0075,1463,6.3,4.9,5.6,185.85,2024-01-01T00:00:00
product_000076,Pet Supplies,Pet Activity Item 0076,991,5.0,2.7,4.9,57.79,2024-01-01T00:00:00
product_000077,Automotive,Vehicle Accessory 0077,3089,7.8,3.9,6.5,101.14,2024-01-01T00:00:00
product_000078,Fashion,Everyday Apparel 0078,393,6.2,5.2,5.4,50.47,2024-01-01T00:00:00
product_000079,Health & Beauty,Care Set 0079,227,8.2,3.3,3.8,23.92,2024-01-01T00:00:00
product_000080,Toys & Games,Family Game 0080,2031,8.8,5.6,6.1,46.67,2024-01-01T00:00:00
product_000081,Baby Products,Infant Care Item 0081,1614,6.7,4.6,5.4,51.51,2024-01-01T00:00:00
product_000082,Pet Supplies,Pet Activity Item 0082,1522,5.8,3.2,5.7,31.06,2024-01-01T00:00:00
product_000083,Baby Products,Nursery Accessory 0083,1255,5.3,3.3,6.3,105.54,2024-01-01T00:00:00
product_000084,Home & Bedding,Comfort Item 0084,3796,9.7,6.4,6.6,41.16,2024-01-01T00:00:00
product_000085,Furniture & Decor,Accent Furniture 0085,17807,15.4,9.2,11.2,222.77,2024-01-01T00:00:00
product_000086,Electronics & Accessories,Charging Kit 0086,1232,7.0,2.7,6.5,185.49,2024-01-01T00:00:00
product_000087,Home Goods,Organization Set 0087,1330,7.5,2.3,4.7,30.31,2024-01-01T00:00:00
product_000088,Pet Supplies,Pet Care Item 0088,972,5.8,5.5,6.2,82.83,2024-01-01T00:00:00
product_000089,Sports & Outdoors,Training Gear 0089,4536,10.2,5.6,8.5,48.39,2024-01-01T00:00:00
product_000090,Furniture & Decor,Storage Unit 0090,7862,10.2,8.8,8.8,172.87,2024-01-01T00:00:00
product_000091,Watches & Gifts,Timepiece 0091,186,7.4,3.8,5.7,17.66,2024-01-01T00:00:00
product_000092,Office Supplies,Writing Kit 0092,1496,7.1,4.1,5.2,19.05,2024-01-01T00:00:00
product_000093,Books & Media,Learning Guide 0093,424,7.6,4.5,6.5,16.68,2024-01-01T00:00:00
product_000094,Mobile & Telecom,Mobile Accessory 0094,764,7.1,4.5,5.1,81.47,2024-01-01T00:00:00
product_000095,Home Goods,Kitchen Item 0095,1475,9.2,3.3,4.1,22.88,2024-01-01T00:00:00
product_000096,Books & Media,Learning Guide 0096,976,6.7,3.3,5.7,16.77,2024-01-01T00:00:00
product_000097,Baby Products,Feeding Item 0097,395,6.9,3.5,4.5,71.16,2024-01-01T00:00:00
product_000098,Books & Media,Learning Guide 0098,294,5.7,2.9,5.2,14.02,2024-01-01T00:00:00
product_000099,Office Supplies,Writing Kit 0099,961,7.4,4.6,4.0,45.89,2024-01-01T00:00:00
product_000100,Automotive,Travel Item 0100,1740,6.4,5.0,5.9,28.13,2024-01-01T00:00:00
product_000101,Baby Products,Nursery Accessory 0101,1277,8.3,4.2,7.2,43.68,2024-01-01T00:00:00
product_000102,Automotive,Maintenance Kit 0102,2497,6.3,4.4,5.9,140.0,2024-01-01T00:00:00
product_000103,Health & Beauty,Wellness Item 0103,223,6.8,3.9,4.6,50.98,2024-01-01T00:00:00
product_000104,Watches & Gifts,Timepiece 0104,195,5.4,5.4,3.7,68.07,2024-01-01T00:00:00
product_000105,Health & Beauty,Care Set 0105,385,5.0,4.0,5.8,25.06,2024-01-01T00:00:00
product_000106,Pet Supplies,Pet Activity Item 0106,1450,6.6,5.1,4.8,35.61,2024-01-01T00:00:00
product_000107,Baby Products,Nursery Accessory 0107,1270,6.7,3.9,4.3,61.18,2024-01-01T00:00:00
product_000108,Automotive,Travel Item 0108,1752,7.8,4.7,5.3,61.36,2024-01-01T00:00:00
product_000109,Health & Beauty,Wellness Item 0109,410,6.0,4.7,3.6,8.79,2024-01-01T00:00:00
product_000110,Sports & Outdoors,Outdoor Kit 0110,4635,11.5,6.8,6.8,81.26,2024-01-01T00:00:00
product_000111,Health & Beauty,Care Set 0111,845,7.6,5.2,5.5,26.17,2024-01-01T00:00:00
product_000112,Mobile & Telecom,Mobile Accessory 0112,1031,7.0,4.7,3.7,37.03,2024-01-01T00:00:00
product_000113,Books & Media,Learning Guide 0113,618,5.1,3.5,6.1,30.59,2024-01-01T00:00:00
product_000114,Home & Bedding,Bedding Set 0114,992,6.4,2.6,5.1,29.99,2024-01-01T00:00:00
product_000115,Mobile & Telecom,Connectivity Kit 0115,548,6.2,4.6,4.9,257.19,2024-01-01T00:00:00
product_000116,Automotive,Vehicle Accessory 0116,3113,9.8,5.2,8.3,126.41,2024-01-01T00:00:00
product_000117,Sports & Outdoors,Training Gear 0117,4946,8.8,6.3,9.4,39.71,2024-01-01T00:00:00
product_000118,Home & Bedding,Home Textile 0118,1887,9.3,5.9,6.0,43.76,2024-01-01T00:00:00
product_000119,Garden & Outdoor,Outdoor Accessory 0119,8352,12.3,8.8,8.6,31.17,2024-01-01T00:00:00
product_000120,Office Supplies,Desk Set 0120,524,7.9,3.8,4.3,38.31,2024-01-01T00:00:00
product_000121,Toys & Games,Learning Toy 0121,1221,7.8,3.9,6.1,69.51,2024-01-01T00:00:00
product_000122,Garden & Outdoor,Garden Tool 0122,2847,9.7,6.0,7.2,116.66,2024-01-01T00:00:00
product_000123,Health & Beauty,Daily Essential 0123,172,6.2,5.2,3.1,22.8,2024-01-01T00:00:00
product_000124,Health & Beauty,Daily Essential 0124,196,6.2,4.0,3.8,27.93,2024-01-01T00:00:00
product_000125,Baby Products,Feeding Item 0125,497,5.9,4.4,4.9,43.85,2024-01-01T00:00:00
product_000126,Garden & Outdoor,Outdoor Accessory 0126,13901,14.5,5.1,7.9,63.67,2024-01-01T00:00:00
product_000127,Baby Products,Infant Care Item 0127,681,6.1,3.9,6.0,47.08,2024-01-01T00:00:00
product_000128,Mobile & Telecom,Phone Item 0128,768,7.4,3.3,4.6,149.25,2024-01-01T00:00:00
product_000129,Electronics & Accessories,Audio Item 0129,588,6.4,3.7,4.6,156.87,2024-01-01T00:00:00
product_000130,Automotive,Vehicle Accessory 0130,3502,11.0,5.9,7.4,107.71,2024-01-01T00:00:00
product_000131,Books & Media,Learning Guide 0131,265,7.3,4.2,5.5,35.17,2024-01-01T00:00:00
product_000132,Sports & Outdoors,Outdoor Kit 0132,5453,11.1,6.3,7.4,97.47,2024-01-01T00:00:00
product_000133,Home & Bedding,Bedding Set 0133,3066,8.5,3.9,6.0,66.41,2024-01-01T00:00:00
product_000134,Watches & Gifts,Timepiece 0134,162,7.9,3.3,4.8,154.07,2024-01-01T00:00:00
product_000135,Automotive,Maintenance Kit 0135,2331,6.1,3.6,5.3,49.42,2024-01-01T00:00:00
product_000136,Fashion,Everyday Apparel 0136,155,7.1,3.4,4.4,56.75,2024-01-01T00:00:00
product_000137,Fashion,Seasonal Wear 0137,334,7.5,3.2,4.8,110.41,2024-01-01T00:00:00
product_000138,Home Goods,Household Tool 0138,3916,9.7,8.6,6.0,51.13,2024-01-01T00:00:00
product_000139,Sports & Outdoors,Training Gear 0139,1402,7.1,5.1,5.1,87.73,2024-01-01T00:00:00
product_000140,Fashion,Seasonal Wear 0140,927,7.1,5.0,3.7,35.98,2024-01-01T00:00:00
product_000141,Baby Products,Feeding Item 0141,1159,6.3,3.3,4.1,53.06,2024-01-01T00:00:00
product_000142,Books & Media,Reference Book 0142,235,6.2,4.0,4.9,19.46,2024-01-01T00:00:00
product_000143,Sports & Outdoors,Fitness Item 0143,6899,13.1,5.5,9.3,39.54,2024-01-01T00:00:00
product_000144,Home & Bedding,Comfort Item 0144,2351,7.4,5.1,4.8,36.9,2024-01-01T00:00:00
product_000145,Electronics & Accessories,Device Accessory 0145,774,6.2,4.2,4.1,85.1,2024-01-01T00:00:00
product_000146,Garden & Outdoor,Garden Tool 0146,5058,12.3,8.3,8.4,95.84,2024-01-01T00:00:00
product_000147,Pet Supplies,Pet Care Item 0147,1623,6.3,4.3,5.7,14.77,2024-01-01T00:00:00
product_000148,Furniture & Decor,Storage Unit 0148,10338,14.1,9.5,8.9,126.16,2024-01-01T00:00:00
product_000149,Watches & Gifts,Gift Set 0149,147,5.6,3.2,4.2,163.1,2024-01-01T00:00:00
product_000150,Toys & Games,Family Game 0150,955,6.3,4.0,5.6,48.44,2024-01-01T00:00:00
product_000151,Baby Products,Feeding Item 0151,996,5.1,4.7,5.1,40.82,2024-01-01T00:00:00
product_000152,Garden & Outdoor,Planting Set 0152,3474,10.4,6.4,4.8,40.53,2024-01-01T00:00:00
product_000153,Office Supplies,Desk Set 0153,952,5.8,3.1,6.1,17.3,2024-01-01T00:00:00
product_000154,Pet Supplies,Pet Care Item 0154,1444,6.6,4.0,5.0,86.24,2024-01-01T00:00:00
product_000155,Mobile & Telecom,Mobile Accessory 0155,1077,7.1,2.9,6.7,169.09,2024-01-01T00:00:00
product_000156,Mobile & Telecom,Mobile Accessory 0156,1293,6.6,4.8,3.5,145.0,2024-01-01T00:00:00
product_000157,Watches & Gifts,Timepiece 0157,228,4.4,5.0,6.4,30.26,2024-01-01T00:00:00
product_000158,Fashion,Everyday Apparel 0158,813,6.8,3.6,5.1,78.8,2024-01-01T00:00:00
product_000159,Baby Products,Infant Care Item 0159,1080,5.2,3.7,5.2,65.91,2024-01-01T00:00:00
product_000160,Pet Supplies,Feeding Set 0160,2312,8.5,5.7,5.3,74.34,2024-01-01T00:00:00
product_000161,Office Supplies,Office Organizer 0161,619,6.0,4.9,4.6,24.2,2024-01-01T00:00:00
product_000162,Sports & Outdoors,Training Gear 0162,1495,8.7,3.4,5.4,37.57,2024-01-01T00:00:00
product_000163,Home & Bedding,Bedding Set 0163,1397,6.3,3.4,5.7,42.92,2024-01-01T00:00:00
product_000164,Automotive,Maintenance Kit 0164,8850,12.7,9.0,7.4,41.74,2024-01-01T00:00:00
product_000165,Garden & Outdoor,Outdoor Accessory 0165,3940,8.8,5.9,7.2,31.46,2024-01-01T00:00:00
product_000166,Mobile & Telecom,Connectivity Kit 0166,1621,7.2,5.2,5.3,151.95,2024-01-01T00:00:00
product_000167,Watches & Gifts,Gift Set 0167,350,6.8,3.8,4.2,133.01,2024-01-01T00:00:00
product_000168,Automotive,Travel Item 0168,4525,12.3,5.2,5.4,90.74,2024-01-01T00:00:00
product_000169,Baby Products,Feeding Item 0169,874,6.8,4.3,5.1,45.73,2024-01-01T00:00:00
product_000170,Baby Products,Infant Care Item 0170,1465,6.5,4.1,3.5,160.31,2024-01-01T00:00:00
product_000171,Fashion,Seasonal Wear 0171,462,5.5,4.3,4.3,61.35,2024-01-01T00:00:00
product_000172,Garden & Outdoor,Outdoor Accessory 0172,1747,6.5,5.3,5.4,59.47,2024-01-01T00:00:00
product_000173,Fashion,Everyday Apparel 0173,325,6.8,3.4,5.9,29.66,2024-01-01T00:00:00
product_000174,Watches & Gifts,Timepiece 0174,106,6.8,4.2,5.7,324.44,2024-01-01T00:00:00
product_000175,Fashion,Fashion Accessory 0175,101,6.8,5.0,5.6,153.76,2024-01-01T00:00:00
product_000176,Home Goods,Household Tool 0176,1075,8.2,3.0,4.0,133.71,2024-01-01T00:00:00
product_000177,Sports & Outdoors,Training Gear 0177,3325,9.4,6.8,6.6,24.37,2024-01-01T00:00:00
product_000178,Toys & Games,Family Game 0178,1519,8.1,4.8,5.6,35.68,2024-01-01T00:00:00
product_000179,Garden & Outdoor,Planting Set 0179,2426,5.6,4.7,4.6,107.89,2024-01-01T00:00:00
product_000180,Toys & Games,Activity Set 0180,1193,7.8,3.6,5.6,20.99,2024-01-01T00:00:00
product_000181,Fashion,Everyday Apparel 0181,520,5.3,3.7,6.5,59.69,2024-01-01T00:00:00
product_000182,Fashion,Everyday Apparel 0182,574,5.6,5.3,5.3,100.93,2024-01-01T00:00:00
product_000183,Baby Products,Feeding Item 0183,1388,6.5,4.8,5.3,54.28,2024-01-01T00:00:00
product_000184,Toys & Games,Activity Set 0184,626,5.5,3.6,5.1,45.69,2024-01-01T00:00:00
product_000185,Automotive,Vehicle Accessory 0185,1703,9.1,4.3,6.7,66.62,2024-01-01T00:00:00
product_000186,Books & Media,Reference Book 0186,508,7.6,2.5,5.3,33.81,2024-01-01T00:00:00
product_000187,Office Supplies,Writing Kit 0187,484,6.3,5.2,5.0,42.22,2024-01-01T00:00:00
product_000188,Fashion,Fashion Accessory 0188,225,7.0,3.8,5.3,71.09,2024-01-01T00:00:00
product_000189,Office Supplies,Office Organizer 0189,445,4.8,4.1,4.5,15.59,2024-01-01T00:00:00
product_000190,Furniture & Decor,Accent Furniture 0190,7321,12.6,6.9,10.4,201.11,2024-01-01T00:00:00
product_000191,Watches & Gifts,Gift Set 0191,250,5.0,3.2,4.8,117.9,2024-01-01T00:00:00
product_000192,Office Supplies,Office Organizer 0192,956,5.9,4.4,4.8,33.26,2024-01-01T00:00:00
product_000193,Home & Bedding,Comfort Item 0193,1526,7.3,4.0,5.1,129.77,2024-01-01T00:00:00
product_000194,Sports & Outdoors,Outdoor Kit 0194,1610,9.3,5.8,4.9,72.63,2024-01-01T00:00:00
product_000195,Automotive,Travel Item 0195,3422,6.8,7.1,6.3,72.28,2024-01-01T00:00:00
product_000196,Fashion,Everyday Apparel 0196,320,7.0,3.6,4.3,46.21,2024-01-01T00:00:00
product_000197,Books & Media,Reference Book 0197,288,7.1,5.5,4.4,24.26,2024-01-01T00:00:00
product_000198,Fashion,Everyday Apparel 0198,1163,8.3,5.4,5.4,64.03,2024-01-01T00:00:00
product_000199,Furniture & Decor,Decor Item 0199,2052,7.4,5.8,5.6,265.78,2024-01-01T00:00:00
product_000200,Baby Products,Infant Care Item 0200,582,4.1,4.5,4.8,63.41,2024-01-01T00:00:00
product_000201,Furniture & Decor,Storage Unit 0201,7017,8.8,5.4,11.0,101.2,2024-01-01T00:00:00
product_000202,Fashion,Fashion Accessory 0202,278,6.3,4.5,3.9,57.79,2024-01-01T00:00:00
product_000203,Mobile & Telecom,Phone Item 0203,1295,7.4,3.2,5.7,77.77,2024-01-01T00:00:00
product_000204,Home & Bedding,Comfort Item 0204,1657,9.0,5.2,6.1,39.72,2024-01-01T00:00:00
product_000205,Mobile & Telecom,Mobile Accessory 0205,455,5.5,4.9,5.0,285.69,2024-01-01T00:00:00
product_000206,Fashion,Seasonal Wear 0206,319,7.2,4.1,6.8,107.93,2024-01-01T00:00:00
product_000207,Books & Media,Learning Guide 0207,770,6.2,2.9,5.7,32.95,2024-01-01T00:00:00
product_000208,Home & Bedding,Bedding Set 0208,588,5.9,4.2,5.3,61.73,2024-01-01T00:00:00
product_000209,Mobile & Telecom,Phone Item 0209,576,7.2,3.2,4.8,188.42,2024-01-01T00:00:00
product_000210,Toys & Games,Learning Toy 0210,326,6.9,3.9,4.3,26.56,2024-01-01T00:00:00
product_000211,Automotive,Travel Item 0211,3965,13.2,5.5,7.9,259.76,2024-01-01T00:00:00
product_000212,Fashion,Fashion Accessory 0212,910,7.3,4.8,3.7,22.21,2024-01-01T00:00:00
product_000213,Home & Bedding,Bedding Set 0213,1223,6.3,5.1,5.7,56.41,2024-01-01T00:00:00
product_000214,Toys & Games,Family Game 0214,1755,6.8,5.1,4.8,37.43,2024-01-01T00:00:00
product_000215,Electronics & Accessories,Audio Item 0215,754,6.4,3.7,5.9,365.54,2024-01-01T00:00:00
product_000216,Health & Beauty,Wellness Item 0216,334,7.8,3.8,6.2,87.37,2024-01-01T00:00:00
product_000217,Baby Products,Feeding Item 0217,2191,8.0,3.6,7.4,29.09,2024-01-01T00:00:00
product_000218,Watches & Gifts,Keepsake Item 0218,543,7.0,3.9,5.1,169.55,2024-01-01T00:00:00
product_000219,Furniture & Decor,Storage Unit 0219,10703,16.0,9.3,10.3,265.74,2024-01-01T00:00:00
product_000220,Garden & Outdoor,Garden Tool 0220,4075,9.0,6.2,7.0,31.45,2024-01-01T00:00:00
product_000221,Fashion,Seasonal Wear 0221,373,6.6,4.0,3.1,35.97,2024-01-01T00:00:00
product_000222,Sports & Outdoors,Training Gear 0222,1917,7.7,4.5,6.3,79.37,2024-01-01T00:00:00
product_000223,Pet Supplies,Pet Care Item 0223,1953,6.1,5.0,4.5,51.1,2024-01-01T00:00:00
product_000224,Pet Supplies,Pet Care Item 0224,1768,10.6,4.5,4.7,36.72,2024-01-01T00:00:00
product_000225,Electronics & Accessories,Audio Item 0225,976,6.3,4.4,5.9,134.43,2024-01-01T00:00:00
product_000226,Fashion,Everyday Apparel 0226,242,7.9,3.3,3.8,85.13,2024-01-01T00:00:00
product_000227,Fashion,Seasonal Wear 0227,900,5.3,3.9,4.3,43.17,2024-01-01T00:00:00
product_000228,Health & Beauty,Wellness Item 0228,937,7.0,2.7,4.4,14.5,2024-01-01T00:00:00
product_000229,Fashion,Seasonal Wear 0229,345,4.5,4.4,5.4,15.42,2024-01-01T00:00:00
product_000230,Mobile & Telecom,Phone Item 0230,1553,6.3,3.9,5.5,92.06,2024-01-01T00:00:00
product_000231,Furniture & Decor,Accent Furniture 0231,12559,13.3,10.3,12.8,171.1,2024-01-01T00:00:00
product_000232,Health & Beauty,Daily Essential 0232,516,6.0,5.1,4.9,22.77,2024-01-01T00:00:00
product_000233,Pet Supplies,Pet Care Item 0233,513,6.3,4.6,6.6,27.21,2024-01-01T00:00:00
product_000234,Home & Bedding,Bedding Set 0234,3114,7.6,4.1,7.2,97.9,2024-01-01T00:00:00
product_000235,Electronics & Accessories,Device Accessory 0235,895,7.0,3.5,4.6,278.81,2024-01-01T00:00:00
product_000236,Baby Products,Feeding Item 0236,1224,7.7,3.6,6.2,57.89,2024-01-01T00:00:00
product_000237,Watches & Gifts,Gift Set 0237,226,6.1,4.6,6.3,145.8,2024-01-01T00:00:00
product_000238,Pet Supplies,Feeding Set 0238,2007,6.6,6.1,6.8,30.31,2024-01-01T00:00:00
product_000239,Furniture & Decor,Storage Unit 0239,8086,9.4,6.9,9.1,72.43,2024-01-01T00:00:00
product_000240,Office Supplies,Office Organizer 0240,1597,6.5,4.6,6.3,49.76,2024-01-01T00:00:00
product_000241,Baby Products,Feeding Item 0241,833,5.5,4.1,5.0,126.79,2024-01-01T00:00:00
product_000242,Electronics & Accessories,Device Accessory 0242,879,7.0,5.0,4.4,166.04,2024-01-01T00:00:00
product_000243,Sports & Outdoors,Fitness Item 0243,727,8.5,3.7,4.8,100.48,2024-01-01T00:00:00
product_000244,Baby Products,Infant Care Item 0244,1293,6.6,3.9,6.9,66.21,2024-01-01T00:00:00
product_000245,Fashion,Seasonal Wear 0245,232,5.7,3.7,4.1,18.17,2024-01-01T00:00:00
product_000246,Office Supplies,Office Organizer 0246,1014,5.5,3.6,5.6,44.68,2024-01-01T00:00:00
product_000247,Baby Products,Feeding Item 0247,2471,7.7,5.2,8.6,64.82,2024-01-01T00:00:00
product_000248,Mobile & Telecom,Mobile Accessory 0248,629,5.7,4.4,6.4,295.77,2024-01-01T00:00:00
product_000249,Electronics & Accessories,Audio Item 0249,1562,7.4,4.6,5.1,124.18,2024-01-01T00:00:00
product_000250,Health & Beauty,Daily Essential 0250,170,6.2,4.0,5.4,12.95,2024-01-01T00:00:00
product_000251,Home & Bedding,Comfort Item 0251,840,6.8,3.8,4.7,57.37,2024-01-01T00:00:00
product_000252,Mobile & Telecom,Phone Item 0252,958,7.2,3.6,5.9,285.6,2024-01-01T00:00:00
product_000253,Health & Beauty,Daily Essential 0253,180,6.4,3.7,4.7,24.91,2024-01-01T00:00:00
product_000254,Furniture & Decor,Storage Unit 0254,13377,14.5,8.7,12.1,242.64,2024-01-01T00:00:00
product_000255,Watches & Gifts,Timepiece 0255,382,5.2,3.3,5.2,47.45,2024-01-01T00:00:00
product_000256,Books & Media,Media Collection 0256,1432,7.3,4.2,4.7,20.34,2024-01-01T00:00:00
product_000257,Toys & Games,Family Game 0257,854,8.1,4.8,3.9,33.57,2024-01-01T00:00:00
product_000258,Fashion,Everyday Apparel 0258,624,8.5,4.7,3.9,30.65,2024-01-01T00:00:00
product_000259,Toys & Games,Activity Set 0259,698,6.6,5.2,4.8,155.72,2024-01-01T00:00:00
product_000260,Automotive,Vehicle Accessory 0260,3249,8.3,6.4,7.8,64.36,2024-01-01T00:00:00
product_000261,Mobile & Telecom,Mobile Accessory 0261,351,5.7,3.5,3.4,161.95,2024-01-01T00:00:00
product_000262,Baby Products,Feeding Item 0262,1408,6.3,5.2,5.2,26.25,2024-01-01T00:00:00
product_000263,Office Supplies,Writing Kit 0263,837,4.8,4.1,5.1,36.83,2024-01-01T00:00:00
product_000264,Books & Media,Learning Guide 0264,975,8.2,3.7,5.9,33.37,2024-01-01T00:00:00
product_000265,Health & Beauty,Daily Essential 0265,531,6.4,5.4,4.3,33.3,2024-01-01T00:00:00
product_000266,Toys & Games,Family Game 0266,420,6.5,3.1,5.1,42.56,2024-01-01T00:00:00
product_000267,Furniture & Decor,Storage Unit 0267,6448,14.9,8.8,7.0,211.51,2024-01-01T00:00:00
product_000268,Sports & Outdoors,Outdoor Kit 0268,3649,12.7,5.1,7.1,169.02,2024-01-01T00:00:00
product_000269,Fashion,Seasonal Wear 0269,210,6.3,3.0,4.4,37.58,2024-01-01T00:00:00
product_000270,Home & Bedding,Home Textile 0270,1575,5.4,4.9,6.2,58.27,2024-01-01T00:00:00
product_000271,Office Supplies,Writing Kit 0271,914,5.7,4.1,5.9,19.84,2024-01-01T00:00:00
product_000272,Sports & Outdoors,Fitness Item 0272,1253,5.0,4.3,4.1,52.71,2024-01-01T00:00:00
product_000273,Automotive,Vehicle Accessory 0273,5193,8.9,7.8,9.0,116.7,2024-01-01T00:00:00
product_000274,Automotive,Vehicle Accessory 0274,2096,8.0,4.4,6.9,99.96,2024-01-01T00:00:00
product_000275,Automotive,Maintenance Kit 0275,2323,7.3,7.5,6.6,115.02,2024-01-01T00:00:00
product_000276,Health & Beauty,Daily Essential 0276,558,7.0,4.6,4.2,33.78,2024-01-01T00:00:00
product_000277,Sports & Outdoors,Outdoor Kit 0277,2918,11.5,3.1,8.6,70.32,2024-01-01T00:00:00
product_000278,Toys & Games,Learning Toy 0278,1643,9.4,5.3,6.1,100.08,2024-01-01T00:00:00
product_000279,Automotive,Maintenance Kit 0279,3142,10.1,7.2,7.4,323.67,2024-01-01T00:00:00
product_000280,Health & Beauty,Daily Essential 0280,238,6.7,4.3,5.5,24.82,2024-01-01T00:00:00
product_000281,Health & Beauty,Care Set 0281,1021,4.5,4.4,5.4,39.96,2024-01-01T00:00:00
product_000282,Pet Supplies,Pet Activity Item 0282,914,8.7,3.8,5.7,88.41,2024-01-01T00:00:00
product_000283,Electronics & Accessories,Device Accessory 0283,603,7.2,4.4,5.3,161.66,2024-01-01T00:00:00
product_000284,Fashion,Everyday Apparel 0284,143,7.8,4.6,4.7,36.52,2024-01-01T00:00:00
product_000285,Fashion,Fashion Accessory 0285,272,6.4,4.2,5.6,27.45,2024-01-01T00:00:00
product_000286,Sports & Outdoors,Training Gear 0286,1548,7.6,6.0,5.4,76.9,2024-01-01T00:00:00
product_000287,Watches & Gifts,Gift Set 0287,273,9.0,5.1,4.2,139.37,2024-01-01T00:00:00
product_000288,Pet Supplies,Feeding Set 0288,1892,6.8,6.2,5.2,76.46,2024-01-01T00:00:00
product_000289,Health & Beauty,Daily Essential 0289,943,4.9,4.3,5.9,35.22,2024-01-01T00:00:00
product_000290,Fashion,Seasonal Wear 0290,120,5.4,4.3,5.5,91.98,2024-01-01T00:00:00
product_000291,Toys & Games,Family Game 0291,1664,7.7,4.1,3.8,20.59,2024-01-01T00:00:00
product_000292,Pet Supplies,Pet Care Item 0292,725,6.6,5.3,4.2,35.73,2024-01-01T00:00:00
product_000293,Baby Products,Nursery Accessory 0293,492,6.1,3.3,5.8,112.69,2024-01-01T00:00:00
product_000294,Toys & Games,Family Game 0294,491,5.7,4.5,6.7,38.41,2024-01-01T00:00:00
product_000295,Baby Products,Feeding Item 0295,662,7.3,3.8,6.1,44.55,2024-01-01T00:00:00
product_000296,Baby Products,Nursery Accessory 0296,651,6.1,3.0,3.9,61.37,2024-01-01T00:00:00
product_000297,Sports & Outdoors,Outdoor Kit 0297,1838,6.8,5.0,5.5,25.06,2024-01-01T00:00:00
product_000298,Health & Beauty,Wellness Item 0298,663,4.0,2.9,6.0,30.12,2024-01-01T00:00:00
product_000299,Home & Bedding,Bedding Set 0299,2056,6.5,3.7,5.3,46.37,2024-01-01T00:00:00
product_000300,Electronics & Accessories,Device Accessory 0300,1197,4.9,3.8,4.7,118.77,2024-01-01T00:00:00
product_000301,Pet Supplies,Pet Care Item 0301,1285,7.3,4.0,3.6,71.58,2024-01-01T00:00:00
product_000302,Pet Supplies,Pet Care Item 0302,722,5.7,3.5,4.3,62.15,2024-01-01T00:00:00
product_000303,Sports & Outdoors,Outdoor Kit 0303,3558,9.0,4.9,7.5,49.09,2024-01-01T00:00:00
product_000304,Automotive,Maintenance Kit 0304,1351,7.0,4.4,6.3,148.43,2024-01-01T00:00:00
product_000305,Baby Products,Feeding Item 0305,2748,8.0,5.8,7.8,75.31,2024-01-01T00:00:00
product_000306,Sports & Outdoors,Outdoor Kit 0306,3602,8.1,3.7,8.4,57.87,2024-01-01T00:00:00
product_000307,Toys & Games,Activity Set 0307,379,6.4,5.3,6.2,53.27,2024-01-01T00:00:00
product_000308,Electronics & Accessories,Device Accessory 0308,472,5.4,4.0,4.0,234.68,2024-01-01T00:00:00
product_000309,Books & Media,Learning Guide 0309,434,6.7,3.8,3.9,27.2,2024-01-01T00:00:00
product_000310,Home & Bedding,Comfort Item 0310,1432,8.1,4.1,5.6,106.82,2024-01-01T00:00:00
product_000311,Electronics & Accessories,Device Accessory 0311,946,6.4,2.8,4.5,144.48,2024-01-01T00:00:00
product_000312,Home Goods,Organization Set 0312,1762,6.6,4.1,6.3,75.07,2024-01-01T00:00:00
product_000313,Furniture & Decor,Storage Unit 0313,8435,11.4,6.4,8.8,205.26,2024-01-01T00:00:00
product_000314,Mobile & Telecom,Connectivity Kit 0314,550,8.1,2.6,6.0,229.11,2024-01-01T00:00:00
product_000315,Books & Media,Learning Guide 0315,517,5.6,2.9,4.9,37.6,2024-01-01T00:00:00
product_000316,Office Supplies,Desk Set 0316,937,5.0,4.0,5.2,79.72,2024-01-01T00:00:00
product_000317,Furniture & Decor,Accent Furniture 0317,7537,12.6,8.8,11.8,131.75,2024-01-01T00:00:00
product_000318,Home Goods,Household Tool 0318,2974,7.5,5.2,6.8,107.5,2024-01-01T00:00:00
product_000319,Pet Supplies,Feeding Set 0319,1309,7.6,3.5,6.2,35.8,2024-01-01T00:00:00
product_000320,Books & Media,Reference Book 0320,239,7.5,3.9,5.3,16.15,2024-01-01T00:00:00
product_000321,Electronics & Accessories,Charging Kit 0321,569,6.5,4.5,6.2,105.85,2024-01-01T00:00:00
product_000322,Toys & Games,Learning Toy 0322,835,6.7,4.8,5.0,20.77,2024-01-01T00:00:00
product_000323,Health & Beauty,Care Set 0323,329,8.0,2.9,4.5,47.89,2024-01-01T00:00:00
product_000324,Office Supplies,Writing Kit 0324,1358,6.7,4.4,5.4,45.52,2024-01-01T00:00:00
product_000325,Garden & Outdoor,Planting Set 0325,4057,12.0,7.8,6.3,44.27,2024-01-01T00:00:00
product_000326,Fashion,Seasonal Wear 0326,235,6.2,3.8,3.8,75.15,2024-01-01T00:00:00
product_000327,Watches & Gifts,Keepsake Item 0327,221,5.6,2.7,6.0,91.25,2024-01-01T00:00:00
product_000328,Mobile & Telecom,Phone Item 0328,925,6.9,5.2,6.1,48.45,2024-01-01T00:00:00
product_000329,Home & Bedding,Comfort Item 0329,1672,9.6,3.5,5.6,46.18,2024-01-01T00:00:00
product_000330,Home Goods,Kitchen Item 0330,1964,6.8,4.8,5.7,58.97,2024-01-01T00:00:00
product_000331,Mobile & Telecom,Connectivity Kit 0331,461,6.8,2.1,4.9,204.88,2024-01-01T00:00:00
product_000332,Home & Bedding,Bedding Set 0332,3211,11.2,7.3,8.1,78.82,2024-01-01T00:00:00
product_000333,Books & Media,Learning Guide 0333,354,7.5,2.7,4.9,25.05,2024-01-01T00:00:00
product_000334,Pet Supplies,Pet Activity Item 0334,2248,9.4,5.1,5.9,35.73,2024-01-01T00:00:00
product_000335,Furniture & Decor,Storage Unit 0335,6396,11.6,8.3,9.8,119.91,2024-01-01T00:00:00
product_000336,Baby Products,Feeding Item 0336,987,4.4,5.0,4.5,45.53,2024-01-01T00:00:00
product_000337,Furniture & Decor,Decor Item 0337,6455,13.4,6.4,8.9,55.08,2024-01-01T00:00:00
product_000338,Baby Products,Nursery Accessory 0338,832,5.7,4.4,5.0,63.6,2024-01-01T00:00:00
product_000339,Baby Products,Infant Care Item 0339,1772,7.6,4.3,5.3,66.94,2024-01-01T00:00:00
product_000340,Watches & Gifts,Keepsake Item 0340,253,8.3,3.8,5.7,57.35,2024-01-01T00:00:00
product_000341,Books & Media,Reference Book 0341,256,5.2,4.5,5.5,12.17,2024-01-01T00:00:00
product_000342,Office Supplies,Desk Set 0342,1012,7.7,5.4,5.0,28.28,2024-01-01T00:00:00
product_000343,Pet Supplies,Pet Activity Item 0343,530,6.4,4.7,6.0,76.88,2024-01-01T00:00:00
product_000344,Sports & Outdoors,Outdoor Kit 0344,2783,10.1,6.1,6.4,173.86,2024-01-01T00:00:00
product_000345,Home & Bedding,Bedding Set 0345,2355,7.8,4.2,5.3,32.18,2024-01-01T00:00:00
product_000346,Home & Bedding,Home Textile 0346,2089,8.9,5.2,6.8,39.91,2024-01-01T00:00:00
product_000347,Office Supplies,Office Organizer 0347,1403,7.8,4.7,5.8,14.1,2024-01-01T00:00:00
product_000348,Health & Beauty,Wellness Item 0348,605,6.3,5.3,3.5,13.21,2024-01-01T00:00:00
product_000349,Toys & Games,Learning Toy 0349,895,5.4,4.4,5.6,35.94,2024-01-01T00:00:00
product_000350,Electronics & Accessories,Audio Item 0350,649,5.7,3.8,5.9,156.03,2024-01-01T00:00:00
product_000351,Toys & Games,Learning Toy 0351,1239,7.8,3.7,4.3,31.53,2024-01-01T00:00:00
product_000352,Baby Products,Feeding Item 0352,506,7.0,4.1,5.9,38.49,2024-01-01T00:00:00
product_000353,Automotive,Vehicle Accessory 0353,1875,5.7,4.4,6.2,119.51,2024-01-01T00:00:00
product_000354,Automotive,Travel Item 0354,1314,6.9,4.3,5.6,39.93,2024-01-01T00:00:00
product_000355,Home Goods,Household Tool 0355,1145,7.3,3.3,4.8,41.03,2024-01-01T00:00:00
product_000356,Toys & Games,Family Game 0356,720,5.6,3.5,4.4,33.84,2024-01-01T00:00:00
product_000357,Sports & Outdoors,Training Gear 0357,2393,7.4,4.1,6.9,86.99,2024-01-01T00:00:00
product_000358,Sports & Outdoors,Outdoor Kit 0358,1712,8.4,4.6,6.1,48.61,2024-01-01T00:00:00
product_000359,Watches & Gifts,Timepiece 0359,96,6.5,4.8,4.9,223.25,2024-01-01T00:00:00
product_000360,Garden & Outdoor,Planting Set 0360,3459,9.4,6.8,7.4,70.12,2024-01-01T00:00:00
product_000361,Furniture & Decor,Decor Item 0361,13466,19.2,6.5,11.4,490.08,2024-01-01T00:00:00
product_000362,Watches & Gifts,Gift Set 0362,672,6.5,3.8,6.5,71.84,2024-01-01T00:00:00
product_000363,Mobile & Telecom,Connectivity Kit 0363,555,6.3,4.3,4.9,341.13,2024-01-01T00:00:00
product_000364,Books & Media,Reference Book 0364,381,5.9,3.9,5.2,10.51,2024-01-01T00:00:00
product_000365,Garden & Outdoor,Planting Set 0365,1990,7.0,4.8,5.3,59.12,2024-01-01T00:00:00
product_000366,Health & Beauty,Wellness Item 0366,439,5.0,4.4,3.8,65.57,2024-01-01T00:00:00
product_000367,Home Goods,Kitchen Item 0367,3640,13.2,6.7,7.3,36.82,2024-01-01T00:00:00
product_000368,Home Goods,Household Tool 0368,1588,5.8,5.2,5.5,79.11,2024-01-01T00:00:00
product_000369,Office Supplies,Desk Set 0369,655,5.4,4.0,5.8,20.77,2024-01-01T00:00:00
product_000370,Health & Beauty,Wellness Item 0370,180,6.4,3.5,6.0,22.98,2024-01-01T00:00:00
product_000371,Watches & Gifts,Gift Set 0371,130,6.2,3.8,6.0,51.08,2024-01-01T00:00:00
product_000372,Watches & Gifts,Keepsake Item 0372,272,6.0,4.1,4.9,119.49,2024-01-01T00:00:00
product_000373,Automotive,Maintenance Kit 0373,3774,9.6,4.2,8.5,36.0,2024-01-01T00:00:00
product_000374,Health & Beauty,Daily Essential 0374,653,5.4,4.0,3.8,19.38,2024-01-01T00:00:00
product_000375,Toys & Games,Activity Set 0375,903,7.5,4.7,5.1,26.49,2024-01-01T00:00:00
product_000376,Electronics & Accessories,Device Accessory 0376,1331,7.2,4.3,6.5,53.1,2024-01-01T00:00:00
product_000377,Sports & Outdoors,Fitness Item 0377,2335,5.7,7.3,5.3,107.46,2024-01-01T00:00:00
product_000378,Home & Bedding,Bedding Set 0378,2164,8.2,5.8,6.4,47.43,2024-01-01T00:00:00
product_000379,Garden & Outdoor,Garden Tool 0379,1239,6.0,4.9,6.0,56.02,2024-01-01T00:00:00
product_000380,Watches & Gifts,Gift Set 0380,419,5.8,3.6,4.8,64.27,2024-01-01T00:00:00
product_000381,Pet Supplies,Feeding Set 0381,2361,6.1,6.5,6.7,40.66,2024-01-01T00:00:00
product_000382,Sports & Outdoors,Fitness Item 0382,1917,7.7,3.6,6.6,70.7,2024-01-01T00:00:00
product_000383,Home Goods,Organization Set 0383,3777,10.1,5.7,7.5,45.91,2024-01-01T00:00:00
product_000384,Furniture & Decor,Storage Unit 0384,9059,12.7,7.7,13.5,148.53,2024-01-01T00:00:00
product_000385,Electronics & Accessories,Audio Item 0385,703,5.7,3.5,4.4,201.68,2024-01-01T00:00:00
product_000386,Health & Beauty,Care Set 0386,455,6.5,4.4,5.7,22.78,2024-01-01T00:00:00
product_000387,Watches & Gifts,Keepsake Item 0387,375,6.7,3.5,6.0,136.06,2024-01-01T00:00:00
product_000388,Fashion,Everyday Apparel 0388,883,5.6,3.1,5.8,44.87,2024-01-01T00:00:00
product_000389,Automotive,Travel Item 0389,2124,7.3,4.8,6.3,184.37,2024-01-01T00:00:00
product_000390,Garden & Outdoor,Garden Tool 0390,4408,9.1,7.1,6.6,51.28,2024-01-01T00:00:00
product_000391,Home & Bedding,Home Textile 0391,824,8.3,3.8,5.1,31.79,2024-01-01T00:00:00
product_000392,Electronics & Accessories,Device Accessory 0392,1200,6.0,4.1,3.2,168.57,2024-01-01T00:00:00
product_000393,Sports & Outdoors,Fitness Item 0393,1040,5.7,3.7,6.0,65.78,2024-01-01T00:00:00
product_000394,Home & Bedding,Comfort Item 0394,3286,10.6,6.7,6.0,38.16,2024-01-01T00:00:00
product_000395,Health & Beauty,Wellness Item 0395,848,6.1,4.9,4.7,25.57,2024-01-01T00:00:00
product_000396,Watches & Gifts,Timepiece 0396,425,6.9,3.8,5.2,48.33,2024-01-01T00:00:00
product_000397,Sports & Outdoors,Training Gear 0397,2704,10.0,3.0,4.4,144.2,2024-01-01T00:00:00
product_000398,Electronics & Accessories,Audio Item 0398,1324,6.5,4.4,4.4,165.39,2024-01-01T00:00:00
product_000399,Sports & Outdoors,Outdoor Kit 0399,1587,8.7,4.4,7.0,65.89,2024-01-01T00:00:00
product_000400,Garden & Outdoor,Planting Set 0400,5743,13.9,6.7,7.0,111.26,2024-01-01T00:00:00
product_000401,Electronics & Accessories,Audio Item 0401,1223,7.3,3.6,5.3,111.27,2024-01-01T00:00:00
product_000402,Books & Media,Media Collection 0402,623,5.6,3.1,5.5,37.69,2024-01-01T00:00:00
product_000403,Books & Media,Media Collection 0403,671,5.7,2.8,5.1,16.61,2024-01-01T00:00:00
product_000404,Pet Supplies,Pet Activity Item 0404,1389,6.6,3.9,5.4,35.33,2024-01-01T00:00:00
product_000405,Watches & Gifts,Keepsake Item 0405,403,6.6,5.3,4.8,133.04,2024-01-01T00:00:00
product_000406,Pet Supplies,Pet Care Item 0406,1179,6.2,5.9,7.1,31.38,2024-01-01T00:00:00
product_000407,Electronics & Accessories,Charging Kit 0407,1051,6.1,3.4,6.6,112.44,2024-01-01T00:00:00
product_000408,Garden & Outdoor,Outdoor Accessory 0408,4668,10.7,5.5,10.4,74.73,2024-01-01T00:00:00
product_000409,Mobile & Telecom,Connectivity Kit 0409,247,6.2,3.4,4.4,229.74,2024-01-01T00:00:00
product_000410,Books & Media,Reference Book 0410,217,5.7,4.2,4.3,41.64,2024-01-01T00:00:00
product_000411,Books & Media,Media Collection 0411,247,6.9,2.8,5.9,21.59,2024-01-01T00:00:00
product_000412,Fashion,Seasonal Wear 0412,831,5.4,4.4,4.1,71.95,2024-01-01T00:00:00
product_000413,Sports & Outdoors,Fitness Item 0413,3698,10.3,5.1,6.9,67.04,2024-01-01T00:00:00
product_000414,Home Goods,Kitchen Item 0414,1696,7.0,4.0,5.9,116.78,2024-01-01T00:00:00
product_000415,Automotive,Travel Item 0415,4307,8.3,6.2,6.6,103.12,2024-01-01T00:00:00
product_000416,Garden & Outdoor,Outdoor Accessory 0416,6201,9.6,8.8,10.0,70.11,2024-01-01T00:00:00
product_000417,Health & Beauty,Daily Essential 0417,214,6.8,3.9,4.9,18.25,2024-01-01T00:00:00
product_000418,Mobile & Telecom,Phone Item 0418,326,5.7,4.5,5.3,225.63,2024-01-01T00:00:00
product_000419,Mobile & Telecom,Connectivity Kit 0419,558,7.4,4.2,6.0,210.0,2024-01-01T00:00:00
product_000420,Pet Supplies,Pet Activity Item 0420,4139,11.3,5.8,7.3,25.39,2024-01-01T00:00:00
product_000421,Books & Media,Media Collection 0421,809,5.8,4.3,6.1,19.33,2024-01-01T00:00:00
product_000422,Electronics & Accessories,Audio Item 0422,1646,6.2,4.8,5.0,355.32,2024-01-01T00:00:00
product_000423,Mobile & Telecom,Mobile Accessory 0423,312,6.4,4.1,5.5,112.2,2024-01-01T00:00:00
product_000424,Pet Supplies,Pet Activity Item 0424,1787,9.0,4.7,6.4,20.15,2024-01-01T00:00:00
product_000425,Fashion,Everyday Apparel 0425,266,5.3,4.0,3.7,45.53,2024-01-01T00:00:00
product_000426,Automotive,Travel Item 0426,2647,8.4,4.0,8.1,72.76,2024-01-01T00:00:00
product_000427,Watches & Gifts,Timepiece 0427,591,5.4,5.2,5.4,59.35,2024-01-01T00:00:00
product_000428,Home Goods,Organization Set 0428,1218,8.4,5.1,3.8,25.76,2024-01-01T00:00:00
product_000429,Toys & Games,Learning Toy 0429,2656,9.1,6.4,7.9,52.35,2024-01-01T00:00:00
product_000430,Baby Products,Feeding Item 0430,594,5.9,3.2,3.4,34.0,2024-01-01T00:00:00
product_000431,Furniture & Decor,Decor Item 0431,2280,8.8,5.5,6.2,245.65,2024-01-01T00:00:00
product_000432,Watches & Gifts,Timepiece 0432,278,6.6,3.5,6.0,59.43,2024-01-01T00:00:00
product_000433,Mobile & Telecom,Mobile Accessory 0433,487,7.5,4.5,5.2,198.27,2024-01-01T00:00:00
product_000434,Pet Supplies,Pet Care Item 0434,827,6.8,4.2,5.7,23.9,2024-01-01T00:00:00
product_000435,Watches & Gifts,Gift Set 0435,306,6.4,3.2,5.3,68.95,2024-01-01T00:00:00
product_000436,Mobile & Telecom,Phone Item 0436,433,6.4,4.5,6.7,63.29,2024-01-01T00:00:00
product_000437,Baby Products,Infant Care Item 0437,1186,5.5,4.4,4.6,48.72,2024-01-01T00:00:00
product_000438,Toys & Games,Activity Set 0438,738,6.9,3.6,5.5,37.13,2024-01-01T00:00:00
product_000439,Fashion,Everyday Apparel 0439,864,9.3,3.5,5.1,46.4,2024-01-01T00:00:00
product_000440,Baby Products,Nursery Accessory 0440,934,6.4,4.0,5.2,42.0,2024-01-01T00:00:00
product_000441,Fashion,Fashion Accessory 0441,275,5.8,3.4,5.0,48.33,2024-01-01T00:00:00
product_000442,Toys & Games,Learning Toy 0442,1482,8.6,4.6,4.7,37.87,2024-01-01T00:00:00
product_000443,Home & Bedding,Home Textile 0443,1826,8.6,3.8,4.3,79.41,2024-01-01T00:00:00
product_000444,Pet Supplies,Feeding Set 0444,821,4.7,4.7,4.0,13.55,2024-01-01T00:00:00
product_000445,Pet Supplies,Feeding Set 0445,560,7.0,3.9,6.1,43.92,2024-01-01T00:00:00
product_000446,Furniture & Decor,Storage Unit 0446,13378,15.8,9.0,12.8,305.46,2024-01-01T00:00:00
product_000447,Garden & Outdoor,Planting Set 0447,3019,9.7,7.1,6.0,77.41,2024-01-01T00:00:00
product_000448,Watches & Gifts,Gift Set 0448,331,6.6,3.9,3.5,117.49,2024-01-01T00:00:00
product_000449,Pet Supplies,Pet Activity Item 0449,3198,9.9,5.5,8.5,42.68,2024-01-01T00:00:00
product_000450,Fashion,Fashion Accessory 0450,435,8.3,3.4,6.0,166.85,2024-01-01T00:00:00
product_000451,Baby Products,Infant Care Item 0451,1188,5.7,2.8,5.1,50.71,2024-01-01T00:00:00
product_000452,Mobile & Telecom,Mobile Accessory 0452,523,7.6,3.7,5.3,251.05,2024-01-01T00:00:00
product_000453,Toys & Games,Learning Toy 0453,903,4.7,4.4,4.7,32.82,2024-01-01T00:00:00
product_000454,Health & Beauty,Daily Essential 0454,222,7.0,3.9,4.8,28.46,2024-01-01T00:00:00
product_000455,Baby Products,Feeding Item 0455,2744,8.7,4.1,7.3,26.85,2024-01-01T00:00:00
product_000456,Toys & Games,Activity Set 0456,543,7.6,5.4,5.1,39.5,2024-01-01T00:00:00
product_000457,Furniture & Decor,Storage Unit 0457,8809,12.6,7.5,12.0,314.38,2024-01-01T00:00:00
product_000458,Garden & Outdoor,Garden Tool 0458,2020,10.2,3.8,7.6,76.83,2024-01-01T00:00:00
product_000459,Health & Beauty,Care Set 0459,169,5.5,5.5,4.7,15.17,2024-01-01T00:00:00
product_000460,Health & Beauty,Daily Essential 0460,179,5.9,5.7,3.8,34.83,2024-01-01T00:00:00
product_000461,Pet Supplies,Feeding Set 0461,1004,6.4,4.5,4.5,57.04,2024-01-01T00:00:00
product_000462,Mobile & Telecom,Phone Item 0462,262,6.5,4.0,4.5,189.96,2024-01-01T00:00:00
product_000463,Watches & Gifts,Gift Set 0463,605,6.2,4.0,5.7,53.41,2024-01-01T00:00:00
product_000464,Garden & Outdoor,Planting Set 0464,7676,14.7,8.5,10.4,34.19,2024-01-01T00:00:00
product_000465,Baby Products,Nursery Accessory 0465,889,7.5,4.3,5.1,60.21,2024-01-01T00:00:00
product_000466,Health & Beauty,Daily Essential 0466,552,6.7,2.0,6.0,23.03,2024-01-01T00:00:00
product_000467,Mobile & Telecom,Mobile Accessory 0467,572,8.6,4.8,5.7,164.77,2024-01-01T00:00:00
product_000468,Fashion,Everyday Apparel 0468,338,7.2,4.7,5.4,30.63,2024-01-01T00:00:00
product_000469,Sports & Outdoors,Outdoor Kit 0469,2666,8.8,5.3,8.1,83.37,2024-01-01T00:00:00
product_000470,Baby Products,Nursery Accessory 0470,696,6.9,4.5,5.6,66.26,2024-01-01T00:00:00
product_000471,Baby Products,Nursery Accessory 0471,1615,8.7,5.1,5.5,122.39,2024-01-01T00:00:00
product_000472,Fashion,Seasonal Wear 0472,392,6.6,4.6,3.5,72.24,2024-01-01T00:00:00
product_000473,Fashion,Everyday Apparel 0473,450,6.7,4.3,4.8,25.79,2024-01-01T00:00:00
product_000474,Fashion,Fashion Accessory 0474,274,5.8,3.6,4.0,61.54,2024-01-01T00:00:00
product_000475,Garden & Outdoor,Outdoor Accessory 0475,5959,11.3,5.5,11.0,78.53,2024-01-01T00:00:00
product_000476,Toys & Games,Learning Toy 0476,1024,6.2,4.1,5.7,27.35,2024-01-01T00:00:00
product_000477,Toys & Games,Family Game 0477,1265,4.9,2.6,5.3,113.1,2024-01-01T00:00:00
product_000478,Office Supplies,Desk Set 0478,2918,9.0,7.7,7.6,26.16,2024-01-01T00:00:00
product_000479,Garden & Outdoor,Garden Tool 0479,4051,9.4,3.7,8.2,121.91,2024-01-01T00:00:00
product_000480,Watches & Gifts,Keepsake Item 0480,353,5.0,3.6,4.4,72.2,2024-01-01T00:00:00
product_000481,Home & Bedding,Bedding Set 0481,736,6.1,4.3,4.8,99.3,2024-01-01T00:00:00
product_000482,Furniture & Decor,Accent Furniture 0482,11186,14.9,10.3,10.4,235.59,2024-01-01T00:00:00
product_000483,Watches & Gifts,Gift Set 0483,301,7.8,4.1,6.1,176.61,2024-01-01T00:00:00
product_000484,Toys & Games,Family Game 0484,1872,6.5,4.2,5.4,25.37,2024-01-01T00:00:00
product_000485,Books & Media,Reference Book 0485,426,7.2,3.8,3.8,29.23,2024-01-01T00:00:00
product_000486,Automotive,Vehicle Accessory 0486,891,7.2,3.2,5.6,51.79,2024-01-01T00:00:00
product_000487,Garden & Outdoor,Outdoor Accessory 0487,2954,10.1,4.1,5.5,65.25,2024-01-01T00:00:00
product_000488,Health & Beauty,Wellness Item 0488,385,6.6,4.4,6.4,31.53,2024-01-01T00:00:00
product_000489,Toys & Games,Learning Toy 0489,1812,8.4,4.9,6.0,25.85,2024-01-01T00:00:00
product_000490,Automotive,Maintenance Kit 0490,3270,7.4,7.1,8.9,71.61,2024-01-01T00:00:00
product_000491,Automotive,Maintenance Kit 0491,3513,9.5,5.7,7.7,65.13,2024-01-01T00:00:00
product_000492,Watches & Gifts,Timepiece 0492,199,6.1,4.1,3.4,68.71,2024-01-01T00:00:00
product_000493,Health & Beauty,Wellness Item 0493,304,7.3,4.5,6.2,12.49,2024-01-01T00:00:00
product_000494,Office Supplies,Desk Set 0494,325,5.6,4.0,4.7,16.59,2024-01-01T00:00:00
product_000495,Office Supplies,Office Organizer 0495,440,6.4,5.3,4.8,26.64,2024-01-01T00:00:00
product_000496,Office Supplies,Office Organizer 0496,1066,5.6,4.7,4.5,15.51,2024-01-01T00:00:00
product_000497,Furniture & Decor,Accent Furniture 0497,14340,16.5,11.1,13.0,289.56,2024-01-01T00:00:00
product_000498,Mobile & Telecom,Phone Item 0498,376,5.3,5.4,5.3,161.6,2024-01-01T00:00:00
product_000499,Toys & Games,Learning Toy 0499,1246,7.4,3.2,5.6,26.73,2024-01-01T00:00:00
product_000500,Sports & Outdoors,Outdoor Kit 0500,1191,6.7,5.4,4.6,114.25,2024-01-01T00:00:00
product_000501,Home & Bedding,Home Textile 0501,2496,9.5,5.7,4.8,161.68,2024-01-01T00:00:00
product_000502,Electronics & Accessories,Charging Kit 0502,397,5.3,4.5,3.9,52.12,2024-01-01T00:00:00
product_000503,Home & Bedding,Comfort Item 0503,1172,6.7,4.2,5.3,28.5,2024-01-01T00:00:00
product_000504,Garden & Outdoor,Garden Tool 0504,1789,7.1,4.0,7.3,42.85,2024-01-01T00:00:00
product_000505,Health & Beauty,Wellness Item 0505,346,5.4,3.3,5.8,45.81,2024-01-01T00:00:00
product_000506,Garden & Outdoor,Outdoor Accessory 0506,1762,7.5,4.9,6.6,120.86,2024-01-01T00:00:00
product_000507,Garden & Outdoor,Garden Tool 0507,4021,10.6,6.2,6.9,160.67,2024-01-01T00:00:00
product_000508,Electronics & Accessories,Charging Kit 0508,299,5.2,4.2,6.7,267.2,2024-01-01T00:00:00
product_000509,Health & Beauty,Wellness Item 0509,449,4.6,5.1,5.5,25.64,2024-01-01T00:00:00
product_000510,Toys & Games,Activity Set 0510,1907,5.9,4.9,4.5,11.08,2024-01-01T00:00:00
product_000511,Watches & Gifts,Keepsake Item 0511,503,5.8,4.2,3.9,251.14,2024-01-01T00:00:00
product_000512,Automotive,Travel Item 0512,3729,11.5,4.5,7.9,108.26,2024-01-01T00:00:00
product_000513,Office Supplies,Writing Kit 0513,826,6.6,4.2,4.3,50.69,2024-01-01T00:00:00
product_000514,Books & Media,Reference Book 0514,403,4.5,4.6,4.2,32.39,2024-01-01T00:00:00
product_000515,Home & Bedding,Home Textile 0515,1156,7.0,5.1,3.9,68.1,2024-01-01T00:00:00
product_000516,Health & Beauty,Wellness Item 0516,332,7.0,3.8,4.7,45.1,2024-01-01T00:00:00
product_000517,Books & Media,Learning Guide 0517,496,7.2,3.9,6.1,22.46,2024-01-01T00:00:00
product_000518,Garden & Outdoor,Garden Tool 0518,4112,9.2,4.2,6.5,101.79,2024-01-01T00:00:00
product_000519,Books & Media,Learning Guide 0519,229,6.8,4.1,6.9,26.52,2024-01-01T00:00:00
product_000520,Furniture & Decor,Decor Item 0520,30000,16.7,12.9,17.2,183.51,2024-01-01T00:00:00
product_000521,Mobile & Telecom,Connectivity Kit 0521,1781,7.3,3.7,4.5,74.09,2024-01-01T00:00:00
product_000522,Baby Products,Infant Care Item 0522,920,4.3,4.2,4.6,72.35,2024-01-01T00:00:00
product_000523,Books & Media,Media Collection 0523,815,6.4,4.3,5.2,12.4,2024-01-01T00:00:00
product_000524,Health & Beauty,Daily Essential 0524,918,5.8,4.5,5.3,20.7,2024-01-01T00:00:00
product_000525,Electronics & Accessories,Audio Item 0525,1025,6.2,3.9,4.2,422.95,2024-01-01T00:00:00
product_000526,Mobile & Telecom,Phone Item 0526,1058,7.2,4.7,5.2,179.42,2024-01-01T00:00:00
product_000527,Automotive,Travel Item 0527,2650,7.9,4.1,6.4,47.0,2024-01-01T00:00:00
product_000528,Baby Products,Feeding Item 0528,2081,8.2,5.8,4.2,139.0,2024-01-01T00:00:00
product_000529,Watches & Gifts,Gift Set 0529,270,6.5,3.5,5.4,46.24,2024-01-01T00:00:00
product_000530,Books & Media,Media Collection 0530,218,6.0,4.0,5.4,43.44,2024-01-01T00:00:00
product_000531,Baby Products,Nursery Accessory 0531,405,7.0,2.7,5.2,58.47,2024-01-01T00:00:00
product_000532,Watches & Gifts,Timepiece 0532,128,7.1,3.7,3.8,147.27,2024-01-01T00:00:00
product_000533,Electronics & Accessories,Device Accessory 0533,390,5.9,4.6,3.0,24.61,2024-01-01T00:00:00
product_000534,Baby Products,Nursery Accessory 0534,757,6.6,4.6,5.3,35.41,2024-01-01T00:00:00
product_000535,Watches & Gifts,Keepsake Item 0535,332,6.3,4.3,5.0,41.53,2024-01-01T00:00:00
product_000536,Automotive,Maintenance Kit 0536,1981,7.7,5.2,5.7,36.35,2024-01-01T00:00:00
product_000537,Watches & Gifts,Keepsake Item 0537,571,7.1,3.4,4.5,79.22,2024-01-01T00:00:00
product_000538,Sports & Outdoors,Training Gear 0538,2342,6.6,3.8,6.1,73.99,2024-01-01T00:00:00
product_000539,Fashion,Seasonal Wear 0539,841,6.0,4.8,4.7,39.04,2024-01-01T00:00:00
product_000540,Home & Bedding,Comfort Item 0540,1218,7.5,3.7,4.6,55.77,2024-01-01T00:00:00
product_000541,Health & Beauty,Care Set 0541,276,6.5,4.5,4.7,34.72,2024-01-01T00:00:00
product_000542,Home & Bedding,Comfort Item 0542,1155,6.9,5.4,5.0,106.12,2024-01-01T00:00:00
product_000543,Home & Bedding,Comfort Item 0543,938,7.8,3.2,4.4,63.87,2024-01-01T00:00:00
product_000544,Health & Beauty,Daily Essential 0544,488,5.4,3.5,5.5,61.52,2024-01-01T00:00:00
product_000545,Office Supplies,Writing Kit 0545,851,6.1,3.0,4.3,29.39,2024-01-01T00:00:00
product_000546,Garden & Outdoor,Garden Tool 0546,3076,8.2,5.9,7.3,134.44,2024-01-01T00:00:00
product_000547,Fashion,Seasonal Wear 0547,420,4.8,3.8,5.3,60.78,2024-01-01T00:00:00
product_000548,Fashion,Everyday Apparel 0548,627,7.4,4.0,5.9,50.56,2024-01-01T00:00:00
product_000549,Sports & Outdoors,Outdoor Kit 0549,1666,6.6,4.2,6.6,49.51,2024-01-01T00:00:00
product_000550,Toys & Games,Activity Set 0550,1332,6.8,4.8,6.7,41.34,2024-01-01T00:00:00
product_000551,Home Goods,Organization Set 0551,1970,7.3,5.0,5.2,93.29,2024-01-01T00:00:00
product_000552,Baby Products,Nursery Accessory 0552,1580,7.2,4.1,4.7,89.86,2024-01-01T00:00:00
product_000553,Office Supplies,Writing Kit 0553,991,4.0,3.5,5.1,11.67,2024-01-01T00:00:00
product_000554,Sports & Outdoors,Training Gear 0554,1262,5.7,3.7,3.6,115.12,2024-01-01T00:00:00
product_000555,Watches & Gifts,Timepiece 0555,651,5.6,5.4,4.2,71.73,2024-01-01T00:00:00
product_000556,Home Goods,Organization Set 0556,5314,12.4,6.9,8.5,131.53,2024-01-01T00:00:00
product_000557,Electronics & Accessories,Audio Item 0557,1953,10.0,3.8,6.0,85.4,2024-01-01T00:00:00
product_000558,Mobile & Telecom,Phone Item 0558,732,6.7,4.6,5.0,122.43,2024-01-01T00:00:00
product_000559,Sports & Outdoors,Outdoor Kit 0559,3422,9.9,5.4,8.3,122.05,2024-01-01T00:00:00
product_000560,Mobile & Telecom,Mobile Accessory 0560,532,5.2,4.1,4.5,93.25,2024-01-01T00:00:00
product_000561,Mobile & Telecom,Connectivity Kit 0561,271,5.4,3.1,4.7,107.3,2024-01-01T00:00:00
product_000562,Fashion,Fashion Accessory 0562,454,8.0,3.3,7.4,66.54,2024-01-01T00:00:00
product_000563,Home & Bedding,Bedding Set 0563,3889,9.2,7.3,7.1,117.24,2024-01-01T00:00:00
product_000564,Fashion,Fashion Accessory 0564,237,6.5,3.7,5.6,61.4,2024-01-01T00:00:00
product_000565,Sports & Outdoors,Training Gear 0565,1929,6.8,4.9,4.6,33.66,2024-01-01T00:00:00
product_000566,Mobile & Telecom,Connectivity Kit 0566,366,4.9,3.9,5.1,78.37,2024-01-01T00:00:00
product_000567,Fashion,Fashion Accessory 0567,334,6.0,4.8,3.9,38.98,2024-01-01T00:00:00
product_000568,Garden & Outdoor,Garden Tool 0568,3936,9.4,6.7,5.8,103.52,2024-01-01T00:00:00
product_000569,Books & Media,Media Collection 0569,167,6.5,3.4,4.3,15.19,2024-01-01T00:00:00
product_000570,Sports & Outdoors,Outdoor Kit 0570,2214,7.2,5.2,5.6,95.69,2024-01-01T00:00:00
product_000571,Books & Media,Learning Guide 0571,612,4.5,4.3,5.2,35.27,2024-01-01T00:00:00
product_000572,Automotive,Vehicle Accessory 0572,6791,10.5,7.9,10.2,76.4,2024-01-01T00:00:00
product_000573,Home Goods,Organization Set 0573,3060,8.8,6.6,6.6,74.27,2024-01-01T00:00:00
product_000574,Fashion,Fashion Accessory 0574,137,5.2,4.8,4.9,117.0,2024-01-01T00:00:00
product_000575,Automotive,Vehicle Accessory 0575,9642,12.9,7.0,10.1,73.81,2024-01-01T00:00:00
product_000576,Watches & Gifts,Gift Set 0576,125,5.3,4.9,6.0,79.21,2024-01-01T00:00:00
product_000577,Sports & Outdoors,Fitness Item 0577,2252,6.1,4.0,6.4,85.67,2024-01-01T00:00:00
product_000578,Fashion,Fashion Accessory 0578,946,5.8,3.5,4.5,59.38,2024-01-01T00:00:00
product_000579,Automotive,Travel Item 0579,5724,10.0,4.7,9.3,141.15,2024-01-01T00:00:00
product_000580,Home & Bedding,Comfort Item 0580,2024,6.9,5.9,6.1,109.86,2024-01-01T00:00:00
product_000581,Baby Products,Nursery Accessory 0581,1852,9.0,4.5,4.8,57.34,2024-01-01T00:00:00
product_000582,Sports & Outdoors,Fitness Item 0582,1817,7.8,5.2,6.1,104.35,2024-01-01T00:00:00
product_000583,Watches & Gifts,Gift Set 0583,342,5.1,3.9,5.9,14.87,2024-01-01T00:00:00
product_000584,Electronics & Accessories,Audio Item 0584,598,5.7,4.4,6.4,79.63,2024-01-01T00:00:00
product_000585,Watches & Gifts,Gift Set 0585,147,5.6,3.8,4.9,46.78,2024-01-01T00:00:00
product_000586,Mobile & Telecom,Mobile Accessory 0586,1062,6.0,4.3,5.5,100.41,2024-01-01T00:00:00
product_000587,Garden & Outdoor,Planting Set 0587,1433,5.9,5.2,5.6,44.98,2024-01-01T00:00:00
product_000588,Automotive,Maintenance Kit 0588,2560,8.8,4.9,6.1,99.8,2024-01-01T00:00:00
product_000589,Baby Products,Nursery Accessory 0589,2063,8.6,5.8,5.8,57.0,2024-01-01T00:00:00
product_000590,Pet Supplies,Pet Care Item 0590,1987,6.6,5.5,4.9,33.17,2024-01-01T00:00:00
product_000591,Automotive,Maintenance Kit 0591,1275,6.1,4.0,5.4,66.57,2024-01-01T00:00:00
product_000592,Baby Products,Infant Care Item 0592,2543,8.0,5.6,6.2,90.53,2024-01-01T00:00:00
product_000593,Pet Supplies,Feeding Set 0593,1239,4.7,3.7,5.2,38.78,2024-01-01T00:00:00
product_000594,Office Supplies,Writing Kit 0594,716,6.6,4.1,4.9,38.35,2024-01-01T00:00:00
product_000595,Home & Bedding,Comfort Item 0595,1365,8.0,4.0,5.7,99.06,2024-01-01T00:00:00
product_000596,Garden & Outdoor,Outdoor Accessory 0596,2339,9.5,4.9,7.2,208.63,2024-01-01T00:00:00
product_000597,Home Goods,Household Tool 0597,4544,9.3,7.0,7.4,25.08,2024-01-01T00:00:00
product_000598,Sports & Outdoors,Outdoor Kit 0598,2160,8.0,4.6,5.6,63.59,2024-01-01T00:00:00
product_000599,Electronics & Accessories,Device Accessory 0599,1555,8.3,5.0,5.9,127.57,2024-01-01T00:00:00
product_000600,Automotive,Maintenance Kit 0600,1698,7.1,3.7,5.2,123.38,2024-01-01T00:00:00
product_000601,Sports & Outdoors,Training Gear 0601,2263,9.0,5.0,4.0,139.76,2024-01-01T00:00:00
product_000602,Garden & Outdoor,Outdoor Accessory 0602,6206,10.0,8.8,11.2,81.57,2024-01-01T00:00:00
product_000603,Home Goods,Organization Set 0603,4135,10.6,4.2,6.9,68.75,2024-01-01T00:00:00
product_000604,Watches & Gifts,Gift Set 0604,174,6.5,5.1,5.6,126.94,2024-01-01T00:00:00
product_000605,Electronics & Accessories,Device Accessory 0605,2248,9.9,6.1,8.1,59.53,2024-01-01T00:00:00
product_000606,Pet Supplies,Pet Care Item 0606,860,6.0,3.0,4.8,35.13,2024-01-01T00:00:00
product_000607,Books & Media,Media Collection 0607,733,7.0,2.7,4.5,27.93,2024-01-01T00:00:00
product_000608,Automotive,Vehicle Accessory 0608,2861,9.4,7.9,6.1,321.04,2024-01-01T00:00:00
product_000609,Electronics & Accessories,Audio Item 0609,2211,9.4,6.2,7.4,327.99,2024-01-01T00:00:00
product_000610,Mobile & Telecom,Connectivity Kit 0610,691,4.5,2.2,4.6,36.71,2024-01-01T00:00:00
product_000611,Automotive,Maintenance Kit 0611,2945,9.5,7.6,8.8,84.26,2024-01-01T00:00:00
product_000612,Pet Supplies,Pet Care Item 0612,2000,6.7,5.3,6.9,32.66,2024-01-01T00:00:00
product_000613,Automotive,Travel Item 0613,5818,12.5,5.0,11.0,121.71,2024-01-01T00:00:00
product_000614,Fashion,Fashion Accessory 0614,377,6.1,3.6,6.1,46.31,2024-01-01T00:00:00
product_000615,Health & Beauty,Care Set 0615,438,6.2,3.4,4.1,28.21,2024-01-01T00:00:00
product_000616,Electronics & Accessories,Audio Item 0616,2218,7.9,4.7,6.3,69.55,2024-01-01T00:00:00
product_000617,Home & Bedding,Bedding Set 0617,3386,8.9,7.8,6.0,74.44,2024-01-01T00:00:00
product_000618,Home Goods,Organization Set 0618,5110,8.2,7.0,5.6,42.87,2024-01-01T00:00:00
product_000619,Office Supplies,Desk Set 0619,548,5.9,3.7,5.5,60.33,2024-01-01T00:00:00
product_000620,Pet Supplies,Pet Activity Item 0620,1532,4.8,4.4,5.1,27.91,2024-01-01T00:00:00
product_000621,Automotive,Vehicle Accessory 0621,2917,7.5,6.0,6.1,50.41,2024-01-01T00:00:00
product_000622,Home Goods,Kitchen Item 0622,1169,6.2,3.5,5.1,81.59,2024-01-01T00:00:00
product_000623,Books & Media,Reference Book 0623,463,6.1,3.2,5.1,19.28,2024-01-01T00:00:00
product_000624,Sports & Outdoors,Training Gear 0624,4015,7.7,5.9,8.1,48.43,2024-01-01T00:00:00
product_000625,Books & Media,Learning Guide 0625,790,6.2,5.8,5.0,41.17,2024-01-01T00:00:00
product_000626,Baby Products,Nursery Accessory 0626,669,6.4,2.3,6.1,279.83,2024-01-01T00:00:00
product_000627,Office Supplies,Desk Set 0627,1123,5.9,2.8,4.9,45.77,2024-01-01T00:00:00
product_000628,Pet Supplies,Feeding Set 0628,1704,8.5,5.8,5.0,89.21,2024-01-01T00:00:00
product_000629,Electronics & Accessories,Audio Item 0629,1827,6.5,5.6,5.8,140.27,2024-01-01T00:00:00
product_000630,Health & Beauty,Care Set 0630,564,5.4,3.5,5.7,19.25,2024-01-01T00:00:00
product_000631,Automotive,Vehicle Accessory 0631,4911,9.4,5.4,9.3,89.48,2024-01-01T00:00:00
product_000632,Watches & Gifts,Gift Set 0632,440,7.3,3.7,5.1,55.39,2024-01-01T00:00:00
product_000633,Sports & Outdoors,Outdoor Kit 0633,1063,5.7,3.8,5.2,118.78,2024-01-01T00:00:00
product_000634,Automotive,Vehicle Accessory 0634,5022,11.2,5.7,9.1,45.02,2024-01-01T00:00:00
product_000635,Electronics & Accessories,Charging Kit 0635,660,7.8,2.5,4.2,386.18,2024-01-01T00:00:00
product_000636,Pet Supplies,Pet Care Item 0636,1330,5.5,4.9,5.1,14.86,2024-01-01T00:00:00
product_000637,Home Goods,Organization Set 0637,1815,7.3,6.6,7.4,28.3,2024-01-01T00:00:00
product_000638,Watches & Gifts,Gift Set 0638,172,5.6,4.4,5.2,145.35,2024-01-01T00:00:00
product_000639,Garden & Outdoor,Garden Tool 0639,2154,7.5,4.5,6.3,64.44,2024-01-01T00:00:00
product_000640,Home Goods,Household Tool 0640,1623,7.8,4.5,5.3,53.13,2024-01-01T00:00:00
product_000641,Pet Supplies,Feeding Set 0641,1191,5.4,4.4,5.2,89.58,2024-01-01T00:00:00
product_000642,Books & Media,Reference Book 0642,987,7.4,3.0,5.1,24.17,2024-01-01T00:00:00
product_000643,Pet Supplies,Pet Activity Item 0643,854,4.9,4.8,5.8,65.59,2024-01-01T00:00:00
product_000644,Books & Media,Media Collection 0644,377,5.0,3.7,5.9,24.81,2024-01-01T00:00:00
product_000645,Baby Products,Infant Care Item 0645,1398,6.7,4.9,3.7,143.35,2024-01-01T00:00:00
product_000646,Home Goods,Organization Set 0646,2088,6.9,5.5,4.7,79.55,2024-01-01T00:00:00
product_000647,Fashion,Everyday Apparel 0647,821,4.0,3.1,5.0,67.21,2024-01-01T00:00:00
product_000648,Health & Beauty,Care Set 0648,346,5.7,4.9,5.4,33.38,2024-01-01T00:00:00
product_000649,Health & Beauty,Daily Essential 0649,277,4.1,4.2,5.1,55.23,2024-01-01T00:00:00
product_000650,Home & Bedding,Home Textile 0650,3154,9.7,5.4,6.6,65.06,2024-01-01T00:00:00
product_000651,Watches & Gifts,Gift Set 0651,613,8.6,3.9,3.9,106.35,2024-01-01T00:00:00
product_000652,Office Supplies,Desk Set 0652,880,5.8,3.3,4.4,20.7,2024-01-01T00:00:00
product_000653,Fashion,Seasonal Wear 0653,458,8.7,4.1,5.4,42.78,2024-01-01T00:00:00
product_000654,Baby Products,Infant Care Item 0654,1046,7.2,3.5,6.1,49.7,2024-01-01T00:00:00
product_000655,Automotive,Travel Item 0655,4747,8.0,6.5,10.5,17.06,2024-01-01T00:00:00
product_000656,Watches & Gifts,Timepiece 0656,569,7.1,3.1,5.9,56.89,2024-01-01T00:00:00
product_000657,Electronics & Accessories,Charging Kit 0657,1496,6.2,3.4,3.4,143.65,2024-01-01T00:00:00
product_000658,Fashion,Fashion Accessory 0658,538,6.8,3.8,4.3,103.69,2024-01-01T00:00:00
product_000659,Watches & Gifts,Keepsake Item 0659,366,5.9,4.2,5.3,84.1,2024-01-01T00:00:00
product_000660,Home Goods,Organization Set 0660,2597,8.5,5.5,6.0,62.8,2024-01-01T00:00:00
product_000661,Electronics & Accessories,Charging Kit 0661,1501,6.1,5.8,5.9,103.89,2024-01-01T00:00:00
product_000662,Furniture & Decor,Accent Furniture 0662,4674,9.1,9.2,8.7,248.31,2024-01-01T00:00:00
product_000663,Books & Media,Learning Guide 0663,196,4.8,4.2,5.5,13.25,2024-01-01T00:00:00
product_000664,Garden & Outdoor,Outdoor Accessory 0664,6513,14.4,8.1,11.7,211.3,2024-01-01T00:00:00
product_000665,Office Supplies,Writing Kit 0665,512,5.5,4.2,5.0,25.06,2024-01-01T00:00:00
product_000666,Home & Bedding,Comfort Item 0666,1156,5.2,2.6,5.7,110.59,2024-01-01T00:00:00
product_000667,Fashion,Seasonal Wear 0667,1072,5.1,3.5,4.7,22.66,2024-01-01T00:00:00
product_000668,Health & Beauty,Care Set 0668,185,5.9,3.7,4.1,36.59,2024-01-01T00:00:00
product_000669,Fashion,Fashion Accessory 0669,435,7.2,3.0,4.4,55.0,2024-01-01T00:00:00
product_000670,Home & Bedding,Home Textile 0670,2832,8.0,4.1,6.5,43.71,2024-01-01T00:00:00
product_000671,Books & Media,Media Collection 0671,304,6.6,4.7,3.9,23.42,2024-01-01T00:00:00
product_000672,Mobile & Telecom,Connectivity Kit 0672,900,6.2,5.3,4.3,138.74,2024-01-01T00:00:00
product_000673,Toys & Games,Activity Set 0673,1151,4.2,4.5,3.5,31.19,2024-01-01T00:00:00
product_000674,Pet Supplies,Pet Activity Item 0674,2809,8.3,6.7,8.1,42.83,2024-01-01T00:00:00
product_000675,Furniture & Decor,Accent Furniture 0675,16958,11.5,7.7,12.5,181.63,2024-01-01T00:00:00
product_000676,Fashion,Everyday Apparel 0676,741,8.2,4.9,4.7,154.05,2024-01-01T00:00:00
product_000677,Books & Media,Reference Book 0677,480,6.3,5.5,4.4,36.91,2024-01-01T00:00:00
product_000678,Home Goods,Organization Set 0678,2346,7.5,4.8,7.2,86.42,2024-01-01T00:00:00
product_000679,Automotive,Vehicle Accessory 0679,2415,8.6,3.6,9.0,110.44,2024-01-01T00:00:00
product_000680,Books & Media,Media Collection 0680,379,7.0,4.4,6.5,25.2,2024-01-01T00:00:00
product_000681,Home Goods,Kitchen Item 0681,4017,9.4,7.2,6.6,46.02,2024-01-01T00:00:00
product_000682,Fashion,Everyday Apparel 0682,562,6.4,3.9,4.8,44.75,2024-01-01T00:00:00
product_000683,Health & Beauty,Care Set 0683,238,6.4,4.2,5.5,25.86,2024-01-01T00:00:00
product_000684,Electronics & Accessories,Audio Item 0684,1150,7.7,3.2,4.3,112.89,2024-01-01T00:00:00
product_000685,Automotive,Travel Item 0685,3959,13.2,5.7,9.5,57.26,2024-01-01T00:00:00
product_000686,Furniture & Decor,Accent Furniture 0686,9025,12.6,6.5,10.3,286.29,2024-01-01T00:00:00
product_000687,Pet Supplies,Pet Activity Item 0687,858,5.5,5.4,4.4,42.13,2024-01-01T00:00:00
product_000688,Health & Beauty,Daily Essential 0688,134,5.5,4.4,5.0,19.7,2024-01-01T00:00:00
product_000689,Books & Media,Media Collection 0689,682,7.3,3.5,4.6,26.03,2024-01-01T00:00:00
product_000690,Pet Supplies,Feeding Set 0690,2137,5.5,4.8,5.1,37.88,2024-01-01T00:00:00
product_000691,Furniture & Decor,Decor Item 0691,30000,18.8,11.1,13.5,202.6,2024-01-01T00:00:00
product_000692,Electronics & Accessories,Audio Item 0692,822,6.4,4.6,3.4,133.63,2024-01-01T00:00:00
product_000693,Electronics & Accessories,Charging Kit 0693,359,8.0,4.5,3.8,46.31,2024-01-01T00:00:00
product_000694,Furniture & Decor,Storage Unit 0694,10954,14.1,8.1,13.4,245.66,2024-01-01T00:00:00
product_000695,Watches & Gifts,Timepiece 0695,421,6.2,3.1,3.7,81.87,2024-01-01T00:00:00
product_000696,Watches & Gifts,Gift Set 0696,213,6.9,3.7,5.8,39.3,2024-01-01T00:00:00
product_000697,Health & Beauty,Wellness Item 0697,259,4.4,3.3,3.7,58.7,2024-01-01T00:00:00
product_000698,Fashion,Everyday Apparel 0698,325,5.3,5.5,7.1,42.19,2024-01-01T00:00:00
product_000699,Home Goods,Organization Set 0699,2241,7.8,5.7,7.4,122.78,2024-01-01T00:00:00
product_000700,Baby Products,Infant Care Item 0700,1932,7.7,2.8,5.3,64.12,2024-01-01T00:00:00
product_000701,Home Goods,Organization Set 0701,3426,10.3,5.9,7.6,106.58,2024-01-01T00:00:00
product_000702,Pet Supplies,Feeding Set 0702,2296,9.7,4.5,4.9,45.6,2024-01-01T00:00:00
product_000703,Baby Products,Feeding Item 0703,1477,7.3,3.8,5.7,25.33,2024-01-01T00:00:00
product_000704,Automotive,Vehicle Accessory 0704,5021,9.7,6.1,8.7,153.14,2024-01-01T00:00:00
product_000705,Home & Bedding,Comfort Item 0705,5633,9.4,5.8,8.8,59.63,2024-01-01T00:00:00
product_000706,Electronics & Accessories,Audio Item 0706,678,5.5,4.6,5.4,238.81,2024-01-01T00:00:00
product_000707,Toys & Games,Family Game 0707,1200,6.1,3.7,4.0,63.01,2024-01-01T00:00:00
product_000708,Pet Supplies,Feeding Set 0708,1696,7.9,5.0,4.4,23.45,2024-01-01T00:00:00
product_000709,Home & Bedding,Bedding Set 0709,3189,7.4,7.1,5.6,89.36,2024-01-01T00:00:00
product_000710,Fashion,Everyday Apparel 0710,156,5.7,3.1,3.2,67.19,2024-01-01T00:00:00
product_000711,Toys & Games,Learning Toy 0711,1391,7.0,4.8,6.0,40.85,2024-01-01T00:00:00
product_000712,Health & Beauty,Wellness Item 0712,194,6.0,4.1,3.7,43.47,2024-01-01T00:00:00
product_000713,Pet Supplies,Feeding Set 0713,829,6.0,3.9,4.0,50.92,2024-01-01T00:00:00
product_000714,Home & Bedding,Comfort Item 0714,1584,8.0,3.9,5.5,88.98,2024-01-01T00:00:00
product_000715,Toys & Games,Learning Toy 0715,476,6.3,4.4,3.9,102.06,2024-01-01T00:00:00
product_000716,Automotive,Travel Item 0716,2834,7.6,4.6,7.1,57.24,2024-01-01T00:00:00
product_000717,Office Supplies,Office Organizer 0717,467,8.3,2.9,4.0,27.08,2024-01-01T00:00:00
product_000718,Books & Media,Learning Guide 0718,505,4.5,3.5,4.9,22.73,2024-01-01T00:00:00
product_000719,Home & Bedding,Comfort Item 0719,904,7.3,4.0,3.9,88.89,2024-01-01T00:00:00
product_000720,Baby Products,Nursery Accessory 0720,1067,5.6,5.7,6.2,80.5,2024-01-01T00:00:00
product_000721,Toys & Games,Activity Set 0721,892,7.4,3.1,5.4,40.51,2024-01-01T00:00:00
product_000722,Office Supplies,Desk Set 0722,260,5.8,4.1,4.3,37.04,2024-01-01T00:00:00
product_000723,Garden & Outdoor,Planting Set 0723,4019,9.1,6.7,7.7,105.88,2024-01-01T00:00:00
product_000724,Toys & Games,Activity Set 0724,630,7.1,3.0,6.7,93.35,2024-01-01T00:00:00
product_000725,Automotive,Maintenance Kit 0725,2357,10.3,5.2,6.4,78.89,2024-01-01T00:00:00
product_000726,Health & Beauty,Care Set 0726,484,6.4,5.2,6.1,9.39,2024-01-01T00:00:00
product_000727,Electronics & Accessories,Audio Item 0727,934,5.9,3.0,5.2,111.02,2024-01-01T00:00:00
product_000728,Baby Products,Nursery Accessory 0728,3084,6.0,6.4,7.0,11.76,2024-01-01T00:00:00
product_000729,Pet Supplies,Feeding Set 0729,1057,7.4,4.6,3.1,25.85,2024-01-01T00:00:00
product_000730,Watches & Gifts,Timepiece 0730,545,4.6,3.3,5.2,191.75,2024-01-01T00:00:00
product_000731,Fashion,Everyday Apparel 0731,530,7.6,4.2,5.2,28.58,2024-01-01T00:00:00
product_000732,Home & Bedding,Home Textile 0732,1645,8.0,4.7,5.7,158.08,2024-01-01T00:00:00
product_000733,Home & Bedding,Comfort Item 0733,1943,8.9,4.0,5.7,86.27,2024-01-01T00:00:00
product_000734,Automotive,Travel Item 0734,5389,11.8,6.6,9.7,122.84,2024-01-01T00:00:00
product_000735,Health & Beauty,Daily Essential 0735,336,4.6,4.6,4.5,17.92,2024-01-01T00:00:00
product_000736,Books & Media,Learning Guide 0736,518,7.2,3.1,4.6,12.43,2024-01-01T00:00:00
product_000737,Watches & Gifts,Gift Set 0737,407,6.4,3.1,4.3,137.54,2024-01-01T00:00:00
product_000738,Health & Beauty,Daily Essential 0738,372,6.5,2.9,6.2,27.06,2024-01-01T00:00:00
product_000739,Health & Beauty,Daily Essential 0739,302,4.5,4.1,3.7,45.36,2024-01-01T00:00:00
product_000740,Books & Media,Media Collection 0740,456,6.6,4.7,3.6,18.82,2024-01-01T00:00:00
product_000741,Pet Supplies,Pet Activity Item 0741,1550,6.3,4.5,5.8,29.08,2024-01-01T00:00:00
product_000742,Garden & Outdoor,Planting Set 0742,4508,10.2,3.8,7.5,30.79,2024-01-01T00:00:00
product_000743,Garden & Outdoor,Outdoor Accessory 0743,7001,11.7,8.6,9.6,46.76,2024-01-01T00:00:00
product_000744,Automotive,Vehicle Accessory 0744,7944,12.5,3.9,12.9,99.25,2024-01-01T00:00:00
product_000745,Home & Bedding,Bedding Set 0745,1743,8.0,4.1,6.5,37.93,2024-01-01T00:00:00
product_000746,Health & Beauty,Daily Essential 0746,410,7.3,4.1,3.3,38.89,2024-01-01T00:00:00
product_000747,Home & Bedding,Home Textile 0747,1046,6.1,4.1,5.7,95.04,2024-01-01T00:00:00
product_000748,Health & Beauty,Daily Essential 0748,566,6.5,4.6,5.0,33.63,2024-01-01T00:00:00
product_000749,Books & Media,Reference Book 0749,206,5.8,4.7,7.1,73.43,2024-01-01T00:00:00
product_000750,Automotive,Maintenance Kit 0750,8664,16.7,5.1,8.0,121.57,2024-01-01T00:00:00
product_000751,Pet Supplies,Feeding Set 0751,1304,7.5,4.4,5.6,60.22,2024-01-01T00:00:00
product_000752,Garden & Outdoor,Planting Set 0752,3218,10.6,5.2,7.0,61.25,2024-01-01T00:00:00
product_000753,Office Supplies,Writing Kit 0753,2114,6.2,4.4,5.8,44.52,2024-01-01T00:00:00
product_000754,Electronics & Accessories,Device Accessory 0754,931,7.7,4.2,5.8,216.25,2024-01-01T00:00:00
product_000755,Toys & Games,Family Game 0755,1236,6.6,4.8,5.1,31.93,2024-01-01T00:00:00
product_000756,Home Goods,Organization Set 0756,1492,7.6,2.6,5.3,51.23,2024-01-01T00:00:00
product_000757,Pet Supplies,Pet Activity Item 0757,1759,7.7,5.0,6.3,44.63,2024-01-01T00:00:00
product_000758,Office Supplies,Office Organizer 0758,802,6.1,4.1,4.2,44.1,2024-01-01T00:00:00
product_000759,Health & Beauty,Care Set 0759,378,8.3,5.1,5.3,13.28,2024-01-01T00:00:00
product_000760,Sports & Outdoors,Outdoor Kit 0760,3086,6.8,4.7,5.7,67.37,2024-01-01T00:00:00
product_000761,Baby Products,Nursery Accessory 0761,1083,6.7,4.2,5.9,53.33,2024-01-01T00:00:00
product_000762,Toys & Games,Family Game 0762,772,6.6,2.8,4.1,49.91,2024-01-01T00:00:00
product_000763,Furniture & Decor,Decor Item 0763,6670,13.7,6.4,9.3,200.09,2024-01-01T00:00:00
product_000764,Fashion,Everyday Apparel 0764,383,5.7,3.3,7.0,55.5,2024-01-01T00:00:00
product_000765,Books & Media,Learning Guide 0765,489,6.7,2.5,4.7,25.28,2024-01-01T00:00:00
product_000766,Sports & Outdoors,Outdoor Kit 0766,6628,11.9,6.3,8.7,43.08,2024-01-01T00:00:00
product_000767,Automotive,Vehicle Accessory 0767,3680,9.0,4.8,5.5,88.94,2024-01-01T00:00:00
product_000768,Watches & Gifts,Keepsake Item 0768,228,4.5,4.9,5.8,70.32,2024-01-01T00:00:00
product_000769,Garden & Outdoor,Planting Set 0769,4228,9.3,5.5,6.7,114.96,2024-01-01T00:00:00
product_000770,Home & Bedding,Comfort Item 0770,2143,6.7,4.4,7.2,170.34,2024-01-01T00:00:00
product_000771,Pet Supplies,Pet Care Item 0771,1131,4.8,4.3,3.0,31.26,2024-01-01T00:00:00
product_000772,Fashion,Fashion Accessory 0772,256,8.1,3.1,4.3,76.24,2024-01-01T00:00:00
product_000773,Pet Supplies,Pet Care Item 0773,937,7.2,3.8,4.1,59.64,2024-01-01T00:00:00
product_000774,Office Supplies,Office Organizer 0774,610,6.2,3.2,4.3,54.87,2024-01-01T00:00:00
product_000775,Home Goods,Kitchen Item 0775,2245,9.1,5.2,7.9,61.66,2024-01-01T00:00:00
product_000776,Pet Supplies,Feeding Set 0776,2259,6.3,5.3,5.2,68.04,2024-01-01T00:00:00
product_000777,Books & Media,Learning Guide 0777,253,5.1,4.2,4.9,26.02,2024-01-01T00:00:00
product_000778,Automotive,Maintenance Kit 0778,2128,8.4,3.8,6.1,54.31,2024-01-01T00:00:00
product_000779,Home Goods,Kitchen Item 0779,1578,8.8,4.6,4.9,63.24,2024-01-01T00:00:00
product_000780,Baby Products,Infant Care Item 0780,922,5.1,4.0,4.8,45.12,2024-01-01T00:00:00
product_000781,Toys & Games,Learning Toy 0781,444,5.3,4.7,6.5,58.79,2024-01-01T00:00:00
product_000782,Pet Supplies,Pet Activity Item 0782,522,5.8,3.0,4.6,29.66,2024-01-01T00:00:00
product_000783,Watches & Gifts,Gift Set 0783,211,7.1,5.0,4.5,50.99,2024-01-01T00:00:00
product_000784,Furniture & Decor,Accent Furniture 0784,3449,6.0,5.7,3.9,232.87,2024-01-01T00:00:00
product_000785,Mobile & Telecom,Connectivity Kit 0785,1915,8.1,4.9,6.8,71.86,2024-01-01T00:00:00
product_000786,Watches & Gifts,Keepsake Item 0786,325,6.4,4.1,3.9,138.5,2024-01-01T00:00:00
product_000787,Electronics & Accessories,Charging Kit 0787,1365,6.9,3.9,5.8,174.11,2024-01-01T00:00:00
product_000788,Watches & Gifts,Timepiece 0788,130,6.9,3.3,5.1,42.12,2024-01-01T00:00:00
product_000789,Automotive,Maintenance Kit 0789,4820,9.8,7.7,8.9,88.82,2024-01-01T00:00:00
product_000790,Sports & Outdoors,Fitness Item 0790,849,5.6,4.0,4.3,77.12,2024-01-01T00:00:00
product_000791,Toys & Games,Family Game 0791,4088,12.8,6.1,7.1,29.33,2024-01-01T00:00:00
product_000792,Pet Supplies,Pet Activity Item 0792,4076,10.0,4.7,8.4,25.13,2024-01-01T00:00:00
product_000793,Home Goods,Household Tool 0793,2682,7.7,6.2,7.5,41.27,2024-01-01T00:00:00
product_000794,Mobile & Telecom,Connectivity Kit 0794,442,7.2,3.3,5.4,111.39,2024-01-01T00:00:00
product_000795,Toys & Games,Learning Toy 0795,232,5.7,4.4,4.0,30.76,2024-01-01T00:00:00
product_000796,Toys & Games,Learning Toy 0796,964,6.8,5.1,5.2,51.04,2024-01-01T00:00:00
product_000797,Health & Beauty,Daily Essential 0797,517,6.4,3.8,3.9,13.8,2024-01-01T00:00:00
product_000798,Office Supplies,Writing Kit 0798,949,6.0,4.8,6.1,42.52,2024-01-01T00:00:00
product_000799,Sports & Outdoors,Fitness Item 0799,5453,9.9,8.3,8.7,114.66,2024-01-01T00:00:00
product_000800,Toys & Games,Family Game 0800,1208,7.9,3.7,4.9,98.1,2024-01-01T00:00:00
product_000801,Garden & Outdoor,Planting Set 0801,3347,7.6,4.8,10.0,78.78,2024-01-01T00:00:00
product_000802,Toys & Games,Learning Toy 0802,1685,6.2,3.7,6.2,37.7,2024-01-01T00:00:00
product_000803,Sports & Outdoors,Training Gear 0803,4742,9.9,7.9,6.9,82.84,2024-01-01T00:00:00
product_000804,Books & Media,Media Collection 0804,294,5.0,3.5,4.0,15.36,2024-01-01T00:00:00
product_000805,Toys & Games,Activity Set 0805,1231,8.0,3.4,6.7,146.4,2024-01-01T00:00:00
product_000806,Fashion,Everyday Apparel 0806,468,6.1,2.9,5.2,85.22,2024-01-01T00:00:00
product_000807,Home Goods,Household Tool 0807,6203,12.6,9.1,9.6,68.98,2024-01-01T00:00:00
product_000808,Fashion,Seasonal Wear 0808,269,7.1,3.5,6.7,67.66,2024-01-01T00:00:00
product_000809,Fashion,Everyday Apparel 0809,379,6.2,3.6,5.2,67.97,2024-01-01T00:00:00
product_000810,Electronics & Accessories,Charging Kit 0810,740,7.4,4.8,6.6,154.62,2024-01-01T00:00:00
product_000811,Mobile & Telecom,Phone Item 0811,216,6.3,3.8,5.0,249.62,2024-01-01T00:00:00
product_000812,Toys & Games,Activity Set 0812,1389,7.4,4.4,4.6,51.96,2024-01-01T00:00:00
product_000813,Home & Bedding,Bedding Set 0813,902,6.8,4.3,4.6,103.08,2024-01-01T00:00:00
product_000814,Office Supplies,Office Organizer 0814,974,6.4,4.5,5.3,74.62,2024-01-01T00:00:00
product_000815,Automotive,Travel Item 0815,3130,8.9,5.4,5.8,54.12,2024-01-01T00:00:00
product_000816,Toys & Games,Family Game 0816,784,6.7,4.1,4.4,45.66,2024-01-01T00:00:00
product_000817,Garden & Outdoor,Outdoor Accessory 0817,2639,10.3,4.1,7.2,56.73,2024-01-01T00:00:00
product_000818,Automotive,Maintenance Kit 0818,6914,13.6,5.9,7.9,104.16,2024-01-01T00:00:00
product_000819,Mobile & Telecom,Connectivity Kit 0819,776,6.2,3.7,5.9,278.68,2024-01-01T00:00:00
product_000820,Garden & Outdoor,Outdoor Accessory 0820,5201,11.5,7.0,8.4,108.35,2024-01-01T00:00:00
product_000821,Sports & Outdoors,Training Gear 0821,1050,5.7,5.2,4.6,38.85,2024-01-01T00:00:00
product_000822,Books & Media,Reference Book 0822,814,5.6,4.4,4.7,31.33,2024-01-01T00:00:00
product_000823,Fashion,Everyday Apparel 0823,1808,5.8,4.9,5.7,37.52,2024-01-01T00:00:00
product_000824,Office Supplies,Office Organizer 0824,647,5.8,4.7,4.9,21.59,2024-01-01T00:00:00
product_000825,Fashion,Fashion Accessory 0825,884,5.2,3.6,5.3,43.1,2024-01-01T00:00:00
product_000826,Toys & Games,Activity Set 0826,676,5.0,3.7,4.6,62.04,2024-01-01T00:00:00
product_000827,Garden & Outdoor,Garden Tool 0827,9450,14.9,9.4,9.6,28.73,2024-01-01T00:00:00
product_000828,Home Goods,Household Tool 0828,2100,8.7,5.6,5.7,32.82,2024-01-01T00:00:00
product_000829,Pet Supplies,Pet Care Item 0829,1515,7.6,2.4,5.7,12.39,2024-01-01T00:00:00
product_000830,Books & Media,Reference Book 0830,652,5.4,3.2,6.4,24.78,2024-01-01T00:00:00
product_000831,Home Goods,Household Tool 0831,1848,7.7,3.6,7.1,182.78,2024-01-01T00:00:00
product_000832,Office Supplies,Desk Set 0832,4132,11.4,5.0,6.1,16.83,2024-01-01T00:00:00
product_000833,Home & Bedding,Bedding Set 0833,4550,9.1,7.2,7.8,20.49,2024-01-01T00:00:00
product_000834,Office Supplies,Office Organizer 0834,726,6.9,3.8,5.1,27.13,2024-01-01T00:00:00
product_000835,Garden & Outdoor,Garden Tool 0835,7426,15.7,5.6,10.7,73.97,2024-01-01T00:00:00
product_000836,Health & Beauty,Wellness Item 0836,330,6.6,3.8,4.9,34.59,2024-01-01T00:00:00
product_000837,Mobile & Telecom,Connectivity Kit 0837,602,6.2,4.2,3.0,79.45,2024-01-01T00:00:00
product_000838,Sports & Outdoors,Outdoor Kit 0838,3092,8.1,5.6,5.8,39.45,2024-01-01T00:00:00
product_000839,Watches & Gifts,Keepsake Item 0839,216,6.0,3.2,6.9,56.31,2024-01-01T00:00:00
product_000840,Watches & Gifts,Keepsake Item 0840,195,4.7,3.2,4.8,73.15,2024-01-01T00:00:00
product_000841,Home & Bedding,Comfort Item 0841,1125,5.7,4.7,5.8,66.08,2024-01-01T00:00:00
product_000842,Office Supplies,Office Organizer 0842,842,7.7,3.4,4.3,36.1,2024-01-01T00:00:00
product_000843,Home Goods,Household Tool 0843,2271,6.8,3.9,5.2,63.6,2024-01-01T00:00:00
product_000844,Sports & Outdoors,Outdoor Kit 0844,988,4.0,3.2,5.9,69.54,2024-01-01T00:00:00
product_000845,Electronics & Accessories,Charging Kit 0845,1489,8.5,4.5,4.1,62.5,2024-01-01T00:00:00
product_000846,Mobile & Telecom,Connectivity Kit 0846,1169,7.5,3.5,4.6,386.01,2024-01-01T00:00:00
product_000847,Watches & Gifts,Gift Set 0847,345,6.4,3.2,4.6,211.73,2024-01-01T00:00:00
product_000848,Garden & Outdoor,Garden Tool 0848,3182,9.7,7.4,5.9,23.17,2024-01-01T00:00:00
product_000849,Home & Bedding,Bedding Set 0849,5463,11.2,6.1,8.3,143.7,2024-01-01T00:00:00
product_000850,Fashion,Everyday Apparel 0850,476,7.8,4.2,5.0,131.32,2024-01-01T00:00:00
product_000851,Health & Beauty,Care Set 0851,269,6.7,4.6,5.6,35.45,2024-01-01T00:00:00
product_000852,Health & Beauty,Care Set 0852,287,6.9,4.6,6.0,24.21,2024-01-01T00:00:00
product_000853,Electronics & Accessories,Audio Item 0853,1037,5.9,4.3,5.7,162.94,2024-01-01T00:00:00
product_000854,Health & Beauty,Daily Essential 0854,344,5.6,3.9,5.9,33.6,2024-01-01T00:00:00
product_000855,Sports & Outdoors,Fitness Item 0855,1306,5.3,4.4,5.0,50.54,2024-01-01T00:00:00
product_000856,Garden & Outdoor,Outdoor Accessory 0856,2819,10.7,5.4,7.7,183.46,2024-01-01T00:00:00
product_000857,Electronics & Accessories,Charging Kit 0857,942,6.6,2.6,5.1,65.22,2024-01-01T00:00:00
product_000858,Garden & Outdoor,Outdoor Accessory 0858,3711,9.9,4.4,6.0,70.3,2024-01-01T00:00:00
product_000859,Health & Beauty,Daily Essential 0859,175,5.8,3.9,5.1,24.24,2024-01-01T00:00:00
product_000860,Sports & Outdoors,Outdoor Kit 0860,1926,8.1,4.8,6.6,106.34,2024-01-01T00:00:00
product_000861,Garden & Outdoor,Planting Set 0861,4689,9.5,4.2,8.1,77.57,2024-01-01T00:00:00
product_000862,Electronics & Accessories,Audio Item 0862,1669,6.5,4.7,6.0,157.67,2024-01-01T00:00:00
product_000863,Health & Beauty,Wellness Item 0863,308,5.3,3.5,3.3,21.25,2024-01-01T00:00:00
product_000864,Toys & Games,Learning Toy 0864,1132,4.9,2.9,5.4,63.12,2024-01-01T00:00:00
product_000865,Health & Beauty,Daily Essential 0865,501,7.3,4.5,4.1,65.26,2024-01-01T00:00:00
product_000866,Garden & Outdoor,Garden Tool 0866,3009,9.8,6.0,6.8,226.48,2024-01-01T00:00:00
product_000867,Health & Beauty,Wellness Item 0867,111,6.3,4.5,4.2,23.84,2024-01-01T00:00:00
product_000868,Watches & Gifts,Keepsake Item 0868,264,7.2,3.7,6.3,117.45,2024-01-01T00:00:00
product_000869,Mobile & Telecom,Connectivity Kit 0869,1675,7.9,3.5,6.8,116.68,2024-01-01T00:00:00
product_000870,Fashion,Seasonal Wear 0870,663,5.0,3.7,4.8,246.12,2024-01-01T00:00:00
product_000871,Watches & Gifts,Timepiece 0871,260,7.5,2.3,5.1,74.03,2024-01-01T00:00:00
product_000872,Fashion,Seasonal Wear 0872,257,7.2,4.7,3.7,63.51,2024-01-01T00:00:00
product_000873,Watches & Gifts,Timepiece 0873,261,7.6,3.9,5.4,77.34,2024-01-01T00:00:00
product_000874,Office Supplies,Desk Set 0874,708,5.5,2.6,5.7,31.6,2024-01-01T00:00:00
product_000875,Watches & Gifts,Timepiece 0875,190,7.0,3.3,3.2,62.8,2024-01-01T00:00:00
product_000876,Furniture & Decor,Decor Item 0876,13815,15.5,11.4,7.7,34.26,2024-01-01T00:00:00
product_000877,Office Supplies,Office Organizer 0877,1184,7.1,2.9,4.4,11.34,2024-01-01T00:00:00
product_000878,Mobile & Telecom,Mobile Accessory 0878,504,5.1,3.2,6.0,146.84,2024-01-01T00:00:00
product_000879,Office Supplies,Office Organizer 0879,1557,6.3,5.3,6.8,36.99,2024-01-01T00:00:00
product_000880,Pet Supplies,Pet Care Item 0880,1717,8.1,4.3,6.9,86.35,2024-01-01T00:00:00
product_000881,Home Goods,Household Tool 0881,4155,7.7,7.5,6.4,88.42,2024-01-01T00:00:00
product_000882,Automotive,Vehicle Accessory 0882,2212,8.4,4.9,4.4,115.48,2024-01-01T00:00:00
product_000883,Pet Supplies,Pet Care Item 0883,1794,8.4,3.9,3.9,21.95,2024-01-01T00:00:00
product_000884,Toys & Games,Activity Set 0884,443,7.4,3.5,5.5,41.3,2024-01-01T00:00:00
product_000885,Home & Bedding,Bedding Set 0885,827,5.5,4.9,5.7,105.36,2024-01-01T00:00:00
product_000886,Home Goods,Kitchen Item 0886,1262,7.9,5.4,5.6,92.55,2024-01-01T00:00:00
product_000887,Baby Products,Feeding Item 0887,795,5.9,4.0,5.0,150.58,2024-01-01T00:00:00
product_000888,Automotive,Travel Item 0888,4823,8.0,7.4,8.2,95.56,2024-01-01T00:00:00
product_000889,Automotive,Travel Item 0889,8630,14.0,6.2,9.2,66.23,2024-01-01T00:00:00
product_000890,Electronics & Accessories,Audio Item 0890,863,5.5,3.4,6.4,105.38,2024-01-01T00:00:00
product_000891,Home & Bedding,Comfort Item 0891,1496,8.8,4.9,6.2,91.91,2024-01-01T00:00:00
product_000892,Watches & Gifts,Gift Set 0892,1130,5.5,3.8,4.4,147.05,2024-01-01T00:00:00
product_000893,Garden & Outdoor,Planting Set 0893,3351,8.3,7.6,6.1,52.32,2024-01-01T00:00:00
product_000894,Fashion,Everyday Apparel 0894,572,7.5,3.6,4.8,65.82,2024-01-01T00:00:00
product_000895,Toys & Games,Family Game 0895,956,5.8,4.4,5.1,64.41,2024-01-01T00:00:00
product_000896,Electronics & Accessories,Device Accessory 0896,639,5.7,3.9,6.0,636.22,2024-01-01T00:00:00
product_000897,Home & Bedding,Bedding Set 0897,1085,6.2,3.9,6.0,30.93,2024-01-01T00:00:00
product_000898,Books & Media,Media Collection 0898,681,8.1,5.2,5.1,15.79,2024-01-01T00:00:00
product_000899,Automotive,Travel Item 0899,8136,13.9,6.4,8.9,102.54,2024-01-01T00:00:00
product_000900,Watches & Gifts,Keepsake Item 0900,393,4.0,3.3,4.6,140.7,2024-01-01T00:00:00
product_000901,Garden & Outdoor,Planting Set 0901,4675,11.0,7.0,9.7,145.38,2024-01-01T00:00:00
product_000902,Fashion,Seasonal Wear 0902,447,5.9,3.9,6.0,217.66,2024-01-01T00:00:00
product_000903,Pet Supplies,Pet Care Item 0903,1164,5.4,3.2,5.4,12.26,2024-01-01T00:00:00
product_000904,Home Goods,Kitchen Item 0904,1554,6.8,5.3,6.3,98.87,2024-01-01T00:00:00
product_000905,Automotive,Travel Item 0905,2720,9.8,4.9,6.5,310.01,2024-01-01T00:00:00
product_000906,Pet Supplies,Pet Activity Item 0906,1222,5.5,5.0,3.3,17.27,2024-01-01T00:00:00
product_000907,Baby Products,Nursery Accessory 0907,1233,8.9,4.6,5.5,27.09,2024-01-01T00:00:00
product_000908,Sports & Outdoors,Fitness Item 0908,4537,9.8,4.5,7.0,168.31,2024-01-01T00:00:00
product_000909,Electronics & Accessories,Audio Item 0909,1524,6.3,3.8,4.9,337.75,2024-01-01T00:00:00
product_000910,Health & Beauty,Wellness Item 0910,279,5.6,3.5,5.6,33.13,2024-01-01T00:00:00
product_000911,Garden & Outdoor,Garden Tool 0911,2521,7.8,5.5,5.5,63.46,2024-01-01T00:00:00
product_000912,Home Goods,Household Tool 0912,4769,9.1,6.7,7.1,32.86,2024-01-01T00:00:00
product_000913,Fashion,Fashion Accessory 0913,132,5.4,3.2,6.2,134.41,2024-01-01T00:00:00
product_000914,Automotive,Travel Item 0914,1846,5.5,5.3,5.0,20.26,2024-01-01T00:00:00
product_000915,Mobile & Telecom,Phone Item 0915,459,7.3,4.3,4.1,98.91,2024-01-01T00:00:00
product_000916,Home Goods,Household Tool 0916,1062,5.6,5.4,4.4,45.6,2024-01-01T00:00:00
product_000917,Electronics & Accessories,Charging Kit 0917,954,5.6,2.3,5.6,91.89,2024-01-01T00:00:00
product_000918,Furniture & Decor,Accent Furniture 0918,5805,10.2,5.6,7.2,109.04,2024-01-01T00:00:00
product_000919,Watches & Gifts,Timepiece 0919,151,7.1,4.3,5.6,47.79,2024-01-01T00:00:00
product_000920,Mobile & Telecom,Phone Item 0920,1201,4.7,3.5,6.5,98.99,2024-01-01T00:00:00
product_000921,Home Goods,Household Tool 0921,3435,10.3,6.7,8.6,43.31,2024-01-01T00:00:00
product_000922,Office Supplies,Writing Kit 0922,541,5.9,4.4,5.1,15.37,2024-01-01T00:00:00
product_000923,Home Goods,Organization Set 0923,1400,6.8,4.4,5.7,46.13,2024-01-01T00:00:00
product_000924,Home Goods,Kitchen Item 0924,1819,5.7,4.3,5.7,60.12,2024-01-01T00:00:00
product_000925,Automotive,Travel Item 0925,3223,8.3,4.7,8.1,107.83,2024-01-01T00:00:00
product_000926,Sports & Outdoors,Outdoor Kit 0926,5338,8.1,5.6,10.6,39.54,2024-01-01T00:00:00
product_000927,Toys & Games,Learning Toy 0927,959,5.2,5.6,3.6,41.01,2024-01-01T00:00:00
product_000928,Health & Beauty,Wellness Item 0928,496,6.3,4.9,3.7,65.19,2024-01-01T00:00:00
product_000929,Watches & Gifts,Keepsake Item 0929,410,6.7,4.3,4.4,38.45,2024-01-01T00:00:00
product_000930,Toys & Games,Learning Toy 0930,398,7.8,5.2,4.2,13.66,2024-01-01T00:00:00
product_000931,Mobile & Telecom,Connectivity Kit 0931,590,6.4,4.0,4.9,103.02,2024-01-01T00:00:00
product_000932,Home & Bedding,Comfort Item 0932,2141,6.5,4.7,6.8,35.77,2024-01-01T00:00:00
product_000933,Garden & Outdoor,Planting Set 0933,4356,9.4,5.1,10.2,89.96,2024-01-01T00:00:00
product_000934,Electronics & Accessories,Audio Item 0934,711,5.5,5.1,4.3,713.68,2024-01-01T00:00:00
product_000935,Watches & Gifts,Keepsake Item 0935,685,6.8,4.4,4.5,32.15,2024-01-01T00:00:00
product_000936,Sports & Outdoors,Training Gear 0936,4379,11.4,5.3,7.3,70.08,2024-01-01T00:00:00
product_000937,Furniture & Decor,Accent Furniture 0937,7151,10.7,7.5,9.5,265.61,2024-01-01T00:00:00
product_000938,Fashion,Everyday Apparel 0938,770,6.5,5.5,5.8,60.17,2024-01-01T00:00:00
product_000939,Office Supplies,Writing Kit 0939,573,7.0,3.2,5.9,30.14,2024-01-01T00:00:00
product_000940,Electronics & Accessories,Device Accessory 0940,984,8.3,3.2,4.4,322.74,2024-01-01T00:00:00
product_000941,Electronics & Accessories,Device Accessory 0941,613,5.8,4.2,5.4,154.44,2024-01-01T00:00:00
product_000942,Home Goods,Household Tool 0942,4131,7.1,5.6,8.9,61.77,2024-01-01T00:00:00
product_000943,Home Goods,Kitchen Item 0943,748,5.8,4.0,3.4,32.34,2024-01-01T00:00:00
product_000944,Books & Media,Reference Book 0944,532,7.5,4.5,5.7,14.99,2024-01-01T00:00:00
product_000945,Furniture & Decor,Decor Item 0945,17089,15.9,8.8,10.5,143.93,2024-01-01T00:00:00
product_000946,Watches & Gifts,Keepsake Item 0946,302,6.1,3.1,3.1,97.13,2024-01-01T00:00:00
product_000947,Toys & Games,Family Game 0947,1204,7.1,3.8,4.9,85.41,2024-01-01T00:00:00
product_000948,Electronics & Accessories,Charging Kit 0948,1930,9.4,4.6,6.8,30.19,2024-01-01T00:00:00
product_000949,Furniture & Decor,Storage Unit 0949,3652,9.2,5.9,7.2,88.05,2024-01-01T00:00:00
product_000950,Home & Bedding,Bedding Set 0950,1374,5.8,2.0,5.5,199.4,2024-01-01T00:00:00
product_000951,Books & Media,Reference Book 0951,302,7.7,3.9,5.8,22.65,2024-01-01T00:00:00
product_000952,Fashion,Fashion Accessory 0952,304,8.1,3.7,3.6,42.91,2024-01-01T00:00:00
product_000953,Sports & Outdoors,Fitness Item 0953,1333,6.6,3.2,4.9,56.7,2024-01-01T00:00:00
product_000954,Fashion,Everyday Apparel 0954,992,8.0,3.9,5.2,78.12,2024-01-01T00:00:00
product_000955,Automotive,Travel Item 0955,1526,7.3,5.7,6.0,251.49,2024-01-01T00:00:00
product_000956,Sports & Outdoors,Training Gear 0956,938,6.4,3.7,4.3,130.86,2024-01-01T00:00:00
product_000957,Furniture & Decor,Storage Unit 0957,17057,13.5,7.2,9.8,193.46,2024-01-01T00:00:00
product_000958,Toys & Games,Learning Toy 0958,1979,7.6,4.0,6.5,73.72,2024-01-01T00:00:00
product_000959,Fashion,Everyday Apparel 0959,643,7.1,4.6,4.2,33.57,2024-01-01T00:00:00
product_000960,Electronics & Accessories,Audio Item 0960,1755,6.0,3.7,4.6,120.11,2024-01-01T00:00:00
product_000961,Electronics & Accessories,Charging Kit 0961,1223,7.5,3.4,6.4,105.52,2024-01-01T00:00:00
product_000962,Home Goods,Kitchen Item 0962,1832,5.7,5.1,6.5,59.92,2024-01-01T00:00:00
product_000963,Toys & Games,Activity Set 0963,530,6.8,3.3,4.6,28.85,2024-01-01T00:00:00
product_000964,Sports & Outdoors,Fitness Item 0964,941,5.3,4.1,4.2,153.32,2024-01-01T00:00:00
product_000965,Home Goods,Kitchen Item 0965,1217,7.6,4.0,5.5,85.76,2024-01-01T00:00:00
product_000966,Home Goods,Household Tool 0966,688,6.7,4.2,5.3,89.16,2024-01-01T00:00:00
product_000967,Garden & Outdoor,Outdoor Accessory 0967,2160,9.4,6.1,5.1,64.58,2024-01-01T00:00:00
product_000968,Garden & Outdoor,Planting Set 0968,7353,11.6,7.3,9.2,28.44,2024-01-01T00:00:00
product_000969,Automotive,Vehicle Accessory 0969,2332,9.0,6.8,7.2,39.36,2024-01-01T00:00:00
product_000970,Automotive,Travel Item 0970,3683,10.9,4.5,9.0,188.59,2024-01-01T00:00:00
product_000971,Watches & Gifts,Keepsake Item 0971,320,7.0,3.9,6.1,109.32,2024-01-01T00:00:00
product_000972,Home Goods,Organization Set 0972,2072,6.9,5.5,7.6,70.24,2024-01-01T00:00:00
product_000973,Automotive,Travel Item 0973,1686,6.5,4.5,6.0,94.04,2024-01-01T00:00:00
product_000974,Home Goods,Kitchen Item 0974,1068,6.6,3.5,3.0,44.21,2024-01-01T00:00:00
product_000975,Home & Bedding,Comfort Item 0975,2344,7.4,4.3,6.6,62.29,2024-01-01T00:00:00
product_000976,Mobile & Telecom,Mobile Accessory 0976,954,6.6,4.3,5.2,220.77,2024-01-01T00:00:00
product_000977,Books & Media,Learning Guide 0977,562,9.2,3.9,4.8,13.99,2024-01-01T00:00:00
product_000978,Furniture & Decor,Accent Furniture 0978,12330,17.4,9.3,10.3,164.97,2024-01-01T00:00:00
product_000979,Garden & Outdoor,Outdoor Accessory 0979,9772,15.2,8.6,11.2,183.79,2024-01-01T00:00:00
product_000980,Watches & Gifts,Timepiece 0980,892,6.5,4.6,3.0,136.88,2024-01-01T00:00:00
product_000981,Fashion,Everyday Apparel 0981,688,7.0,4.8,6.0,99.45,2024-01-01T00:00:00
product_000982,Furniture & Decor,Accent Furniture 0982,7035,13.4,6.4,10.5,203.0,2024-01-01T00:00:00
product_000983,Books & Media,Reference Book 0983,953,6.9,5.1,5.2,23.7,2024-01-01T00:00:00
product_000984,Automotive,Vehicle Accessory 0984,3341,8.8,4.4,6.1,81.25,2024-01-01T00:00:00
product_000985,Home & Bedding,Home Textile 0985,2687,8.9,4.0,8.4,66.56,2024-01-01T00:00:00
product_000986,Automotive,Travel Item 0986,3268,10.1,5.9,9.5,104.96,2024-01-01T00:00:00
product_000987,Automotive,Travel Item 0987,2467,7.8,3.4,7.1,60.36,2024-01-01T00:00:00
product_000988,Watches & Gifts,Gift Set 0988,70,6.3,4.4,5.4,83.99,2024-01-01T00:00:00
product_000989,Garden & Outdoor,Garden Tool 0989,5032,11.0,6.9,8.0,91.67,2024-01-01T00:00:00
product_000990,Watches & Gifts,Gift Set 0990,323,7.0,4.6,5.3,108.28,2024-01-01T00:00:00
product_000991,Health & Beauty,Care Set 0991,152,7.4,5.3,4.3,24.96,2024-01-01T00:00:00
product_000992,Pet Supplies,Feeding Set 0992,1825,7.8,5.3,6.6,45.62,2024-01-01T00:00:00
product_000993,Pet Supplies,Pet Care Item 0993,3591,9.8,4.8,9.0,34.49,2024-01-01T00:00:00
product_000994,Garden & Outdoor,Planting Set 0994,2718,8.1,7.4,5.5,94.55,2024-01-01T00:00:00
product_000995,Books & Media,Reference Book 0995,402,7.5,3.7,5.1,29.9,2024-01-01T00:00:00
product_000996,Automotive,Travel Item 0996,7382,10.9,8.8,9.9,345.57,2024-01-01T00:00:00
product_000997,Books & Media,Reference Book 0997,319,7.0,4.6,7.4,17.14,2024-01-01T00:00:00
product_000998,Electronics & Accessories,Charging Kit 0998,343,5.4,4.0,5.3,135.82,2024-01-01T00:00:00
product_000999,Electronics & Accessories,Charging Kit 0999,666,7.6,4.6,5.9,411.01,2024-01-01T00:00:00
product_001000,Health & Beauty,Daily Essential 1000,431,7.2,3.5,5.6,22.53,2024-01-01T00:00:00
product_001001,Watches & Gifts,Keepsake Item 1001,266,7.0,4.9,3.8,152.17,2024-01-01T00:00:00
product_001002,Books & Media,Media Collection 1002,229,7.7,3.9,5.3,28.6,2024-01-01T00:00:00
product_001003,Fashion,Fashion Accessory 1003,132,5.9,3.8,6.5,21.52,2024-01-01T00:00:00
product_001004,Automotive,Travel Item 1004,2394,7.0,4.4,6.7,147.15,2024-01-01T00:00:00
product_001005,Home & Bedding,Home Textile 1005,588,5.0,4.2,5.8,78.15,2024-01-01T00:00:00
product_001006,Toys & Games,Learning Toy 1006,1464,7.2,5.1,5.0,60.61,2024-01-01T00:00:00
product_001007,Mobile & Telecom,Connectivity Kit 1007,1124,7.1,3.8,3.8,56.48,2024-01-01T00:00:00
product_001008,Automotive,Travel Item 1008,15056,15.8,8.8,11.3,70.45,2024-01-01T00:00:00
product_001009,Office Supplies,Desk Set 1009,624,6.7,3.3,3.7,17.69,2024-01-01T00:00:00
product_001010,Electronics & Accessories,Charging Kit 1010,1761,7.6,3.7,7.6,68.72,2024-01-01T00:00:00
product_001011,Toys & Games,Family Game 1011,1416,7.5,4.2,6.0,76.95,2024-01-01T00:00:00
product_001012,Toys & Games,Family Game 1012,769,8.0,4.5,5.8,58.97,2024-01-01T00:00:00
product_001013,Mobile & Telecom,Phone Item 1013,549,7.0,3.9,4.4,180.74,2024-01-01T00:00:00
product_001014,Watches & Gifts,Gift Set 1014,109,7.6,4.1,6.4,63.5,2024-01-01T00:00:00
product_001015,Furniture & Decor,Decor Item 1015,5454,8.7,4.8,10.3,49.08,2024-01-01T00:00:00
product_001016,Mobile & Telecom,Phone Item 1016,1064,4.5,2.5,5.2,142.49,2024-01-01T00:00:00
product_001017,Mobile & Telecom,Mobile Accessory 1017,2068,7.4,4.5,4.5,38.24,2024-01-01T00:00:00
product_001018,Baby Products,Infant Care Item 1018,839,7.5,3.4,4.6,88.23,2024-01-01T00:00:00
product_001019,Mobile & Telecom,Mobile Accessory 1019,650,7.3,3.6,5.4,117.43,2024-01-01T00:00:00
product_001020,Mobile & Telecom,Mobile Accessory 1020,832,7.3,3.7,5.5,96.72,2024-01-01T00:00:00
product_001021,Home Goods,Household Tool 1021,1360,7.2,4.3,5.0,39.9,2024-01-01T00:00:00
product_001022,Electronics & Accessories,Audio Item 1022,641,6.4,3.2,4.3,117.9,2024-01-01T00:00:00
product_001023,Pet Supplies,Pet Care Item 1023,2032,8.1,5.6,5.3,62.44,2024-01-01T00:00:00
product_001024,Pet Supplies,Pet Care Item 1024,1486,5.5,2.8,6.3,38.15,2024-01-01T00:00:00
product_001025,Electronics & Accessories,Device Accessory 1025,959,6.4,3.5,5.0,177.04,2024-01-01T00:00:00
product_001026,Sports & Outdoors,Training Gear 1026,3891,9.5,4.8,7.4,206.22,2024-01-01T00:00:00
product_001027,Automotive,Maintenance Kit 1027,3441,7.7,6.6,6.3,91.03,2024-01-01T00:00:00
product_001028,Health & Beauty,Wellness Item 1028,300,6.9,4.5,4.1,58.43,2024-01-01T00:00:00
product_001029,Fashion,Fashion Accessory 1029,424,7.7,4.0,4.7,79.4,2024-01-01T00:00:00
product_001030,Automotive,Maintenance Kit 1030,3455,8.9,4.9,5.4,47.54,2024-01-01T00:00:00
product_001031,Home Goods,Household Tool 1031,1008,7.7,4.2,5.0,46.37,2024-01-01T00:00:00
product_001032,Garden & Outdoor,Planting Set 1032,4521,7.6,6.2,10.0,96.35,2024-01-01T00:00:00
product_001033,Electronics & Accessories,Charging Kit 1033,1335,7.4,3.3,6.4,148.02,2024-01-01T00:00:00
product_001034,Fashion,Everyday Apparel 1034,1572,7.1,5.4,4.9,50.6,2024-01-01T00:00:00
product_001035,Watches & Gifts,Keepsake Item 1035,316,7.2,3.9,5.9,48.81,2024-01-01T00:00:00
product_001036,Garden & Outdoor,Planting Set 1036,4815,13.7,6.0,9.9,59.65,2024-01-01T00:00:00
product_001037,Health & Beauty,Wellness Item 1037,467,6.4,4.6,3.4,18.75,2024-01-01T00:00:00
product_001038,Home & Bedding,Bedding Set 1038,837,6.3,4.3,4.8,54.74,2024-01-01T00:00:00
product_001039,Automotive,Vehicle Accessory 1039,2708,8.2,4.2,5.6,237.11,2024-01-01T00:00:00
product_001040,Baby Products,Feeding Item 1040,831,6.2,4.4,3.0,113.48,2024-01-01T00:00:00
product_001041,Home & Bedding,Comfort Item 1041,2132,7.6,3.8,5.5,65.14,2024-01-01T00:00:00
product_001042,Watches & Gifts,Gift Set 1042,442,7.0,3.7,4.3,404.49,2024-01-01T00:00:00
product_001043,Furniture & Decor,Storage Unit 1043,6312,14.8,7.5,9.3,211.19,2024-01-01T00:00:00
product_001044,Sports & Outdoors,Outdoor Kit 1044,1885,5.0,4.2,5.0,86.21,2024-01-01T00:00:00
product_001045,Fashion,Seasonal Wear 1045,387,6.0,3.9,5.9,51.74,2024-01-01T00:00:00
product_001046,Watches & Gifts,Gift Set 1046,147,6.9,3.9,6.2,156.85,2024-01-01T00:00:00
product_001047,Furniture & Decor,Storage Unit 1047,5787,13.4,6.5,10.2,321.43,2024-01-01T00:00:00
product_001048,Home Goods,Household Tool 1048,1158,5.8,3.3,4.6,53.09,2024-01-01T00:00:00
product_001049,Automotive,Vehicle Accessory 1049,2594,8.3,6.3,6.6,58.59,2024-01-01T00:00:00
product_001050,Furniture & Decor,Accent Furniture 1050,8092,10.1,7.4,9.4,400.0,2024-01-01T00:00:00
product_001051,Garden & Outdoor,Planting Set 1051,3145,10.0,6.0,6.9,138.01,2024-01-01T00:00:00
product_001052,Home & Bedding,Comfort Item 1052,1213,7.1,3.6,5.5,49.64,2024-01-01T00:00:00
product_001053,Furniture & Decor,Decor Item 1053,5227,8.8,9.0,9.2,139.48,2024-01-01T00:00:00
product_001054,Office Supplies,Office Organizer 1054,603,5.2,4.7,3.8,25.56,2024-01-01T00:00:00
product_001055,Books & Media,Media Collection 1055,258,5.6,5.3,4.6,22.42,2024-01-01T00:00:00
product_001056,Office Supplies,Writing Kit 1056,1639,5.3,4.5,7.4,23.08,2024-01-01T00:00:00
product_001057,Home Goods,Kitchen Item 1057,1401,7.8,4.6,5.6,85.09,2024-01-01T00:00:00
product_001058,Mobile & Telecom,Mobile Accessory 1058,558,5.9,3.5,5.6,145.62,2024-01-01T00:00:00
product_001059,Pet Supplies,Pet Care Item 1059,3928,10.7,4.4,8.7,32.57,2024-01-01T00:00:00
product_001060,Home Goods,Household Tool 1060,2333,8.2,3.2,5.3,79.5,2024-01-01T00:00:00
product_001061,Furniture & Decor,Accent Furniture 1061,19115,15.8,9.2,15.8,141.55,2024-01-01T00:00:00
product_001062,Automotive,Maintenance Kit 1062,3743,9.9,8.1,6.9,149.38,2024-01-01T00:00:00
product_001063,Watches & Gifts,Gift Set 1063,246,7.8,4.9,6.0,83.49,2024-01-01T00:00:00
product_001064,Furniture & Decor,Decor Item 1064,9848,12.0,6.1,10.3,298.47,2024-01-01T00:00:00
product_001065,Pet Supplies,Pet Care Item 1065,2453,8.0,5.4,6.7,36.49,2024-01-01T00:00:00
product_001066,Automotive,Vehicle Accessory 1066,2360,9.8,4.9,4.3,221.88,2024-01-01T00:00:00
product_001067,Health & Beauty,Wellness Item 1067,439,7.0,3.3,5.4,34.27,2024-01-01T00:00:00
product_001068,Health & Beauty,Wellness Item 1068,216,7.8,4.5,5.1,19.53,2024-01-01T00:00:00
product_001069,Toys & Games,Family Game 1069,1040,6.8,2.7,5.1,180.16,2024-01-01T00:00:00
product_001070,Garden & Outdoor,Outdoor Accessory 1070,2240,9.6,4.3,5.0,88.49,2024-01-01T00:00:00
product_001071,Mobile & Telecom,Phone Item 1071,396,7.3,4.2,5.1,124.15,2024-01-01T00:00:00
product_001072,Watches & Gifts,Keepsake Item 1072,198,6.6,3.5,3.6,45.09,2024-01-01T00:00:00
product_001073,Office Supplies,Writing Kit 1073,1119,5.8,3.8,4.8,41.7,2024-01-01T00:00:00
product_001074,Office Supplies,Office Organizer 1074,732,7.5,4.2,6.7,65.11,2024-01-01T00:00:00
product_001075,Toys & Games,Family Game 1075,1568,7.0,3.2,5.1,54.72,2024-01-01T00:00:00
product_001076,Automotive,Maintenance Kit 1076,1236,6.9,4.4,5.0,136.53,2024-01-01T00:00:00
product_001077,Office Supplies,Office Organizer 1077,1457,7.8,4.4,6.3,31.32,2024-01-01T00:00:00
product_001078,Watches & Gifts,Timepiece 1078,76,5.8,4.4,5.1,53.92,2024-01-01T00:00:00
product_001079,Pet Supplies,Feeding Set 1079,726,8.7,4.1,4.4,33.17,2024-01-01T00:00:00
product_001080,Home & Bedding,Comfort Item 1080,1427,6.0,4.9,6.0,55.1,2024-01-01T00:00:00
product_001081,Books & Media,Learning Guide 1081,231,7.5,4.2,5.3,21.87,2024-01-01T00:00:00
product_001082,Home & Bedding,Comfort Item 1082,5414,12.7,8.2,8.4,91.98,2024-01-01T00:00:00
product_001083,Mobile & Telecom,Mobile Accessory 1083,586,7.1,3.8,3.9,184.88,2024-01-01T00:00:00
product_001084,Automotive,Maintenance Kit 1084,3214,8.1,6.9,6.7,57.17,2024-01-01T00:00:00
product_001085,Office Supplies,Office Organizer 1085,298,7.8,3.9,5.5,25.16,2024-01-01T00:00:00
product_001086,Home & Bedding,Bedding Set 1086,2229,8.4,3.6,5.5,176.21,2024-01-01T00:00:00
product_001087,Books & Media,Learning Guide 1087,554,8.3,5.2,5.3,21.01,2024-01-01T00:00:00
product_001088,Books & Media,Media Collection 1088,412,6.4,4.8,4.9,37.04,2024-01-01T00:00:00
product_001089,Watches & Gifts,Gift Set 1089,538,6.8,5.0,4.2,39.79,2024-01-01T00:00:00
product_001090,Toys & Games,Activity Set 1090,232,6.0,4.9,4.7,40.71,2024-01-01T00:00:00
product_001091,Home & Bedding,Home Textile 1091,1228,6.6,4.3,4.4,72.99,2024-01-01T00:00:00
product_001092,Toys & Games,Activity Set 1092,1290,5.1,2.8,4.9,14.24,2024-01-01T00:00:00
product_001093,Mobile & Telecom,Connectivity Kit 1093,399,6.2,4.5,5.3,51.24,2024-01-01T00:00:00
product_001094,Sports & Outdoors,Fitness Item 1094,2425,6.6,6.4,6.9,50.61,2024-01-01T00:00:00
product_001095,Garden & Outdoor,Planting Set 1095,4082,9.3,6.6,7.5,80.06,2024-01-01T00:00:00
product_001096,Home & Bedding,Home Textile 1096,6635,11.8,8.5,8.6,53.86,2024-01-01T00:00:00
product_001097,Baby Products,Infant Care Item 1097,629,5.5,4.3,4.8,72.15,2024-01-01T00:00:00
product_001098,Fashion,Everyday Apparel 1098,167,7.9,3.5,3.9,97.83,2024-01-01T00:00:00
product_001099,Furniture & Decor,Storage Unit 1099,4235,11.2,6.6,9.5,376.54,2024-01-01T00:00:00
product_001100,Baby Products,Infant Care Item 1100,1209,5.2,4.8,5.3,68.23,2024-01-01T00:00:00
product_001101,Automotive,Travel Item 1101,1760,7.5,4.9,5.7,47.67,2024-01-01T00:00:00
product_001102,Garden & Outdoor,Outdoor Accessory 1102,10278,15.2,8.7,11.1,40.64,2024-01-01T00:00:00
product_001103,Mobile & Telecom,Mobile Accessory 1103,1377,7.0,4.3,3.0,31.12,2024-01-01T00:00:00
product_001104,Garden & Outdoor,Outdoor Accessory 1104,3312,8.7,5.3,6.8,124.48,2024-01-01T00:00:00
product_001105,Sports & Outdoors,Fitness Item 1105,996,8.3,4.7,5.9,69.3,2024-01-01T00:00:00
product_001106,Automotive,Travel Item 1106,8819,12.5,8.6,8.0,32.68,2024-01-01T00:00:00
product_001107,Home Goods,Organization Set 1107,5706,11.5,7.2,8.3,81.67,2024-01-01T00:00:00
product_001108,Garden & Outdoor,Garden Tool 1108,6966,14.0,6.0,10.5,41.54,2024-01-01T00:00:00
product_001109,Office Supplies,Desk Set 1109,874,6.3,4.3,5.2,15.65,2024-01-01T00:00:00
product_001110,Furniture & Decor,Storage Unit 1110,4562,10.1,6.4,7.6,184.88,2024-01-01T00:00:00
product_001111,Pet Supplies,Feeding Set 1111,2005,5.5,3.6,5.4,12.33,2024-01-01T00:00:00
product_001112,Mobile & Telecom,Phone Item 1112,636,7.8,3.9,5.7,170.12,2024-01-01T00:00:00
product_001113,Mobile & Telecom,Connectivity Kit 1113,173,4.1,4.7,5.7,188.37,2024-01-01T00:00:00
product_001114,Watches & Gifts,Keepsake Item 1114,868,4.3,2.7,6.2,133.27,2024-01-01T00:00:00
product_001115,Furniture & Decor,Accent Furniture 1115,2125,8.1,4.7,4.6,219.28,2024-01-01T00:00:00
product_001116,Watches & Gifts,Timepiece 1116,109,6.2,3.6,6.5,594.6,2024-01-01T00:00:00
product_001117,Office Supplies,Desk Set 1117,372,6.3,4.3,4.6,79.76,2024-01-01T00:00:00
product_001118,Office Supplies,Office Organizer 1118,369,5.1,4.4,3.9,56.18,2024-01-01T00:00:00
product_001119,Mobile & Telecom,Connectivity Kit 1119,1088,5.9,3.8,5.1,213.87,2024-01-01T00:00:00
product_001120,Books & Media,Reference Book 1120,160,7.0,5.0,5.7,26.56,2024-01-01T00:00:00
product_001121,Garden & Outdoor,Planting Set 1121,1200,6.9,4.4,4.9,69.36,2024-01-01T00:00:00
product_001122,Toys & Games,Learning Toy 1122,274,4.7,2.8,5.3,83.35,2024-01-01T00:00:00
product_001123,Home & Bedding,Home Textile 1123,570,6.8,3.6,4.6,145.44,2024-01-01T00:00:00
product_001124,Automotive,Maintenance Kit 1124,4941,8.9,6.0,6.4,192.11,2024-01-01T00:00:00
product_001125,Fashion,Seasonal Wear 1125,212,7.9,5.2,6.4,46.13,2024-01-01T00:00:00
product_001126,Sports & Outdoors,Fitness Item 1126,2324,9.4,5.7,5.4,33.7,2024-01-01T00:00:00
product_001127,Mobile & Telecom,Connectivity Kit 1127,1105,6.8,5.6,5.4,96.84,2024-01-01T00:00:00
product_001128,Home & Bedding,Comfort Item 1128,2222,5.5,6.4,7.2,44.19,2024-01-01T00:00:00
product_001129,Fashion,Fashion Accessory 1129,496,5.1,3.4,4.2,58.47,2024-01-01T00:00:00
product_001130,Sports & Outdoors,Fitness Item 1130,1696,8.1,4.9,4.9,67.27,2024-01-01T00:00:00
product_001131,Electronics & Accessories,Audio Item 1131,663,5.8,4.3,5.8,154.2,2024-01-01T00:00:00
product_001132,Home & Bedding,Home Textile 1132,1396,5.9,3.6,5.0,49.36,2024-01-01T00:00:00
product_001133,Garden & Outdoor,Outdoor Accessory 1133,3219,8.6,7.0,6.4,71.12,2024-01-01T00:00:00
product_001134,Electronics & Accessories,Charging Kit 1134,1043,6.0,4.8,4.6,170.51,2024-01-01T00:00:00
product_001135,Pet Supplies,Pet Care Item 1135,1174,5.7,4.8,6.2,16.19,2024-01-01T00:00:00
product_001136,Toys & Games,Activity Set 1136,577,5.7,4.8,4.1,48.51,2024-01-01T00:00:00
product_001137,Fashion,Everyday Apparel 1137,205,5.4,3.4,6.0,56.8,2024-01-01T00:00:00
product_001138,Home Goods,Kitchen Item 1138,2175,7.4,2.9,6.0,69.15,2024-01-01T00:00:00
product_001139,Health & Beauty,Daily Essential 1139,426,4.6,5.4,4.2,22.38,2024-01-01T00:00:00
product_001140,Furniture & Decor,Accent Furniture 1140,7333,9.7,6.8,10.1,182.56,2024-01-01T00:00:00
product_001141,Electronics & Accessories,Device Accessory 1141,904,6.1,3.4,4.9,71.1,2024-01-01T00:00:00
product_001142,Pet Supplies,Pet Activity Item 1142,1209,6.5,3.5,5.0,62.61,2024-01-01T00:00:00
product_001143,Office Supplies,Writing Kit 1143,674,5.4,4.1,5.4,25.45,2024-01-01T00:00:00
product_001144,Toys & Games,Activity Set 1144,1693,8.1,5.2,6.4,62.69,2024-01-01T00:00:00
product_001145,Toys & Games,Activity Set 1145,1895,7.7,6.3,7.3,47.8,2024-01-01T00:00:00
product_001146,Health & Beauty,Daily Essential 1146,408,5.3,4.0,4.1,17.21,2024-01-01T00:00:00
product_001147,Baby Products,Feeding Item 1147,974,6.6,4.4,6.1,13.35,2024-01-01T00:00:00
product_001148,Office Supplies,Writing Kit 1148,610,6.2,2.8,4.6,17.86,2024-01-01T00:00:00
product_001149,Furniture & Decor,Storage Unit 1149,11749,15.7,5.8,12.3,69.87,2024-01-01T00:00:00
product_001150,Home & Bedding,Bedding Set 1150,3804,10.9,4.8,9.5,41.96,2024-01-01T00:00:00
product_001151,Sports & Outdoors,Training Gear 1151,2249,5.6,4.6,5.0,58.02,2024-01-01T00:00:00
product_001152,Sports & Outdoors,Outdoor Kit 1152,2436,8.0,5.3,7.1,21.11,2024-01-01T00:00:00
product_001153,Books & Media,Media Collection 1153,881,7.2,3.1,3.3,23.87,2024-01-01T00:00:00
product_001154,Watches & Gifts,Gift Set 1154,204,7.0,4.6,6.3,94.29,2024-01-01T00:00:00
product_001155,Mobile & Telecom,Mobile Accessory 1155,1152,5.3,5.6,5.7,21.01,2024-01-01T00:00:00
product_001156,Home & Bedding,Home Textile 1156,3967,6.6,5.6,7.6,173.98,2024-01-01T00:00:00
product_001157,Baby Products,Infant Care Item 1157,866,7.0,4.1,4.7,102.12,2024-01-01T00:00:00
product_001158,Books & Media,Reference Book 1158,558,6.4,4.8,5.5,23.77,2024-01-01T00:00:00
product_001159,Books & Media,Media Collection 1159,187,6.8,4.1,4.7,25.27,2024-01-01T00:00:00
product_001160,Health & Beauty,Care Set 1160,362,5.2,4.7,5.0,33.76,2024-01-01T00:00:00
product_001161,Health & Beauty,Care Set 1161,1126,5.2,4.5,5.0,31.17,2024-01-01T00:00:00
product_001162,Health & Beauty,Wellness Item 1162,729,4.3,3.3,5.2,29.55,2024-01-01T00:00:00
product_001163,Home Goods,Kitchen Item 1163,3686,7.3,4.9,7.4,101.48,2024-01-01T00:00:00
product_001164,Mobile & Telecom,Connectivity Kit 1164,854,8.5,4.0,4.4,100.86,2024-01-01T00:00:00
product_001165,Office Supplies,Office Organizer 1165,299,5.7,3.8,5.5,16.6,2024-01-01T00:00:00
product_001166,Pet Supplies,Feeding Set 1166,840,4.9,4.7,4.0,41.03,2024-01-01T00:00:00
product_001167,Watches & Gifts,Keepsake Item 1167,135,6.9,3.8,5.4,81.16,2024-01-01T00:00:00
product_001168,Office Supplies,Desk Set 1168,694,5.9,3.2,4.3,82.0,2024-01-01T00:00:00
product_001169,Watches & Gifts,Keepsake Item 1169,201,5.4,3.8,5.2,177.5,2024-01-01T00:00:00
product_001170,Pet Supplies,Pet Activity Item 1170,1301,8.2,3.8,4.4,27.31,2024-01-01T00:00:00
product_001171,Home & Bedding,Bedding Set 1171,1323,4.6,4.8,6.1,36.89,2024-01-01T00:00:00
product_001172,Garden & Outdoor,Outdoor Accessory 1172,6514,13.2,6.8,9.8,200.05,2024-01-01T00:00:00
product_001173,Toys & Games,Family Game 1173,519,4.1,4.4,5.9,20.35,2024-01-01T00:00:00
product_001174,Electronics & Accessories,Audio Item 1174,867,6.0,4.5,5.4,135.79,2024-01-01T00:00:00
product_001175,Sports & Outdoors,Outdoor Kit 1175,1381,6.9,3.9,6.1,62.34,2024-01-01T00:00:00
product_001176,Fashion,Fashion Accessory 1176,320,7.7,5.0,7.0,41.45,2024-01-01T00:00:00
product_001177,Office Supplies,Writing Kit 1177,314,6.7,4.7,5.3,16.73,2024-01-01T00:00:00
product_001178,Automotive,Maintenance Kit 1178,3762,9.7,3.7,8.3,131.86,2024-01-01T00:00:00
product_001179,Electronics & Accessories,Device Accessory 1179,749,4.8,4.7,4.1,228.59,2024-01-01T00:00:00
product_001180,Sports & Outdoors,Training Gear 1180,2363,5.8,4.8,5.2,79.05,2024-01-01T00:00:00
product_001181,Office Supplies,Writing Kit 1181,686,6.8,4.0,4.5,44.3,2024-01-01T00:00:00
product_001182,Home & Bedding,Home Textile 1182,5144,10.9,5.8,9.5,49.65,2024-01-01T00:00:00
product_001183,Health & Beauty,Wellness Item 1183,823,8.0,3.3,5.6,43.63,2024-01-01T00:00:00
product_001184,Furniture & Decor,Decor Item 1184,13161,12.9,8.8,12.0,217.19,2024-01-01T00:00:00
product_001185,Furniture & Decor,Decor Item 1185,3235,7.2,5.5,7.1,67.61,2024-01-01T00:00:00
product_001186,Garden & Outdoor,Outdoor Accessory 1186,4559,10.4,6.9,9.0,146.65,2024-01-01T00:00:00
product_001187,Baby Products,Feeding Item 1187,1120,6.4,2.9,5.2,52.19,2024-01-01T00:00:00
product_001188,Office Supplies,Office Organizer 1188,378,5.9,3.3,4.5,27.14,2024-01-01T00:00:00
product_001189,Office Supplies,Office Organizer 1189,514,4.5,4.9,4.1,80.13,2024-01-01T00:00:00
product_001190,Mobile & Telecom,Phone Item 1190,390,5.6,4.8,6.5,296.55,2024-01-01T00:00:00
product_001191,Automotive,Travel Item 1191,4937,13.8,5.8,9.0,57.89,2024-01-01T00:00:00
product_001192,Mobile & Telecom,Phone Item 1192,498,5.8,5.0,6.1,92.71,2024-01-01T00:00:00
product_001193,Furniture & Decor,Storage Unit 1193,10653,18.3,5.0,12.3,405.51,2024-01-01T00:00:00
product_001194,Books & Media,Learning Guide 1194,267,6.9,3.7,5.4,22.55,2024-01-01T00:00:00
product_001195,Mobile & Telecom,Connectivity Kit 1195,433,7.7,4.4,4.8,163.57,2024-01-01T00:00:00
product_001196,Home & Bedding,Bedding Set 1196,966,7.1,2.8,3.4,111.08,2024-01-01T00:00:00
product_001197,Home Goods,Kitchen Item 1197,5697,13.1,5.9,8.5,107.45,2024-01-01T00:00:00
product_001198,Watches & Gifts,Keepsake Item 1198,184,6.3,4.6,4.0,52.05,2024-01-01T00:00:00
product_001199,Garden & Outdoor,Planting Set 1199,8082,12.5,6.6,11.5,23.39,2024-01-01T00:00:00
product_001200,Furniture & Decor,Storage Unit 1200,21158,18.0,8.7,8.4,93.75,2024-01-01T00:00:00
product_001201,Pet Supplies,Pet Activity Item 1201,1401,7.4,4.2,5.7,66.89,2024-01-01T00:00:00
product_001202,Pet Supplies,Feeding Set 1202,1018,7.1,3.9,5.1,37.29,2024-01-01T00:00:00
product_001203,Sports & Outdoors,Outdoor Kit 1203,3242,11.0,6.7,6.3,45.3,2024-01-01T00:00:00
product_001204,Office Supplies,Office Organizer 1204,293,6.1,4.5,4.3,47.93,2024-01-01T00:00:00
product_001205,Furniture & Decor,Accent Furniture 1205,12382,16.8,7.3,8.8,174.98,2024-01-01T00:00:00
product_001206,Mobile & Telecom,Phone Item 1206,658,7.5,3.9,5.2,257.47,2024-01-01T00:00:00
product_001207,Electronics & Accessories,Audio Item 1207,1526,10.4,5.6,4.7,71.76,2024-01-01T00:00:00
product_001208,Home & Bedding,Home Textile 1208,3175,10.1,7.6,8.3,109.58,2024-01-01T00:00:00
product_001209,Home Goods,Household Tool 1209,3876,7.7,5.5,8.1,52.35,2024-01-01T00:00:00
product_001210,Home & Bedding,Comfort Item 1210,649,7.6,3.9,4.4,76.79,2024-01-01T00:00:00
product_001211,Electronics & Accessories,Audio Item 1211,1693,7.0,4.5,5.9,74.59,2024-01-01T00:00:00
product_001212,Home Goods,Household Tool 1212,1302,6.2,5.3,3.8,18.33,2024-01-01T00:00:00
product_001213,Toys & Games,Family Game 1213,433,6.0,4.9,3.6,29.43,2024-01-01T00:00:00
product_001214,Home Goods,Organization Set 1214,2228,8.9,3.9,7.8,28.0,2024-01-01T00:00:00
product_001215,Office Supplies,Desk Set 1215,1151,7.1,2.9,4.9,8.91,2024-01-01T00:00:00
product_001216,Pet Supplies,Pet Care Item 1216,1183,6.4,3.9,4.5,24.13,2024-01-01T00:00:00
product_001217,Books & Media,Reference Book 1217,917,7.3,5.4,5.5,26.63,2024-01-01T00:00:00
product_001218,Fashion,Seasonal Wear 1218,566,6.4,2.6,5.0,16.27,2024-01-01T00:00:00
product_001219,Garden & Outdoor,Garden Tool 1219,11476,16.0,10.0,12.3,45.93,2024-01-01T00:00:00
product_001220,Books & Media,Media Collection 1220,152,7.4,4.0,4.2,23.93,2024-01-01T00:00:00
product_001221,Mobile & Telecom,Connectivity Kit 1221,314,6.3,4.3,5.8,193.73,2024-01-01T00:00:00
product_001222,Fashion,Fashion Accessory 1222,220,5.4,3.6,6.2,58.77,2024-01-01T00:00:00
product_001223,Electronics & Accessories,Audio Item 1223,1097,5.4,5.2,6.2,181.7,2024-01-01T00:00:00
product_001224,Pet Supplies,Pet Care Item 1224,1048,5.9,4.6,4.3,105.87,2024-01-01T00:00:00
product_001225,Pet Supplies,Pet Activity Item 1225,2526,9.0,7.0,5.4,85.23,2024-01-01T00:00:00
product_001226,Toys & Games,Learning Toy 1226,560,6.4,3.3,4.6,37.97,2024-01-01T00:00:00
product_001227,Mobile & Telecom,Mobile Accessory 1227,533,4.0,4.2,5.8,193.15,2024-01-01T00:00:00
product_001228,Sports & Outdoors,Training Gear 1228,2648,7.6,5.7,6.6,53.13,2024-01-01T00:00:00
product_001229,Baby Products,Infant Care Item 1229,602,7.6,3.8,5.9,47.37,2024-01-01T00:00:00
product_001230,Pet Supplies,Feeding Set 1230,1543,6.4,4.4,6.3,47.38,2024-01-01T00:00:00
product_001231,Mobile & Telecom,Phone Item 1231,698,6.7,4.7,6.3,58.18,2024-01-01T00:00:00
product_001232,Sports & Outdoors,Outdoor Kit 1232,4355,11.4,7.1,8.3,39.17,2024-01-01T00:00:00
product_001233,Pet Supplies,Feeding Set 1233,606,7.4,4.5,4.0,28.44,2024-01-01T00:00:00
product_001234,Home & Bedding,Comfort Item 1234,1678,7.7,4.4,6.4,64.23,2024-01-01T00:00:00
product_001235,Mobile & Telecom,Connectivity Kit 1235,313,5.9,3.4,4.7,136.71,2024-01-01T00:00:00
product_001236,Health & Beauty,Care Set 1236,124,7.1,3.4,5.4,23.91,2024-01-01T00:00:00
product_001237,Books & Media,Learning Guide 1237,171,6.8,5.2,5.4,37.52,2024-01-01T00:00:00
product_001238,Office Supplies,Writing Kit 1238,1199,6.7,4.2,5.6,8.66,2024-01-01T00:00:00
product_001239,Furniture & Decor,Storage Unit 1239,5914,10.1,6.6,9.3,295.37,2024-01-01T00:00:00
product_001240,Health & Beauty,Care Set 1240,490,7.4,4.5,4.2,23.67,2024-01-01T00:00:00
product_001241,Health & Beauty,Care Set 1241,357,6.2,4.9,4.3,37.97,2024-01-01T00:00:00
product_001242,Pet Supplies,Pet Care Item 1242,1685,9.0,4.8,6.0,27.78,2024-01-01T00:00:00
product_001243,Books & Media,Reference Book 1243,276,5.4,4.1,5.8,16.93,2024-01-01T00:00:00
product_001244,Watches & Gifts,Timepiece 1244,141,6.7,3.8,4.4,148.55,2024-01-01T00:00:00
product_001245,Mobile & Telecom,Mobile Accessory 1245,524,8.1,3.6,4.5,87.12,2024-01-01T00:00:00
product_001246,Furniture & Decor,Decor Item 1246,10404,12.8,7.4,12.4,91.08,2024-01-01T00:00:00
product_001247,Automotive,Maintenance Kit 1247,8464,10.4,8.8,9.3,63.67,2024-01-01T00:00:00
product_001248,Watches & Gifts,Timepiece 1248,473,5.6,5.2,5.5,88.5,2024-01-01T00:00:00
product_001249,Home & Bedding,Home Textile 1249,1218,8.0,4.8,4.4,43.41,2024-01-01T00:00:00
product_001250,Home Goods,Kitchen Item 1250,2258,9.0,5.9,7.6,60.68,2024-01-01T00:00:00
product_001251,Pet Supplies,Feeding Set 1251,2168,7.3,3.9,6.3,32.6,2024-01-01T00:00:00
product_001252,Fashion,Fashion Accessory 1252,562,6.7,3.2,5.1,22.27,2024-01-01T00:00:00
product_001253,Mobile & Telecom,Phone Item 1253,1081,7.1,3.8,5.8,153.35,2024-01-01T00:00:00
product_001254,Mobile & Telecom,Phone Item 1254,204,6.0,3.3,5.7,133.16,2024-01-01T00:00:00
product_001255,Pet Supplies,Feeding Set 1255,2452,9.3,4.2,7.7,49.68,2024-01-01T00:00:00
product_001256,Home Goods,Kitchen Item 1256,1331,8.4,4.5,4.2,282.01,2024-01-01T00:00:00
product_001257,Home Goods,Organization Set 1257,2856,6.7,3.8,6.4,43.79,2024-01-01T00:00:00
product_001258,Toys & Games,Learning Toy 1258,967,6.9,4.2,6.0,38.28,2024-01-01T00:00:00
product_001259,Mobile & Telecom,Connectivity Kit 1259,543,6.4,3.1,5.1,181.01,2024-01-01T00:00:00
product_001260,Sports & Outdoors,Training Gear 1260,2957,9.3,4.0,6.8,79.37,2024-01-01T00:00:00
product_001261,Sports & Outdoors,Outdoor Kit 1261,3623,12.2,5.8,7.4,50.09,2024-01-01T00:00:00
product_001262,Watches & Gifts,Keepsake Item 1262,342,4.5,5.4,4.9,93.8,2024-01-01T00:00:00
product_001263,Baby Products,Nursery Accessory 1263,2029,7.1,6.1,5.9,68.78,2024-01-01T00:00:00
product_001264,Sports & Outdoors,Fitness Item 1264,1898,9.3,3.2,6.4,27.46,2024-01-01T00:00:00
product_001265,Baby Products,Nursery Accessory 1265,925,6.5,3.7,4.5,162.45,2024-01-01T00:00:00
product_001266,Toys & Games,Family Game 1266,573,5.2,3.4,6.0,32.35,2024-01-01T00:00:00
product_001267,Watches & Gifts,Timepiece 1267,238,5.0,3.3,4.7,34.22,2024-01-01T00:00:00
product_001268,Fashion,Seasonal Wear 1268,1119,5.7,4.0,4.9,17.37,2024-01-01T00:00:00
product_001269,Electronics & Accessories,Audio Item 1269,553,4.9,4.5,4.8,47.02,2024-01-01T00:00:00
product_001270,Electronics & Accessories,Charging Kit 1270,788,5.2,3.7,5.0,218.75,2024-01-01T00:00:00
product_001271,Furniture & Decor,Storage Unit 1271,5404,12.4,8.5,9.5,131.77,2024-01-01T00:00:00
product_001272,Health & Beauty,Care Set 1272,216,6.2,3.9,6.3,33.2,2024-01-01T00:00:00
product_001273,Books & Media,Media Collection 1273,304,7.5,5.0,3.2,29.72,2024-01-01T00:00:00
product_001274,Automotive,Maintenance Kit 1274,5081,10.7,6.6,6.4,143.58,2024-01-01T00:00:00
product_001275,Home & Bedding,Bedding Set 1275,1504,5.1,4.2,6.1,105.58,2024-01-01T00:00:00
product_001276,Office Supplies,Desk Set 1276,1107,7.1,4.3,4.6,31.51,2024-01-01T00:00:00
product_001277,Pet Supplies,Pet Activity Item 1277,1706,8.1,5.0,6.2,89.6,2024-01-01T00:00:00
product_001278,Health & Beauty,Wellness Item 1278,261,5.6,3.3,4.2,33.2,2024-01-01T00:00:00
product_001279,Home Goods,Household Tool 1279,1298,4.6,3.8,5.1,110.38,2024-01-01T00:00:00
product_001280,Electronics & Accessories,Device Accessory 1280,1945,7.6,3.7,7.9,180.14,2024-01-01T00:00:00
product_001281,Office Supplies,Writing Kit 1281,695,8.0,3.6,3.9,36.63,2024-01-01T00:00:00
product_001282,Watches & Gifts,Keepsake Item 1282,238,6.0,3.3,4.7,41.23,2024-01-01T00:00:00
product_001283,Automotive,Travel Item 1283,3655,8.1,6.2,8.1,215.6,2024-01-01T00:00:00
product_001284,Automotive,Vehicle Accessory 1284,3340,9.9,5.3,6.6,155.66,2024-01-01T00:00:00
product_001285,Mobile & Telecom,Mobile Accessory 1285,325,8.4,4.4,5.9,227.87,2024-01-01T00:00:00
product_001286,Electronics & Accessories,Charging Kit 1286,617,5.4,4.9,4.6,71.71,2024-01-01T00:00:00
product_001287,Pet Supplies,Pet Care Item 1287,1437,7.8,5.2,5.1,57.7,2024-01-01T00:00:00
product_001288,Automotive,Travel Item 1288,2360,8.9,6.0,5.1,68.65,2024-01-01T00:00:00
product_001289,Health & Beauty,Care Set 1289,165,6.5,3.2,5.7,24.96,2024-01-01T00:00:00
product_001290,Sports & Outdoors,Outdoor Kit 1290,7134,9.5,6.7,10.9,47.67,2024-01-01T00:00:00
product_001291,Watches & Gifts,Gift Set 1291,216,5.7,4.2,4.4,74.14,2024-01-01T00:00:00
product_001292,Mobile & Telecom,Mobile Accessory 1292,652,6.9,3.9,4.1,67.74,2024-01-01T00:00:00
product_001293,Watches & Gifts,Timepiece 1293,110,6.3,5.5,4.7,120.42,2024-01-01T00:00:00
product_001294,Office Supplies,Writing Kit 1294,1425,7.4,3.9,5.3,39.5,2024-01-01T00:00:00
product_001295,Watches & Gifts,Gift Set 1295,255,5.6,3.9,5.5,163.54,2024-01-01T00:00:00
product_001296,Garden & Outdoor,Planting Set 1296,4105,13.4,5.7,7.7,32.41,2024-01-01T00:00:00
product_001297,Office Supplies,Desk Set 1297,2265,7.0,5.3,5.7,36.97,2024-01-01T00:00:00
product_001298,Health & Beauty,Daily Essential 1298,706,7.7,3.0,5.0,52.58,2024-01-01T00:00:00
product_001299,Health & Beauty,Care Set 1299,203,8.2,4.1,6.0,25.46,2024-01-01T00:00:00
product_001300,Mobile & Telecom,Mobile Accessory 1300,692,6.7,4.3,4.4,80.09,2024-01-01T00:00:00
product_001301,Books & Media,Media Collection 1301,428,6.0,5.0,5.5,32.02,2024-01-01T00:00:00
product_001302,Mobile & Telecom,Phone Item 1302,466,6.5,4.6,5.6,32.14,2024-01-01T00:00:00
product_001303,Electronics & Accessories,Charging Kit 1303,1000,5.7,3.1,5.0,132.05,2024-01-01T00:00:00
product_001304,Books & Media,Reference Book 1304,208,5.6,4.9,4.8,21.51,2024-01-01T00:00:00
product_001305,Sports & Outdoors,Training Gear 1305,3363,7.7,5.7,8.7,326.52,2024-01-01T00:00:00
product_001306,Watches & Gifts,Keepsake Item 1306,240,5.0,3.8,5.1,83.58,2024-01-01T00:00:00
product_001307,Pet Supplies,Feeding Set 1307,2161,6.2,4.9,6.0,31.73,2024-01-01T00:00:00
product_001308,Office Supplies,Writing Kit 1308,1005,4.6,2.8,4.9,14.81,2024-01-01T00:00:00
product_001309,Garden & Outdoor,Outdoor Accessory 1309,5522,11.5,8.7,10.0,88.88,2024-01-01T00:00:00
product_001310,Pet Supplies,Feeding Set 1310,1430,4.8,3.9,5.0,94.0,2024-01-01T00:00:00
product_001311,Sports & Outdoors,Outdoor Kit 1311,5611,8.7,6.0,6.4,202.51,2024-01-01T00:00:00
product_001312,Automotive,Travel Item 1312,5210,10.8,6.5,8.3,68.6,2024-01-01T00:00:00
product_001313,Fashion,Everyday Apparel 1313,375,6.0,3.7,5.4,63.87,2024-01-01T00:00:00
product_001314,Baby Products,Infant Care Item 1314,271,4.5,5.6,5.3,33.5,2024-01-01T00:00:00
product_001315,Books & Media,Reference Book 1315,602,6.0,3.7,4.7,13.99,2024-01-01T00:00:00
product_001316,Home & Bedding,Home Textile 1316,427,7.2,4.2,4.5,87.0,2024-01-01T00:00:00
product_001317,Watches & Gifts,Gift Set 1317,389,6.2,4.6,6.0,138.84,2024-01-01T00:00:00
product_001318,Home & Bedding,Bedding Set 1318,1049,7.0,3.7,5.6,38.67,2024-01-01T00:00:00
product_001319,Health & Beauty,Care Set 1319,500,5.5,4.1,4.8,19.48,2024-01-01T00:00:00
product_001320,Sports & Outdoors,Fitness Item 1320,3284,9.9,6.9,6.8,96.15,2024-01-01T00:00:00
product_001321,Furniture & Decor,Decor Item 1321,9292,8.9,6.8,11.7,571.06,2024-01-01T00:00:00
product_001322,Books & Media,Learning Guide 1322,184,6.5,3.4,5.4,22.64,2024-01-01T00:00:00
product_001323,Office Supplies,Desk Set 1323,834,7.0,4.5,5.2,23.48,2024-01-01T00:00:00
product_001324,Toys & Games,Learning Toy 1324,531,6.9,3.4,3.8,66.32,2024-01-01T00:00:00
product_001325,Pet Supplies,Feeding Set 1325,3430,7.0,6.6,5.9,55.71,2024-01-01T00:00:00
product_001326,Health & Beauty,Wellness Item 1326,238,6.5,2.8,4.8,18.99,2024-01-01T00:00:00
product_001327,Mobile & Telecom,Mobile Accessory 1327,450,6.6,5.0,3.7,234.92,2024-01-01T00:00:00
product_001328,Books & Media,Media Collection 1328,365,5.2,4.3,3.0,21.28,2024-01-01T00:00:00
product_001329,Garden & Outdoor,Outdoor Accessory 1329,3529,11.0,7.5,6.9,103.3,2024-01-01T00:00:00
product_001330,Fashion,Fashion Accessory 1330,444,5.5,3.3,4.3,77.74,2024-01-01T00:00:00
product_001331,Furniture & Decor,Storage Unit 1331,9055,14.7,6.7,10.7,106.54,2024-01-01T00:00:00
product_001332,Fashion,Everyday Apparel 1332,989,6.7,4.6,4.4,113.0,2024-01-01T00:00:00
product_001333,Automotive,Travel Item 1333,5326,8.8,6.0,8.7,87.16,2024-01-01T00:00:00
product_001334,Pet Supplies,Feeding Set 1334,2356,7.9,6.5,5.8,32.68,2024-01-01T00:00:00
product_001335,Sports & Outdoors,Training Gear 1335,1501,8.1,5.3,4.1,48.24,2024-01-01T00:00:00
product_001336,Toys & Games,Family Game 1336,210,7.4,3.9,4.1,58.5,2024-01-01T00:00:00
product_001337,Health & Beauty,Care Set 1337,281,5.1,4.4,4.0,31.49,2024-01-01T00:00:00
product_001338,Sports & Outdoors,Training Gear 1338,4275,10.4,6.9,7.8,99.13,2024-01-01T00:00:00
product_001339,Office Supplies,Office Organizer 1339,1093,6.2,4.4,3.0,52.96,2024-01-01T00:00:00
product_001340,Books & Media,Learning Guide 1340,294,7.6,4.9,5.5,39.54,2024-01-01T00:00:00
product_001341,Garden & Outdoor,Planting Set 1341,2631,11.4,4.8,6.9,68.1,2024-01-01T00:00:00
product_001342,Home & Bedding,Bedding Set 1342,2334,8.0,4.2,5.7,97.84,2024-01-01T00:00:00
product_001343,Toys & Games,Activity Set 1343,1185,6.3,5.3,4.9,34.21,2024-01-01T00:00:00
product_001344,Toys & Games,Learning Toy 1344,423,5.3,4.9,3.1,32.03,2024-01-01T00:00:00
product_001345,Garden & Outdoor,Garden Tool 1345,3380,10.6,5.6,7.0,84.06,2024-01-01T00:00:00
product_001346,Furniture & Decor,Decor Item 1346,4062,9.8,7.6,6.8,161.63,2024-01-01T00:00:00
product_001347,Mobile & Telecom,Mobile Accessory 1347,481,5.7,3.6,4.9,124.39,2024-01-01T00:00:00
product_001348,Garden & Outdoor,Outdoor Accessory 1348,3939,6.8,8.4,6.3,142.94,2024-01-01T00:00:00
product_001349,Sports & Outdoors,Training Gear 1349,2239,7.8,3.9,7.1,147.69,2024-01-01T00:00:00
product_001350,Sports & Outdoors,Training Gear 1350,2608,8.7,5.1,6.0,218.76,2024-01-01T00:00:00
product_001351,Automotive,Travel Item 1351,1826,5.5,3.9,5.7,19.64,2024-01-01T00:00:00
product_001352,Fashion,Everyday Apparel 1352,531,8.9,3.9,4.9,52.42,2024-01-01T00:00:00
product_001353,Office Supplies,Desk Set 1353,355,5.5,3.0,4.5,41.58,2024-01-01T00:00:00
product_001354,Home Goods,Organization Set 1354,5066,9.0,6.1,7.1,114.33,2024-01-01T00:00:00
product_001355,Pet Supplies,Feeding Set 1355,3036,8.5,6.3,3.7,45.86,2024-01-01T00:00:00
product_001356,Electronics & Accessories,Audio Item 1356,1697,7.0,5.9,5.1,70.6,2024-01-01T00:00:00
product_001357,Watches & Gifts,Keepsake Item 1357,272,4.4,4.3,5.8,48.21,2024-01-01T00:00:00
product_001358,Garden & Outdoor,Planting Set 1358,1068,7.5,3.6,4.9,29.97,2024-01-01T00:00:00
product_001359,Furniture & Decor,Accent Furniture 1359,4326,11.1,4.2,7.7,403.09,2024-01-01T00:00:00
product_001360,Furniture & Decor,Decor Item 1360,6381,13.4,6.4,6.8,279.2,2024-01-01T00:00:00
product_001361,Health & Beauty,Care Set 1361,618,7.5,5.7,4.3,26.14,2024-01-01T00:00:00
product_001362,Fashion,Seasonal Wear 1362,727,7.6,4.6,5.1,41.38,2024-01-01T00:00:00
product_001363,Garden & Outdoor,Garden Tool 1363,1518,6.6,4.4,5.9,77.54,2024-01-01T00:00:00
product_001364,Books & Media,Reference Book 1364,279,7.1,3.5,5.4,18.64,2024-01-01T00:00:00
product_001365,Furniture & Decor,Storage Unit 1365,5933,11.6,7.4,6.6,173.31,2024-01-01T00:00:00
product_001366,Electronics & Accessories,Audio Item 1366,1996,9.1,4.7,8.0,61.62,2024-01-01T00:00:00
product_001367,Pet Supplies,Feeding Set 1367,2366,6.3,5.1,4.9,70.0,2024-01-01T00:00:00
product_001368,Garden & Outdoor,Planting Set 1368,7613,10.9,8.3,9.8,110.73,2024-01-01T00:00:00
product_001369,Pet Supplies,Feeding Set 1369,1376,6.1,4.5,3.9,32.59,2024-01-01T00:00:00
product_001370,Sports & Outdoors,Training Gear 1370,3324,11.1,4.3,7.1,30.0,2024-01-01T00:00:00
product_001371,Garden & Outdoor,Planting Set 1371,5778,10.6,5.4,6.5,130.63,2024-01-01T00:00:00
product_001372,Garden & Outdoor,Outdoor Accessory 1372,1955,7.0,3.9,5.6,54.92,2024-01-01T00:00:00
product_001373,Watches & Gifts,Timepiece 1373,526,5.5,4.4,5.3,32.54,2024-01-01T00:00:00
product_001374,Fashion,Seasonal Wear 1374,306,5.7,4.2,5.4,81.35,2024-01-01T00:00:00
product_001375,Books & Media,Media Collection 1375,213,6.2,4.0,4.6,8.31,2024-01-01T00:00:00
product_001376,Garden & Outdoor,Outdoor Accessory 1376,1767,6.6,4.2,6.0,79.55,2024-01-01T00:00:00
product_001377,Fashion,Everyday Apparel 1377,253,4.6,4.2,4.4,75.0,2024-01-01T00:00:00
product_001378,Home Goods,Kitchen Item 1378,3520,8.5,5.8,8.3,31.62,2024-01-01T00:00:00
product_001379,Health & Beauty,Wellness Item 1379,364,6.2,4.3,5.0,31.95,2024-01-01T00:00:00
product_001380,Office Supplies,Writing Kit 1380,691,5.3,4.1,4.5,18.98,2024-01-01T00:00:00
product_001381,Books & Media,Reference Book 1381,147,8.5,4.6,4.4,27.13,2024-01-01T00:00:00
product_001382,Office Supplies,Office Organizer 1382,680,6.0,4.2,4.1,39.43,2024-01-01T00:00:00
product_001383,Electronics & Accessories,Audio Item 1383,672,6.8,3.9,6.0,64.23,2024-01-01T00:00:00
product_001384,Mobile & Telecom,Phone Item 1384,586,5.6,5.3,4.2,120.66,2024-01-01T00:00:00
product_001385,Baby Products,Feeding Item 1385,919,6.0,3.8,4.9,101.8,2024-01-01T00:00:00
product_001386,Furniture & Decor,Accent Furniture 1386,9670,10.7,8.1,9.4,211.16,2024-01-01T00:00:00
product_001387,Watches & Gifts,Timepiece 1387,285,4.0,3.7,4.8,50.46,2024-01-01T00:00:00
product_001388,Office Supplies,Desk Set 1388,808,5.9,6.0,4.2,52.42,2024-01-01T00:00:00
product_001389,Books & Media,Learning Guide 1389,551,6.2,4.4,5.3,25.77,2024-01-01T00:00:00
product_001390,Watches & Gifts,Keepsake Item 1390,387,5.4,4.6,4.8,209.84,2024-01-01T00:00:00
product_001391,Books & Media,Reference Book 1391,449,6.2,4.0,5.0,26.01,2024-01-01T00:00:00
product_001392,Watches & Gifts,Timepiece 1392,239,4.5,4.5,5.1,149.85,2024-01-01T00:00:00
product_001393,Home Goods,Kitchen Item 1393,2297,7.1,5.3,4.6,38.09,2024-01-01T00:00:00
product_001394,Pet Supplies,Pet Activity Item 1394,4225,7.8,4.1,8.6,25.63,2024-01-01T00:00:00
product_001395,Books & Media,Media Collection 1395,772,6.1,4.5,4.7,21.99,2024-01-01T00:00:00
product_001396,Home Goods,Organization Set 1396,3861,11.0,7.1,5.5,93.3,2024-01-01T00:00:00
product_001397,Electronics & Accessories,Charging Kit 1397,2660,6.7,4.6,7.1,291.48,2024-01-01T00:00:00
product_001398,Watches & Gifts,Keepsake Item 1398,627,5.8,6.0,4.9,150.38,2024-01-01T00:00:00
product_001399,Automotive,Vehicle Accessory 1399,5307,9.2,8.2,8.7,172.15,2024-01-01T00:00:00
product_001400,Home Goods,Organization Set 1400,3976,8.0,3.9,6.7,45.88,2024-01-01T00:00:00
product_001401,Health & Beauty,Care Set 1401,382,4.7,4.3,6.2,22.98,2024-01-01T00:00:00
product_001402,Furniture & Decor,Accent Furniture 1402,5846,8.0,8.7,7.0,489.95,2024-01-01T00:00:00
product_001403,Office Supplies,Writing Kit 1403,319,5.2,3.6,5.5,21.11,2024-01-01T00:00:00
product_001404,Electronics & Accessories,Charging Kit 1404,917,7.6,3.2,5.1,105.05,2024-01-01T00:00:00
product_001405,Books & Media,Media Collection 1405,1083,6.2,3.4,5.3,26.58,2024-01-01T00:00:00
product_001406,Electronics & Accessories,Device Accessory 1406,289,7.0,3.9,3.8,246.94,2024-01-01T00:00:00
product_001407,Watches & Gifts,Keepsake Item 1407,231,5.5,4.9,5.5,137.27,2024-01-01T00:00:00
product_001408,Home & Bedding,Bedding Set 1408,1326,6.7,5.2,4.7,120.79,2024-01-01T00:00:00
product_001409,Automotive,Maintenance Kit 1409,6855,10.1,8.8,8.8,77.27,2024-01-01T00:00:00
product_001410,Fashion,Everyday Apparel 1410,529,6.1,3.3,6.1,94.68,2024-01-01T00:00:00
product_001411,Watches & Gifts,Gift Set 1411,259,6.4,3.2,5.3,39.46,2024-01-01T00:00:00
product_001412,Health & Beauty,Wellness Item 1412,384,4.9,5.4,5.5,29.57,2024-01-01T00:00:00
product_001413,Garden & Outdoor,Garden Tool 1413,4130,9.7,6.2,6.3,252.92,2024-01-01T00:00:00
product_001414,Baby Products,Nursery Accessory 1414,1077,6.4,4.7,6.7,100.91,2024-01-01T00:00:00
product_001415,Books & Media,Reference Book 1415,50,7.4,4.5,4.1,17.37,2024-01-01T00:00:00
product_001416,Pet Supplies,Pet Activity Item 1416,1163,8.4,4.4,4.8,23.37,2024-01-01T00:00:00
product_001417,Automotive,Vehicle Accessory 1417,7050,11.6,8.6,6.1,147.68,2024-01-01T00:00:00
product_001418,Sports & Outdoors,Training Gear 1418,1098,7.0,4.8,4.1,90.79,2024-01-01T00:00:00
product_001419,Baby Products,Nursery Accessory 1419,574,7.5,3.9,4.2,46.38,2024-01-01T00:00:00
product_001420,Health & Beauty,Daily Essential 1420,243,7.7,3.5,4.0,11.83,2024-01-01T00:00:00
product_001421,Sports & Outdoors,Fitness Item 1421,2089,7.0,4.7,5.3,76.38,2024-01-01T00:00:00
product_001422,Health & Beauty,Care Set 1422,584,5.8,4.5,3.9,34.86,2024-01-01T00:00:00
product_001423,Health & Beauty,Daily Essential 1423,426,7.3,4.6,3.8,41.3,2024-01-01T00:00:00
product_001424,Mobile & Telecom,Phone Item 1424,481,6.7,3.0,3.8,165.51,2024-01-01T00:00:00
product_001425,Automotive,Maintenance Kit 1425,6726,11.7,7.8,8.9,114.19,2024-01-01T00:00:00
product_001426,Automotive,Travel Item 1426,9801,15.2,7.2,11.9,94.21,2024-01-01T00:00:00
product_001427,Sports & Outdoors,Fitness Item 1427,4953,9.9,5.6,8.9,41.4,2024-01-01T00:00:00
product_001428,Mobile & Telecom,Phone Item 1428,702,8.2,2.6,5.3,66.86,2024-01-01T00:00:00
product_001429,Garden & Outdoor,Garden Tool 1429,1183,7.4,4.4,5.6,161.02,2024-01-01T00:00:00
product_001430,Home & Bedding,Home Textile 1430,1946,8.5,4.9,6.2,171.52,2024-01-01T00:00:00
product_001431,Office Supplies,Writing Kit 1431,295,7.4,3.2,5.1,14.3,2024-01-01T00:00:00
product_001432,Electronics & Accessories,Device Accessory 1432,571,7.0,3.6,5.7,177.61,2024-01-01T00:00:00
product_001433,Electronics & Accessories,Audio Item 1433,594,6.1,4.8,5.8,100.93,2024-01-01T00:00:00
product_001434,Fashion,Fashion Accessory 1434,282,7.6,4.9,5.8,86.49,2024-01-01T00:00:00
product_001435,Mobile & Telecom,Mobile Accessory 1435,288,5.6,4.4,5.7,1176.47,2024-01-01T00:00:00
product_001436,Mobile & Telecom,Mobile Accessory 1436,1157,4.0,3.8,5.1,122.14,2024-01-01T00:00:00
product_001437,Furniture & Decor,Storage Unit 1437,6924,11.6,7.8,10.1,329.23,2024-01-01T00:00:00
product_001438,Pet Supplies,Pet Care Item 1438,3607,7.3,5.6,5.6,28.28,2024-01-01T00:00:00
product_001439,Health & Beauty,Care Set 1439,163,5.9,4.5,6.0,19.38,2024-01-01T00:00:00
product_001440,Mobile & Telecom,Phone Item 1440,1683,7.4,4.7,5.9,161.14,2024-01-01T00:00:00
product_001441,Furniture & Decor,Decor Item 1441,13574,14.1,9.7,9.2,237.48,2024-01-01T00:00:00
product_001442,Home Goods,Organization Set 1442,1794,8.3,6.4,6.8,26.31,2024-01-01T00:00:00
product_001443,Health & Beauty,Daily Essential 1443,310,7.1,3.0,4.5,24.38,2024-01-01T00:00:00
product_001444,Sports & Outdoors,Fitness Item 1444,6642,13.6,7.7,10.9,103.26,2024-01-01T00:00:00
product_001445,Garden & Outdoor,Outdoor Accessory 1445,12160,15.6,8.6,11.1,120.54,2024-01-01T00:00:00
product_001446,Garden & Outdoor,Outdoor Accessory 1446,6387,14.2,6.8,7.6,153.06,2024-01-01T00:00:00
product_001447,Toys & Games,Activity Set 1447,492,6.0,3.2,5.0,28.33,2024-01-01T00:00:00
product_001448,Office Supplies,Office Organizer 1448,1364,6.5,4.0,4.1,35.94,2024-01-01T00:00:00
product_001449,Pet Supplies,Pet Activity Item 1449,1019,6.5,3.4,4.1,71.86,2024-01-01T00:00:00
product_001450,Home & Bedding,Comfort Item 1450,1096,5.4,4.2,4.9,72.0,2024-01-01T00:00:00
product_001451,Home & Bedding,Home Textile 1451,1965,6.7,4.1,6.0,92.43,2024-01-01T00:00:00
product_001452,Watches & Gifts,Keepsake Item 1452,218,6.2,3.1,4.9,71.75,2024-01-01T00:00:00
product_001453,Automotive,Travel Item 1453,1620,7.7,5.7,4.5,62.94,2024-01-01T00:00:00
product_001454,Pet Supplies,Pet Activity Item 1454,5506,13.9,7.4,7.5,59.89,2024-01-01T00:00:00
product_001455,Books & Media,Media Collection 1455,309,4.8,4.3,6.0,22.96,2024-01-01T00:00:00
product_001456,Garden & Outdoor,Planting Set 1456,4067,10.5,6.7,7.6,73.79,2024-01-01T00:00:00
product_001457,Sports & Outdoors,Outdoor Kit 1457,4543,10.0,5.4,9.7,106.74,2024-01-01T00:00:00
product_001458,Books & Media,Media Collection 1458,273,6.3,3.6,6.5,12.13,2024-01-01T00:00:00
product_001459,Mobile & Telecom,Connectivity Kit 1459,504,5.2,3.4,4.9,48.63,2024-01-01T00:00:00
product_001460,Toys & Games,Activity Set 1460,784,6.5,4.1,4.9,34.35,2024-01-01T00:00:00
product_001461,Garden & Outdoor,Outdoor Accessory 1461,3419,11.9,4.8,8.1,156.47,2024-01-01T00:00:00
product_001462,Electronics & Accessories,Device Accessory 1462,1295,5.9,3.9,3.5,95.91,2024-01-01T00:00:00
product_001463,Home & Bedding,Bedding Set 1463,918,6.2,4.9,5.2,83.81,2024-01-01T00:00:00
product_001464,Sports & Outdoors,Training Gear 1464,3636,9.4,3.6,7.6,39.35,2024-01-01T00:00:00
product_001465,Books & Media,Learning Guide 1465,698,6.4,3.7,4.2,20.06,2024-01-01T00:00:00
product_001466,Baby Products,Infant Care Item 1466,1158,7.6,3.2,3.4,34.96,2024-01-01T00:00:00
product_001467,Mobile & Telecom,Mobile Accessory 1467,1056,4.4,4.2,6.3,131.13,2024-01-01T00:00:00
product_001468,Garden & Outdoor,Outdoor Accessory 1468,3904,10.0,7.9,7.0,50.23,2024-01-01T00:00:00
product_001469,Furniture & Decor,Decor Item 1469,5230,13.5,6.3,8.5,195.4,2024-01-01T00:00:00
product_001470,Furniture & Decor,Decor Item 1470,15554,14.2,7.5,11.9,85.95,2024-01-01T00:00:00
product_001471,Pet Supplies,Pet Care Item 1471,1453,5.9,4.9,6.0,128.26,2024-01-01T00:00:00
product_001472,Health & Beauty,Wellness Item 1472,525,7.4,3.2,4.7,41.72,2024-01-01T00:00:00
product_001473,Home & Bedding,Bedding Set 1473,2594,10.4,5.1,6.4,83.52,2024-01-01T00:00:00
product_001474,Toys & Games,Learning Toy 1474,1072,5.5,3.1,5.9,70.91,2024-01-01T00:00:00
product_001475,Sports & Outdoors,Training Gear 1475,5280,11.1,5.4,6.1,107.09,2024-01-01T00:00:00
product_001476,Office Supplies,Office Organizer 1476,715,7.1,3.5,6.0,70.73,2024-01-01T00:00:00
product_001477,Home Goods,Household Tool 1477,5232,9.4,6.9,8.6,132.58,2024-01-01T00:00:00
product_001478,Home & Bedding,Bedding Set 1478,1291,6.2,4.3,5.7,111.71,2024-01-01T00:00:00
product_001479,Pet Supplies,Pet Activity Item 1479,1304,5.4,3.5,4.9,51.8,2024-01-01T00:00:00
product_001480,Watches & Gifts,Timepiece 1480,593,6.9,4.7,5.7,46.99,2024-01-01T00:00:00
product_001481,Furniture & Decor,Storage Unit 1481,9019,10.4,8.8,8.3,104.03,2024-01-01T00:00:00
product_001482,Mobile & Telecom,Connectivity Kit 1482,964,5.9,3.8,7.1,279.63,2024-01-01T00:00:00
product_001483,Home & Bedding,Home Textile 1483,3753,12.0,4.7,7.1,59.51,2024-01-01T00:00:00
product_001484,Health & Beauty,Daily Essential 1484,504,7.0,4.6,3.8,16.21,2024-01-01T00:00:00
product_001485,Garden & Outdoor,Outdoor Accessory 1485,6772,13.1,6.9,10.1,24.64,2024-01-01T00:00:00
product_001486,Toys & Games,Activity Set 1486,1301,7.1,4.6,4.0,38.41,2024-01-01T00:00:00
product_001487,Electronics & Accessories,Device Accessory 1487,818,6.4,4.1,4.6,93.64,2024-01-01T00:00:00
product_001488,Watches & Gifts,Timepiece 1488,264,6.5,4.5,5.9,38.23,2024-01-01T00:00:00
product_001489,Home Goods,Household Tool 1489,940,5.7,4.3,5.3,35.11,2024-01-01T00:00:00
product_001490,Books & Media,Reference Book 1490,200,6.9,3.8,5.4,12.98,2024-01-01T00:00:00
product_001491,Pet Supplies,Pet Care Item 1491,1054,7.6,2.8,5.3,11.85,2024-01-01T00:00:00
product_001492,Toys & Games,Family Game 1492,1733,5.7,4.4,6.0,28.29,2024-01-01T00:00:00
product_001493,Garden & Outdoor,Planting Set 1493,7524,12.1,6.9,9.9,57.11,2024-01-01T00:00:00
product_001494,Automotive,Maintenance Kit 1494,2461,8.3,5.3,6.1,116.57,2024-01-01T00:00:00
product_001495,Watches & Gifts,Keepsake Item 1495,256,6.2,4.7,5.0,50.16,2024-01-01T00:00:00
product_001496,Pet Supplies,Feeding Set 1496,1319,5.6,2.9,5.4,28.66,2024-01-01T00:00:00
product_001497,Health & Beauty,Daily Essential 1497,366,7.5,4.1,6.3,39.83,2024-01-01T00:00:00
product_001498,Books & Media,Media Collection 1498,323,6.8,5.7,5.5,26.37,2024-01-01T00:00:00
product_001499,Toys & Games,Family Game 1499,931,7.3,3.7,6.1,24.4,2024-01-01T00:00:00
product_001500,Health & Beauty,Care Set 1500,607,5.8,4.3,5.4,20.68,2024-01-01T00:00:00
product_001501,Health & Beauty,Daily Essential 1501,248,7.3,4.2,4.2,21.51,2024-01-01T00:00:00
product_001502,Sports & Outdoors,Training Gear 1502,4140,10.0,7.3,6.9,66.37,2024-01-01T00:00:00
product_001503,Home & Bedding,Bedding Set 1503,2463,9.3,5.4,8.4,114.25,2024-01-01T00:00:00
product_001504,Sports & Outdoors,Outdoor Kit 1504,2657,8.0,4.2,8.2,57.65,2024-01-01T00:00:00
product_001505,Home Goods,Organization Set 1505,1844,6.6,4.0,6.9,24.81,2024-01-01T00:00:00
product_001506,Home & Bedding,Home Textile 1506,942,6.9,3.8,4.6,43.73,2024-01-01T00:00:00
product_001507,Office Supplies,Office Organizer 1507,869,6.1,3.6,6.3,39.4,2024-01-01T00:00:00
product_001508,Office Supplies,Writing Kit 1508,318,6.7,3.6,7.1,24.01,2024-01-01T00:00:00
product_001509,Baby Products,Infant Care Item 1509,812,4.6,4.3,4.5,63.51,2024-01-01T00:00:00
product_001510,Mobile & Telecom,Phone Item 1510,1220,7.1,3.7,3.9,145.23,2024-01-01T00:00:00
product_001511,Fashion,Fashion Accessory 1511,459,5.9,4.3,5.0,86.58,2024-01-01T00:00:00
product_001512,Baby Products,Nursery Accessory 1512,3628,6.5,5.8,7.0,72.96,2024-01-01T00:00:00
product_001513,Automotive,Travel Item 1513,2671,6.5,6.4,5.1,120.97,2024-01-01T00:00:00
product_001514,Books & Media,Media Collection 1514,612,5.6,2.3,4.6,48.34,2024-01-01T00:00:00
product_001515,Mobile & Telecom,Connectivity Kit 1515,638,6.0,4.1,3.8,389.44,2024-01-01T00:00:00
product_001516,Mobile & Telecom,Phone Item 1516,466,4.4,3.4,4.9,133.19,2024-01-01T00:00:00
product_001517,Toys & Games,Learning Toy 1517,775,6.8,2.6,4.9,70.42,2024-01-01T00:00:00
product_001518,Electronics & Accessories,Device Accessory 1518,1064,5.8,4.7,4.6,47.95,2024-01-01T00:00:00
product_001519,Automotive,Travel Item 1519,2479,9.2,4.0,6.4,48.55,2024-01-01T00:00:00
product_001520,Mobile & Telecom,Mobile Accessory 1520,844,5.6,3.5,5.3,88.53,2024-01-01T00:00:00
product_001521,Office Supplies,Office Organizer 1521,538,7.8,4.5,4.6,28.33,2024-01-01T00:00:00
product_001522,Fashion,Seasonal Wear 1522,1366,7.4,4.1,5.2,50.53,2024-01-01T00:00:00
product_001523,Mobile & Telecom,Connectivity Kit 1523,621,7.6,4.0,5.4,175.23,2024-01-01T00:00:00
product_001524,Baby Products,Infant Care Item 1524,908,4.9,3.9,4.3,41.49,2024-01-01T00:00:00
product_001525,Toys & Games,Family Game 1525,1570,8.8,3.9,6.2,22.62,2024-01-01T00:00:00
product_001526,Health & Beauty,Care Set 1526,509,8.2,5.0,4.1,27.76,2024-01-01T00:00:00
product_001527,Health & Beauty,Wellness Item 1527,366,6.4,4.5,4.8,27.41,2024-01-01T00:00:00
product_001528,Furniture & Decor,Storage Unit 1528,14353,14.9,8.1,13.7,145.25,2024-01-01T00:00:00
product_001529,Health & Beauty,Wellness Item 1529,250,6.1,4.1,5.4,16.83,2024-01-01T00:00:00
product_001530,Electronics & Accessories,Audio Item 1530,939,6.7,4.9,5.9,453.01,2024-01-01T00:00:00
product_001531,Electronics & Accessories,Charging Kit 1531,1043,5.7,4.8,5.4,168.1,2024-01-01T00:00:00
product_001532,Home & Bedding,Bedding Set 1532,3496,9.0,6.3,5.2,96.82,2024-01-01T00:00:00
product_001533,Pet Supplies,Pet Activity Item 1533,889,6.1,4.3,4.7,45.68,2024-01-01T00:00:00
product_001534,Sports & Outdoors,Fitness Item 1534,3371,8.3,7.7,5.5,176.94,2024-01-01T00:00:00
product_001535,Garden & Outdoor,Outdoor Accessory 1535,1702,7.4,4.7,5.2,76.35,2024-01-01T00:00:00
product_001536,Toys & Games,Learning Toy 1536,762,7.1,3.6,5.3,68.45,2024-01-01T00:00:00
product_001537,Automotive,Travel Item 1537,2219,5.8,5.5,6.2,87.22,2024-01-01T00:00:00
product_001538,Home Goods,Organization Set 1538,3339,9.9,7.3,8.6,118.0,2024-01-01T00:00:00
product_001539,Furniture & Decor,Accent Furniture 1539,19936,13.1,10.6,12.0,246.52,2024-01-01T00:00:00
product_001540,Electronics & Accessories,Device Accessory 1540,545,6.9,3.4,5.4,159.79,2024-01-01T00:00:00
product_001541,Fashion,Seasonal Wear 1541,655,7.3,3.6,3.5,24.34,2024-01-01T00:00:00
product_001542,Automotive,Maintenance Kit 1542,2691,7.1,7.0,7.2,158.82,2024-01-01T00:00:00
product_001543,Office Supplies,Desk Set 1543,624,7.7,5.3,5.6,25.54,2024-01-01T00:00:00
product_001544,Baby Products,Infant Care Item 1544,789,6.6,4.7,4.2,46.4,2024-01-01T00:00:00
product_001545,Electronics & Accessories,Device Accessory 1545,489,5.9,4.6,5.5,417.48,2024-01-01T00:00:00
product_001546,Books & Media,Reference Book 1546,127,4.0,4.0,6.2,35.23,2024-01-01T00:00:00
product_001547,Fashion,Everyday Apparel 1547,670,5.1,4.2,6.1,104.1,2024-01-01T00:00:00
product_001548,Fashion,Seasonal Wear 1548,853,6.4,3.5,3.5,26.58,2024-01-01T00:00:00
product_001549,Home & Bedding,Comfort Item 1549,2475,8.5,5.4,6.6,47.25,2024-01-01T00:00:00
product_001550,Watches & Gifts,Gift Set 1550,148,5.5,3.9,5.1,45.95,2024-01-01T00:00:00
product_001551,Sports & Outdoors,Training Gear 1551,4136,12.7,5.9,7.1,112.97,2024-01-01T00:00:00
product_001552,Toys & Games,Learning Toy 1552,1254,7.8,5.0,4.9,33.45,2024-01-01T00:00:00
product_001553,Electronics & Accessories,Charging Kit 1553,329,6.2,3.7,5.0,148.32,2024-01-01T00:00:00
product_001554,Fashion,Seasonal Wear 1554,271,8.3,4.6,5.8,173.06,2024-01-01T00:00:00
product_001555,Pet Supplies,Feeding Set 1555,1750,8.7,3.9,5.7,33.96,2024-01-01T00:00:00
product_001556,Office Supplies,Desk Set 1556,984,6.9,3.4,4.8,32.32,2024-01-01T00:00:00
product_001557,Mobile & Telecom,Mobile Accessory 1557,241,7.2,3.4,3.5,139.74,2024-01-01T00:00:00
product_001558,Toys & Games,Family Game 1558,1236,7.6,3.7,5.6,79.43,2024-01-01T00:00:00
product_001559,Baby Products,Feeding Item 1559,3024,6.4,5.4,6.5,62.41,2024-01-01T00:00:00
product_001560,Watches & Gifts,Gift Set 1560,612,4.4,4.7,5.3,114.73,2024-01-01T00:00:00
product_001561,Watches & Gifts,Keepsake Item 1561,136,6.8,4.8,5.5,75.46,2024-01-01T00:00:00
product_001562,Automotive,Vehicle Accessory 1562,3345,8.1,4.2,6.1,68.02,2024-01-01T00:00:00
product_001563,Furniture & Decor,Decor Item 1563,6724,11.8,7.3,7.8,155.06,2024-01-01T00:00:00
product_001564,Electronics & Accessories,Audio Item 1564,691,5.5,3.9,3.7,104.85,2024-01-01T00:00:00
product_001565,Pet Supplies,Feeding Set 1565,1185,6.2,2.1,5.9,15.59,2024-01-01T00:00:00
product_001566,Fashion,Fashion Accessory 1566,505,7.1,4.0,4.3,45.78,2024-01-01T00:00:00
product_001567,Watches & Gifts,Gift Set 1567,260,7.2,4.3,5.7,101.3,2024-01-01T00:00:00
product_001568,Mobile & Telecom,Mobile Accessory 1568,602,6.9,4.4,5.6,90.37,2024-01-01T00:00:00
product_001569,Fashion,Everyday Apparel 1569,515,8.2,2.4,3.5,92.01,2024-01-01T00:00:00
product_001570,Home Goods,Organization Set 1570,1931,9.3,4.0,4.2,77.36,2024-01-01T00:00:00
product_001571,Sports & Outdoors,Fitness Item 1571,2989,8.9,6.2,6.4,77.81,2024-01-01T00:00:00
product_001572,Pet Supplies,Pet Care Item 1572,1307,4.3,5.2,5.4,76.87,2024-01-01T00:00:00
product_001573,Watches & Gifts,Gift Set 1573,255,6.3,3.5,5.7,129.01,2024-01-01T00:00:00
product_001574,Home Goods,Organization Set 1574,1357,4.9,3.2,6.7,67.25,2024-01-01T00:00:00
product_001575,Garden & Outdoor,Planting Set 1575,3207,7.0,3.9,7.7,25.99,2024-01-01T00:00:00
product_001576,Furniture & Decor,Accent Furniture 1576,6177,9.6,4.9,10.5,243.83,2024-01-01T00:00:00
product_001577,Mobile & Telecom,Mobile Accessory 1577,900,5.8,2.0,3.5,150.33,2024-01-01T00:00:00
product_001578,Watches & Gifts,Gift Set 1578,269,6.1,4.5,5.5,51.25,2024-01-01T00:00:00
product_001579,Home & Bedding,Bedding Set 1579,3275,8.4,5.8,8.5,89.11,2024-01-01T00:00:00
product_001580,Toys & Games,Family Game 1580,1475,5.2,4.2,5.0,49.06,2024-01-01T00:00:00
product_001581,Sports & Outdoors,Outdoor Kit 1581,3853,10.9,6.5,7.5,86.68,2024-01-01T00:00:00
product_001582,Mobile & Telecom,Connectivity Kit 1582,645,7.3,5.2,4.8,360.19,2024-01-01T00:00:00
product_001583,Furniture & Decor,Decor Item 1583,12003,17.4,7.9,8.9,448.09,2024-01-01T00:00:00
product_001584,Electronics & Accessories,Audio Item 1584,1893,9.0,4.6,4.3,114.89,2024-01-01T00:00:00
product_001585,Toys & Games,Activity Set 1585,690,6.7,2.6,5.3,83.52,2024-01-01T00:00:00
product_001586,Home Goods,Organization Set 1586,661,6.7,3.5,5.3,64.91,2024-01-01T00:00:00
product_001587,Toys & Games,Activity Set 1587,506,4.8,4.5,6.3,47.44,2024-01-01T00:00:00
product_001588,Watches & Gifts,Keepsake Item 1588,227,6.1,3.3,4.2,27.16,2024-01-01T00:00:00
product_001589,Electronics & Accessories,Device Accessory 1589,871,7.6,4.8,6.4,182.83,2024-01-01T00:00:00
product_001590,Office Supplies,Office Organizer 1590,3578,9.0,6.0,6.1,26.88,2024-01-01T00:00:00
product_001591,Sports & Outdoors,Fitness Item 1591,3587,8.9,6.2,7.4,86.43,2024-01-01T00:00:00
product_001592,Furniture & Decor,Storage Unit 1592,8887,16.0,8.1,11.1,474.61,2024-01-01T00:00:00
product_001593,Fashion,Fashion Accessory 1593,491,6.9,5.5,4.2,32.72,2024-01-01T00:00:00
product_001594,Office Supplies,Office Organizer 1594,499,7.6,3.3,4.2,54.39,2024-01-01T00:00:00
product_001595,Mobile & Telecom,Phone Item 1595,1124,5.8,4.0,4.4,162.38,2024-01-01T00:00:00
product_001596,Sports & Outdoors,Outdoor Kit 1596,2569,8.0,4.2,8.3,80.1,2024-01-01T00:00:00
product_001597,Baby Products,Nursery Accessory 1597,1692,5.5,2.6,5.2,46.14,2024-01-01T00:00:00
product_001598,Sports & Outdoors,Outdoor Kit 1598,1971,7.2,5.3,5.1,75.99,2024-01-01T00:00:00
product_001599,Toys & Games,Family Game 1599,1768,8.3,3.2,5.4,20.89,2024-01-01T00:00:00
product_001600,Sports & Outdoors,Outdoor Kit 1600,1071,6.9,4.0,5.5,43.71,2024-01-01T00:00:00
product_001601,Baby Products,Feeding Item 1601,1526,6.8,5.1,6.4,130.75,2024-01-01T00:00:00
product_001602,Fashion,Fashion Accessory 1602,545,6.5,2.9,4.7,52.59,2024-01-01T00:00:00
product_001603,Automotive,Travel Item 1603,6015,10.7,6.4,9.7,88.33,2024-01-01T00:00:00
product_001604,Fashion,Everyday Apparel 1604,221,6.9,2.8,4.6,107.99,2024-01-01T00:00:00
product_001605,Home Goods,Kitchen Item 1605,2168,8.7,6.7,6.4,41.84,2024-01-01T00:00:00
product_001606,Watches & Gifts,Gift Set 1606,167,6.8,5.3,5.9,224.34,2024-01-01T00:00:00
product_001607,Mobile & Telecom,Phone Item 1607,283,5.2,4.2,5.7,274.98,2024-01-01T00:00:00
product_001608,Books & Media,Reference Book 1608,269,6.6,3.7,5.3,22.58,2024-01-01T00:00:00
product_001609,Books & Media,Learning Guide 1609,402,5.6,3.6,5.4,25.03,2024-01-01T00:00:00
product_001610,Office Supplies,Office Organizer 1610,1878,7.9,3.5,6.0,47.23,2024-01-01T00:00:00
product_001611,Furniture & Decor,Storage Unit 1611,5645,10.5,6.4,8.9,123.36,2024-01-01T00:00:00
product_001612,Sports & Outdoors,Fitness Item 1612,2745,9.6,4.1,6.4,61.37,2024-01-01T00:00:00
product_001613,Mobile & Telecom,Connectivity Kit 1613,453,6.9,4.8,5.5,43.63,2024-01-01T00:00:00
product_001614,Furniture & Decor,Accent Furniture 1614,5220,11.0,7.1,7.3,218.76,2024-01-01T00:00:00
product_001615,Home Goods,Household Tool 1615,1225,4.5,5.3,4.6,55.28,2024-01-01T00:00:00
product_001616,Pet Supplies,Pet Activity Item 1616,945,6.3,3.9,4.3,12.88,2024-01-01T00:00:00
product_001617,Health & Beauty,Daily Essential 1617,565,7.1,3.8,4.8,22.89,2024-01-01T00:00:00
product_001618,Health & Beauty,Wellness Item 1618,577,7.4,4.9,5.2,32.03,2024-01-01T00:00:00
product_001619,Home & Bedding,Bedding Set 1619,1542,7.3,4.4,6.7,64.12,2024-01-01T00:00:00
product_001620,Electronics & Accessories,Audio Item 1620,734,6.4,4.2,4.4,114.48,2024-01-01T00:00:00
product_001621,Fashion,Fashion Accessory 1621,367,5.9,4.7,4.5,88.31,2024-01-01T00:00:00
product_001622,Sports & Outdoors,Fitness Item 1622,1397,6.8,4.6,3.4,99.6,2024-01-01T00:00:00
product_001623,Electronics & Accessories,Charging Kit 1623,1448,6.3,5.9,5.4,249.93,2024-01-01T00:00:00
product_001624,Pet Supplies,Feeding Set 1624,980,6.7,4.2,5.7,86.68,2024-01-01T00:00:00
product_001625,Automotive,Travel Item 1625,7382,12.4,5.9,7.6,81.72,2024-01-01T00:00:00
product_001626,Mobile & Telecom,Phone Item 1626,374,6.1,3.8,5.8,305.08,2024-01-01T00:00:00
product_001627,Toys & Games,Family Game 1627,679,7.3,4.4,6.1,34.19,2024-01-01T00:00:00
product_001628,Home Goods,Household Tool 1628,2210,8.2,5.3,8.0,26.95,2024-01-01T00:00:00
product_001629,Fashion,Fashion Accessory 1629,351,8.6,4.5,4.4,23.55,2024-01-01T00:00:00
product_001630,Garden & Outdoor,Outdoor Accessory 1630,3206,7.3,5.3,6.5,84.89,2024-01-01T00:00:00
product_001631,Health & Beauty,Daily Essential 1631,309,5.0,3.5,6.6,15.9,2024-01-01T00:00:00
product_001632,Electronics & Accessories,Device Accessory 1632,1686,6.1,3.4,5.0,175.22,2024-01-01T00:00:00
product_001633,Automotive,Travel Item 1633,2334,7.5,5.9,6.2,80.02,2024-01-01T00:00:00
product_001634,Electronics & Accessories,Device Accessory 1634,1025,6.6,3.8,6.3,142.07,2024-01-01T00:00:00
product_001635,Home & Bedding,Comfort Item 1635,1533,6.4,3.3,5.4,72.04,2024-01-01T00:00:00
product_001636,Baby Products,Infant Care Item 1636,1446,5.0,3.8,6.5,59.17,2024-01-01T00:00:00
product_001637,Sports & Outdoors,Training Gear 1637,2103,7.0,3.5,6.9,40.41,2024-01-01T00:00:00
product_001638,Office Supplies,Desk Set 1638,604,7.1,3.4,5.6,43.91,2024-01-01T00:00:00
product_001639,Health & Beauty,Care Set 1639,759,7.1,3.6,6.2,16.7,2024-01-01T00:00:00
product_001640,Home & Bedding,Home Textile 1640,1106,7.6,3.8,5.5,75.22,2024-01-01T00:00:00
product_001641,Office Supplies,Writing Kit 1641,1329,6.7,4.2,5.8,35.5,2024-01-01T00:00:00
product_001642,Automotive,Travel Item 1642,3904,7.1,6.9,8.3,90.76,2024-01-01T00:00:00
product_001643,Furniture & Decor,Decor Item 1643,8747,15.5,6.9,11.2,161.92,2024-01-01T00:00:00
product_001644,Automotive,Vehicle Accessory 1644,6058,11.1,7.2,7.2,63.84,2024-01-01T00:00:00
product_001645,Pet Supplies,Feeding Set 1645,1212,6.0,3.6,4.9,50.01,2024-01-01T00:00:00
product_001646,Mobile & Telecom,Connectivity Kit 1646,580,6.5,5.3,5.1,109.68,2024-01-01T00:00:00
product_001647,Mobile & Telecom,Connectivity Kit 1647,933,5.0,5.5,4.5,316.04,2024-01-01T00:00:00
product_001648,Mobile & Telecom,Connectivity Kit 1648,403,6.5,4.4,5.9,90.89,2024-01-01T00:00:00
product_001649,Health & Beauty,Care Set 1649,123,4.0,4.7,4.5,45.6,2024-01-01T00:00:00
product_001650,Electronics & Accessories,Audio Item 1650,1007,7.9,4.1,5.8,205.93,2024-01-01T00:00:00
product_001651,Automotive,Maintenance Kit 1651,2694,8.1,4.5,5.1,58.62,2024-01-01T00:00:00
product_001652,Books & Media,Media Collection 1652,631,7.9,4.4,5.1,9.64,2024-01-01T00:00:00
product_001653,Office Supplies,Office Organizer 1653,814,7.6,3.5,3.7,34.29,2024-01-01T00:00:00
product_001654,Mobile & Telecom,Connectivity Kit 1654,449,6.1,5.4,7.1,139.18,2024-01-01T00:00:00
product_001655,Sports & Outdoors,Outdoor Kit 1655,2393,7.4,5.1,4.5,97.01,2024-01-01T00:00:00
product_001656,Books & Media,Learning Guide 1656,563,4.8,3.5,5.4,20.18,2024-01-01T00:00:00
product_001657,Home Goods,Household Tool 1657,2897,9.5,6.6,8.4,52.78,2024-01-01T00:00:00
product_001658,Books & Media,Reference Book 1658,735,5.0,2.2,5.6,22.3,2024-01-01T00:00:00
product_001659,Sports & Outdoors,Fitness Item 1659,2813,9.9,6.1,6.1,91.89,2024-01-01T00:00:00
product_001660,Baby Products,Nursery Accessory 1660,1162,5.4,4.8,4.5,61.27,2024-01-01T00:00:00
product_001661,Health & Beauty,Daily Essential 1661,464,4.9,3.3,6.1,33.52,2024-01-01T00:00:00
product_001662,Office Supplies,Writing Kit 1662,392,5.2,3.4,6.8,60.61,2024-01-01T00:00:00
product_001663,Home Goods,Household Tool 1663,3596,8.9,7.8,6.6,53.53,2024-01-01T00:00:00
product_001664,Furniture & Decor,Accent Furniture 1664,12882,13.4,9.1,11.0,198.33,2024-01-01T00:00:00
product_001665,Mobile & Telecom,Mobile Accessory 1665,575,5.3,4.8,4.0,63.24,2024-01-01T00:00:00
product_001666,Fashion,Everyday Apparel 1666,450,5.6,3.4,5.9,80.81,2024-01-01T00:00:00
product_001667,Pet Supplies,Pet Care Item 1667,884,8.2,4.8,4.5,33.31,2024-01-01T00:00:00
product_001668,Home Goods,Kitchen Item 1668,546,7.5,3.8,5.1,128.0,2024-01-01T00:00:00
product_001669,Books & Media,Media Collection 1669,941,7.6,5.2,5.4,25.25,2024-01-01T00:00:00
product_001670,Mobile & Telecom,Mobile Accessory 1670,551,7.1,4.2,3.5,193.63,2024-01-01T00:00:00
product_001671,Garden & Outdoor,Planting Set 1671,4798,8.8,6.8,6.2,156.32,2024-01-01T00:00:00
product_001672,Electronics & Accessories,Device Accessory 1672,801,7.6,3.9,4.0,42.25,2024-01-01T00:00:00
product_001673,Fashion,Fashion Accessory 1673,720,6.1,4.1,4.3,87.9,2024-01-01T00:00:00
product_001674,Pet Supplies,Feeding Set 1674,993,6.7,3.7,4.3,107.59,2024-01-01T00:00:00
product_001675,Health & Beauty,Wellness Item 1675,185,5.8,3.9,5.9,73.72,2024-01-01T00:00:00
product_001676,Mobile & Telecom,Connectivity Kit 1676,888,7.1,5.0,5.5,244.76,2024-01-01T00:00:00
product_001677,Watches & Gifts,Keepsake Item 1677,1310,5.8,4.3,5.3,55.65,2024-01-01T00:00:00
product_001678,Mobile & Telecom,Connectivity Kit 1678,620,5.3,4.8,3.9,132.84,2024-01-01T00:00:00
product_001679,Home & Bedding,Comfort Item 1679,635,5.2,3.7,4.6,55.01,2024-01-01T00:00:00
product_001680,Electronics & Accessories,Device Accessory 1680,750,7.1,4.5,4.5,122.55,2024-01-01T00:00:00
product_001681,Office Supplies,Writing Kit 1681,1192,6.0,4.8,3.6,16.84,2024-01-01T00:00:00
product_001682,Toys & Games,Activity Set 1682,1265,6.7,2.5,4.3,23.8,2024-01-01T00:00:00
product_001683,Furniture & Decor,Accent Furniture 1683,26627,20.7,11.0,14.5,389.65,2024-01-01T00:00:00
product_001684,Sports & Outdoors,Fitness Item 1684,2223,7.2,4.2,6.4,73.69,2024-01-01T00:00:00
product_001685,Home Goods,Organization Set 1685,1962,8.1,5.4,5.2,93.34,2024-01-01T00:00:00
product_001686,Sports & Outdoors,Outdoor Kit 1686,2388,6.2,3.6,6.8,25.57,2024-01-01T00:00:00
product_001687,Electronics & Accessories,Audio Item 1687,3577,9.8,7.3,6.9,115.4,2024-01-01T00:00:00
product_001688,Home Goods,Kitchen Item 1688,1661,7.6,3.1,4.9,48.84,2024-01-01T00:00:00
product_001689,Fashion,Everyday Apparel 1689,327,5.8,4.2,5.2,264.53,2024-01-01T00:00:00
product_001690,Home & Bedding,Home Textile 1690,3190,9.5,5.9,7.9,63.23,2024-01-01T00:00:00
product_001691,Pet Supplies,Pet Care Item 1691,1790,7.2,4.1,4.0,40.33,2024-01-01T00:00:00
product_001692,Fashion,Fashion Accessory 1692,309,6.8,4.2,5.7,62.38,2024-01-01T00:00:00
product_001693,Home & Bedding,Bedding Set 1693,1074,7.3,4.2,5.9,206.13,2024-01-01T00:00:00
product_001694,Fashion,Fashion Accessory 1694,157,4.9,3.8,5.6,21.52,2024-01-01T00:00:00
product_001695,Home & Bedding,Comfort Item 1695,3255,8.1,4.6,7.9,85.88,2024-01-01T00:00:00
product_001696,Electronics & Accessories,Audio Item 1696,621,7.4,3.4,5.4,148.62,2024-01-01T00:00:00
product_001697,Watches & Gifts,Timepiece 1697,183,5.4,3.7,6.4,78.46,2024-01-01T00:00:00
product_001698,Fashion,Seasonal Wear 1698,303,6.5,4.5,4.3,82.21,2024-01-01T00:00:00
product_001699,Pet Supplies,Pet Activity Item 1699,1745,9.0,3.6,4.4,24.56,2024-01-01T00:00:00
product_001700,Pet Supplies,Feeding Set 1700,964,7.5,2.4,5.1,58.86,2024-01-01T00:00:00
product_001701,Fashion,Seasonal Wear 1701,366,5.7,3.4,3.9,88.12,2024-01-01T00:00:00
product_001702,Watches & Gifts,Gift Set 1702,203,5.2,3.1,5.0,119.6,2024-01-01T00:00:00
product_001703,Books & Media,Reference Book 1703,441,6.8,2.7,5.7,23.82,2024-01-01T00:00:00
product_001704,Electronics & Accessories,Device Accessory 1704,763,7.2,3.9,6.4,309.51,2024-01-01T00:00:00
product_001705,Watches & Gifts,Keepsake Item 1705,374,6.4,4.0,4.5,148.73,2024-01-01T00:00:00
product_001706,Electronics & Accessories,Device Accessory 1706,712,6.3,4.1,7.3,158.68,2024-01-01T00:00:00
product_001707,Electronics & Accessories,Audio Item 1707,740,6.4,4.4,5.0,310.96,2024-01-01T00:00:00
product_001708,Home & Bedding,Bedding Set 1708,2974,6.9,4.8,6.6,24.3,2024-01-01T00:00:00
product_001709,Watches & Gifts,Gift Set 1709,313,7.0,4.0,4.3,249.2,2024-01-01T00:00:00
product_001710,Office Supplies,Office Organizer 1710,733,9.6,5.7,3.5,19.33,2024-01-01T00:00:00
product_001711,Home & Bedding,Comfort Item 1711,2841,6.9,4.3,7.0,44.39,2024-01-01T00:00:00
product_001712,Home Goods,Household Tool 1712,3133,6.7,3.8,7.1,40.43,2024-01-01T00:00:00
product_001713,Mobile & Telecom,Phone Item 1713,3029,10.7,4.7,5.4,112.88,2024-01-01T00:00:00
product_001714,Mobile & Telecom,Phone Item 1714,421,4.0,4.0,4.8,152.93,2024-01-01T00:00:00
product_001715,Home & Bedding,Comfort Item 1715,2322,9.1,5.9,5.7,23.12,2024-01-01T00:00:00
product_001716,Health & Beauty,Care Set 1716,483,7.6,3.2,5.0,14.88,2024-01-01T00:00:00
product_001717,Health & Beauty,Wellness Item 1717,407,6.4,4.1,4.3,53.15,2024-01-01T00:00:00
product_001718,Furniture & Decor,Accent Furniture 1718,9046,15.8,8.0,8.3,77.14,2024-01-01T00:00:00
product_001719,Automotive,Travel Item 1719,3803,7.9,6.4,7.6,74.68,2024-01-01T00:00:00
product_001720,Watches & Gifts,Gift Set 1720,404,5.4,3.4,4.4,104.31,2024-01-01T00:00:00
product_001721,Baby Products,Feeding Item 1721,1321,6.7,3.1,4.5,63.13,2024-01-01T00:00:00
product_001722,Furniture & Decor,Decor Item 1722,10941,13.9,10.1,11.1,155.29,2024-01-01T00:00:00
product_001723,Electronics & Accessories,Charging Kit 1723,969,6.2,4.8,6.0,148.34,2024-01-01T00:00:00
product_001724,Pet Supplies,Pet Care Item 1724,1000,7.2,2.9,5.3,27.73,2024-01-01T00:00:00
product_001725,Watches & Gifts,Gift Set 1725,438,6.8,4.2,5.5,104.15,2024-01-01T00:00:00
product_001726,Watches & Gifts,Keepsake Item 1726,193,7.0,4.2,5.6,48.45,2024-01-01T00:00:00
product_001727,Home Goods,Organization Set 1727,3171,8.6,4.6,6.8,78.48,2024-01-01T00:00:00
product_001728,Sports & Outdoors,Fitness Item 1728,3059,9.0,6.3,8.9,56.6,2024-01-01T00:00:00
product_001729,Books & Media,Reference Book 1729,1029,5.8,3.4,5.2,14.67,2024-01-01T00:00:00
product_001730,Electronics & Accessories,Device Accessory 1730,3589,9.8,6.2,5.3,99.31,2024-01-01T00:00:00
product_001731,Electronics & Accessories,Audio Item 1731,2120,7.2,5.3,4.6,157.89,2024-01-01T00:00:00
product_001732,Electronics & Accessories,Charging Kit 1732,595,7.0,4.0,5.1,243.42,2024-01-01T00:00:00
product_001733,Home Goods,Organization Set 1733,917,6.1,3.5,4.3,79.91,2024-01-01T00:00:00
product_001734,Electronics & Accessories,Charging Kit 1734,1009,5.7,4.1,4.8,174.76,2024-01-01T00:00:00
product_001735,Sports & Outdoors,Training Gear 1735,1561,7.0,4.1,5.8,108.64,2024-01-01T00:00:00
product_001736,Pet Supplies,Pet Activity Item 1736,1512,7.9,5.2,8.4,80.84,2024-01-01T00:00:00
product_001737,Pet Supplies,Pet Care Item 1737,1460,6.6,4.2,4.2,41.12,2024-01-01T00:00:00
product_001738,Watches & Gifts,Gift Set 1738,799,6.4,4.7,4.9,42.72,2024-01-01T00:00:00
product_001739,Office Supplies,Desk Set 1739,350,8.7,5.3,5.1,34.63,2024-01-01T00:00:00
product_001740,Health & Beauty,Care Set 1740,181,7.5,2.8,5.6,26.61,2024-01-01T00:00:00
product_001741,Home & Bedding,Comfort Item 1741,1157,7.2,2.8,5.4,63.54,2024-01-01T00:00:00
product_001742,Home Goods,Kitchen Item 1742,2255,10.2,4.2,5.4,114.05,2024-01-01T00:00:00
product_001743,Baby Products,Feeding Item 1743,905,6.3,4.0,6.0,248.54,2024-01-01T00:00:00
product_001744,Watches & Gifts,Gift Set 1744,346,5.7,3.8,4.8,45.25,2024-01-01T00:00:00
product_001745,Automotive,Travel Item 1745,2471,8.6,5.4,6.5,59.99,2024-01-01T00:00:00
product_001746,Watches & Gifts,Keepsake Item 1746,180,6.4,5.3,4.7,170.52,2024-01-01T00:00:00
product_001747,Pet Supplies,Pet Care Item 1747,2399,8.1,5.9,6.0,35.8,2024-01-01T00:00:00
product_001748,Baby Products,Feeding Item 1748,1188,5.8,3.1,4.7,124.92,2024-01-01T00:00:00
product_001749,Fashion,Fashion Accessory 1749,278,7.2,5.3,5.1,120.89,2024-01-01T00:00:00
product_001750,Home Goods,Kitchen Item 1750,1551,6.9,3.7,6.2,93.26,2024-01-01T00:00:00
product_001751,Office Supplies,Writing Kit 1751,723,5.7,4.7,3.5,30.92,2024-01-01T00:00:00
product_001752,Electronics & Accessories,Charging Kit 1752,1011,4.2,4.2,5.2,81.87,2024-01-01T00:00:00
product_001753,Home & Bedding,Comfort Item 1753,1372,6.5,4.8,5.3,40.49,2024-01-01T00:00:00
product_001754,Automotive,Travel Item 1754,5819,9.2,6.2,10.8,47.91,2024-01-01T00:00:00
product_001755,Health & Beauty,Daily Essential 1755,535,6.6,4.6,4.7,21.76,2024-01-01T00:00:00
product_001756,Mobile & Telecom,Connectivity Kit 1756,804,8.2,4.4,5.5,133.56,2024-01-01T00:00:00
product_001757,Sports & Outdoors,Outdoor Kit 1757,4734,10.0,6.3,7.4,162.73,2024-01-01T00:00:00
product_001758,Home Goods,Organization Set 1758,1472,5.3,3.9,5.3,101.77,2024-01-01T00:00:00
product_001759,Fashion,Everyday Apparel 1759,590,5.3,4.8,4.4,42.78,2024-01-01T00:00:00
product_001760,Sports & Outdoors,Outdoor Kit 1760,4040,9.3,5.0,10.0,43.47,2024-01-01T00:00:00
product_001761,Electronics & Accessories,Charging Kit 1761,1254,7.8,3.5,6.3,316.48,2024-01-01T00:00:00
product_001762,Home & Bedding,Home Textile 1762,3792,11.0,6.5,6.6,80.25,2024-01-01T00:00:00
product_001763,Fashion,Everyday Apparel 1763,453,7.7,5.7,4.4,68.79,2024-01-01T00:00:00
product_001764,Toys & Games,Activity Set 1764,441,7.3,3.1,4.4,40.89,2024-01-01T00:00:00
product_001765,Home & Bedding,Home Textile 1765,1072,9.8,4.6,3.5,152.5,2024-01-01T00:00:00
product_001766,Garden & Outdoor,Planting Set 1766,1414,6.4,4.0,5.7,114.12,2024-01-01T00:00:00
product_001767,Mobile & Telecom,Mobile Accessory 1767,558,4.6,4.7,4.6,60.25,2024-01-01T00:00:00
product_001768,Garden & Outdoor,Planting Set 1768,3439,6.9,5.9,5.7,60.8,2024-01-01T00:00:00
product_001769,Home & Bedding,Comfort Item 1769,1976,6.9,3.9,7.0,56.57,2024-01-01T00:00:00
product_001770,Health & Beauty,Wellness Item 1770,215,7.0,4.0,5.1,31.83,2024-01-01T00:00:00
product_001771,Mobile & Telecom,Phone Item 1771,267,6.3,5.1,6.0,67.72,2024-01-01T00:00:00
product_001772,Furniture & Decor,Storage Unit 1772,12196,16.0,7.0,10.5,217.05,2024-01-01T00:00:00
product_001773,Office Supplies,Writing Kit 1773,853,6.3,3.7,5.7,37.36,2024-01-01T00:00:00
product_001774,Pet Supplies,Feeding Set 1774,1115,4.9,3.2,4.5,38.59,2024-01-01T00:00:00
product_001775,Health & Beauty,Wellness Item 1775,133,5.5,4.9,4.6,32.85,2024-01-01T00:00:00
product_001776,Baby Products,Infant Care Item 1776,490,5.0,3.5,4.7,104.58,2024-01-01T00:00:00
product_001777,Electronics & Accessories,Device Accessory 1777,565,7.1,3.8,4.0,297.87,2024-01-01T00:00:00
product_001778,Automotive,Travel Item 1778,2228,6.9,4.2,4.8,70.96,2024-01-01T00:00:00
product_001779,Office Supplies,Office Organizer 1779,1281,7.5,4.8,5.7,46.52,2024-01-01T00:00:00
product_001780,Home Goods,Household Tool 1780,1575,6.4,3.7,4.9,42.91,2024-01-01T00:00:00
product_001781,Pet Supplies,Feeding Set 1781,3137,10.0,5.9,6.0,70.45,2024-01-01T00:00:00
product_001782,Furniture & Decor,Accent Furniture 1782,4685,7.6,5.8,7.5,259.8,2024-01-01T00:00:00
product_001783,Office Supplies,Office Organizer 1783,654,6.7,3.6,4.8,63.53,2024-01-01T00:00:00
product_001784,Home Goods,Organization Set 1784,2447,7.3,6.8,5.4,25.85,2024-01-01T00:00:00
product_001785,Garden & Outdoor,Garden Tool 1785,6110,14.6,6.3,6.9,146.5,2024-01-01T00:00:00
product_001786,Fashion,Fashion Accessory 1786,611,7.3,3.6,4.1,122.22,2024-01-01T00:00:00
product_001787,Office Supplies,Desk Set 1787,776,6.7,3.7,4.5,23.96,2024-01-01T00:00:00
product_001788,Electronics & Accessories,Charging Kit 1788,2671,7.8,6.0,7.0,348.14,2024-01-01T00:00:00
product_001789,Fashion,Seasonal Wear 1789,290,4.7,5.0,3.8,81.12,2024-01-01T00:00:00
product_001790,Sports & Outdoors,Fitness Item 1790,4733,10.7,8.1,7.9,78.83,2024-01-01T00:00:00
product_001791,Furniture & Decor,Decor Item 1791,9114,11.8,9.2,8.7,97.61,2024-01-01T00:00:00
product_001792,Fashion,Seasonal Wear 1792,421,4.4,3.8,5.4,130.79,2024-01-01T00:00:00
product_001793,Watches & Gifts,Gift Set 1793,126,6.5,4.0,4.7,43.24,2024-01-01T00:00:00
product_001794,Garden & Outdoor,Outdoor Accessory 1794,4550,12.8,5.3,7.0,74.98,2024-01-01T00:00:00
product_001795,Fashion,Fashion Accessory 1795,682,6.7,3.2,5.1,124.58,2024-01-01T00:00:00
product_001796,Office Supplies,Writing Kit 1796,758,7.9,3.4,4.8,32.48,2024-01-01T00:00:00
product_001797,Baby Products,Nursery Accessory 1797,1942,8.5,5.4,4.5,33.22,2024-01-01T00:00:00
product_001798,Books & Media,Learning Guide 1798,219,5.3,3.6,3.7,15.26,2024-01-01T00:00:00
product_001799,Electronics & Accessories,Audio Item 1799,1781,8.0,4.9,5.6,70.36,2024-01-01T00:00:00
product_001800,Toys & Games,Family Game 1800,344,6.1,3.9,4.3,58.07,2024-01-01T00:00:00
product_001801,Automotive,Vehicle Accessory 1801,2250,8.0,3.7,4.9,117.18,2024-01-01T00:00:00
product_001802,Garden & Outdoor,Outdoor Accessory 1802,5712,13.5,7.1,10.3,51.39,2024-01-01T00:00:00
product_001803,Home Goods,Household Tool 1803,897,7.0,4.6,5.3,38.35,2024-01-01T00:00:00
product_001804,Furniture & Decor,Storage Unit 1804,7157,8.7,7.9,7.9,473.0,2024-01-01T00:00:00
product_001805,Office Supplies,Writing Kit 1805,390,6.3,4.9,4.2,29.04,2024-01-01T00:00:00
product_001806,Sports & Outdoors,Training Gear 1806,3349,10.0,5.7,7.1,71.17,2024-01-01T00:00:00
product_001807,Fashion,Seasonal Wear 1807,224,7.1,3.9,5.5,45.35,2024-01-01T00:00:00
product_001808,Sports & Outdoors,Training Gear 1808,2021,7.4,4.8,6.3,64.73,2024-01-01T00:00:00
product_001809,Health & Beauty,Care Set 1809,350,6.2,3.9,4.6,31.82,2024-01-01T00:00:00
product_001810,Baby Products,Feeding Item 1810,2011,7.5,4.7,5.7,73.04,2024-01-01T00:00:00
product_001811,Furniture & Decor,Decor Item 1811,4276,12.7,4.0,6.6,483.05,2024-01-01T00:00:00
product_001812,Baby Products,Feeding Item 1812,960,7.2,3.9,4.8,55.66,2024-01-01T00:00:00
product_001813,Books & Media,Reference Book 1813,302,5.8,4.7,3.9,17.35,2024-01-01T00:00:00
product_001814,Fashion,Seasonal Wear 1814,1707,4.6,6.1,4.9,15.02,2024-01-01T00:00:00
product_001815,Office Supplies,Writing Kit 1815,762,7.3,4.0,3.3,53.27,2024-01-01T00:00:00
product_001816,Toys & Games,Activity Set 1816,2334,7.4,5.4,6.0,21.98,2024-01-01T00:00:00
product_001817,Furniture & Decor,Accent Furniture 1817,7094,11.0,6.1,11.0,101.87,2024-01-01T00:00:00
product_001818,Mobile & Telecom,Connectivity Kit 1818,612,8.0,5.0,3.4,149.03,2024-01-01T00:00:00
product_001819,Furniture & Decor,Decor Item 1819,6336,8.5,9.7,5.2,215.23,2024-01-01T00:00:00
product_001820,Garden & Outdoor,Garden Tool 1820,2262,8.2,4.9,6.0,35.06,2024-01-01T00:00:00
product_001821,Toys & Games,Activity Set 1821,1963,5.9,5.2,6.8,44.47,2024-01-01T00:00:00
product_001822,Baby Products,Infant Care Item 1822,2287,7.0,4.9,6.2,34.96,2024-01-01T00:00:00
product_001823,Home & Bedding,Bedding Set 1823,2606,7.4,5.5,6.6,82.98,2024-01-01T00:00:00
product_001824,Electronics & Accessories,Audio Item 1824,413,5.2,3.1,3.9,54.76,2024-01-01T00:00:00
product_001825,Garden & Outdoor,Garden Tool 1825,3587,10.0,4.2,7.5,84.89,2024-01-01T00:00:00
product_001826,Pet Supplies,Pet Care Item 1826,2150,7.4,5.3,6.9,23.44,2024-01-01T00:00:00
product_001827,Fashion,Everyday Apparel 1827,504,5.7,3.4,4.7,28.67,2024-01-01T00:00:00
product_001828,Mobile & Telecom,Connectivity Kit 1828,136,5.6,3.9,4.3,95.34,2024-01-01T00:00:00
product_001829,Baby Products,Nursery Accessory 1829,1395,8.4,5.2,5.7,110.57,2024-01-01T00:00:00
product_001830,Home Goods,Household Tool 1830,752,6.2,3.9,5.1,34.6,2024-01-01T00:00:00
product_001831,Baby Products,Infant Care Item 1831,1558,5.8,5.3,6.5,123.44,2024-01-01T00:00:00
product_001832,Automotive,Travel Item 1832,1558,7.1,3.0,5.5,72.86,2024-01-01T00:00:00
product_001833,Home & Bedding,Comfort Item 1833,1032,6.3,3.9,6.5,57.06,2024-01-01T00:00:00
product_001834,Pet Supplies,Pet Care Item 1834,1641,6.5,5.6,5.7,53.25,2024-01-01T00:00:00
product_001835,Pet Supplies,Feeding Set 1835,1074,7.7,2.5,3.8,28.69,2024-01-01T00:00:00
product_001836,Home Goods,Household Tool 1836,2623,8.5,5.8,6.4,98.67,2024-01-01T00:00:00
product_001837,Automotive,Vehicle Accessory 1837,7079,11.2,6.4,10.6,66.44,2024-01-01T00:00:00
product_001838,Watches & Gifts,Keepsake Item 1838,192,7.7,5.0,4.9,119.02,2024-01-01T00:00:00
product_001839,Automotive,Vehicle Accessory 1839,7652,15.8,8.0,10.7,100.61,2024-01-01T00:00:00
product_001840,Home & Bedding,Bedding Set 1840,1183,6.8,4.2,5.1,58.43,2024-01-01T00:00:00
product_001841,Pet Supplies,Pet Care Item 1841,1128,6.0,3.3,4.9,36.78,2024-01-01T00:00:00
product_001842,Toys & Games,Activity Set 1842,709,6.2,3.7,5.1,17.84,2024-01-01T00:00:00
product_001843,Books & Media,Media Collection 1843,398,6.0,2.3,3.9,15.13,2024-01-01T00:00:00
product_001844,Home & Bedding,Home Textile 1844,1348,7.4,2.3,5.4,31.7,2024-01-01T00:00:00
product_001845,Watches & Gifts,Gift Set 1845,254,6.9,4.7,5.6,37.27,2024-01-01T00:00:00
product_001846,Health & Beauty,Care Set 1846,274,4.1,4.4,4.8,20.08,2024-01-01T00:00:00
product_001847,Home & Bedding,Comfort Item 1847,1598,7.3,4.0,6.1,44.97,2024-01-01T00:00:00
product_001848,Watches & Gifts,Keepsake Item 1848,216,7.3,3.3,3.0,133.17,2024-01-01T00:00:00
product_001849,Automotive,Travel Item 1849,1568,8.1,5.3,5.7,61.51,2024-01-01T00:00:00
product_001850,Baby Products,Infant Care Item 1850,3006,9.0,5.8,5.5,53.88,2024-01-01T00:00:00
product_001851,Home Goods,Kitchen Item 1851,6532,12.6,6.8,5.9,49.2,2024-01-01T00:00:00
product_001852,Electronics & Accessories,Device Accessory 1852,798,5.8,4.7,6.0,116.98,2024-01-01T00:00:00
product_001853,Sports & Outdoors,Training Gear 1853,2442,8.6,4.3,6.2,56.97,2024-01-01T00:00:00
product_001854,Watches & Gifts,Keepsake Item 1854,403,6.3,4.0,3.7,76.41,2024-01-01T00:00:00
product_001855,Watches & Gifts,Timepiece 1855,234,5.6,4.6,5.3,46.56,2024-01-01T00:00:00
product_001856,Electronics & Accessories,Charging Kit 1856,1227,5.6,4.4,4.8,128.32,2024-01-01T00:00:00
product_001857,Garden & Outdoor,Planting Set 1857,2639,8.1,4.7,7.9,120.67,2024-01-01T00:00:00
product_001858,Electronics & Accessories,Charging Kit 1858,393,5.7,3.0,4.5,164.05,2024-01-01T00:00:00
product_001859,Office Supplies,Office Organizer 1859,1540,6.6,4.9,5.9,15.67,2024-01-01T00:00:00
product_001860,Automotive,Travel Item 1860,3883,7.2,4.6,10.1,144.43,2024-01-01T00:00:00
product_001861,Toys & Games,Activity Set 1861,862,5.1,2.8,4.9,48.01,2024-01-01T00:00:00
product_001862,Automotive,Maintenance Kit 1862,2181,7.6,4.2,6.9,141.76,2024-01-01T00:00:00
product_001863,Health & Beauty,Wellness Item 1863,678,5.8,4.5,5.6,94.44,2024-01-01T00:00:00
product_001864,Baby Products,Feeding Item 1864,1650,7.9,4.9,6.4,86.17,2024-01-01T00:00:00
product_001865,Health & Beauty,Care Set 1865,365,6.4,3.3,4.7,25.07,2024-01-01T00:00:00
product_001866,Furniture & Decor,Storage Unit 1866,15416,13.0,8.1,11.5,283.01,2024-01-01T00:00:00
product_001867,Furniture & Decor,Accent Furniture 1867,10110,17.8,7.5,9.4,118.64,2024-01-01T00:00:00
product_001868,Home Goods,Household Tool 1868,2505,8.9,6.5,6.6,39.71,2024-01-01T00:00:00
product_001869,Furniture & Decor,Storage Unit 1869,6393,13.6,9.0,8.7,406.96,2024-01-01T00:00:00
product_001870,Toys & Games,Family Game 1870,1082,6.9,5.0,3.6,54.7,2024-01-01T00:00:00
product_001871,Baby Products,Infant Care Item 1871,2611,8.7,4.6,8.6,46.53,2024-01-01T00:00:00
product_001872,Garden & Outdoor,Planting Set 1872,1640,6.8,4.9,5.7,106.58,2024-01-01T00:00:00
product_001873,Pet Supplies,Feeding Set 1873,3399,11.3,7.0,5.9,32.24,2024-01-01T00:00:00
product_001874,Home Goods,Kitchen Item 1874,1526,5.8,5.2,7.0,77.83,2024-01-01T00:00:00
product_001875,Baby Products,Infant Care Item 1875,636,5.7,4.4,5.4,53.68,2024-01-01T00:00:00
product_001876,Health & Beauty,Daily Essential 1876,599,5.4,4.2,6.2,30.25,2024-01-01T00:00:00
product_001877,Toys & Games,Learning Toy 1877,669,5.4,3.4,4.4,15.45,2024-01-01T00:00:00
product_001878,Home & Bedding,Bedding Set 1878,748,5.7,4.3,5.3,75.01,2024-01-01T00:00:00
product_001879,Home Goods,Kitchen Item 1879,1432,6.1,5.0,4.2,41.85,2024-01-01T00:00:00
product_001880,Mobile & Telecom,Mobile Accessory 1880,414,5.5,3.0,4.3,197.51,2024-01-01T00:00:00
product_001881,Garden & Outdoor,Planting Set 1881,1884,7.1,4.7,5.6,88.67,2024-01-01T00:00:00
product_001882,Pet Supplies,Pet Care Item 1882,668,6.8,3.8,4.8,42.79,2024-01-01T00:00:00
product_001883,Furniture & Decor,Accent Furniture 1883,12006,16.6,7.6,10.3,261.72,2024-01-01T00:00:00
product_001884,Office Supplies,Writing Kit 1884,319,7.2,4.3,4.8,14.22,2024-01-01T00:00:00
product_001885,Toys & Games,Activity Set 1885,1640,7.0,2.9,4.0,38.07,2024-01-01T00:00:00
product_001886,Electronics & Accessories,Device Accessory 1886,517,5.7,4.6,5.3,197.67,2024-01-01T00:00:00
product_001887,Home Goods,Organization Set 1887,1981,5.1,5.2,5.3,40.93,2024-01-01T00:00:00
product_001888,Books & Media,Media Collection 1888,574,5.7,5.0,3.7,14.24,2024-01-01T00:00:00
product_001889,Sports & Outdoors,Outdoor Kit 1889,2782,7.2,5.7,5.4,61.85,2024-01-01T00:00:00
product_001890,Furniture & Decor,Decor Item 1890,11957,13.2,9.8,12.0,550.27,2024-01-01T00:00:00
product_001891,Home Goods,Organization Set 1891,1525,8.9,4.0,4.0,26.87,2024-01-01T00:00:00
product_001892,Toys & Games,Family Game 1892,448,6.3,3.4,5.1,28.08,2024-01-01T00:00:00
product_001893,Baby Products,Nursery Accessory 1893,1740,6.0,4.3,5.7,39.3,2024-01-01T00:00:00
product_001894,Electronics & Accessories,Device Accessory 1894,1265,5.7,3.9,5.9,114.46,2024-01-01T00:00:00
product_001895,Baby Products,Nursery Accessory 1895,644,6.0,3.2,4.9,87.87,2024-01-01T00:00:00
product_001896,Garden & Outdoor,Garden Tool 1896,5652,7.1,6.4,8.3,62.14,2024-01-01T00:00:00
product_001897,Mobile & Telecom,Connectivity Kit 1897,557,6.8,3.5,5.2,205.79,2024-01-01T00:00:00
product_001898,Fashion,Seasonal Wear 1898,265,8.6,4.1,5.5,101.45,2024-01-01T00:00:00
product_001899,Pet Supplies,Pet Care Item 1899,1357,7.8,4.7,5.5,39.89,2024-01-01T00:00:00
product_001900,Home & Bedding,Home Textile 1900,2916,9.5,6.1,7.4,70.48,2024-01-01T00:00:00
product_001901,Watches & Gifts,Keepsake Item 1901,274,4.2,3.2,4.3,94.69,2024-01-01T00:00:00
product_001902,Mobile & Telecom,Connectivity Kit 1902,423,7.1,4.4,4.0,217.67,2024-01-01T00:00:00
product_001903,Furniture & Decor,Storage Unit 1903,9306,9.0,7.7,11.0,138.6,2024-01-01T00:00:00
product_001904,Home & Bedding,Comfort Item 1904,1990,6.0,5.1,5.1,87.24,2024-01-01T00:00:00
product_001905,Sports & Outdoors,Training Gear 1905,1969,9.9,4.3,6.6,107.36,2024-01-01T00:00:00
product_001906,Office Supplies,Writing Kit 1906,827,8.0,5.1,4.9,38.13,2024-01-01T00:00:00
product_001907,Automotive,Maintenance Kit 1907,2528,9.8,5.6,6.7,131.95,2024-01-01T00:00:00
product_001908,Pet Supplies,Pet Activity Item 1908,1521,7.2,3.8,3.2,33.78,2024-01-01T00:00:00
product_001909,Garden & Outdoor,Outdoor Accessory 1909,1432,7.6,4.8,5.3,123.8,2024-01-01T00:00:00
product_001910,Pet Supplies,Pet Care Item 1910,2703,7.7,6.5,6.3,37.35,2024-01-01T00:00:00
product_001911,Books & Media,Reference Book 1911,223,5.2,3.6,6.0,26.73,2024-01-01T00:00:00
product_001912,Home & Bedding,Comfort Item 1912,1438,7.0,3.9,5.0,50.48,2024-01-01T00:00:00
product_001913,Electronics & Accessories,Charging Kit 1913,1519,4.8,4.5,6.8,137.14,2024-01-01T00:00:00
product_001914,Garden & Outdoor,Garden Tool 1914,1951,6.9,4.1,6.3,109.12,2024-01-01T00:00:00
product_001915,Toys & Games,Activity Set 1915,1414,6.9,4.2,5.6,26.32,2024-01-01T00:00:00
product_001916,Pet Supplies,Pet Care Item 1916,2983,9.1,5.7,7.3,66.81,2024-01-01T00:00:00
product_001917,Baby Products,Nursery Accessory 1917,1217,5.3,3.0,5.0,30.18,2024-01-01T00:00:00
product_001918,Mobile & Telecom,Phone Item 1918,495,5.8,3.7,5.0,87.02,2024-01-01T00:00:00
product_001919,Pet Supplies,Pet Care Item 1919,1829,8.1,4.0,6.0,69.97,2024-01-01T00:00:00
product_001920,Home Goods,Kitchen Item 1920,1352,7.6,4.2,5.0,82.93,2024-01-01T00:00:00
product_001921,Electronics & Accessories,Device Accessory 1921,1524,7.7,4.1,4.9,141.51,2024-01-01T00:00:00
product_001922,Books & Media,Reference Book 1922,513,6.5,3.5,5.9,21.66,2024-01-01T00:00:00
product_001923,Home Goods,Kitchen Item 1923,2471,7.7,5.6,6.3,235.55,2024-01-01T00:00:00
product_001924,Home Goods,Kitchen Item 1924,1320,8.2,4.3,4.1,71.55,2024-01-01T00:00:00
product_001925,Toys & Games,Family Game 1925,1693,6.3,5.2,6.1,31.68,2024-01-01T00:00:00
product_001926,Office Supplies,Desk Set 1926,432,5.4,3.9,4.3,23.74,2024-01-01T00:00:00
product_001927,Pet Supplies,Feeding Set 1927,2100,7.0,3.5,5.6,32.73,2024-01-01T00:00:00
product_001928,Furniture & Decor,Storage Unit 1928,7981,10.6,8.1,11.3,117.65,2024-01-01T00:00:00
product_001929,Watches & Gifts,Timepiece 1929,107,6.5,3.2,4.6,48.17,2024-01-01T00:00:00
product_001930,Office Supplies,Office Organizer 1930,881,4.8,4.2,5.1,25.75,2024-01-01T00:00:00
product_001931,Health & Beauty,Care Set 1931,360,7.4,3.6,5.5,17.63,2024-01-01T00:00:00
product_001932,Mobile & Telecom,Phone Item 1932,1111,7.3,5.0,4.0,120.71,2024-01-01T00:00:00
product_001933,Home Goods,Organization Set 1933,1885,8.1,4.6,6.6,23.63,2024-01-01T00:00:00
product_001934,Watches & Gifts,Timepiece 1934,674,6.2,3.9,6.0,39.03,2024-01-01T00:00:00
product_001935,Fashion,Everyday Apparel 1935,424,7.9,4.5,3.4,40.33,2024-01-01T00:00:00
product_001936,Books & Media,Media Collection 1936,501,7.1,4.1,4.5,20.3,2024-01-01T00:00:00
product_001937,Garden & Outdoor,Planting Set 1937,2802,9.8,4.2,7.3,29.11,2024-01-01T00:00:00
product_001938,Watches & Gifts,Keepsake Item 1938,256,5.0,4.3,3.5,235.85,2024-01-01T00:00:00
product_001939,Office Supplies,Desk Set 1939,1259,7.3,5.6,5.1,26.03,2024-01-01T00:00:00
product_001940,Fashion,Fashion Accessory 1940,167,8.2,4.6,4.2,45.53,2024-01-01T00:00:00
product_001941,Sports & Outdoors,Training Gear 1941,1301,8.9,4.3,4.0,84.62,2024-01-01T00:00:00
product_001942,Home & Bedding,Comfort Item 1942,917,6.9,3.0,3.7,66.3,2024-01-01T00:00:00
product_001943,Baby Products,Feeding Item 1943,514,6.7,4.9,6.5,182.42,2024-01-01T00:00:00
product_001944,Baby Products,Infant Care Item 1944,1186,5.3,3.9,4.7,38.75,2024-01-01T00:00:00
product_001945,Furniture & Decor,Storage Unit 1945,6795,9.0,7.9,7.1,227.81,2024-01-01T00:00:00
product_001946,Toys & Games,Learning Toy 1946,1700,8.7,4.8,6.1,42.74,2024-01-01T00:00:00
product_001947,Mobile & Telecom,Phone Item 1947,1010,7.6,3.7,6.3,261.92,2024-01-01T00:00:00
product_001948,Furniture & Decor,Decor Item 1948,13859,14.1,7.7,11.9,187.89,2024-01-01T00:00:00
product_001949,Automotive,Vehicle Accessory 1949,3820,11.5,5.8,5.9,60.48,2024-01-01T00:00:00
product_001950,Fashion,Fashion Accessory 1950,195,5.3,4.6,5.5,26.44,2024-01-01T00:00:00
product_001951,Garden & Outdoor,Garden Tool 1951,4034,8.4,5.7,8.2,38.94,2024-01-01T00:00:00
product_001952,Fashion,Everyday Apparel 1952,311,7.4,3.6,4.5,47.28,2024-01-01T00:00:00
product_001953,Home & Bedding,Bedding Set 1953,934,5.0,2.9,6.6,52.31,2024-01-01T00:00:00
product_001954,Books & Media,Reference Book 1954,653,6.1,4.1,4.3,21.51,2024-01-01T00:00:00
product_001955,Toys & Games,Activity Set 1955,2197,7.5,5.6,5.3,20.36,2024-01-01T00:00:00
product_001956,Home Goods,Kitchen Item 1956,7869,15.1,6.3,9.4,55.95,2024-01-01T00:00:00
product_001957,Automotive,Travel Item 1957,3412,9.6,6.3,9.0,67.41,2024-01-01T00:00:00
product_001958,Office Supplies,Office Organizer 1958,1665,7.1,4.8,5.0,47.86,2024-01-01T00:00:00
product_001959,Office Supplies,Writing Kit 1959,1067,5.3,3.1,3.6,20.35,2024-01-01T00:00:00
product_001960,Furniture & Decor,Decor Item 1960,3898,8.4,5.8,7.6,251.86,2024-01-01T00:00:00
product_001961,Garden & Outdoor,Outdoor Accessory 1961,1429,7.3,4.5,5.8,56.67,2024-01-01T00:00:00
product_001962,Watches & Gifts,Keepsake Item 1962,294,6.2,3.7,3.2,99.07,2024-01-01T00:00:00
product_001963,Watches & Gifts,Timepiece 1963,50,7.4,4.2,6.7,121.7,2024-01-01T00:00:00
product_001964,Baby Products,Nursery Accessory 1964,850,5.7,2.2,5.1,48.71,2024-01-01T00:00:00
product_001965,Automotive,Maintenance Kit 1965,3940,11.4,7.6,7.7,121.25,2024-01-01T00:00:00
product_001966,Garden & Outdoor,Garden Tool 1966,5707,8.9,7.8,6.5,51.14,2024-01-01T00:00:00
product_001967,Fashion,Seasonal Wear 1967,347,5.6,3.9,5.4,46.04,2024-01-01T00:00:00
product_001968,Baby Products,Infant Care Item 1968,1372,7.6,3.7,4.9,30.0,2024-01-01T00:00:00
product_001969,Books & Media,Reference Book 1969,408,7.7,3.8,4.9,30.53,2024-01-01T00:00:00
product_001970,Home & Bedding,Bedding Set 1970,2502,6.9,6.0,5.5,83.99,2024-01-01T00:00:00
product_001971,Home Goods,Kitchen Item 1971,2294,9.1,4.7,7.2,46.37,2024-01-01T00:00:00
product_001972,Mobile & Telecom,Connectivity Kit 1972,828,6.8,3.7,5.3,148.06,2024-01-01T00:00:00
product_001973,Health & Beauty,Care Set 1973,804,5.5,3.5,3.8,34.44,2024-01-01T00:00:00
product_001974,Books & Media,Learning Guide 1974,228,4.6,4.2,5.5,11.74,2024-01-01T00:00:00
product_001975,Electronics & Accessories,Charging Kit 1975,559,5.7,3.9,6.9,233.82,2024-01-01T00:00:00
product_001976,Home & Bedding,Home Textile 1976,2041,5.7,5.5,5.9,137.06,2024-01-01T00:00:00
product_001977,Pet Supplies,Pet Activity Item 1977,965,6.0,4.4,5.5,20.13,2024-01-01T00:00:00
product_001978,Furniture & Decor,Accent Furniture 1978,6938,15.3,5.3,11.0,184.58,2024-01-01T00:00:00
product_001979,Furniture & Decor,Decor Item 1979,3782,7.5,5.7,8.3,242.09,2024-01-01T00:00:00
product_001980,Fashion,Everyday Apparel 1980,1542,7.2,5.0,5.0,84.72,2024-01-01T00:00:00
product_001981,Books & Media,Media Collection 1981,1491,5.3,3.1,6.4,17.99,2024-01-01T00:00:00
product_001982,Books & Media,Media Collection 1982,310,6.6,2.2,6.1,16.83,2024-01-01T00:00:00
product_001983,Furniture & Decor,Accent Furniture 1983,2777,7.9,4.3,4.9,254.92,2024-01-01T00:00:00
product_001984,Mobile & Telecom,Phone Item 1984,639,6.5,4.1,5.6,129.88,2024-01-01T00:00:00
product_001985,Toys & Games,Activity Set 1985,1107,5.9,4.8,3.7,53.39,2024-01-01T00:00:00
product_001986,Toys & Games,Activity Set 1986,1018,7.2,4.1,4.8,90.26,2024-01-01T00:00:00
product_001987,Office Supplies,Desk Set 1987,1222,7.8,4.1,6.2,46.92,2024-01-01T00:00:00
product_001988,Health & Beauty,Daily Essential 1988,363,5.8,3.1,6.3,25.79,2024-01-01T00:00:00
product_001989,Garden & Outdoor,Outdoor Accessory 1989,1230,6.3,4.2,5.1,35.42,2024-01-01T00:00:00
product_001990,Sports & Outdoors,Training Gear 1990,6725,10.8,8.0,8.1,125.06,2024-01-01T00:00:00
product_001991,Mobile & Telecom,Mobile Accessory 1991,769,5.3,4.9,4.7,235.26,2024-01-01T00:00:00
product_001992,Home Goods,Household Tool 1992,2872,9.7,5.8,6.1,58.28,2024-01-01T00:00:00
product_001993,Sports & Outdoors,Outdoor Kit 1993,2322,7.5,6.6,7.4,69.97,2024-01-01T00:00:00
product_001994,Pet Supplies,Pet Care Item 1994,2185,9.6,5.3,6.8,20.52,2024-01-01T00:00:00
product_001995,Sports & Outdoors,Outdoor Kit 1995,8301,10.5,9.3,10.5,81.03,2024-01-01T00:00:00
product_001996,Fashion,Fashion Accessory 1996,461,5.0,3.0,5.1,71.22,2024-01-01T00:00:00
product_001997,Fashion,Everyday Apparel 1997,248,7.4,3.5,5.8,70.54,2024-01-01T00:00:00
product_001998,Furniture & Decor,Decor Item 1998,4568,8.7,6.0,8.0,116.84,2024-01-01T00:00:00
product_001999,Sports & Outdoors,Training Gear 1999,3123,6.7,5.9,7.5,139.0,2024-01-01T00:00:00
product_002000,Office Supplies,Office Organizer 2000,428,6.4,2.7,3.5,33.69,2024-01-01T00:00:00
product_002001,Home Goods,Kitchen Item 2001,922,6.3,2.6,7.1,33.22,2024-01-01T00:00:00
product_002002,Fashion,Everyday Apparel 2002,427,6.7,3.2,5.0,40.47,2024-01-01T00:00:00
product_002003,Watches & Gifts,Gift Set 2003,273,5.6,2.7,6.7,23.56,2024-01-01T00:00:00
product_002004,Home Goods,Kitchen Item 2004,5406,11.5,7.9,8.3,87.89,2024-01-01T00:00:00
product_002005,Books & Media,Media Collection 2005,845,7.2,3.8,4.3,12.88,2024-01-01T00:00:00
product_002006,Garden & Outdoor,Garden Tool 2006,2312,9.2,4.9,5.4,57.53,2024-01-01T00:00:00
product_002007,Watches & Gifts,Keepsake Item 2007,106,6.9,4.4,5.3,54.15,2024-01-01T00:00:00
product_002008,Pet Supplies,Pet Activity Item 2008,1540,7.0,4.8,5.1,63.18,2024-01-01T00:00:00
product_002009,Electronics & Accessories,Device Accessory 2009,1071,6.2,3.6,5.9,266.92,2024-01-01T00:00:00
product_002010,Electronics & Accessories,Device Accessory 2010,410,7.0,3.4,4.7,114.8,2024-01-01T00:00:00
product_002011,Sports & Outdoors,Fitness Item 2011,974,5.7,4.1,6.4,36.12,2024-01-01T00:00:00
product_002012,Sports & Outdoors,Fitness Item 2012,2369,6.2,4.0,6.4,70.1,2024-01-01T00:00:00
product_002013,Electronics & Accessories,Audio Item 2013,508,6.6,3.9,4.7,217.22,2024-01-01T00:00:00
product_002014,Office Supplies,Desk Set 2014,885,5.5,3.4,5.1,22.21,2024-01-01T00:00:00
product_002015,Baby Products,Feeding Item 2015,1555,8.1,3.6,4.3,74.59,2024-01-01T00:00:00
product_002016,Books & Media,Learning Guide 2016,403,6.7,2.5,4.6,19.19,2024-01-01T00:00:00
product_002017,Toys & Games,Family Game 2017,916,5.7,3.1,3.8,79.31,2024-01-01T00:00:00
product_002018,Garden & Outdoor,Outdoor Accessory 2018,5722,11.0,7.5,8.2,35.01,2024-01-01T00:00:00
product_002019,Furniture & Decor,Decor Item 2019,8145,10.9,6.8,9.6,175.13,2024-01-01T00:00:00
product_002020,Watches & Gifts,Keepsake Item 2020,526,6.6,5.0,5.8,37.1,2024-01-01T00:00:00
product_002021,Garden & Outdoor,Garden Tool 2021,4066,10.9,3.1,4.2,34.87,2024-01-01T00:00:00
product_002022,Sports & Outdoors,Fitness Item 2022,3571,6.1,6.2,7.4,100.73,2024-01-01T00:00:00
product_002023,Home & Bedding,Home Textile 2023,1279,6.0,5.2,6.9,59.6,2024-01-01T00:00:00
product_002024,Fashion,Seasonal Wear 2024,640,6.2,4.2,4.2,141.17,2024-01-01T00:00:00
product_002025,Pet Supplies,Pet Care Item 2025,1143,6.2,3.1,3.8,95.55,2024-01-01T00:00:00
product_002026,Home Goods,Organization Set 2026,2775,7.9,6.4,5.4,80.82,2024-01-01T00:00:00
product_002027,Garden & Outdoor,Garden Tool 2027,3841,9.6,6.7,9.9,54.11,2024-01-01T00:00:00
product_002028,Home Goods,Kitchen Item 2028,857,7.8,3.8,5.3,37.26,2024-01-01T00:00:00
product_002029,Electronics & Accessories,Device Accessory 2029,1562,7.5,4.7,6.8,329.23,2024-01-01T00:00:00
product_002030,Baby Products,Infant Care Item 2030,3565,10.6,5.6,6.7,63.73,2024-01-01T00:00:00
product_002031,Sports & Outdoors,Training Gear 2031,950,7.3,5.0,3.4,96.34,2024-01-01T00:00:00
product_002032,Office Supplies,Writing Kit 2032,463,5.9,5.4,5.1,42.35,2024-01-01T00:00:00
product_002033,Baby Products,Feeding Item 2033,2036,7.7,4.3,6.4,34.8,2024-01-01T00:00:00
product_002034,Office Supplies,Desk Set 2034,892,6.6,3.2,4.5,32.87,2024-01-01T00:00:00
product_002035,Home Goods,Organization Set 2035,3729,10.7,7.8,5.2,78.93,2024-01-01T00:00:00
product_002036,Garden & Outdoor,Planting Set 2036,2991,10.0,5.1,7.6,86.02,2024-01-01T00:00:00
product_002037,Baby Products,Nursery Accessory 2037,981,7.2,4.1,5.2,113.6,2024-01-01T00:00:00
product_002038,Home Goods,Organization Set 2038,4286,7.9,6.4,7.9,27.16,2024-01-01T00:00:00
product_002039,Pet Supplies,Feeding Set 2039,1180,7.3,5.0,6.1,40.03,2024-01-01T00:00:00
product_002040,Baby Products,Nursery Accessory 2040,577,6.1,3.1,5.0,109.69,2024-01-01T00:00:00
product_002041,Sports & Outdoors,Fitness Item 2041,2113,8.3,5.6,6.5,51.39,2024-01-01T00:00:00
product_002042,Mobile & Telecom,Connectivity Kit 2042,432,7.9,3.5,5.4,314.86,2024-01-01T00:00:00
product_002043,Pet Supplies,Pet Activity Item 2043,651,6.9,4.2,5.5,55.95,2024-01-01T00:00:00
product_002044,Mobile & Telecom,Mobile Accessory 2044,666,5.2,3.9,4.1,213.11,2024-01-01T00:00:00
product_002045,Mobile & Telecom,Mobile Accessory 2045,445,5.6,3.5,4.7,603.3,2024-01-01T00:00:00
product_002046,Sports & Outdoors,Training Gear 2046,1481,9.9,4.5,5.1,109.91,2024-01-01T00:00:00
product_002047,Home & Bedding,Comfort Item 2047,2604,7.7,5.4,7.2,24.8,2024-01-01T00:00:00
product_002048,Baby Products,Infant Care Item 2048,720,6.0,4.1,4.6,46.53,2024-01-01T00:00:00
product_002049,Mobile & Telecom,Connectivity Kit 2049,819,6.8,4.0,4.0,77.16,2024-01-01T00:00:00
product_002050,Mobile & Telecom,Phone Item 2050,644,7.3,3.7,4.8,200.98,2024-01-01T00:00:00
product_002051,Health & Beauty,Care Set 2051,484,4.7,4.2,5.8,55.45,2024-01-01T00:00:00
product_002052,Garden & Outdoor,Outdoor Accessory 2052,2803,9.0,4.8,7.0,103.16,2024-01-01T00:00:00
product_002053,Fashion,Everyday Apparel 2053,169,8.3,4.7,4.3,42.39,2024-01-01T00:00:00
product_002054,Fashion,Seasonal Wear 2054,933,6.6,4.7,4.4,192.62,2024-01-01T00:00:00
product_002055,Home Goods,Kitchen Item 2055,969,7.6,4.3,4.4,36.93,2024-01-01T00:00:00
product_002056,Health & Beauty,Wellness Item 2056,332,5.5,4.1,4.5,36.8,2024-01-01T00:00:00
product_002057,Garden & Outdoor,Planting Set 2057,3690,10.8,5.6,8.3,34.25,2024-01-01T00:00:00
product_002058,Books & Media,Media Collection 2058,375,6.8,4.7,5.5,29.29,2024-01-01T00:00:00
product_002059,Health & Beauty,Wellness Item 2059,319,5.9,4.7,5.1,39.14,2024-01-01T00:00:00
product_002060,Fashion,Fashion Accessory 2060,536,6.1,4.6,3.2,26.0,2024-01-01T00:00:00
product_002061,Mobile & Telecom,Mobile Accessory 2061,643,5.2,3.1,4.6,138.7,2024-01-01T00:00:00
product_002062,Home & Bedding,Comfort Item 2062,969,6.9,4.9,6.4,101.02,2024-01-01T00:00:00
product_002063,Electronics & Accessories,Device Accessory 2063,321,7.3,4.4,5.5,411.47,2024-01-01T00:00:00
product_002064,Baby Products,Feeding Item 2064,1730,7.1,5.0,7.9,57.62,2024-01-01T00:00:00
product_002065,Sports & Outdoors,Training Gear 2065,1293,7.8,3.0,5.6,77.6,2024-01-01T00:00:00
product_002066,Furniture & Decor,Storage Unit 2066,5980,9.0,9.0,7.2,169.32,2024-01-01T00:00:00
product_002067,Electronics & Accessories,Audio Item 2067,831,6.2,4.6,5.6,169.52,2024-01-01T00:00:00
product_002068,Toys & Games,Activity Set 2068,493,7.5,3.4,5.1,12.45,2024-01-01T00:00:00
product_002069,Health & Beauty,Daily Essential 2069,437,5.3,4.3,5.9,27.47,2024-01-01T00:00:00
product_002070,Watches & Gifts,Keepsake Item 2070,797,6.9,4.0,5.0,149.67,2024-01-01T00:00:00
product_002071,Pet Supplies,Feeding Set 2071,1518,6.3,4.4,4.8,45.77,2024-01-01T00:00:00
product_002072,Garden & Outdoor,Garden Tool 2072,5141,8.3,8.7,8.1,85.71,2024-01-01T00:00:00
product_002073,Books & Media,Learning Guide 2073,389,4.0,4.1,4.9,21.11,2024-01-01T00:00:00
product_002074,Pet Supplies,Pet Care Item 2074,593,7.3,3.8,6.6,71.06,2024-01-01T00:00:00
product_002075,Garden & Outdoor,Garden Tool 2075,2594,5.6,6.2,6.9,93.61,2024-01-01T00:00:00
product_002076,Garden & Outdoor,Planting Set 2076,10414,12.9,7.5,8.2,91.69,2024-01-01T00:00:00
product_002077,Sports & Outdoors,Fitness Item 2077,3426,6.0,7.3,5.9,107.17,2024-01-01T00:00:00
product_002078,Automotive,Maintenance Kit 2078,2814,11.1,5.4,6.1,31.6,2024-01-01T00:00:00
product_002079,Pet Supplies,Pet Care Item 2079,368,7.7,3.7,5.1,29.24,2024-01-01T00:00:00
product_002080,Automotive,Travel Item 2080,1963,7.9,4.1,5.0,92.62,2024-01-01T00:00:00
product_002081,Fashion,Seasonal Wear 2081,575,6.1,3.8,4.6,75.21,2024-01-01T00:00:00
product_002082,Garden & Outdoor,Planting Set 2082,1501,6.7,4.5,5.1,65.57,2024-01-01T00:00:00
product_002083,Fashion,Seasonal Wear 2083,362,5.2,4.0,4.7,43.25,2024-01-01T00:00:00
product_002084,Baby Products,Nursery Accessory 2084,1783,7.2,5.1,7.3,63.61,2024-01-01T00:00:00
product_002085,Watches & Gifts,Timepiece 2085,578,5.7,5.3,5.3,100.51,2024-01-01T00:00:00
product_002086,Electronics & Accessories,Device Accessory 2086,1845,9.2,3.5,6.7,115.65,2024-01-01T00:00:00
product_002087,Toys & Games,Learning Toy 2087,966,5.5,3.2,5.3,96.92,2024-01-01T00:00:00
product_002088,Electronics & Accessories,Device Accessory 2088,1067,6.6,3.8,4.1,366.69,2024-01-01T00:00:00
product_002089,Furniture & Decor,Decor Item 2089,12969,15.3,10.6,11.5,298.4,2024-01-01T00:00:00
product_002090,Home Goods,Kitchen Item 2090,1351,7.3,4.9,6.0,29.69,2024-01-01T00:00:00
product_002091,Health & Beauty,Daily Essential 2091,570,6.5,3.8,5.1,7.0,2024-01-01T00:00:00
product_002092,Pet Supplies,Pet Care Item 2092,2091,8.1,6.2,4.7,48.35,2024-01-01T00:00:00
product_002093,Pet Supplies,Feeding Set 2093,915,6.1,4.1,6.5,56.29,2024-01-01T00:00:00
product_002094,Home Goods,Kitchen Item 2094,4300,9.9,4.1,9.5,28.76,2024-01-01T00:00:00
product_002095,Pet Supplies,Pet Activity Item 2095,2095,6.3,4.1,5.7,32.59,2024-01-01T00:00:00
product_002096,Home & Bedding,Bedding Set 2096,841,8.2,5.5,5.0,62.72,2024-01-01T00:00:00
product_002097,Home & Bedding,Comfort Item 2097,5494,10.5,6.1,8.2,64.04,2024-01-01T00:00:00
product_002098,Home & Bedding,Home Textile 2098,6319,12.2,8.2,9.6,77.16,2024-01-01T00:00:00
product_002099,Home & Bedding,Bedding Set 2099,610,6.2,3.8,4.8,71.25,2024-01-01T00:00:00
product_002100,Automotive,Vehicle Accessory 2100,3336,8.9,6.2,5.7,65.86,2024-01-01T00:00:00
product_002101,Mobile & Telecom,Connectivity Kit 2101,1450,6.8,4.5,5.6,87.27,2024-01-01T00:00:00
product_002102,Home Goods,Organization Set 2102,1468,7.5,5.1,5.1,58.8,2024-01-01T00:00:00
product_002103,Garden & Outdoor,Planting Set 2103,12307,14.2,8.4,11.0,200.18,2024-01-01T00:00:00
product_002104,Sports & Outdoors,Training Gear 2104,3775,7.6,6.3,8.9,126.93,2024-01-01T00:00:00
product_002105,Home & Bedding,Home Textile 2105,6385,11.1,5.7,8.2,78.19,2024-01-01T00:00:00
product_002106,Fashion,Everyday Apparel 2106,573,5.4,3.2,5.2,77.47,2024-01-01T00:00:00
product_002107,Pet Supplies,Pet Activity Item 2107,709,5.7,3.1,3.7,59.1,2024-01-01T00:00:00
product_002108,Fashion,Everyday Apparel 2108,199,7.6,4.1,3.8,50.42,2024-01-01T00:00:00
product_002109,Fashion,Fashion Accessory 2109,442,5.2,5.1,4.8,87.12,2024-01-01T00:00:00
product_002110,Automotive,Vehicle Accessory 2110,3622,10.1,5.1,6.8,91.94,2024-01-01T00:00:00
product_002111,Fashion,Fashion Accessory 2111,247,7.7,3.3,3.2,88.23,2024-01-01T00:00:00
product_002112,Home & Bedding,Comfort Item 2112,3603,10.1,5.5,6.1,29.64,2024-01-01T00:00:00
product_002113,Fashion,Fashion Accessory 2113,203,6.0,3.6,4.9,40.3,2024-01-01T00:00:00
product_002114,Electronics & Accessories,Audio Item 2114,1447,6.7,3.9,6.9,481.26,2024-01-01T00:00:00
product_002115,Electronics & Accessories,Charging Kit 2115,564,5.8,5.3,5.4,338.57,2024-01-01T00:00:00
product_002116,Office Supplies,Office Organizer 2116,1492,8.7,4.0,6.3,28.46,2024-01-01T00:00:00
product_002117,Home & Bedding,Bedding Set 2117,3207,10.1,5.5,7.6,73.21,2024-01-01T00:00:00
product_002118,Fashion,Fashion Accessory 2118,308,6.9,4.1,4.2,169.89,2024-01-01T00:00:00
product_002119,Health & Beauty,Wellness Item 2119,271,5.5,4.2,5.3,53.56,2024-01-01T00:00:00
product_002120,Baby Products,Nursery Accessory 2120,628,5.2,3.1,4.1,30.9,2024-01-01T00:00:00
product_002121,Garden & Outdoor,Garden Tool 2121,5385,9.9,6.0,7.6,99.81,2024-01-01T00:00:00
product_002122,Watches & Gifts,Gift Set 2122,415,6.5,4.3,4.6,54.57,2024-01-01T00:00:00
product_002123,Fashion,Seasonal Wear 2123,562,4.6,4.8,6.4,46.91,2024-01-01T00:00:00
product_002124,Toys & Games,Activity Set 2124,811,5.6,3.3,3.6,89.94,2024-01-01T00:00:00
product_002125,Watches & Gifts,Timepiece 2125,460,6.3,4.3,6.4,112.44,2024-01-01T00:00:00
product_002126,Home Goods,Household Tool 2126,840,5.5,3.3,3.9,62.42,2024-01-01T00:00:00
product_002127,Health & Beauty,Care Set 2127,236,8.0,5.6,4.6,14.73,2024-01-01T00:00:00
product_002128,Furniture & Decor,Storage Unit 2128,12290,12.1,7.9,10.8,213.29,2024-01-01T00:00:00
product_002129,Automotive,Travel Item 2129,4058,10.3,8.2,9.0,69.12,2024-01-01T00:00:00
product_002130,Toys & Games,Learning Toy 2130,684,6.9,4.8,5.8,77.55,2024-01-01T00:00:00
product_002131,Books & Media,Reference Book 2131,2069,7.6,4.6,6.6,22.61,2024-01-01T00:00:00
product_002132,Toys & Games,Family Game 2132,916,4.2,2.6,4.0,56.34,2024-01-01T00:00:00
product_002133,Garden & Outdoor,Garden Tool 2133,2939,10.8,3.9,8.6,64.59,2024-01-01T00:00:00
product_002134,Toys & Games,Family Game 2134,1536,6.7,4.8,5.1,44.91,2024-01-01T00:00:00
product_002135,Electronics & Accessories,Device Accessory 2135,863,5.0,3.2,5.7,89.6,2024-01-01T00:00:00
product_002136,Watches & Gifts,Keepsake Item 2136,213,5.1,3.3,6.1,136.23,2024-01-01T00:00:00
product_002137,Fashion,Everyday Apparel 2137,421,5.0,3.7,6.7,32.18,2024-01-01T00:00:00
product_002138,Fashion,Fashion Accessory 2138,332,5.6,4.9,5.5,108.93,2024-01-01T00:00:00
product_002139,Mobile & Telecom,Mobile Accessory 2139,722,5.5,4.2,4.0,146.61,2024-01-01T00:00:00
product_002140,Garden & Outdoor,Garden Tool 2140,3815,9.6,7.7,7.2,132.3,2024-01-01T00:00:00
product_002141,Watches & Gifts,Timepiece 2141,162,6.2,4.6,4.7,32.43,2024-01-01T00:00:00
product_002142,Fashion,Seasonal Wear 2142,508,6.8,4.0,3.8,58.3,2024-01-01T00:00:00
product_002143,Watches & Gifts,Gift Set 2143,388,6.8,4.9,5.3,262.76,2024-01-01T00:00:00
product_002144,Sports & Outdoors,Fitness Item 2144,2086,7.0,4.8,5.8,34.86,2024-01-01T00:00:00
product_002145,Automotive,Vehicle Accessory 2145,4409,7.2,4.4,6.5,82.13,2024-01-01T00:00:00
product_002146,Automotive,Maintenance Kit 2146,2833,11.3,6.6,7.5,83.68,2024-01-01T00:00:00
product_002147,Baby Products,Feeding Item 2147,1268,7.0,4.3,5.0,170.73,2024-01-01T00:00:00
product_002148,Automotive,Travel Item 2148,5238,10.7,6.0,8.0,112.27,2024-01-01T00:00:00
product_002149,Toys & Games,Activity Set 2149,212,6.2,4.3,4.5,56.88,2024-01-01T00:00:00
product_002150,Toys & Games,Learning Toy 2150,829,7.2,4.1,6.1,27.63,2024-01-01T00:00:00
product_002151,Pet Supplies,Pet Activity Item 2151,848,7.4,4.4,4.3,53.28,2024-01-01T00:00:00
product_002152,Pet Supplies,Feeding Set 2152,2086,5.9,6.3,5.6,65.52,2024-01-01T00:00:00
product_002153,Sports & Outdoors,Training Gear 2153,1985,7.4,5.1,6.1,50.88,2024-01-01T00:00:00
product_002154,Sports & Outdoors,Outdoor Kit 2154,1813,7.3,5.6,6.2,251.06,2024-01-01T00:00:00
product_002155,Watches & Gifts,Timepiece 2155,588,5.6,3.4,4.6,192.69,2024-01-01T00:00:00
product_002156,Baby Products,Infant Care Item 2156,1197,7.0,2.8,5.5,69.83,2024-01-01T00:00:00
product_002157,Fashion,Everyday Apparel 2157,772,5.6,5.4,6.0,113.07,2024-01-01T00:00:00
product_002158,Home & Bedding,Bedding Set 2158,1380,4.2,5.2,6.3,94.67,2024-01-01T00:00:00
product_002159,Fashion,Everyday Apparel 2159,257,6.2,3.6,4.5,61.27,2024-01-01T00:00:00
product_002160,Home & Bedding,Bedding Set 2160,3859,9.8,6.2,7.0,144.53,2024-01-01T00:00:00
product_002161,Health & Beauty,Daily Essential 2161,626,5.8,4.5,5.1,30.5,2024-01-01T00:00:00
product_002162,Toys & Games,Activity Set 2162,887,7.1,3.7,5.3,39.13,2024-01-01T00:00:00
product_002163,Watches & Gifts,Gift Set 2163,78,7.3,4.6,3.1,328.51,2024-01-01T00:00:00
product_002164,Watches & Gifts,Gift Set 2164,357,7.1,3.4,5.8,79.79,2024-01-01T00:00:00
product_002165,Sports & Outdoors,Fitness Item 2165,665,6.4,3.7,5.5,16.25,2024-01-01T00:00:00
product_002166,Home Goods,Organization Set 2166,3695,10.9,6.3,6.4,43.99,2024-01-01T00:00:00
product_002167,Mobile & Telecom,Phone Item 2167,327,6.5,3.5,4.7,277.34,2024-01-01T00:00:00
product_002168,Home Goods,Organization Set 2168,3003,9.1,7.2,6.8,168.47,2024-01-01T00:00:00
product_002169,Automotive,Maintenance Kit 2169,1724,8.1,3.2,4.7,40.21,2024-01-01T00:00:00
product_002170,Baby Products,Infant Care Item 2170,1385,7.6,4.7,4.0,85.44,2024-01-01T00:00:00
product_002171,Furniture & Decor,Storage Unit 2171,5930,10.6,7.1,7.7,77.86,2024-01-01T00:00:00
product_002172,Furniture & Decor,Decor Item 2172,20962,19.3,10.8,16.7,304.41,2024-01-01T00:00:00
product_002173,Home & Bedding,Home Textile 2173,1833,8.6,4.0,7.3,91.69,2024-01-01T00:00:00
product_002174,Fashion,Seasonal Wear 2174,273,7.4,4.1,5.0,167.48,2024-01-01T00:00:00
product_002175,Health & Beauty,Daily Essential 2175,325,6.3,4.4,4.6,26.4,2024-01-01T00:00:00
product_002176,Furniture & Decor,Decor Item 2176,11830,16.1,10.0,11.8,122.71,2024-01-01T00:00:00
product_002177,Home & Bedding,Home Textile 2177,1364,6.7,2.8,5.3,67.35,2024-01-01T00:00:00
product_002178,Baby Products,Feeding Item 2178,960,5.8,3.2,5.5,58.77,2024-01-01T00:00:00
product_002179,Home & Bedding,Bedding Set 2179,1479,4.6,5.9,5.4,30.29,2024-01-01T00:00:00
product_002180,Home & Bedding,Home Textile 2180,1386,6.9,4.9,6.4,56.85,2024-01-01T00:00:00
product_002181,Toys & Games,Activity Set 2181,1278,7.9,4.5,5.9,56.08,2024-01-01T00:00:00
product_002182,Home & Bedding,Bedding Set 2182,1398,7.1,4.0,5.2,155.71,2024-01-01T00:00:00
product_002183,Health & Beauty,Wellness Item 2183,513,7.3,3.9,5.5,20.71,2024-01-01T00:00:00
product_002184,Garden & Outdoor,Garden Tool 2184,4931,11.2,8.7,7.3,46.64,2024-01-01T00:00:00
product_002185,Garden & Outdoor,Planting Set 2185,1848,7.5,4.4,6.6,26.66,2024-01-01T00:00:00
product_002186,Mobile & Telecom,Phone Item 2186,464,5.0,4.6,4.6,138.22,2024-01-01T00:00:00
product_002187,Fashion,Fashion Accessory 2187,705,4.5,4.4,6.1,95.23,2024-01-01T00:00:00
product_002188,Electronics & Accessories,Device Accessory 2188,852,6.6,2.9,5.4,159.33,2024-01-01T00:00:00
product_002189,Electronics & Accessories,Audio Item 2189,676,5.6,4.7,4.9,108.5,2024-01-01T00:00:00
product_002190,Pet Supplies,Feeding Set 2190,1397,6.9,4.2,4.9,12.78,2024-01-01T00:00:00
product_002191,Watches & Gifts,Keepsake Item 2191,143,6.3,3.3,5.3,26.72,2024-01-01T00:00:00
product_002192,Books & Media,Reference Book 2192,722,6.0,4.0,4.0,34.65,2024-01-01T00:00:00
product_002193,Watches & Gifts,Timepiece 2193,138,7.8,4.5,5.2,66.95,2024-01-01T00:00:00
product_002194,Pet Supplies,Pet Care Item 2194,1805,9.0,5.5,7.1,42.26,2024-01-01T00:00:00
product_002195,Home & Bedding,Comfort Item 2195,2018,6.5,3.9,6.0,133.09,2024-01-01T00:00:00
product_002196,Fashion,Seasonal Wear 2196,989,7.0,4.3,6.5,80.98,2024-01-01T00:00:00
product_002197,Home Goods,Household Tool 2197,1806,7.0,4.9,5.4,71.34,2024-01-01T00:00:00
product_002198,Toys & Games,Learning Toy 2198,1382,5.1,5.3,6.7,50.36,2024-01-01T00:00:00
product_002199,Baby Products,Feeding Item 2199,1305,5.6,2.3,6.4,19.28,2024-01-01T00:00:00
product_002200,Books & Media,Learning Guide 2200,221,6.4,3.2,5.5,22.56,2024-01-01T00:00:00
product_002201,Home Goods,Organization Set 2201,768,5.5,4.3,5.4,51.55,2024-01-01T00:00:00
product_002202,Office Supplies,Writing Kit 2202,1006,6.9,4.4,4.7,21.94,2024-01-01T00:00:00
product_002203,Office Supplies,Writing Kit 2203,614,4.0,4.3,3.9,25.01,2024-01-01T00:00:00
product_002204,Baby Products,Infant Care Item 2204,915,4.5,4.5,6.8,59.85,2024-01-01T00:00:00
product_002205,Toys & Games,Learning Toy 2205,1005,5.6,3.8,4.3,40.96,2024-01-01T00:00:00
product_002206,Sports & Outdoors,Training Gear 2206,4752,10.1,6.3,7.6,51.84,2024-01-01T00:00:00
product_002207,Watches & Gifts,Gift Set 2207,91,7.5,3.4,4.4,106.93,2024-01-01T00:00:00
product_002208,Furniture & Decor,Accent Furniture 2208,8252,13.0,8.3,9.0,428.22,2024-01-01T00:00:00
product_002209,Books & Media,Learning Guide 2209,155,7.3,4.1,6.1,21.64,2024-01-01T00:00:00
product_002210,Pet Supplies,Pet Care Item 2210,1746,6.8,4.1,5.7,15.39,2024-01-01T00:00:00
product_002211,Office Supplies,Writing Kit 2211,221,6.8,4.9,4.3,36.47,2024-01-01T00:00:00
product_002212,Books & Media,Learning Guide 2212,251,5.9,4.7,5.0,39.56,2024-01-01T00:00:00
product_002213,Garden & Outdoor,Outdoor Accessory 2213,5002,10.7,7.0,6.8,203.83,2024-01-01T00:00:00
product_002214,Office Supplies,Desk Set 2214,2257,9.9,5.6,8.7,8.91,2024-01-01T00:00:00
product_002215,Office Supplies,Office Organizer 2215,497,5.3,5.7,5.0,19.56,2024-01-01T00:00:00
product_002216,Watches & Gifts,Keepsake Item 2216,827,6.2,3.8,5.5,82.86,2024-01-01T00:00:00
product_002217,Mobile & Telecom,Mobile Accessory 2217,614,7.0,4.5,4.0,361.27,2024-01-01T00:00:00
product_002218,Electronics & Accessories,Audio Item 2218,554,7.8,3.2,6.2,193.48,2024-01-01T00:00:00
product_002219,Electronics & Accessories,Charging Kit 2219,1077,5.1,4.8,6.8,151.75,2024-01-01T00:00:00
product_002220,Sports & Outdoors,Fitness Item 2220,4329,12.5,4.9,8.4,34.69,2024-01-01T00:00:00
product_002221,Office Supplies,Office Organizer 2221,939,7.0,2.6,4.5,30.49,2024-01-01T00:00:00
product_002222,Home & Bedding,Bedding Set 2222,1152,6.9,3.6,5.4,104.14,2024-01-01T00:00:00
product_002223,Garden & Outdoor,Outdoor Accessory 2223,15291,15.9,11.8,10.4,95.45,2024-01-01T00:00:00
product_002224,Automotive,Travel Item 2224,3634,11.3,5.9,7.4,151.8,2024-01-01T00:00:00
product_002225,Automotive,Vehicle Accessory 2225,6184,9.0,7.7,8.1,78.07,2024-01-01T00:00:00
product_002226,Baby Products,Feeding Item 2226,923,6.4,4.3,6.0,57.26,2024-01-01T00:00:00
product_002227,Fashion,Everyday Apparel 2227,330,5.7,4.5,6.1,63.95,2024-01-01T00:00:00
product_002228,Watches & Gifts,Gift Set 2228,527,7.1,3.4,3.8,299.65,2024-01-01T00:00:00
product_002229,Furniture & Decor,Decor Item 2229,11107,14.6,8.6,10.6,185.59,2024-01-01T00:00:00
product_002230,Watches & Gifts,Keepsake Item 2230,111,5.6,4.1,4.4,155.72,2024-01-01T00:00:00
product_002231,Mobile & Telecom,Phone Item 2231,864,8.4,4.2,6.1,105.55,2024-01-01T00:00:00
product_002232,Toys & Games,Learning Toy 2232,1241,8.8,3.6,3.6,54.32,2024-01-01T00:00:00
product_002233,Watches & Gifts,Timepiece 2233,229,6.2,4.3,4.3,90.63,2024-01-01T00:00:00
product_002234,Electronics & Accessories,Audio Item 2234,692,6.4,4.0,4.5,139.32,2024-01-01T00:00:00
product_002235,Home Goods,Kitchen Item 2235,3213,9.3,5.5,5.3,58.18,2024-01-01T00:00:00
product_002236,Pet Supplies,Pet Activity Item 2236,1296,7.7,4.4,5.2,58.64,2024-01-01T00:00:00
product_002237,Sports & Outdoors,Fitness Item 2237,1590,8.2,4.1,5.3,48.74,2024-01-01T00:00:00
product_002238,Mobile & Telecom,Mobile Accessory 2238,839,6.4,4.0,5.3,167.77,2024-01-01T00:00:00
product_002239,Baby Products,Nursery Accessory 2239,1260,7.4,4.4,4.2,81.36,2024-01-01T00:00:00
product_002240,Home Goods,Household Tool 2240,1630,6.1,5.0,7.1,90.41,2024-01-01T00:00:00
product_002241,Books & Media,Learning Guide 2241,179,6.0,4.3,4.3,14.33,2024-01-01T00:00:00
product_002242,Toys & Games,Learning Toy 2242,1679,6.3,3.9,6.5,39.96,2024-01-01T00:00:00
product_002243,Mobile & Telecom,Connectivity Kit 2243,350,7.1,4.2,4.4,75.68,2024-01-01T00:00:00
product_002244,Automotive,Travel Item 2244,7989,9.0,8.5,9.7,95.83,2024-01-01T00:00:00
product_002245,Office Supplies,Writing Kit 2245,840,9.2,2.4,3.6,21.45,2024-01-01T00:00:00
product_002246,Mobile & Telecom,Connectivity Kit 2246,642,6.4,4.2,4.2,82.09,2024-01-01T00:00:00
product_002247,Office Supplies,Desk Set 2247,2172,9.0,5.3,3.5,19.74,2024-01-01T00:00:00
product_002248,Sports & Outdoors,Fitness Item 2248,11390,15.9,11.4,9.3,47.09,2024-01-01T00:00:00
product_002249,Sports & Outdoors,Training Gear 2249,3074,9.2,6.9,6.5,81.19,2024-01-01T00:00:00
product_002250,Home & Bedding,Bedding Set 2250,984,5.4,4.0,4.8,22.88,2024-01-01T00:00:00
product_002251,Books & Media,Learning Guide 2251,364,6.0,3.5,5.6,28.66,2024-01-01T00:00:00
product_002252,Watches & Gifts,Gift Set 2252,234,5.1,4.0,4.4,74.92,2024-01-01T00:00:00
product_002253,Fashion,Seasonal Wear 2253,845,4.5,3.6,5.8,67.83,2024-01-01T00:00:00
product_002254,Watches & Gifts,Gift Set 2254,183,5.4,3.8,4.9,42.97,2024-01-01T00:00:00
product_002255,Watches & Gifts,Gift Set 2255,321,6.3,4.7,5.9,103.0,2024-01-01T00:00:00
product_002256,Electronics & Accessories,Charging Kit 2256,1372,8.6,4.3,4.3,230.3,2024-01-01T00:00:00
product_002257,Office Supplies,Office Organizer 2257,720,8.1,5.4,6.8,21.23,2024-01-01T00:00:00
product_002258,Electronics & Accessories,Device Accessory 2258,538,6.7,3.4,3.6,219.42,2024-01-01T00:00:00
product_002259,Health & Beauty,Care Set 2259,489,5.3,3.1,6.8,19.71,2024-01-01T00:00:00
product_002260,Mobile & Telecom,Mobile Accessory 2260,528,5.9,4.7,3.4,144.22,2024-01-01T00:00:00
product_002261,Pet Supplies,Pet Activity Item 2261,1341,6.5,3.6,5.3,30.82,2024-01-01T00:00:00
product_002262,Home Goods,Organization Set 2262,2032,8.0,5.1,7.1,66.07,2024-01-01T00:00:00
product_002263,Electronics & Accessories,Audio Item 2263,492,8.9,4.5,4.7,217.8,2024-01-01T00:00:00
product_002264,Electronics & Accessories,Charging Kit 2264,618,5.9,4.5,5.2,117.59,2024-01-01T00:00:00
product_002265,Mobile & Telecom,Mobile Accessory 2265,314,6.4,4.0,6.0,221.18,2024-01-01T00:00:00
product_002266,Baby Products,Infant Care Item 2266,792,6.5,4.9,5.1,74.3,2024-01-01T00:00:00
product_002267,Pet Supplies,Pet Care Item 2267,1955,6.9,5.0,6.6,26.71,2024-01-01T00:00:00
product_002268,Baby Products,Feeding Item 2268,754,6.2,4.2,5.7,23.31,2024-01-01T00:00:00
product_002269,Electronics & Accessories,Audio Item 2269,820,6.7,3.7,5.3,132.04,2024-01-01T00:00:00
product_002270,Toys & Games,Activity Set 2270,434,6.1,3.9,6.6,40.49,2024-01-01T00:00:00
product_002271,Pet Supplies,Pet Activity Item 2271,1587,7.7,3.7,5.9,35.49,2024-01-01T00:00:00
product_002272,Pet Supplies,Pet Activity Item 2272,745,6.8,4.2,4.8,42.51,2024-01-01T00:00:00
product_002273,Electronics & Accessories,Charging Kit 2273,1669,6.6,4.9,6.2,388.5,2024-01-01T00:00:00
product_002274,Sports & Outdoors,Outdoor Kit 2274,6049,13.6,5.6,8.1,116.34,2024-01-01T00:00:00
product_002275,Books & Media,Reference Book 2275,217,5.2,4.1,5.0,27.07,2024-01-01T00:00:00
product_002276,Automotive,Vehicle Accessory 2276,9897,12.8,9.0,9.3,62.57,2024-01-01T00:00:00
product_002277,Furniture & Decor,Decor Item 2277,2185,6.9,4.7,7.0,266.61,2024-01-01T00:00:00
product_002278,Toys & Games,Family Game 2278,1764,6.5,5.4,7.8,18.86,2024-01-01T00:00:00
product_002279,Toys & Games,Family Game 2279,1059,6.7,4.2,5.9,63.35,2024-01-01T00:00:00
product_002280,Home Goods,Organization Set 2280,2394,9.7,4.4,5.9,62.48,2024-01-01T00:00:00
product_002281,Garden & Outdoor,Outdoor Accessory 2281,1247,7.4,4.5,5.9,139.81,2024-01-01T00:00:00
product_002282,Automotive,Vehicle Accessory 2282,2151,7.5,4.7,6.7,56.36,2024-01-01T00:00:00
product_002283,Sports & Outdoors,Outdoor Kit 2283,4132,6.4,5.1,7.5,40.27,2024-01-01T00:00:00
product_002284,Baby Products,Nursery Accessory 2284,1209,7.4,4.3,5.1,41.66,2024-01-01T00:00:00
product_002285,Electronics & Accessories,Charging Kit 2285,951,6.4,3.7,6.3,401.39,2024-01-01T00:00:00
product_002286,Pet Supplies,Pet Care Item 2286,3752,9.4,6.3,5.4,58.88,2024-01-01T00:00:00
product_002287,Garden & Outdoor,Garden Tool 2287,3212,12.4,5.1,6.1,65.91,2024-01-01T00:00:00
product_002288,Fashion,Everyday Apparel 2288,237,4.7,4.8,4.4,159.93,2024-01-01T00:00:00
product_002289,Home & Bedding,Comfort Item 2289,1299,6.8,2.9,4.7,46.27,2024-01-01T00:00:00
product_002290,Sports & Outdoors,Fitness Item 2290,1165,5.8,4.7,5.6,222.83,2024-01-01T00:00:00
product_002291,Electronics & Accessories,Device Accessory 2291,245,6.7,3.6,5.9,443.63,2024-01-01T00:00:00
product_002292,Automotive,Travel Item 2292,3946,9.0,3.2,6.2,122.38,2024-01-01T00:00:00
product_002293,Automotive,Maintenance Kit 2293,4448,11.8,4.5,8.7,179.19,2024-01-01T00:00:00
product_002294,Health & Beauty,Daily Essential 2294,88,6.0,5.0,5.5,38.17,2024-01-01T00:00:00
product_002295,Watches & Gifts,Gift Set 2295,229,6.4,3.0,6.1,55.96,2024-01-01T00:00:00
product_002296,Home Goods,Organization Set 2296,5709,9.7,8.3,6.8,65.83,2024-01-01T00:00:00
product_002297,Automotive,Maintenance Kit 2297,6693,10.5,7.1,9.6,74.33,2024-01-01T00:00:00
product_002298,Sports & Outdoors,Outdoor Kit 2298,2053,6.4,4.6,6.2,145.72,2024-01-01T00:00:00
product_002299,Baby Products,Nursery Accessory 2299,3260,8.9,6.5,5.9,37.85,2024-01-01T00:00:00
product_002300,Office Supplies,Writing Kit 2300,460,6.8,3.7,4.6,57.82,2024-01-01T00:00:00
product_002301,Toys & Games,Family Game 2301,602,7.9,4.0,5.4,21.7,2024-01-01T00:00:00
product_002302,Watches & Gifts,Gift Set 2302,236,5.8,3.3,5.1,152.95,2024-01-01T00:00:00
product_002303,Electronics & Accessories,Charging Kit 2303,557,6.9,2.9,5.0,149.59,2024-01-01T00:00:00
product_002304,Sports & Outdoors,Fitness Item 2304,1358,6.7,2.7,5.1,29.66,2024-01-01T00:00:00
product_002305,Pet Supplies,Pet Activity Item 2305,652,8.0,4.0,6.5,28.77,2024-01-01T00:00:00
product_002306,Pet Supplies,Feeding Set 2306,947,6.9,5.2,5.4,43.53,2024-01-01T00:00:00
product_002307,Fashion,Fashion Accessory 2307,353,6.7,3.5,5.2,54.01,2024-01-01T00:00:00
product_002308,Office Supplies,Office Organizer 2308,496,5.8,4.9,5.2,12.71,2024-01-01T00:00:00
product_002309,Books & Media,Media Collection 2309,422,4.3,3.1,4.7,24.73,2024-01-01T00:00:00
product_002310,Home Goods,Kitchen Item 2310,3503,8.9,5.3,9.7,35.06,2024-01-01T00:00:00
product_002311,Automotive,Vehicle Accessory 2311,5216,9.9,6.1,9.5,129.09,2024-01-01T00:00:00
product_002312,Home & Bedding,Comfort Item 2312,1425,7.3,4.1,5.1,129.14,2024-01-01T00:00:00
product_002313,Home & Bedding,Comfort Item 2313,2089,6.6,4.6,7.6,73.96,2024-01-01T00:00:00
product_002314,Baby Products,Feeding Item 2314,1241,5.2,3.4,4.5,34.28,2024-01-01T00:00:00
product_002315,Fashion,Seasonal Wear 2315,121,6.2,2.4,5.0,101.46,2024-01-01T00:00:00
product_002316,Fashion,Everyday Apparel 2316,391,7.0,4.6,4.8,57.13,2024-01-01T00:00:00
product_002317,Garden & Outdoor,Garden Tool 2317,3780,10.8,4.7,8.9,108.27,2024-01-01T00:00:00
product_002318,Mobile & Telecom,Mobile Accessory 2318,271,8.1,3.9,5.3,129.11,2024-01-01T00:00:00
product_002319,Garden & Outdoor,Outdoor Accessory 2319,5897,7.9,6.6,10.5,105.75,2024-01-01T00:00:00
product_002320,Pet Supplies,Pet Care Item 2320,1902,6.9,5.4,6.5,47.9,2024-01-01T00:00:00
product_002321,Fashion,Seasonal Wear 2321,615,7.6,4.5,6.5,37.03,2024-01-01T00:00:00
product_002322,Baby Products,Feeding Item 2322,2319,7.8,5.5,4.5,111.29,2024-01-01T00:00:00
product_002323,Garden & Outdoor,Garden Tool 2323,4546,9.8,6.2,4.3,35.0,2024-01-01T00:00:00
product_002324,Baby Products,Infant Care Item 2324,1532,8.4,5.2,6.0,102.36,2024-01-01T00:00:00
product_002325,Books & Media,Media Collection 2325,1626,6.6,4.6,4.2,33.29,2024-01-01T00:00:00
product_002326,Garden & Outdoor,Outdoor Accessory 2326,3102,7.5,5.7,7.7,98.63,2024-01-01T00:00:00
product_002327,Garden & Outdoor,Planting Set 2327,3938,11.5,5.8,7.3,217.41,2024-01-01T00:00:00
product_002328,Office Supplies,Office Organizer 2328,360,7.2,4.6,5.6,36.38,2024-01-01T00:00:00
product_002329,Books & Media,Reference Book 2329,386,7.3,3.3,6.6,17.88,2024-01-01T00:00:00
product_002330,Toys & Games,Activity Set 2330,1076,5.6,5.0,5.6,62.21,2024-01-01T00:00:00
product_002331,Health & Beauty,Wellness Item 2331,628,5.8,4.2,5.3,33.79,2024-01-01T00:00:00
product_002332,Fashion,Seasonal Wear 2332,418,7.3,4.5,4.4,113.4,2024-01-01T00:00:00
product_002333,Office Supplies,Office Organizer 2333,308,5.2,3.0,5.7,22.29,2024-01-01T00:00:00
product_002334,Office Supplies,Desk Set 2334,406,5.0,3.7,5.5,27.8,2024-01-01T00:00:00
product_002335,Garden & Outdoor,Outdoor Accessory 2335,808,5.6,4.8,5.9,96.46,2024-01-01T00:00:00
product_002336,Fashion,Fashion Accessory 2336,308,7.6,3.5,5.8,85.57,2024-01-01T00:00:00
product_002337,Books & Media,Learning Guide 2337,752,6.9,5.2,4.4,23.37,2024-01-01T00:00:00
product_002338,Books & Media,Media Collection 2338,404,5.2,4.2,4.1,24.03,2024-01-01T00:00:00
product_002339,Baby Products,Nursery Accessory 2339,1164,6.3,4.1,6.3,33.06,2024-01-01T00:00:00
product_002340,Books & Media,Media Collection 2340,416,8.1,4.6,4.8,31.63,2024-01-01T00:00:00
product_002341,Fashion,Fashion Accessory 2341,432,6.4,3.9,6.2,243.28,2024-01-01T00:00:00
product_002342,Fashion,Seasonal Wear 2342,506,6.2,4.7,6.5,154.31,2024-01-01T00:00:00
product_002343,Fashion,Everyday Apparel 2343,1345,8.0,3.7,5.3,75.54,2024-01-01T00:00:00
product_002344,Garden & Outdoor,Garden Tool 2344,3853,8.3,4.9,6.8,26.43,2024-01-01T00:00:00
product_002345,Toys & Games,Learning Toy 2345,883,5.3,4.5,4.6,22.11,2024-01-01T00:00:00
product_002346,Automotive,Maintenance Kit 2346,3123,7.7,5.1,7.5,84.0,2024-01-01T00:00:00
product_002347,Automotive,Maintenance Kit 2347,5366,9.2,6.5,8.1,105.72,2024-01-01T00:00:00
product_002348,Books & Media,Media Collection 2348,269,6.2,3.5,4.7,34.48,2024-01-01T00:00:00
product_002349,Furniture & Decor,Accent Furniture 2349,8421,14.8,6.8,8.0,87.82,2024-01-01T00:00:00
product_002350,Sports & Outdoors,Training Gear 2350,2430,5.7,5.9,6.3,65.09,2024-01-01T00:00:00
product_002351,Home & Bedding,Bedding Set 2351,2256,6.0,5.7,6.2,57.42,2024-01-01T00:00:00
product_002352,Automotive,Travel Item 2352,1254,8.3,3.9,5.6,42.29,2024-01-01T00:00:00
product_002353,Health & Beauty,Care Set 2353,606,5.8,5.2,5.8,21.11,2024-01-01T00:00:00
product_002354,Books & Media,Reference Book 2354,200,5.0,4.0,4.5,46.63,2024-01-01T00:00:00
product_002355,Mobile & Telecom,Mobile Accessory 2355,348,4.9,4.3,4.8,168.46,2024-01-01T00:00:00
product_002356,Mobile & Telecom,Mobile Accessory 2356,188,7.0,3.5,5.6,451.92,2024-01-01T00:00:00
product_002357,Pet Supplies,Feeding Set 2357,610,7.1,3.8,4.8,63.8,2024-01-01T00:00:00
product_002358,Furniture & Decor,Decor Item 2358,12787,13.2,9.0,10.0,258.11,2024-01-01T00:00:00
product_002359,Sports & Outdoors,Training Gear 2359,2568,7.3,5.8,8.0,198.91,2024-01-01T00:00:00
product_002360,Home Goods,Household Tool 2360,5221,9.2,6.6,8.4,68.25,2024-01-01T00:00:00
product_002361,Furniture & Decor,Storage Unit 2361,9875,12.4,9.6,11.3,90.52,2024-01-01T00:00:00
product_002362,Books & Media,Media Collection 2362,375,6.8,4.8,4.0,40.1,2024-01-01T00:00:00
product_002363,Pet Supplies,Pet Care Item 2363,992,6.5,4.8,5.6,26.26,2024-01-01T00:00:00
product_002364,Books & Media,Learning Guide 2364,395,6.4,4.3,5.2,15.05,2024-01-01T00:00:00
product_002365,Baby Products,Feeding Item 2365,707,5.1,4.4,4.5,42.19,2024-01-01T00:00:00
product_002366,Automotive,Maintenance Kit 2366,1772,6.2,3.5,6.4,50.81,2024-01-01T00:00:00
product_002367,Sports & Outdoors,Training Gear 2367,2858,7.0,6.2,7.8,62.84,2024-01-01T00:00:00
product_002368,Home Goods,Organization Set 2368,1213,9.0,4.9,5.5,34.48,2024-01-01T00:00:00
product_002369,Garden & Outdoor,Outdoor Accessory 2369,4572,11.1,5.4,8.9,64.66,2024-01-01T00:00:00
product_002370,Toys & Games,Family Game 2370,545,5.7,4.6,5.9,50.41,2024-01-01T00:00:00
product_002371,Toys & Games,Learning Toy 2371,1335,9.8,2.5,5.5,53.62,2024-01-01T00:00:00
product_002372,Pet Supplies,Feeding Set 2372,2543,6.8,6.5,5.5,51.88,2024-01-01T00:00:00
product_002373,Watches & Gifts,Timepiece 2373,329,6.6,5.3,4.3,329.25,2024-01-01T00:00:00
product_002374,Fashion,Seasonal Wear 2374,1724,7.8,3.8,5.7,56.25,2024-01-01T00:00:00
product_002375,Garden & Outdoor,Planting Set 2375,4911,10.5,7.2,7.3,93.73,2024-01-01T00:00:00
product_002376,Garden & Outdoor,Planting Set 2376,1470,7.7,2.7,4.7,54.15,2024-01-01T00:00:00
product_002377,Sports & Outdoors,Training Gear 2377,2018,8.3,4.6,3.7,61.56,2024-01-01T00:00:00
product_002378,Baby Products,Nursery Accessory 2378,1846,7.5,3.2,6.8,63.66,2024-01-01T00:00:00
product_002379,Watches & Gifts,Keepsake Item 2379,228,5.2,4.0,3.9,80.14,2024-01-01T00:00:00
product_002380,Baby Products,Infant Care Item 2380,888,8.2,5.3,5.2,41.18,2024-01-01T00:00:00
product_002381,Office Supplies,Office Organizer 2381,763,5.5,4.1,6.4,35.94,2024-01-01T00:00:00
product_002382,Sports & Outdoors,Training Gear 2382,2004,7.6,5.4,7.7,42.69,2024-01-01T00:00:00
product_002383,Garden & Outdoor,Garden Tool 2383,6460,13.0,8.9,9.7,78.26,2024-01-01T00:00:00
product_002384,Fashion,Everyday Apparel 2384,502,6.6,4.4,4.0,50.07,2024-01-01T00:00:00
product_002385,Fashion,Seasonal Wear 2385,248,5.4,4.2,4.8,82.7,2024-01-01T00:00:00
product_002386,Garden & Outdoor,Outdoor Accessory 2386,19560,17.3,10.2,11.1,116.23,2024-01-01T00:00:00
product_002387,Health & Beauty,Daily Essential 2387,922,5.6,4.6,5.1,14.89,2024-01-01T00:00:00
product_002388,Health & Beauty,Care Set 2388,304,4.8,3.7,5.1,65.87,2024-01-01T00:00:00
product_002389,Home & Bedding,Home Textile 2389,1633,8.8,5.7,6.6,60.32,2024-01-01T00:00:00
product_002390,Watches & Gifts,Keepsake Item 2390,269,6.8,4.2,5.2,94.53,2024-01-01T00:00:00
product_002391,Electronics & Accessories,Audio Item 2391,1348,5.6,4.9,6.8,233.65,2024-01-01T00:00:00
product_002392,Pet Supplies,Pet Activity Item 2392,1468,6.3,4.4,5.3,37.69,2024-01-01T00:00:00
product_002393,Mobile & Telecom,Mobile Accessory 2393,2611,8.6,6.0,7.2,176.63,2024-01-01T00:00:00
product_002394,Home & Bedding,Bedding Set 2394,4945,7.3,7.2,8.1,56.39,2024-01-01T00:00:00
product_002395,Pet Supplies,Pet Care Item 2395,4304,11.6,5.9,6.3,23.21,2024-01-01T00:00:00
product_002396,Sports & Outdoors,Fitness Item 2396,4106,9.3,5.4,7.5,154.82,2024-01-01T00:00:00
product_002397,Fashion,Fashion Accessory 2397,573,5.3,3.5,5.2,66.51,2024-01-01T00:00:00
product_002398,Health & Beauty,Wellness Item 2398,1907,7.4,4.5,7.6,56.19,2024-01-01T00:00:00
product_002399,Fashion,Seasonal Wear 2399,454,6.1,5.3,4.6,27.74,2024-01-01T00:00:00
product_002400,Electronics & Accessories,Device Accessory 2400,581,7.3,3.1,3.9,34.39,2024-01-01T00:00:00
product_002401,Sports & Outdoors,Outdoor Kit 2401,1729,7.8,3.7,5.3,65.22,2024-01-01T00:00:00
product_002402,Watches & Gifts,Keepsake Item 2402,341,5.9,4.4,5.0,59.6,2024-01-01T00:00:00
product_002403,Health & Beauty,Care Set 2403,238,7.0,3.2,3.5,36.87,2024-01-01T00:00:00
product_002404,Pet Supplies,Pet Care Item 2404,906,6.5,3.9,5.8,131.47,2024-01-01T00:00:00
product_002405,Fashion,Fashion Accessory 2405,358,6.2,4.9,4.2,80.86,2024-01-01T00:00:00
product_002406,Books & Media,Learning Guide 2406,285,6.3,3.9,5.2,15.14,2024-01-01T00:00:00
product_002407,Pet Supplies,Feeding Set 2407,621,6.1,3.8,5.1,32.12,2024-01-01T00:00:00
product_002408,Home & Bedding,Bedding Set 2408,1961,7.0,3.9,5.0,50.53,2024-01-01T00:00:00
product_002409,Office Supplies,Desk Set 2409,1287,6.4,4.4,7.2,56.79,2024-01-01T00:00:00
product_002410,Fashion,Seasonal Wear 2410,885,6.0,4.7,4.0,66.8,2024-01-01T00:00:00
product_002411,Sports & Outdoors,Fitness Item 2411,1566,8.0,4.5,8.0,129.79,2024-01-01T00:00:00
product_002412,Baby Products,Nursery Accessory 2412,1659,6.9,4.0,4.9,61.11,2024-01-01T00:00:00
product_002413,Office Supplies,Writing Kit 2413,1021,5.1,2.9,4.8,37.85,2024-01-01T00:00:00
product_002414,Garden & Outdoor,Planting Set 2414,1742,9.4,5.1,4.4,103.22,2024-01-01T00:00:00
product_002415,Watches & Gifts,Timepiece 2415,419,5.4,3.7,5.0,56.11,2024-01-01T00:00:00
product_002416,Toys & Games,Family Game 2416,1615,9.1,4.8,6.5,32.03,2024-01-01T00:00:00
product_002417,Automotive,Maintenance Kit 2417,5198,9.7,6.8,8.6,31.49,2024-01-01T00:00:00
product_002418,Toys & Games,Family Game 2418,736,5.6,4.0,4.6,48.61,2024-01-01T00:00:00
product_002419,Baby Products,Feeding Item 2419,926,6.6,3.3,8.0,36.2,2024-01-01T00:00:00
product_002420,Pet Supplies,Pet Activity Item 2420,1702,5.2,3.3,5.1,15.54,2024-01-01T00:00:00
product_002421,Automotive,Maintenance Kit 2421,5282,11.1,7.0,7.3,84.64,2024-01-01T00:00:00
product_002422,Garden & Outdoor,Garden Tool 2422,8528,10.7,5.2,12.6,64.24,2024-01-01T00:00:00
product_002423,Home Goods,Organization Set 2423,5312,9.5,6.7,6.6,29.81,2024-01-01T00:00:00
product_002424,Health & Beauty,Daily Essential 2424,718,6.5,4.2,5.9,42.71,2024-01-01T00:00:00
product_002425,Fashion,Seasonal Wear 2425,406,4.3,4.6,3.0,28.52,2024-01-01T00:00:00
product_002426,Automotive,Vehicle Accessory 2426,6498,10.3,7.8,9.2,268.56,2024-01-01T00:00:00
product_002427,Baby Products,Feeding Item 2427,1489,6.0,3.2,5.5,30.33,2024-01-01T00:00:00
product_002428,Garden & Outdoor,Garden Tool 2428,5164,9.3,8.0,8.4,53.81,2024-01-01T00:00:00
product_002429,Baby Products,Feeding Item 2429,800,7.1,4.6,3.2,60.98,2024-01-01T00:00:00
product_002430,Office Supplies,Writing Kit 2430,553,6.0,2.4,6.3,34.99,2024-01-01T00:00:00
product_002431,Electronics & Accessories,Audio Item 2431,546,7.2,4.1,5.3,156.66,2024-01-01T00:00:00
product_002432,Garden & Outdoor,Garden Tool 2432,5246,10.7,7.1,8.1,189.36,2024-01-01T00:00:00
product_002433,Books & Media,Reference Book 2433,348,5.1,4.4,5.9,14.61,2024-01-01T00:00:00
product_002434,Watches & Gifts,Timepiece 2434,72,6.3,3.0,4.6,41.22,2024-01-01T00:00:00
product_002435,Fashion,Everyday Apparel 2435,310,7.8,3.7,5.0,12.7,2024-01-01T00:00:00
product_002436,Furniture & Decor,Storage Unit 2436,2439,7.4,5.2,5.9,419.21,2024-01-01T00:00:00
product_002437,Sports & Outdoors,Training Gear 2437,1933,6.4,4.4,5.3,80.0,2024-01-01T00:00:00
product_002438,Furniture & Decor,Accent Furniture 2438,16899,12.8,9.1,14.3,231.69,2024-01-01T00:00:00
product_002439,Furniture & Decor,Storage Unit 2439,7746,10.8,7.7,11.0,180.55,2024-01-01T00:00:00
product_002440,Mobile & Telecom,Phone Item 2440,421,6.1,4.1,6.0,493.67,2024-01-01T00:00:00
product_002441,Automotive,Maintenance Kit 2441,2088,8.5,4.2,5.6,165.09,2024-01-01T00:00:00
product_002442,Books & Media,Reference Book 2442,442,4.2,4.7,4.7,19.34,2024-01-01T00:00:00
product_002443,Toys & Games,Learning Toy 2443,528,7.7,3.9,5.8,47.47,2024-01-01T00:00:00
product_002444,Garden & Outdoor,Planting Set 2444,4180,10.4,4.3,6.3,152.37,2024-01-01T00:00:00
product_002445,Home & Bedding,Bedding Set 2445,1405,5.5,4.1,5.8,48.51,2024-01-01T00:00:00
product_002446,Sports & Outdoors,Training Gear 2446,1701,5.7,4.8,6.2,69.6,2024-01-01T00:00:00
product_002447,Electronics & Accessories,Charging Kit 2447,1864,8.1,4.4,5.2,432.59,2024-01-01T00:00:00
product_002448,Home Goods,Organization Set 2448,698,7.5,3.6,3.0,29.24,2024-01-01T00:00:00
product_002449,Home Goods,Household Tool 2449,1591,8.2,5.1,4.8,34.01,2024-01-01T00:00:00
product_002450,Automotive,Maintenance Kit 2450,2918,7.4,3.7,6.4,65.38,2024-01-01T00:00:00
product_002451,Pet Supplies,Pet Care Item 2451,1764,6.7,4.5,7.2,37.23,2024-01-01T00:00:00
product_002452,Toys & Games,Activity Set 2452,1319,7.2,5.2,5.2,70.04,2024-01-01T00:00:00
product_002453,Mobile & Telecom,Phone Item 2453,126,4.6,3.3,4.7,131.42,2024-01-01T00:00:00
product_002454,Watches & Gifts,Keepsake Item 2454,394,5.7,4.1,6.6,40.81,2024-01-01T00:00:00
product_002455,Automotive,Travel Item 2455,1472,5.8,5.7,5.2,198.07,2024-01-01T00:00:00
product_002456,Sports & Outdoors,Training Gear 2456,2139,9.0,6.8,5.6,56.84,2024-01-01T00:00:00
product_002457,Pet Supplies,Pet Activity Item 2457,863,4.0,3.6,4.5,92.66,2024-01-01T00:00:00
product_002458,Furniture & Decor,Decor Item 2458,15397,14.1,7.4,16.3,134.57,2024-01-01T00:00:00
product_002459,Watches & Gifts,Gift Set 2459,416,7.5,3.5,4.5,59.29,2024-01-01T00:00:00
product_002460,Mobile & Telecom,Connectivity Kit 2460,1458,6.6,3.6,6.1,87.84,2024-01-01T00:00:00
product_002461,Pet Supplies,Pet Care Item 2461,615,7.7,3.9,5.1,19.84,2024-01-01T00:00:00
product_002462,Home & Bedding,Comfort Item 2462,1427,6.0,4.1,6.2,151.21,2024-01-01T00:00:00
product_002463,Toys & Games,Learning Toy 2463,2062,7.3,5.9,6.7,16.29,2024-01-01T00:00:00
product_002464,Furniture & Decor,Decor Item 2464,17925,17.5,8.0,13.8,143.95,2024-01-01T00:00:00
product_002465,Home & Bedding,Bedding Set 2465,1395,6.7,5.3,6.6,96.96,2024-01-01T00:00:00
product_002466,Books & Media,Reference Book 2466,774,5.6,5.1,4.5,23.29,2024-01-01T00:00:00
product_002467,Fashion,Everyday Apparel 2467,317,6.8,5.2,5.1,47.3,2024-01-01T00:00:00
product_002468,Home & Bedding,Home Textile 2468,1394,6.9,3.7,5.2,64.84,2024-01-01T00:00:00
product_002469,Health & Beauty,Care Set 2469,214,5.6,4.2,5.8,24.81,2024-01-01T00:00:00
product_002470,Home & Bedding,Home Textile 2470,1793,6.5,3.3,5.7,108.81,2024-01-01T00:00:00
product_002471,Baby Products,Feeding Item 2471,822,5.3,3.0,4.6,47.34,2024-01-01T00:00:00
product_002472,Garden & Outdoor,Outdoor Accessory 2472,5542,7.0,7.5,7.3,64.53,2024-01-01T00:00:00
product_002473,Home Goods,Household Tool 2473,2411,8.0,5.6,6.8,37.65,2024-01-01T00:00:00
product_002474,Fashion,Seasonal Wear 2474,831,7.1,4.3,6.3,41.34,2024-01-01T00:00:00
product_002475,Pet Supplies,Pet Activity Item 2475,1298,6.7,3.1,5.5,34.83,2024-01-01T00:00:00
product_002476,Office Supplies,Writing Kit 2476,1110,5.3,4.7,4.0,26.22,2024-01-01T00:00:00
product_002477,Books & Media,Reference Book 2477,473,5.5,4.1,5.6,23.69,2024-01-01T00:00:00
product_002478,Electronics & Accessories,Charging Kit 2478,667,7.1,4.3,6.9,98.56,2024-01-01T00:00:00
product_002479,Office Supplies,Desk Set 2479,911,7.5,3.7,5.2,16.67,2024-01-01T00:00:00
product_002480,Baby Products,Infant Care Item 2480,1683,9.1,5.7,5.3,48.73,2024-01-01T00:00:00
product_002481,Automotive,Travel Item 2481,4310,12.1,5.8,8.8,31.05,2024-01-01T00:00:00
product_002482,Toys & Games,Activity Set 2482,1195,6.0,4.1,7.5,26.11,2024-01-01T00:00:00
product_002483,Fashion,Seasonal Wear 2483,153,8.6,4.5,5.9,91.67,2024-01-01T00:00:00
product_002484,Baby Products,Nursery Accessory 2484,2577,8.8,5.7,3.8,38.42,2024-01-01T00:00:00
product_002485,Books & Media,Reference Book 2485,399,5.6,5.2,5.0,15.37,2024-01-01T00:00:00
product_002486,Pet Supplies,Pet Care Item 2486,1349,6.1,4.2,4.7,61.85,2024-01-01T00:00:00
product_002487,Pet Supplies,Pet Care Item 2487,546,5.7,2.4,6.0,54.56,2024-01-01T00:00:00
product_002488,Books & Media,Media Collection 2488,381,8.3,5.0,3.7,23.49,2024-01-01T00:00:00
product_002489,Garden & Outdoor,Planting Set 2489,7486,9.7,8.6,9.8,125.5,2024-01-01T00:00:00
product_002490,Home & Bedding,Bedding Set 2490,1036,6.2,3.8,4.7,91.33,2024-01-01T00:00:00
product_002491,Books & Media,Reference Book 2491,552,7.0,3.5,5.9,33.1,2024-01-01T00:00:00
product_002492,Mobile & Telecom,Connectivity Kit 2492,859,7.2,4.3,4.4,113.55,2024-01-01T00:00:00
product_002493,Fashion,Fashion Accessory 2493,245,6.0,4.1,4.6,21.31,2024-01-01T00:00:00
product_002494,Mobile & Telecom,Mobile Accessory 2494,464,4.5,5.6,5.5,151.29,2024-01-01T00:00:00
product_002495,Baby Products,Feeding Item 2495,1252,8.2,4.7,6.1,92.42,2024-01-01T00:00:00
product_002496,Baby Products,Nursery Accessory 2496,2642,10.0,6.5,7.0,19.58,2024-01-01T00:00:00
product_002497,Automotive,Maintenance Kit 2497,4511,11.7,7.5,6.9,206.92,2024-01-01T00:00:00
product_002498,Automotive,Vehicle Accessory 2498,5416,7.7,6.8,10.8,64.77,2024-01-01T00:00:00
product_002499,Automotive,Travel Item 2499,5032,12.6,5.8,8.6,56.66,2024-01-01T00:00:00
product_002500,Baby Products,Feeding Item 2500,508,5.4,4.5,5.7,65.49,2024-01-01T00:00:00
product_002501,Mobile & Telecom,Mobile Accessory 2501,566,6.5,4.5,4.5,83.3,2024-01-01T00:00:00
product_002502,Toys & Games,Activity Set 2502,972,7.6,2.5,6.2,20.65,2024-01-01T00:00:00
product_002503,Fashion,Everyday Apparel 2503,1664,7.6,3.9,4.8,34.46,2024-01-01T00:00:00
product_002504,Electronics & Accessories,Audio Item 2504,1205,6.4,3.2,6.0,88.29,2024-01-01T00:00:00
product_002505,Electronics & Accessories,Device Accessory 2505,523,7.0,4.4,4.5,188.67,2024-01-01T00:00:00
product_002506,Automotive,Vehicle Accessory 2506,1722,6.0,3.8,8.0,79.76,2024-01-01T00:00:00
product_002507,Home & Bedding,Comfort Item 2507,1537,5.5,4.9,7.0,48.02,2024-01-01T00:00:00
product_002508,Books & Media,Learning Guide 2508,205,5.4,3.5,4.8,19.26,2024-01-01T00:00:00
product_002509,Home Goods,Kitchen Item 2509,1218,6.3,4.8,5.0,51.74,2024-01-01T00:00:00
product_002510,Automotive,Vehicle Accessory 2510,2529,8.0,5.1,6.6,66.24,2024-01-01T00:00:00
product_002511,Garden & Outdoor,Outdoor Accessory 2511,4068,11.6,6.1,8.4,106.86,2024-01-01T00:00:00
product_002512,Toys & Games,Learning Toy 2512,525,6.1,4.9,3.0,17.34,2024-01-01T00:00:00
product_002513,Toys & Games,Family Game 2513,701,6.2,3.9,3.8,56.19,2024-01-01T00:00:00
product_002514,Home Goods,Household Tool 2514,1741,5.5,3.6,5.0,61.11,2024-01-01T00:00:00
product_002515,Watches & Gifts,Timepiece 2515,205,6.5,4.2,4.7,287.28,2024-01-01T00:00:00
product_002516,Furniture & Decor,Storage Unit 2516,10596,12.4,9.1,12.4,208.87,2024-01-01T00:00:00
product_002517,Home & Bedding,Comfort Item 2517,2122,8.0,6.6,5.3,72.8,2024-01-01T00:00:00
product_002518,Office Supplies,Office Organizer 2518,324,6.2,4.4,3.7,24.06,2024-01-01T00:00:00
product_002519,Toys & Games,Activity Set 2519,1536,8.5,4.2,4.9,19.74,2024-01-01T00:00:00
product_002520,Automotive,Vehicle Accessory 2520,1946,6.3,5.5,5.6,51.59,2024-01-01T00:00:00
product_002521,Pet Supplies,Pet Activity Item 2521,2519,10.2,6.0,5.8,62.44,2024-01-01T00:00:00
product_002522,Automotive,Travel Item 2522,2823,8.2,5.8,5.2,101.25,2024-01-01T00:00:00
product_002523,Baby Products,Feeding Item 2523,787,6.1,2.6,4.6,20.92,2024-01-01T00:00:00
product_002524,Automotive,Vehicle Accessory 2524,1244,7.6,3.5,5.1,92.45,2024-01-01T00:00:00
product_002525,Office Supplies,Writing Kit 2525,416,7.7,3.8,6.4,18.79,2024-01-01T00:00:00
product_002526,Furniture & Decor,Storage Unit 2526,8821,15.8,5.5,9.5,271.87,2024-01-01T00:00:00
product_002527,Pet Supplies,Pet Activity Item 2527,1528,7.2,6.2,5.5,27.12,2024-01-01T00:00:00
product_002528,Sports & Outdoors,Outdoor Kit 2528,3830,6.5,6.1,7.5,287.95,2024-01-01T00:00:00
product_002529,Pet Supplies,Pet Care Item 2529,1498,8.2,4.5,6.0,48.65,2024-01-01T00:00:00
product_002530,Health & Beauty,Daily Essential 2530,472,7.4,4.0,5.0,39.84,2024-01-01T00:00:00
product_002531,Mobile & Telecom,Phone Item 2531,1585,6.1,4.1,4.6,462.14,2024-01-01T00:00:00
product_002532,Home Goods,Kitchen Item 2532,2294,6.9,6.3,6.2,48.01,2024-01-01T00:00:00
product_002533,Home Goods,Household Tool 2533,2743,8.5,6.2,6.6,60.05,2024-01-01T00:00:00
product_002534,Baby Products,Feeding Item 2534,734,6.0,3.4,6.6,76.74,2024-01-01T00:00:00
product_002535,Garden & Outdoor,Garden Tool 2535,5248,11.6,8.3,10.4,101.36,2024-01-01T00:00:00
product_002536,Pet Supplies,Pet Activity Item 2536,2060,6.1,4.6,5.2,31.07,2024-01-01T00:00:00
product_002537,Electronics & Accessories,Charging Kit 2537,370,7.0,3.6,5.3,107.65,2024-01-01T00:00:00
product_002538,Garden & Outdoor,Garden Tool 2538,1870,8.8,4.3,5.3,103.65,2024-01-01T00:00:00
product_002539,Health & Beauty,Daily Essential 2539,1232,5.3,4.9,5.3,54.87,2024-01-01T00:00:00
product_002540,Home Goods,Kitchen Item 2540,2374,6.6,5.7,7.0,69.37,2024-01-01T00:00:00
product_002541,Health & Beauty,Care Set 2541,111,6.4,3.3,6.2,20.03,2024-01-01T00:00:00
product_002542,Furniture & Decor,Accent Furniture 2542,30000,18.1,13.8,17.5,138.73,2024-01-01T00:00:00
product_002543,Fashion,Fashion Accessory 2543,496,7.6,5.0,5.9,140.27,2024-01-01T00:00:00
product_002544,Books & Media,Reference Book 2544,805,6.7,4.0,4.8,16.14,2024-01-01T00:00:00
product_002545,Baby Products,Nursery Accessory 2545,373,5.9,4.0,5.9,76.14,2024-01-01T00:00:00
product_002546,Fashion,Fashion Accessory 2546,384,7.9,4.5,6.1,19.33,2024-01-01T00:00:00
product_002547,Pet Supplies,Pet Care Item 2547,1161,6.1,4.2,6.3,25.05,2024-01-01T00:00:00
product_002548,Automotive,Travel Item 2548,4019,9.5,4.0,8.7,130.4,2024-01-01T00:00:00
product_002549,Mobile & Telecom,Phone Item 2549,1176,6.3,5.0,3.9,132.84,2024-01-01T00:00:00
product_002550,Garden & Outdoor,Outdoor Accessory 2550,4121,11.9,5.5,8.3,36.26,2024-01-01T00:00:00
product_002551,Garden & Outdoor,Outdoor Accessory 2551,3396,9.0,5.1,7.8,30.25,2024-01-01T00:00:00
product_002552,Sports & Outdoors,Outdoor Kit 2552,1692,7.7,4.2,6.0,86.82,2024-01-01T00:00:00
product_002553,Electronics & Accessories,Device Accessory 2553,1080,6.1,4.0,5.5,72.87,2024-01-01T00:00:00
product_002554,Fashion,Fashion Accessory 2554,298,7.2,3.6,5.3,96.6,2024-01-01T00:00:00
product_002555,Garden & Outdoor,Garden Tool 2555,3179,9.8,7.0,8.5,45.55,2024-01-01T00:00:00
product_002556,Furniture & Decor,Storage Unit 2556,3413,12.4,4.7,6.5,326.41,2024-01-01T00:00:00
product_002557,Health & Beauty,Care Set 2557,415,5.6,5.2,3.0,47.35,2024-01-01T00:00:00
product_002558,Office Supplies,Writing Kit 2558,1179,5.8,3.3,4.3,26.91,2024-01-01T00:00:00
product_002559,Garden & Outdoor,Planting Set 2559,9470,12.8,8.1,8.2,45.5,2024-01-01T00:00:00
product_002560,Books & Media,Reference Book 2560,687,6.6,4.4,3.7,23.44,2024-01-01T00:00:00
product_002561,Automotive,Vehicle Accessory 2561,3743,9.5,7.4,6.6,247.01,2024-01-01T00:00:00
product_002562,Books & Media,Media Collection 2562,327,5.5,3.2,5.8,15.95,2024-01-01T00:00:00
product_002563,Electronics & Accessories,Audio Item 2563,1129,7.4,4.6,5.1,62.73,2024-01-01T00:00:00
product_002564,Automotive,Vehicle Accessory 2564,4190,11.9,5.3,9.4,40.26,2024-01-01T00:00:00
product_002565,Furniture & Decor,Storage Unit 2565,11858,12.3,7.7,9.7,236.46,2024-01-01T00:00:00
product_002566,Garden & Outdoor,Planting Set 2566,3226,8.5,5.9,6.4,34.19,2024-01-01T00:00:00
product_002567,Books & Media,Learning Guide 2567,363,6.4,3.8,4.1,26.7,2024-01-01T00:00:00
product_002568,Baby Products,Infant Care Item 2568,651,7.9,4.6,4.9,87.36,2024-01-01T00:00:00
product_002569,Garden & Outdoor,Planting Set 2569,2774,6.8,6.1,6.2,60.91,2024-01-01T00:00:00
product_002570,Fashion,Fashion Accessory 2570,259,6.1,2.9,5.1,36.56,2024-01-01T00:00:00
product_002571,Toys & Games,Learning Toy 2571,929,5.3,3.0,4.5,39.37,2024-01-01T00:00:00
product_002572,Sports & Outdoors,Fitness Item 2572,2498,11.4,5.6,4.7,40.11,2024-01-01T00:00:00
product_002573,Garden & Outdoor,Planting Set 2573,4275,9.5,6.8,7.6,77.73,2024-01-01T00:00:00
product_002574,Automotive,Vehicle Accessory 2574,3268,10.1,5.2,6.3,216.16,2024-01-01T00:00:00
product_002575,Office Supplies,Desk Set 2575,1287,6.4,4.3,4.5,73.88,2024-01-01T00:00:00
product_002576,Furniture & Decor,Storage Unit 2576,13517,15.7,10.5,13.2,78.69,2024-01-01T00:00:00
product_002577,Furniture & Decor,Accent Furniture 2577,5847,10.8,7.9,9.0,55.29,2024-01-01T00:00:00
product_002578,Automotive,Vehicle Accessory 2578,6449,9.5,6.6,6.9,61.37,2024-01-01T00:00:00
product_002579,Mobile & Telecom,Mobile Accessory 2579,484,8.3,4.2,6.2,181.83,2024-01-01T00:00:00
product_002580,Fashion,Seasonal Wear 2580,281,6.0,4.1,4.8,180.77,2024-01-01T00:00:00
product_002581,Fashion,Seasonal Wear 2581,371,7.0,4.7,5.6,74.38,2024-01-01T00:00:00
product_002582,Automotive,Maintenance Kit 2582,4955,12.2,8.1,7.3,64.18,2024-01-01T00:00:00
product_002583,Furniture & Decor,Decor Item 2583,6870,9.9,5.8,9.5,243.04,2024-01-01T00:00:00
product_002584,Toys & Games,Family Game 2584,661,6.6,5.0,4.5,18.99,2024-01-01T00:00:00
product_002585,Office Supplies,Office Organizer 2585,322,6.8,4.8,5.8,17.05,2024-01-01T00:00:00
product_002586,Fashion,Fashion Accessory 2586,550,6.9,3.4,4.1,74.37,2024-01-01T00:00:00
product_002587,Electronics & Accessories,Charging Kit 2587,860,6.3,3.3,4.6,38.33,2024-01-01T00:00:00
product_002588,Home & Bedding,Bedding Set 2588,1253,6.5,3.4,4.2,185.02,2024-01-01T00:00:00
product_002589,Furniture & Decor,Storage Unit 2589,8661,11.2,9.8,11.1,334.5,2024-01-01T00:00:00
product_002590,Health & Beauty,Wellness Item 2590,653,6.7,4.0,4.4,26.37,2024-01-01T00:00:00
product_002591,Fashion,Everyday Apparel 2591,975,4.6,3.3,5.2,86.15,2024-01-01T00:00:00
product_002592,Fashion,Fashion Accessory 2592,667,6.1,4.4,6.2,54.77,2024-01-01T00:00:00
product_002593,Electronics & Accessories,Device Accessory 2593,706,5.7,3.9,4.0,297.95,2024-01-01T00:00:00
product_002594,Automotive,Vehicle Accessory 2594,1828,6.1,5.0,4.8,60.44,2024-01-01T00:00:00
product_002595,Watches & Gifts,Timepiece 2595,384,7.0,3.3,6.3,36.81,2024-01-01T00:00:00
product_002596,Office Supplies,Desk Set 2596,729,6.6,3.0,3.8,22.73,2024-01-01T00:00:00
product_002597,Garden & Outdoor,Garden Tool 2597,10377,15.9,7.4,13.6,83.51,2024-01-01T00:00:00
product_002598,Sports & Outdoors,Fitness Item 2598,1267,5.5,4.3,6.0,110.07,2024-01-01T00:00:00
product_002599,Health & Beauty,Care Set 2599,355,7.1,2.8,5.5,28.95,2024-01-01T00:00:00
product_002600,Office Supplies,Office Organizer 2600,361,5.7,4.8,5.5,46.21,2024-01-01T00:00:00
product_002601,Garden & Outdoor,Planting Set 2601,3607,8.6,5.6,8.0,55.02,2024-01-01T00:00:00
product_002602,Health & Beauty,Care Set 2602,294,7.0,4.2,3.5,16.33,2024-01-01T00:00:00
product_002603,Sports & Outdoors,Outdoor Kit 2603,1442,7.7,4.9,6.3,75.91,2024-01-01T00:00:00
product_002604,Health & Beauty,Daily Essential 2604,418,6.9,4.6,4.8,44.56,2024-01-01T00:00:00
product_002605,Garden & Outdoor,Outdoor Accessory 2605,2936,8.4,5.2,7.1,110.49,2024-01-01T00:00:00
product_002606,Watches & Gifts,Gift Set 2606,250,6.2,4.2,6.1,57.72,2024-01-01T00:00:00
product_002607,Fashion,Fashion Accessory 2607,328,6.6,3.3,5.5,83.64,2024-01-01T00:00:00
product_002608,Baby Products,Feeding Item 2608,2098,8.7,5.5,5.6,48.8,2024-01-01T00:00:00
product_002609,Furniture & Decor,Decor Item 2609,14356,13.4,11.1,14.7,383.4,2024-01-01T00:00:00
product_002610,Office Supplies,Writing Kit 2610,1166,5.2,5.1,6.4,50.36,2024-01-01T00:00:00
product_002611,Mobile & Telecom,Mobile Accessory 2611,425,6.3,4.0,5.5,136.83,2024-01-01T00:00:00
product_002612,Pet Supplies,Pet Care Item 2612,1222,5.4,4.9,4.9,76.07,2024-01-01T00:00:00
product_002613,Fashion,Fashion Accessory 2613,373,4.4,3.6,5.5,38.96,2024-01-01T00:00:00
product_002614,Health & Beauty,Wellness Item 2614,386,7.4,3.3,4.1,18.25,2024-01-01T00:00:00
product_002615,Home Goods,Organization Set 2615,1788,8.9,4.3,7.3,27.0,2024-01-01T00:00:00
product_002616,Sports & Outdoors,Outdoor Kit 2616,3828,10.2,6.4,9.4,29.51,2024-01-01T00:00:00
product_002617,Garden & Outdoor,Outdoor Accessory 2617,11557,15.5,9.8,11.8,28.76,2024-01-01T00:00:00
product_002618,Office Supplies,Writing Kit 2618,890,6.9,3.8,6.0,20.28,2024-01-01T00:00:00
product_002619,Toys & Games,Family Game 2619,1475,5.9,4.9,5.1,51.36,2024-01-01T00:00:00
product_002620,Automotive,Travel Item 2620,3029,7.4,6.0,6.1,331.81,2024-01-01T00:00:00
product_002621,Furniture & Decor,Accent Furniture 2621,23306,16.3,10.6,14.1,133.22,2024-01-01T00:00:00
product_002622,Toys & Games,Family Game 2622,832,6.4,3.2,4.2,13.23,2024-01-01T00:00:00
product_002623,Watches & Gifts,Timepiece 2623,248,7.1,3.0,5.0,95.06,2024-01-01T00:00:00
product_002624,Home Goods,Kitchen Item 2624,847,7.8,3.4,4.6,113.0,2024-01-01T00:00:00
product_002625,Furniture & Decor,Storage Unit 2625,9967,13.0,7.8,10.5,199.4,2024-01-01T00:00:00
product_002626,Automotive,Maintenance Kit 2626,3537,9.0,6.3,6.8,36.94,2024-01-01T00:00:00
product_002627,Toys & Games,Activity Set 2627,934,8.0,3.3,5.0,17.82,2024-01-01T00:00:00
product_002628,Watches & Gifts,Timepiece 2628,262,7.3,4.0,5.5,85.12,2024-01-01T00:00:00
product_002629,Home Goods,Household Tool 2629,994,8.3,2.9,4.9,79.0,2024-01-01T00:00:00
product_002630,Garden & Outdoor,Planting Set 2630,2080,8.6,4.6,6.3,121.29,2024-01-01T00:00:00
product_002631,Books & Media,Reference Book 2631,773,4.4,3.6,4.2,21.79,2024-01-01T00:00:00
product_002632,Automotive,Travel Item 2632,4780,8.8,5.8,8.7,92.23,2024-01-01T00:00:00
product_002633,Furniture & Decor,Storage Unit 2633,10122,12.7,8.3,10.7,313.33,2024-01-01T00:00:00
product_002634,Health & Beauty,Daily Essential 2634,163,7.0,4.8,4.6,41.54,2024-01-01T00:00:00
product_002635,Baby Products,Nursery Accessory 2635,2079,7.5,5.3,5.8,120.66,2024-01-01T00:00:00
product_002636,Fashion,Fashion Accessory 2636,855,6.7,4.5,4.3,54.14,2024-01-01T00:00:00
product_002637,Garden & Outdoor,Garden Tool 2637,10038,12.6,9.2,11.7,44.13,2024-01-01T00:00:00
product_002638,Sports & Outdoors,Fitness Item 2638,637,5.6,3.0,4.7,60.13,2024-01-01T00:00:00
product_002639,Pet Supplies,Feeding Set 2639,1376,7.3,5.1,5.4,28.69,2024-01-01T00:00:00
product_002640,Electronics & Accessories,Audio Item 2640,1903,6.7,4.3,7.0,98.87,2024-01-01T00:00:00
product_002641,Watches & Gifts,Gift Set 2641,239,5.2,4.3,3.7,36.7,2024-01-01T00:00:00
product_002642,Home Goods,Household Tool 2642,1938,6.9,4.1,6.2,48.01,2024-01-01T00:00:00
product_002643,Sports & Outdoors,Training Gear 2643,2843,7.4,6.1,7.9,70.55,2024-01-01T00:00:00
product_002644,Baby Products,Feeding Item 2644,1047,4.8,4.6,5.6,28.05,2024-01-01T00:00:00
product_002645,Fashion,Fashion Accessory 2645,109,5.2,4.2,6.5,191.15,2024-01-01T00:00:00
product_002646,Garden & Outdoor,Outdoor Accessory 2646,4883,8.7,6.1,7.5,103.15,2024-01-01T00:00:00
product_002647,Fashion,Seasonal Wear 2647,432,5.7,4.1,5.9,67.1,2024-01-01T00:00:00
product_002648,Toys & Games,Activity Set 2648,693,7.1,3.4,5.1,24.32,2024-01-01T00:00:00
product_002649,Automotive,Vehicle Accessory 2649,5789,11.9,5.5,10.0,93.6,2024-01-01T00:00:00
product_002650,Home & Bedding,Bedding Set 2650,1870,6.8,4.5,4.7,31.14,2024-01-01T00:00:00
product_002651,Health & Beauty,Care Set 2651,456,7.0,2.7,5.5,42.12,2024-01-01T00:00:00
product_002652,Mobile & Telecom,Phone Item 2652,1633,7.0,3.4,5.9,97.4,2024-01-01T00:00:00
product_002653,Pet Supplies,Feeding Set 2653,1635,8.1,3.5,5.5,30.81,2024-01-01T00:00:00
product_002654,Automotive,Travel Item 2654,4262,12.2,6.3,6.4,232.96,2024-01-01T00:00:00
product_002655,Pet Supplies,Pet Care Item 2655,2652,7.2,5.4,7.0,28.35,2024-01-01T00:00:00
product_002656,Health & Beauty,Care Set 2656,271,5.7,3.7,4.9,26.46,2024-01-01T00:00:00
product_002657,Home Goods,Household Tool 2657,1644,6.2,5.6,4.8,47.92,2024-01-01T00:00:00
product_002658,Baby Products,Nursery Accessory 2658,1410,7.6,3.9,5.6,48.13,2024-01-01T00:00:00
product_002659,Pet Supplies,Feeding Set 2659,381,5.9,4.9,5.9,43.39,2024-01-01T00:00:00
product_002660,Toys & Games,Learning Toy 2660,702,8.9,4.4,6.6,55.64,2024-01-01T00:00:00
product_002661,Electronics & Accessories,Audio Item 2661,1727,6.4,4.7,5.6,209.29,2024-01-01T00:00:00
product_002662,Mobile & Telecom,Mobile Accessory 2662,798,6.2,4.0,4.4,190.17,2024-01-01T00:00:00
product_002663,Automotive,Maintenance Kit 2663,2409,7.4,5.8,5.3,78.48,2024-01-01T00:00:00
product_002664,Mobile & Telecom,Connectivity Kit 2664,2326,7.4,3.3,5.7,174.05,2024-01-01T00:00:00
product_002665,Home & Bedding,Bedding Set 2665,1218,6.5,4.9,4.4,34.84,2024-01-01T00:00:00
product_002666,Home Goods,Organization Set 2666,2205,6.6,3.8,6.7,50.79,2024-01-01T00:00:00
product_002667,Mobile & Telecom,Connectivity Kit 2667,362,6.7,5.0,4.8,90.87,2024-01-01T00:00:00
product_002668,Toys & Games,Learning Toy 2668,2058,5.6,4.5,7.9,26.19,2024-01-01T00:00:00
product_002669,Books & Media,Learning Guide 2669,172,6.1,4.7,5.2,36.02,2024-01-01T00:00:00
product_002670,Office Supplies,Writing Kit 2670,633,6.0,5.2,4.9,55.57,2024-01-01T00:00:00
product_002671,Sports & Outdoors,Fitness Item 2671,1673,6.4,4.6,6.3,74.37,2024-01-01T00:00:00
product_002672,Toys & Games,Activity Set 2672,895,6.0,4.7,4.8,55.02,2024-01-01T00:00:00
product_002673,Sports & Outdoors,Outdoor Kit 2673,2499,9.3,5.7,6.7,154.96,2024-01-01T00:00:00
product_002674,Fashion,Everyday Apparel 2674,317,6.1,4.3,5.3,105.01,2024-01-01T00:00:00
product_002675,Furniture & Decor,Storage Unit 2675,9850,14.6,7.7,9.2,187.95,2024-01-01T00:00:00
product_002676,Electronics & Accessories,Charging Kit 2676,597,6.4,3.6,4.2,202.84,2024-01-01T00:00:00
product_002677,Baby Products,Nursery Accessory 2677,2695,8.9,4.1,7.4,61.72,2024-01-01T00:00:00
product_002678,Furniture & Decor,Decor Item 2678,3302,7.6,7.4,7.2,196.47,2024-01-01T00:00:00
product_002679,Home & Bedding,Home Textile 2679,1805,8.2,4.7,6.9,93.9,2024-01-01T00:00:00
product_002680,Garden & Outdoor,Planting Set 2680,7802,13.5,6.9,8.4,77.52,2024-01-01T00:00:00
product_002681,Home & Bedding,Home Textile 2681,6232,10.5,7.9,7.3,95.41,2024-01-01T00:00:00
product_002682,Baby Products,Infant Care Item 2682,1092,5.6,4.2,6.4,56.79,2024-01-01T00:00:00
product_002683,Garden & Outdoor,Garden Tool 2683,2257,8.9,5.4,8.4,216.06,2024-01-01T00:00:00
product_002684,Pet Supplies,Feeding Set 2684,605,5.7,3.5,6.7,77.38,2024-01-01T00:00:00
product_002685,Electronics & Accessories,Device Accessory 2685,970,7.0,4.5,4.1,129.77,2024-01-01T00:00:00
product_002686,Toys & Games,Family Game 2686,1189,5.0,4.0,5.1,53.38,2024-01-01T00:00:00
product_002687,Toys & Games,Learning Toy 2687,349,9.1,2.8,4.4,71.31,2024-01-01T00:00:00
product_002688,Books & Media,Media Collection 2688,150,6.3,4.5,4.4,32.22,2024-01-01T00:00:00
product_002689,Fashion,Seasonal Wear 2689,454,6.1,2.7,5.7,73.63,2024-01-01T00:00:00
product_002690,Home & Bedding,Comfort Item 2690,1282,5.7,4.1,4.9,42.21,2024-01-01T00:00:00
product_002691,Home Goods,Household Tool 2691,2384,8.4,6.4,7.2,70.45,2024-01-01T00:00:00
product_002692,Electronics & Accessories,Device Accessory 2692,350,7.9,4.9,6.0,151.92,2024-01-01T00:00:00
product_002693,Office Supplies,Writing Kit 2693,380,6.6,3.4,6.0,44.01,2024-01-01T00:00:00
product_002694,Fashion,Fashion Accessory 2694,194,4.6,4.6,4.8,33.52,2024-01-01T00:00:00
product_002695,Garden & Outdoor,Planting Set 2695,2691,9.6,5.3,7.6,55.25,2024-01-01T00:00:00
product_002696,Home & Bedding,Home Textile 2696,3630,10.3,6.7,7.7,48.51,2024-01-01T00:00:00
product_002697,Home & Bedding,Comfort Item 2697,2442,9.3,5.5,6.0,42.83,2024-01-01T00:00:00
product_002698,Fashion,Everyday Apparel 2698,425,6.2,3.1,5.6,94.41,2024-01-01T00:00:00
product_002699,Health & Beauty,Daily Essential 2699,343,6.6,4.0,6.3,27.07,2024-01-01T00:00:00
product_002700,Furniture & Decor,Storage Unit 2700,5418,11.6,7.7,9.5,378.25,2024-01-01T00:00:00
product_002701,Books & Media,Reference Book 2701,445,6.5,4.0,5.0,41.88,2024-01-01T00:00:00
product_002702,Baby Products,Infant Care Item 2702,934,5.7,4.6,3.7,20.87,2024-01-01T00:00:00
product_002703,Office Supplies,Office Organizer 2703,1148,7.0,3.3,3.5,23.74,2024-01-01T00:00:00
product_002704,Home & Bedding,Comfort Item 2704,2525,6.0,5.3,4.6,53.91,2024-01-01T00:00:00
product_002705,Home Goods,Kitchen Item 2705,1300,6.7,4.6,6.4,143.02,2024-01-01T00:00:00
product_002706,Books & Media,Learning Guide 2706,499,6.0,4.3,5.8,19.95,2024-01-01T00:00:00
product_002707,Automotive,Maintenance Kit 2707,2342,7.8,4.1,6.1,99.81,2024-01-01T00:00:00
product_002708,Pet Supplies,Feeding Set 2708,1115,7.4,3.8,3.8,68.53,2024-01-01T00:00:00
product_002709,Toys & Games,Learning Toy 2709,552,6.8,5.0,5.8,40.79,2024-01-01T00:00:00
product_002710,Sports & Outdoors,Outdoor Kit 2710,1667,7.2,4.6,6.3,78.98,2024-01-01T00:00:00
product_002711,Toys & Games,Activity Set 2711,860,6.5,4.6,5.2,78.84,2024-01-01T00:00:00
product_002712,Furniture & Decor,Accent Furniture 2712,30000,18.2,8.9,17.2,144.86,2024-01-01T00:00:00
product_002713,Automotive,Maintenance Kit 2713,4061,11.6,5.2,5.8,46.52,2024-01-01T00:00:00
product_002714,Sports & Outdoors,Training Gear 2714,2904,10.7,4.2,6.2,333.9,2024-01-01T00:00:00
product_002715,Pet Supplies,Pet Care Item 2715,1040,6.4,3.4,4.4,21.64,2024-01-01T00:00:00
product_002716,Garden & Outdoor,Planting Set 2716,7213,10.5,7.6,9.7,111.71,2024-01-01T00:00:00
product_002717,Home Goods,Kitchen Item 2717,1395,8.8,5.8,5.9,50.46,2024-01-01T00:00:00
product_002718,Automotive,Maintenance Kit 2718,3482,10.4,5.7,5.9,121.21,2024-01-01T00:00:00
product_002719,Fashion,Everyday Apparel 2719,235,6.8,4.1,4.7,32.47,2024-01-01T00:00:00
product_002720,Garden & Outdoor,Outdoor Accessory 2720,6337,11.5,8.7,8.4,18.83,2024-01-01T00:00:00
product_002721,Home & Bedding,Bedding Set 2721,1881,8.8,5.2,5.6,51.81,2024-01-01T00:00:00
product_002722,Furniture & Decor,Accent Furniture 2722,24737,18.6,9.9,12.6,442.33,2024-01-01T00:00:00
product_002723,Electronics & Accessories,Charging Kit 2723,1446,5.3,4.3,5.9,150.95,2024-01-01T00:00:00
product_002724,Pet Supplies,Pet Care Item 2724,1156,5.0,2.8,6.2,30.07,2024-01-01T00:00:00
product_002725,Mobile & Telecom,Connectivity Kit 2725,319,7.1,3.6,4.1,248.25,2024-01-01T00:00:00
product_002726,Toys & Games,Activity Set 2726,1612,6.4,5.3,6.9,15.94,2024-01-01T00:00:00
product_002727,Sports & Outdoors,Fitness Item 2727,3419,7.3,4.6,7.0,115.68,2024-01-01T00:00:00
product_002728,Automotive,Maintenance Kit 2728,2511,8.3,5.6,7.4,105.17,2024-01-01T00:00:00
product_002729,Automotive,Vehicle Accessory 2729,3559,10.0,5.9,6.8,69.57,2024-01-01T00:00:00
product_002730,Furniture & Decor,Storage Unit 2730,21586,14.4,12.2,16.4,203.82,2024-01-01T00:00:00
product_002731,Automotive,Travel Item 2731,2148,6.4,5.7,7.7,69.35,2024-01-01T00:00:00
product_002732,Furniture & Decor,Decor Item 2732,13988,14.6,9.9,8.0,157.19,2024-01-01T00:00:00
product_002733,Furniture & Decor,Storage Unit 2733,6581,8.8,7.7,7.7,121.97,2024-01-01T00:00:00
product_002734,Office Supplies,Writing Kit 2734,646,7.0,2.0,5.3,29.5,2024-01-01T00:00:00
product_002735,Health & Beauty,Care Set 2735,313,7.7,3.9,4.9,27.01,2024-01-01T00:00:00
product_002736,Health & Beauty,Wellness Item 2736,220,7.2,4.6,5.6,18.33,2024-01-01T00:00:00
product_002737,Fashion,Seasonal Wear 2737,1206,4.1,3.8,5.1,115.36,2024-01-01T00:00:00
product_002738,Mobile & Telecom,Mobile Accessory 2738,431,5.6,5.2,5.4,139.37,2024-01-01T00:00:00
product_002739,Pet Supplies,Feeding Set 2739,1124,7.6,3.3,5.2,14.35,2024-01-01T00:00:00
product_002740,Sports & Outdoors,Fitness Item 2740,2491,9.7,3.6,7.6,146.58,2024-01-01T00:00:00
product_002741,Mobile & Telecom,Connectivity Kit 2741,1091,5.6,4.3,5.2,101.69,2024-01-01T00:00:00
product_002742,Mobile & Telecom,Phone Item 2742,431,8.1,4.2,5.4,116.33,2024-01-01T00:00:00
product_002743,Furniture & Decor,Accent Furniture 2743,10903,13.8,7.6,7.7,280.43,2024-01-01T00:00:00
product_002744,Sports & Outdoors,Training Gear 2744,2439,6.1,5.6,5.5,109.31,2024-01-01T00:00:00
product_002745,Electronics & Accessories,Audio Item 2745,1011,4.4,3.4,4.8,118.01,2024-01-01T00:00:00
product_002746,Home & Bedding,Comfort Item 2746,3764,9.9,6.2,8.9,64.34,2024-01-01T00:00:00
product_002747,Mobile & Telecom,Connectivity Kit 2747,447,5.0,4.6,5.8,85.48,2024-01-01T00:00:00
product_002748,Pet Supplies,Pet Activity Item 2748,802,6.2,2.9,5.9,36.6,2024-01-01T00:00:00
product_002749,Automotive,Vehicle Accessory 2749,3156,8.3,4.9,7.1,100.43,2024-01-01T00:00:00
product_002750,Garden & Outdoor,Outdoor Accessory 2750,1278,6.9,4.2,4.5,156.99,2024-01-01T00:00:00
product_002751,Health & Beauty,Care Set 2751,439,5.3,3.3,4.8,36.84,2024-01-01T00:00:00
product_002752,Automotive,Vehicle Accessory 2752,2594,6.9,5.1,9.0,158.21,2024-01-01T00:00:00
product_002753,Electronics & Accessories,Audio Item 2753,232,8.9,3.7,5.4,33.5,2024-01-01T00:00:00
product_002754,Baby Products,Nursery Accessory 2754,822,6.4,4.7,3.8,68.84,2024-01-01T00:00:00
product_002755,Watches & Gifts,Keepsake Item 2755,133,4.8,4.2,5.5,124.71,2024-01-01T00:00:00
product_002756,Fashion,Seasonal Wear 2756,937,7.4,3.7,4.1,127.06,2024-01-01T00:00:00
product_002757,Garden & Outdoor,Outdoor Accessory 2757,4794,9.8,4.9,9.0,43.68,2024-01-01T00:00:00
product_002758,Home Goods,Organization Set 2758,3787,6.9,5.4,6.5,82.23,2024-01-01T00:00:00
product_002759,Fashion,Seasonal Wear 2759,566,7.1,3.1,4.7,103.92,2024-01-01T00:00:00
product_002760,Electronics & Accessories,Audio Item 2760,397,5.3,3.8,5.3,131.09,2024-01-01T00:00:00
product_002761,Office Supplies,Desk Set 2761,800,8.3,2.9,4.5,30.1,2024-01-01T00:00:00
product_002762,Pet Supplies,Feeding Set 2762,1985,8.3,4.8,7.4,41.74,2024-01-01T00:00:00
product_002763,Office Supplies,Office Organizer 2763,275,7.6,4.3,4.4,41.61,2024-01-01T00:00:00
product_002764,Garden & Outdoor,Garden Tool 2764,3480,7.8,5.2,7.8,32.55,2024-01-01T00:00:00
product_002765,Books & Media,Reference Book 2765,179,6.5,3.7,5.2,30.42,2024-01-01T00:00:00
product_002766,Home & Bedding,Home Textile 2766,1455,6.6,4.0,4.8,76.56,2024-01-01T00:00:00
product_002767,Books & Media,Media Collection 2767,197,6.7,4.3,4.9,37.87,2024-01-01T00:00:00
product_002768,Fashion,Everyday Apparel 2768,158,6.5,4.4,4.5,46.46,2024-01-01T00:00:00
product_002769,Books & Media,Learning Guide 2769,314,7.0,4.9,4.8,32.84,2024-01-01T00:00:00
product_002770,Electronics & Accessories,Device Accessory 2770,1490,6.6,4.5,5.4,141.95,2024-01-01T00:00:00
product_002771,Baby Products,Infant Care Item 2771,1041,4.8,4.4,3.0,51.86,2024-01-01T00:00:00
product_002772,Electronics & Accessories,Audio Item 2772,1267,7.4,4.8,5.5,74.81,2024-01-01T00:00:00
product_002773,Health & Beauty,Wellness Item 2773,342,6.3,4.4,4.8,43.41,2024-01-01T00:00:00
product_002774,Automotive,Maintenance Kit 2774,4427,10.2,7.4,8.1,73.35,2024-01-01T00:00:00
product_002775,Automotive,Travel Item 2775,4296,9.3,6.7,7.4,125.45,2024-01-01T00:00:00
product_002776,Mobile & Telecom,Phone Item 2776,975,5.5,4.0,5.4,271.34,2024-01-01T00:00:00
product_002777,Books & Media,Reference Book 2777,423,4.5,4.6,5.5,27.31,2024-01-01T00:00:00
product_002778,Toys & Games,Family Game 2778,664,6.5,4.2,4.7,31.86,2024-01-01T00:00:00
product_002779,Fashion,Fashion Accessory 2779,424,6.2,2.9,5.9,119.01,2024-01-01T00:00:00
product_002780,Books & Media,Learning Guide 2780,695,5.0,3.8,6.2,19.5,2024-01-01T00:00:00
product_002781,Mobile & Telecom,Connectivity Kit 2781,239,5.7,4.8,4.1,95.24,2024-01-01T00:00:00
product_002782,Sports & Outdoors,Fitness Item 2782,6078,9.9,7.0,7.1,65.26,2024-01-01T00:00:00
product_002783,Health & Beauty,Daily Essential 2783,239,5.3,4.1,5.3,20.99,2024-01-01T00:00:00
product_002784,Sports & Outdoors,Fitness Item 2784,4163,8.6,5.3,7.0,85.38,2024-01-01T00:00:00
product_002785,Pet Supplies,Pet Care Item 2785,2243,9.2,4.0,5.9,33.12,2024-01-01T00:00:00
product_002786,Sports & Outdoors,Training Gear 2786,2087,10.3,4.4,8.9,79.93,2024-01-01T00:00:00
product_002787,Baby Products,Infant Care Item 2787,1489,4.5,4.9,6.4,72.46,2024-01-01T00:00:00
product_002788,Mobile & Telecom,Connectivity Kit 2788,883,6.3,5.5,4.6,71.0,2024-01-01T00:00:00
product_002789,Toys & Games,Activity Set 2789,5063,10.6,4.4,7.2,53.64,2024-01-01T00:00:00
product_002790,Garden & Outdoor,Planting Set 2790,1128,5.5,3.3,4.4,64.82,2024-01-01T00:00:00
product_002791,Pet Supplies,Feeding Set 2791,2529,7.2,2.9,4.8,82.68,2024-01-01T00:00:00
product_002792,Furniture & Decor,Decor Item 2792,11816,14.5,8.3,11.9,519.84,2024-01-01T00:00:00
product_002793,Automotive,Maintenance Kit 2793,1681,8.0,4.5,5.2,143.69,2024-01-01T00:00:00
product_002794,Electronics & Accessories,Audio Item 2794,395,7.6,3.3,6.1,199.88,2024-01-01T00:00:00
product_002795,Electronics & Accessories,Charging Kit 2795,1174,6.1,3.5,6.1,83.1,2024-01-01T00:00:00
product_002796,Books & Media,Reference Book 2796,295,6.8,3.4,5.0,33.57,2024-01-01T00:00:00
product_002797,Pet Supplies,Pet Activity Item 2797,1857,6.4,5.6,8.4,40.18,2024-01-01T00:00:00
product_002798,Sports & Outdoors,Fitness Item 2798,1631,6.8,5.0,6.0,45.46,2024-01-01T00:00:00
product_002799,Home Goods,Household Tool 2799,659,6.8,3.5,6.5,31.35,2024-01-01T00:00:00
product_002800,Electronics & Accessories,Device Accessory 2800,664,7.7,4.6,4.5,298.09,2024-01-01T00:00:00
product_002801,Baby Products,Feeding Item 2801,657,8.6,4.9,4.9,77.11,2024-01-01T00:00:00
product_002802,Furniture & Decor,Accent Furniture 2802,5571,9.4,7.1,8.4,169.1,2024-01-01T00:00:00
product_002803,Books & Media,Reference Book 2803,279,6.6,3.8,5.3,31.41,2024-01-01T00:00:00
product_002804,Mobile & Telecom,Phone Item 2804,1190,6.9,5.8,4.3,147.12,2024-01-01T00:00:00
product_002805,Furniture & Decor,Storage Unit 2805,5912,13.4,7.8,8.5,256.2,2024-01-01T00:00:00
product_002806,Garden & Outdoor,Garden Tool 2806,3611,8.0,5.3,6.6,83.21,2024-01-01T00:00:00
product_002807,Office Supplies,Writing Kit 2807,1067,7.2,4.6,5.3,27.55,2024-01-01T00:00:00
product_002808,Mobile & Telecom,Phone Item 2808,455,4.1,3.7,4.8,255.97,2024-01-01T00:00:00
product_002809,Automotive,Travel Item 2809,7837,14.8,7.0,10.4,72.78,2024-01-01T00:00:00
product_002810,Toys & Games,Activity Set 2810,996,5.9,3.3,6.0,27.65,2024-01-01T00:00:00
product_002811,Furniture & Decor,Accent Furniture 2811,4690,10.0,6.9,7.6,189.74,2024-01-01T00:00:00
product_002812,Home & Bedding,Comfort Item 2812,1563,9.7,3.9,7.1,27.2,2024-01-01T00:00:00
product_002813,Watches & Gifts,Keepsake Item 2813,314,6.2,4.0,5.5,103.65,2024-01-01T00:00:00
product_002814,Garden & Outdoor,Garden Tool 2814,5320,8.7,6.6,8.2,96.92,2024-01-01T00:00:00
product_002815,Garden & Outdoor,Planting Set 2815,9208,11.0,8.8,9.8,35.15,2024-01-01T00:00:00
product_002816,Sports & Outdoors,Training Gear 2816,4218,13.2,7.0,7.8,22.57,2024-01-01T00:00:00
product_002817,Home Goods,Kitchen Item 2817,1786,6.8,4.9,6.6,45.9,2024-01-01T00:00:00
product_002818,Electronics & Accessories,Charging Kit 2818,707,6.9,4.5,5.3,318.83,2024-01-01T00:00:00
product_002819,Sports & Outdoors,Outdoor Kit 2819,5528,12.1,6.5,9.3,43.33,2024-01-01T00:00:00
product_002820,Toys & Games,Family Game 2820,1245,6.5,4.4,5.1,44.17,2024-01-01T00:00:00
product_002821,Garden & Outdoor,Outdoor Accessory 2821,2960,9.1,6.7,7.1,71.28,2024-01-01T00:00:00
product_002822,Watches & Gifts,Timepiece 2822,384,7.6,3.8,4.8,75.31,2024-01-01T00:00:00
product_002823,Home Goods,Household Tool 2823,3469,10.6,4.9,8.4,68.55,2024-01-01T00:00:00
product_002824,Fashion,Everyday Apparel 2824,373,7.3,4.8,5.0,148.32,2024-01-01T00:00:00
product_002825,Fashion,Fashion Accessory 2825,470,6.1,3.9,4.8,35.13,2024-01-01T00:00:00
product_002826,Electronics & Accessories,Device Accessory 2826,1862,6.9,4.9,6.5,119.12,2024-01-01T00:00:00
product_002827,Sports & Outdoors,Fitness Item 2827,2366,10.1,3.9,5.7,131.92,2024-01-01T00:00:00
product_002828,Watches & Gifts,Timepiece 2828,350,7.2,4.7,5.5,59.87,2024-01-01T00:00:00
product_002829,Toys & Games,Learning Toy 2829,1132,6.9,3.0,6.0,13.83,2024-01-01T00:00:00
product_002830,Watches & Gifts,Keepsake Item 2830,301,5.5,2.9,5.2,147.58,2024-01-01T00:00:00
product_002831,Sports & Outdoors,Fitness Item 2831,1026,5.7,4.1,5.5,110.56,2024-01-01T00:00:00
product_002832,Baby Products,Nursery Accessory 2832,1185,7.2,2.9,5.0,67.56,2024-01-01T00:00:00
product_002833,Health & Beauty,Care Set 2833,173,6.7,3.5,6.6,31.9,2024-01-01T00:00:00
product_002834,Garden & Outdoor,Garden Tool 2834,7999,11.5,5.0,5.5,29.0,2024-01-01T00:00:00
product_002835,Home Goods,Organization Set 2835,1839,7.2,3.7,5.5,44.29,2024-01-01T00:00:00
product_002836,Watches & Gifts,Keepsake Item 2836,362,7.0,5.7,4.9,197.84,2024-01-01T00:00:00
product_002837,Mobile & Telecom,Phone Item 2837,1113,6.2,3.9,5.8,38.62,2024-01-01T00:00:00
product_002838,Watches & Gifts,Gift Set 2838,177,4.9,2.8,4.9,82.79,2024-01-01T00:00:00
product_002839,Home & Bedding,Comfort Item 2839,3295,9.4,4.9,6.3,36.34,2024-01-01T00:00:00
product_002840,Watches & Gifts,Gift Set 2840,1146,5.7,3.3,4.8,88.28,2024-01-01T00:00:00
product_002841,Books & Media,Learning Guide 2841,129,6.0,4.3,5.6,19.99,2024-01-01T00:00:00
product_002842,Books & Media,Media Collection 2842,637,6.6,4.1,4.5,22.46,2024-01-01T00:00:00
product_002843,Books & Media,Reference Book 2843,778,6.9,5.6,4.7,38.92,2024-01-01T00:00:00
product_002844,Books & Media,Media Collection 2844,213,6.8,2.9,5.4,20.57,2024-01-01T00:00:00
product_002845,Watches & Gifts,Gift Set 2845,357,6.0,3.1,5.2,82.26,2024-01-01T00:00:00
product_002846,Furniture & Decor,Storage Unit 2846,11536,16.2,7.4,12.0,62.4,2024-01-01T00:00:00
product_002847,Home & Bedding,Comfort Item 2847,4189,9.7,5.2,8.6,116.96,2024-01-01T00:00:00
product_002848,Toys & Games,Learning Toy 2848,690,7.4,3.6,4.1,23.01,2024-01-01T00:00:00
product_002849,Health & Beauty,Care Set 2849,389,7.3,4.2,4.9,27.97,2024-01-01T00:00:00
product_002850,Toys & Games,Activity Set 2850,784,6.4,4.7,4.7,55.56,2024-01-01T00:00:00
product_002851,Health & Beauty,Daily Essential 2851,450,8.2,4.9,4.1,19.33,2024-01-01T00:00:00
product_002852,Garden & Outdoor,Garden Tool 2852,4290,7.4,7.2,7.5,45.75,2024-01-01T00:00:00
product_002853,Toys & Games,Learning Toy 2853,2257,10.2,3.4,6.1,9.65,2024-01-01T00:00:00
product_002854,Watches & Gifts,Keepsake Item 2854,201,6.6,4.3,6.1,101.56,2024-01-01T00:00:00
product_002855,Garden & Outdoor,Outdoor Accessory 2855,1950,5.9,4.2,6.2,122.31,2024-01-01T00:00:00
product_002856,Automotive,Travel Item 2856,2279,7.9,6.9,4.5,102.0,2024-01-01T00:00:00
product_002857,Mobile & Telecom,Mobile Accessory 2857,639,7.3,3.3,5.4,112.72,2024-01-01T00:00:00
product_002858,Watches & Gifts,Timepiece 2858,456,7.8,3.9,5.8,68.08,2024-01-01T00:00:00
product_002859,Office Supplies,Desk Set 2859,339,7.9,2.8,4.3,28.22,2024-01-01T00:00:00
product_002860,Books & Media,Learning Guide 2860,779,6.4,5.4,4.9,25.73,2024-01-01T00:00:00
product_002861,Fashion,Seasonal Wear 2861,684,8.0,4.5,5.6,104.18,2024-01-01T00:00:00
product_002862,Home Goods,Household Tool 2862,6390,11.6,6.5,9.2,72.34,2024-01-01T00:00:00
product_002863,Fashion,Everyday Apparel 2863,278,5.6,3.8,4.7,41.57,2024-01-01T00:00:00
product_002864,Home Goods,Household Tool 2864,1934,7.6,3.8,4.7,29.8,2024-01-01T00:00:00
product_002865,Electronics & Accessories,Device Accessory 2865,614,6.5,3.6,5.8,83.32,2024-01-01T00:00:00
product_002866,Pet Supplies,Pet Care Item 2866,1875,6.9,3.2,5.4,37.49,2024-01-01T00:00:00
product_002867,Health & Beauty,Daily Essential 2867,1091,7.6,2.7,6.5,21.68,2024-01-01T00:00:00
product_002868,Sports & Outdoors,Training Gear 2868,1901,10.3,5.8,3.7,81.51,2024-01-01T00:00:00
product_002869,Home Goods,Kitchen Item 2869,3977,12.2,5.3,7.0,65.9,2024-01-01T00:00:00
product_002870,Pet Supplies,Pet Care Item 2870,987,5.3,3.8,4.8,16.78,2024-01-01T00:00:00
product_002871,Baby Products,Feeding Item 2871,811,6.6,4.9,5.1,59.48,2024-01-01T00:00:00
product_002872,Sports & Outdoors,Training Gear 2872,3811,10.6,6.0,6.2,169.98,2024-01-01T00:00:00
product_002873,Automotive,Maintenance Kit 2873,2473,9.1,6.9,6.0,70.65,2024-01-01T00:00:00
product_002874,Sports & Outdoors,Outdoor Kit 2874,2303,7.1,5.3,6.7,51.26,2024-01-01T00:00:00
product_002875,Baby Products,Feeding Item 2875,720,6.6,2.8,5.2,107.19,2024-01-01T00:00:00
product_002876,Furniture & Decor,Storage Unit 2876,9298,11.7,7.9,7.9,169.54,2024-01-01T00:00:00
product_002877,Pet Supplies,Feeding Set 2877,971,5.9,5.1,6.8,98.58,2024-01-01T00:00:00
product_002878,Sports & Outdoors,Outdoor Kit 2878,4766,9.4,6.7,9.7,44.77,2024-01-01T00:00:00
product_002879,Office Supplies,Writing Kit 2879,545,5.8,3.1,7.1,20.62,2024-01-01T00:00:00
product_002880,Health & Beauty,Care Set 2880,1131,6.7,3.8,5.0,15.74,2024-01-01T00:00:00
product_002881,Furniture & Decor,Storage Unit 2881,5088,9.5,8.9,7.8,171.37,2024-01-01T00:00:00
product_002882,Baby Products,Infant Care Item 2882,919,8.0,4.1,4.1,74.36,2024-01-01T00:00:00
product_002883,Office Supplies,Office Organizer 2883,535,4.3,4.3,4.2,21.82,2024-01-01T00:00:00
product_002884,Home & Bedding,Comfort Item 2884,1265,5.9,3.7,6.3,129.55,2024-01-01T00:00:00
product_002885,Books & Media,Learning Guide 2885,181,7.0,5.1,5.2,17.53,2024-01-01T00:00:00
product_002886,Watches & Gifts,Gift Set 2886,248,6.2,3.6,4.5,178.8,2024-01-01T00:00:00
product_002887,Watches & Gifts,Keepsake Item 2887,216,7.0,5.0,5.5,107.27,2024-01-01T00:00:00
product_002888,Health & Beauty,Wellness Item 2888,159,7.7,3.5,5.7,28.61,2024-01-01T00:00:00
product_002889,Office Supplies,Writing Kit 2889,595,5.4,2.2,5.2,11.15,2024-01-01T00:00:00
product_002890,Fashion,Fashion Accessory 2890,368,6.1,3.8,5.3,109.3,2024-01-01T00:00:00
product_002891,Office Supplies,Office Organizer 2891,1371,7.4,4.1,6.0,44.29,2024-01-01T00:00:00
product_002892,Watches & Gifts,Timepiece 2892,244,6.1,4.4,6.0,32.65,2024-01-01T00:00:00
product_002893,Fashion,Everyday Apparel 2893,729,6.7,4.0,6.5,61.33,2024-01-01T00:00:00
product_002894,Sports & Outdoors,Training Gear 2894,5763,11.7,7.2,7.7,66.34,2024-01-01T00:00:00
product_002895,Sports & Outdoors,Training Gear 2895,4149,9.7,6.2,7.5,190.42,2024-01-01T00:00:00
product_002896,Pet Supplies,Feeding Set 2896,2063,9.9,4.8,6.0,56.92,2024-01-01T00:00:00
product_002897,Sports & Outdoors,Outdoor Kit 2897,2893,6.6,4.5,4.7,72.78,2024-01-01T00:00:00
product_002898,Pet Supplies,Pet Care Item 2898,2026,10.1,4.4,5.6,37.39,2024-01-01T00:00:00
product_002899,Mobile & Telecom,Connectivity Kit 2899,882,5.0,5.1,4.1,137.51,2024-01-01T00:00:00
product_002900,Watches & Gifts,Timepiece 2900,255,4.8,4.2,5.0,54.05,2024-01-01T00:00:00
product_002901,Books & Media,Learning Guide 2901,1460,7.5,5.0,5.3,15.72,2024-01-01T00:00:00
product_002902,Garden & Outdoor,Garden Tool 2902,3152,11.3,3.5,6.1,75.85,2024-01-01T00:00:00
product_002903,Garden & Outdoor,Garden Tool 2903,8995,14.9,8.6,10.6,80.16,2024-01-01T00:00:00
product_002904,Home & Bedding,Home Textile 2904,551,8.4,3.7,4.2,53.91,2024-01-01T00:00:00
product_002905,Home Goods,Kitchen Item 2905,2342,8.7,5.4,5.7,51.63,2024-01-01T00:00:00
product_002906,Pet Supplies,Feeding Set 2906,1786,7.9,5.4,7.0,51.67,2024-01-01T00:00:00
product_002907,Home & Bedding,Bedding Set 2907,2262,7.6,5.7,6.9,193.9,2024-01-01T00:00:00
product_002908,Electronics & Accessories,Audio Item 2908,932,5.3,5.4,3.7,340.58,2024-01-01T00:00:00
product_002909,Electronics & Accessories,Audio Item 2909,494,6.0,3.1,5.1,163.3,2024-01-01T00:00:00
product_002910,Automotive,Maintenance Kit 2910,3344,7.0,6.5,7.6,49.27,2024-01-01T00:00:00
product_002911,Furniture & Decor,Decor Item 2911,11003,13.9,10.9,9.5,63.78,2024-01-01T00:00:00
product_002912,Health & Beauty,Wellness Item 2912,402,6.5,3.2,5.5,10.23,2024-01-01T00:00:00
product_002913,Garden & Outdoor,Garden Tool 2913,7034,12.2,7.9,8.5,26.83,2024-01-01T00:00:00
product_002914,Garden & Outdoor,Outdoor Accessory 2914,5247,9.5,7.2,9.4,77.9,2024-01-01T00:00:00
product_002915,Garden & Outdoor,Outdoor Accessory 2915,4885,11.7,5.7,8.8,40.73,2024-01-01T00:00:00
product_002916,Toys & Games,Family Game 2916,595,5.2,3.4,3.8,81.59,2024-01-01T00:00:00
product_002917,Baby Products,Infant Care Item 2917,2426,7.5,5.1,6.1,46.44,2024-01-01T00:00:00
product_002918,Baby Products,Infant Care Item 2918,1213,7.3,2.5,3.4,36.1,2024-01-01T00:00:00
product_002919,Pet Supplies,Pet Care Item 2919,2570,10.8,5.3,8.3,45.34,2024-01-01T00:00:00
product_002920,Books & Media,Reference Book 2920,314,7.1,4.8,6.1,20.19,2024-01-01T00:00:00
product_002921,Toys & Games,Activity Set 2921,903,8.0,2.8,4.6,40.65,2024-01-01T00:00:00
product_002922,Home Goods,Household Tool 2922,2925,10.2,3.9,8.0,31.8,2024-01-01T00:00:00
product_002923,Garden & Outdoor,Planting Set 2923,10409,8.9,9.8,11.6,86.89,2024-01-01T00:00:00
product_002924,Sports & Outdoors,Training Gear 2924,1245,6.7,4.9,5.7,80.25,2024-01-01T00:00:00
product_002925,Garden & Outdoor,Outdoor Accessory 2925,6657,8.6,4.1,7.4,163.35,2024-01-01T00:00:00
product_002926,Furniture & Decor,Decor Item 2926,3517,8.0,5.2,8.0,144.86,2024-01-01T00:00:00
product_002927,Electronics & Accessories,Device Accessory 2927,209,7.1,4.0,5.9,207.87,2024-01-01T00:00:00
product_002928,Watches & Gifts,Gift Set 2928,291,6.5,4.2,4.8,110.09,2024-01-01T00:00:00
product_002929,Fashion,Seasonal Wear 2929,492,6.3,3.3,5.8,60.42,2024-01-01T00:00:00
product_002930,Fashion,Everyday Apparel 2930,255,6.7,3.3,4.3,35.79,2024-01-01T00:00:00
product_002931,Furniture & Decor,Accent Furniture 2931,6528,10.5,4.7,7.5,212.18,2024-01-01T00:00:00
product_002932,Mobile & Telecom,Connectivity Kit 2932,953,5.3,3.2,5.0,154.47,2024-01-01T00:00:00
product_002933,Home & Bedding,Home Textile 2933,1325,5.7,4.7,6.1,68.03,2024-01-01T00:00:00
product_002934,Sports & Outdoors,Fitness Item 2934,2768,9.1,5.4,7.7,170.34,2024-01-01T00:00:00
product_002935,Electronics & Accessories,Charging Kit 2935,1733,6.3,4.6,7.5,217.17,2024-01-01T00:00:00
product_002936,Health & Beauty,Wellness Item 2936,256,6.5,5.6,4.9,25.51,2024-01-01T00:00:00
product_002937,Watches & Gifts,Gift Set 2937,165,6.8,2.6,5.2,41.26,2024-01-01T00:00:00
product_002938,Fashion,Everyday Apparel 2938,806,8.1,2.8,6.6,70.92,2024-01-01T00:00:00
product_002939,Home & Bedding,Comfort Item 2939,1507,6.2,4.6,5.5,123.31,2024-01-01T00:00:00
product_002940,Furniture & Decor,Decor Item 2940,7756,13.0,6.4,9.8,125.14,2024-01-01T00:00:00
product_002941,Office Supplies,Office Organizer 2941,1233,7.4,4.2,4.1,29.92,2024-01-01T00:00:00
product_002942,Fashion,Everyday Apparel 2942,876,7.2,3.2,6.3,85.2,2024-01-01T00:00:00
product_002943,Office Supplies,Desk Set 2943,1066,4.0,5.0,5.5,26.21,2024-01-01T00:00:00
product_002944,Books & Media,Learning Guide 2944,435,5.5,2.1,4.4,16.15,2024-01-01T00:00:00
product_002945,Home & Bedding,Home Textile 2945,1443,8.4,5.0,5.7,97.83,2024-01-01T00:00:00
product_002946,Garden & Outdoor,Garden Tool 2946,6183,12.0,4.5,10.1,111.8,2024-01-01T00:00:00
product_002947,Home Goods,Household Tool 2947,3194,8.7,6.4,8.4,34.98,2024-01-01T00:00:00
product_002948,Baby Products,Nursery Accessory 2948,615,7.5,3.3,5.2,76.97,2024-01-01T00:00:00
product_002949,Watches & Gifts,Keepsake Item 2949,315,5.1,3.5,5.3,347.94,2024-01-01T00:00:00
product_002950,Pet Supplies,Feeding Set 2950,1997,5.8,5.4,6.6,25.89,2024-01-01T00:00:00
product_002951,Toys & Games,Learning Toy 2951,464,6.7,4.4,4.0,23.18,2024-01-01T00:00:00
product_002952,Furniture & Decor,Accent Furniture 2952,7144,10.7,6.7,7.5,147.24,2024-01-01T00:00:00
product_002953,Health & Beauty,Care Set 2953,327,5.5,4.2,5.2,16.08,2024-01-01T00:00:00
product_002954,Sports & Outdoors,Outdoor Kit 2954,4534,9.2,4.5,7.9,82.25,2024-01-01T00:00:00
product_002955,Sports & Outdoors,Training Gear 2955,3507,9.9,6.3,8.9,271.62,2024-01-01T00:00:00
product_002956,Baby Products,Nursery Accessory 2956,913,5.5,4.6,3.9,37.58,2024-01-01T00:00:00
product_002957,Office Supplies,Desk Set 2957,561,6.1,4.3,5.5,27.76,2024-01-01T00:00:00
product_002958,Furniture & Decor,Accent Furniture 2958,8243,14.4,12.8,8.9,170.56,2024-01-01T00:00:00
product_002959,Health & Beauty,Care Set 2959,292,6.7,4.3,5.5,43.72,2024-01-01T00:00:00
product_002960,Watches & Gifts,Keepsake Item 2960,162,5.8,5.0,4.8,39.27,2024-01-01T00:00:00
product_002961,Home & Bedding,Comfort Item 2961,2446,6.8,5.3,6.1,178.87,2024-01-01T00:00:00
product_002962,Electronics & Accessories,Audio Item 2962,1072,6.6,3.7,3.9,163.55,2024-01-01T00:00:00
product_002963,Home Goods,Organization Set 2963,1700,8.3,4.1,6.7,59.94,2024-01-01T00:00:00
product_002964,Mobile & Telecom,Phone Item 2964,1397,5.9,3.3,3.7,80.61,2024-01-01T00:00:00
product_002965,Mobile & Telecom,Connectivity Kit 2965,1047,4.6,5.4,3.3,90.96,2024-01-01T00:00:00
product_002966,Health & Beauty,Care Set 2966,225,8.5,2.6,5.5,25.42,2024-01-01T00:00:00
product_002967,Pet Supplies,Feeding Set 2967,1135,6.0,4.6,3.8,73.72,2024-01-01T00:00:00
product_002968,Sports & Outdoors,Fitness Item 2968,1603,8.6,3.2,6.0,61.99,2024-01-01T00:00:00
product_002969,Health & Beauty,Care Set 2969,200,5.7,4.1,5.0,95.26,2024-01-01T00:00:00
product_002970,Watches & Gifts,Keepsake Item 2970,334,6.4,3.8,5.6,183.68,2024-01-01T00:00:00
product_002971,Baby Products,Nursery Accessory 2971,1308,7.4,3.5,4.3,16.19,2024-01-01T00:00:00
product_002972,Fashion,Everyday Apparel 2972,643,5.9,4.1,4.4,65.32,2024-01-01T00:00:00
product_002973,Toys & Games,Learning Toy 2973,839,5.7,4.2,5.9,64.86,2024-01-01T00:00:00
product_002974,Home Goods,Household Tool 2974,1148,7.2,5.3,5.5,57.33,2024-01-01T00:00:00
product_002975,Automotive,Maintenance Kit 2975,3534,10.1,8.3,6.3,32.55,2024-01-01T00:00:00
product_002976,Furniture & Decor,Storage Unit 2976,5990,12.0,5.5,8.7,246.18,2024-01-01T00:00:00
product_002977,Mobile & Telecom,Mobile Accessory 2977,300,6.8,4.0,6.2,91.48,2024-01-01T00:00:00
product_002978,Fashion,Fashion Accessory 2978,811,7.6,3.5,4.8,173.29,2024-01-01T00:00:00
product_002979,Baby Products,Infant Care Item 2979,1441,8.0,4.4,5.3,54.59,2024-01-01T00:00:00
product_002980,Baby Products,Feeding Item 2980,1623,7.1,3.8,6.4,88.55,2024-01-01T00:00:00
product_002981,Office Supplies,Desk Set 2981,482,4.7,3.8,4.5,51.05,2024-01-01T00:00:00
product_002982,Pet Supplies,Feeding Set 2982,1017,6.0,5.9,4.6,19.38,2024-01-01T00:00:00
product_002983,Toys & Games,Family Game 2983,541,6.3,3.8,5.4,38.99,2024-01-01T00:00:00
product_002984,Furniture & Decor,Storage Unit 2984,10219,12.9,8.2,10.7,342.45,2024-01-01T00:00:00
product_002985,Health & Beauty,Daily Essential 2985,970,7.8,3.9,5.1,16.09,2024-01-01T00:00:00
product_002986,Sports & Outdoors,Outdoor Kit 2986,1332,5.9,3.6,4.4,117.44,2024-01-01T00:00:00
product_002987,Mobile & Telecom,Mobile Accessory 2987,939,8.2,4.8,4.5,83.2,2024-01-01T00:00:00
product_002988,Sports & Outdoors,Outdoor Kit 2988,957,6.0,3.1,6.1,67.7,2024-01-01T00:00:00
product_002989,Mobile & Telecom,Connectivity Kit 2989,920,6.1,3.1,5.1,171.45,2024-01-01T00:00:00
product_002990,Baby Products,Feeding Item 2990,1565,6.4,5.5,4.7,57.4,2024-01-01T00:00:00
product_002991,Office Supplies,Writing Kit 2991,264,5.7,4.6,4.7,26.28,2024-01-01T00:00:00
product_002992,Sports & Outdoors,Fitness Item 2992,2817,9.7,6.9,6.9,104.44,2024-01-01T00:00:00
product_002993,Health & Beauty,Wellness Item 2993,259,5.9,4.7,4.7,22.03,2024-01-01T00:00:00
product_002994,Furniture & Decor,Decor Item 2994,17069,16.6,8.9,9.0,102.76,2024-01-01T00:00:00
product_002995,Automotive,Maintenance Kit 2995,4566,12.4,7.1,6.1,103.3,2024-01-01T00:00:00
product_002996,Electronics & Accessories,Device Accessory 2996,779,5.7,4.2,5.8,128.3,2024-01-01T00:00:00
product_002997,Fashion,Everyday Apparel 2997,384,7.9,3.8,5.4,65.69,2024-01-01T00:00:00
product_002998,Fashion,Fashion Accessory 2998,209,5.7,4.7,5.6,177.24,2024-01-01T00:00:00
product_002999,Watches & Gifts,Gift Set 2999,78,8.0,3.4,3.4,334.12,2024-01-01T00:00:00
product_003000,Health & Beauty,Daily Essential 3000,278,5.5,4.3,6.4,30.44,2024-01-01T00:00:00
product_003001,Garden & Outdoor,Planting Set 3001,5294,9.3,6.8,8.7,39.32,2024-01-01T00:00:00
product_003002,Electronics & Accessories,Charging Kit 3002,1587,9.1,4.8,6.1,96.31,2024-01-01T00:00:00
product_003003,Home Goods,Household Tool 3003,1642,7.3,5.7,5.5,68.29,2024-01-01T00:00:00
product_003004,Watches & Gifts,Timepiece 3004,178,5.9,4.2,3.7,140.86,2024-01-01T00:00:00
product_003005,Furniture & Decor,Decor Item 3005,10682,14.7,8.0,6.9,176.04,2024-01-01T00:00:00
product_003006,Baby Products,Nursery Accessory 3006,620,5.8,3.4,4.3,81.86,2024-01-01T00:00:00
product_003007,Toys & Games,Family Game 3007,780,5.9,5.0,4.9,67.44,2024-01-01T00:00:00
product_003008,Home Goods,Kitchen Item 3008,2269,8.6,2.9,6.1,150.41,2024-01-01T00:00:00
product_003009,Sports & Outdoors,Training Gear 3009,3110,10.3,4.7,6.1,34.03,2024-01-01T00:00:00
product_003010,Home Goods,Kitchen Item 3010,1473,9.0,4.1,4.0,71.56,2024-01-01T00:00:00
product_003011,Automotive,Vehicle Accessory 3011,2508,7.8,4.1,6.6,192.87,2024-01-01T00:00:00
product_003012,Office Supplies,Office Organizer 3012,1498,7.5,4.2,5.1,33.6,2024-01-01T00:00:00
product_003013,Electronics & Accessories,Audio Item 3013,1418,8.0,4.7,5.8,173.84,2024-01-01T00:00:00
product_003014,Baby Products,Nursery Accessory 3014,654,7.3,3.4,3.9,40.59,2024-01-01T00:00:00
product_003015,Home & Bedding,Bedding Set 3015,1511,6.5,4.9,3.6,29.98,2024-01-01T00:00:00
product_003016,Automotive,Maintenance Kit 3016,1731,8.2,3.6,5.7,66.8,2024-01-01T00:00:00
product_003017,Garden & Outdoor,Planting Set 3017,2492,6.4,4.0,6.8,52.68,2024-01-01T00:00:00
product_003018,Furniture & Decor,Storage Unit 3018,16606,16.9,9.0,12.0,238.46,2024-01-01T00:00:00
product_003019,Baby Products,Infant Care Item 3019,1646,7.4,3.8,6.1,73.67,2024-01-01T00:00:00
product_003020,Fashion,Everyday Apparel 3020,263,5.7,5.0,5.3,72.26,2024-01-01T00:00:00
product_003021,Garden & Outdoor,Outdoor Accessory 3021,10563,11.4,10.1,7.2,64.44,2024-01-01T00:00:00
product_003022,Electronics & Accessories,Charging Kit 3022,429,7.1,3.7,4.9,322.61,2024-01-01T00:00:00
product_003023,Electronics & Accessories,Device Accessory 3023,937,7.0,3.1,5.5,180.15,2024-01-01T00:00:00
product_003024,Books & Media,Reference Book 3024,129,5.2,3.7,4.4,22.02,2024-01-01T00:00:00
product_003025,Mobile & Telecom,Mobile Accessory 3025,742,5.6,4.7,5.5,92.41,2024-01-01T00:00:00
product_003026,Toys & Games,Family Game 3026,311,6.5,4.5,4.6,55.53,2024-01-01T00:00:00
product_003027,Mobile & Telecom,Phone Item 3027,495,5.3,3.7,5.4,120.48,2024-01-01T00:00:00
product_003028,Furniture & Decor,Decor Item 3028,2468,8.8,5.0,5.0,96.59,2024-01-01T00:00:00
product_003029,Electronics & Accessories,Audio Item 3029,1029,5.8,3.9,5.6,228.67,2024-01-01T00:00:00
product_003030,Books & Media,Learning Guide 3030,680,7.3,4.3,6.2,21.86,2024-01-01T00:00:00
product_003031,Electronics & Accessories,Audio Item 3031,1615,7.8,3.4,3.9,195.59,2024-01-01T00:00:00
product_003032,Fashion,Fashion Accessory 3032,390,6.5,4.0,5.4,45.13,2024-01-01T00:00:00
product_003033,Garden & Outdoor,Garden Tool 3033,3029,10.5,6.6,4.8,54.73,2024-01-01T00:00:00
product_003034,Mobile & Telecom,Mobile Accessory 3034,1449,6.3,4.4,6.1,60.02,2024-01-01T00:00:00
product_003035,Electronics & Accessories,Device Accessory 3035,388,6.3,5.5,4.6,125.73,2024-01-01T00:00:00
product_003036,Automotive,Vehicle Accessory 3036,823,5.1,4.0,4.2,111.97,2024-01-01T00:00:00
product_003037,Health & Beauty,Wellness Item 3037,50,7.6,4.4,4.2,22.65,2024-01-01T00:00:00
product_003038,Books & Media,Reference Book 3038,239,8.0,4.9,4.5,18.0,2024-01-01T00:00:00
product_003039,Baby Products,Nursery Accessory 3039,1496,6.7,3.7,4.5,55.63,2024-01-01T00:00:00
product_003040,Watches & Gifts,Timepiece 3040,155,5.4,3.9,4.8,107.66,2024-01-01T00:00:00
product_003041,Pet Supplies,Pet Care Item 3041,1092,7.3,4.5,5.4,27.5,2024-01-01T00:00:00
product_003042,Electronics & Accessories,Audio Item 3042,408,6.5,3.9,5.0,441.04,2024-01-01T00:00:00
product_003043,Health & Beauty,Care Set 3043,680,6.7,4.6,5.1,41.64,2024-01-01T00:00:00
product_003044,Mobile & Telecom,Phone Item 3044,176,7.4,4.2,5.9,83.77,2024-01-01T00:00:00
product_003045,Automotive,Maintenance Kit 3045,1341,5.0,4.7,5.7,182.0,2024-01-01T00:00:00
product_003046,Baby Products,Feeding Item 3046,2084,7.6,4.2,5.5,120.66,2024-01-01T00:00:00
product_003047,Mobile & Telecom,Phone Item 3047,874,6.5,4.5,4.2,113.13,2024-01-01T00:00:00
product_003048,Baby Products,Infant Care Item 3048,896,7.8,3.7,7.1,47.5,2024-01-01T00:00:00
product_003049,Books & Media,Media Collection 3049,708,6.3,4.4,5.1,13.26,2024-01-01T00:00:00
product_003050,Toys & Games,Activity Set 3050,2884,7.6,3.5,6.9,32.13,2024-01-01T00:00:00
product_003051,Books & Media,Learning Guide 3051,459,7.8,3.6,5.5,21.81,2024-01-01T00:00:00
product_003052,Books & Media,Reference Book 3052,688,7.4,3.4,5.2,24.55,2024-01-01T00:00:00
product_003053,Furniture & Decor,Decor Item 3053,5281,10.8,4.7,9.0,161.59,2024-01-01T00:00:00
product_003054,Furniture & Decor,Decor Item 3054,16419,13.1,10.3,14.5,110.44,2024-01-01T00:00:00
product_003055,Mobile & Telecom,Phone Item 3055,758,6.1,3.0,7.0,278.59,2024-01-01T00:00:00
product_003056,Furniture & Decor,Accent Furniture 3056,9650,14.2,7.0,9.0,168.4,2024-01-01T00:00:00
product_003057,Automotive,Maintenance Kit 3057,5413,8.5,4.6,6.6,106.04,2024-01-01T00:00:00
product_003058,Mobile & Telecom,Mobile Accessory 3058,1752,7.9,3.7,6.1,108.71,2024-01-01T00:00:00
product_003059,Baby Products,Nursery Accessory 3059,796,5.4,3.2,5.8,63.99,2024-01-01T00:00:00
product_003060,Mobile & Telecom,Phone Item 3060,768,6.2,3.3,5.8,778.02,2024-01-01T00:00:00
product_003061,Automotive,Travel Item 3061,1916,8.2,4.9,6.9,112.0,2024-01-01T00:00:00
product_003062,Books & Media,Reference Book 3062,219,8.2,3.2,5.4,43.66,2024-01-01T00:00:00
product_003063,Furniture & Decor,Storage Unit 3063,6604,10.3,7.0,9.0,140.48,2024-01-01T00:00:00
product_003064,Automotive,Maintenance Kit 3064,6206,11.0,6.7,9.7,47.03,2024-01-01T00:00:00
product_003065,Electronics & Accessories,Audio Item 3065,465,6.5,3.7,5.3,162.23,2024-01-01T00:00:00
product_003066,Office Supplies,Office Organizer 3066,1065,6.0,4.5,3.6,37.73,2024-01-01T00:00:00
product_003067,Home & Bedding,Bedding Set 3067,2572,7.0,5.0,5.5,87.29,2024-01-01T00:00:00
product_003068,Toys & Games,Family Game 3068,1310,7.0,5.5,5.4,52.3,2024-01-01T00:00:00
product_003069,Home & Bedding,Home Textile 3069,1950,8.4,5.4,6.2,120.82,2024-01-01T00:00:00
product_003070,Home & Bedding,Bedding Set 3070,1574,4.9,4.8,5.9,56.08,2024-01-01T00:00:00
product_003071,Automotive,Maintenance Kit 3071,2299,11.3,5.9,6.7,36.41,2024-01-01T00:00:00
product_003072,Electronics & Accessories,Audio Item 3072,704,6.2,4.7,4.7,138.62,2024-01-01T00:00:00
product_003073,Toys & Games,Learning Toy 3073,1785,5.8,3.2,5.4,58.27,2024-01-01T00:00:00
product_003074,Baby Products,Nursery Accessory 3074,965,6.8,4.2,4.0,25.94,2024-01-01T00:00:00
product_003075,Toys & Games,Family Game 3075,1127,7.4,4.5,4.8,45.32,2024-01-01T00:00:00
product_003076,Office Supplies,Office Organizer 3076,666,5.4,4.2,4.3,35.78,2024-01-01T00:00:00
product_003077,Home & Bedding,Comfort Item 3077,3148,11.2,7.8,7.1,56.99,2024-01-01T00:00:00
product_003078,Fashion,Seasonal Wear 3078,230,6.2,4.0,5.5,20.11,2024-01-01T00:00:00
product_003079,Toys & Games,Learning Toy 3079,913,6.4,4.6,6.4,48.03,2024-01-01T00:00:00
product_003080,Mobile & Telecom,Phone Item 3080,585,6.5,4.6,4.2,42.62,2024-01-01T00:00:00
product_003081,Health & Beauty,Care Set 3081,334,7.5,3.9,5.2,44.84,2024-01-01T00:00:00
product_003082,Home Goods,Kitchen Item 3082,3687,8.9,5.4,8.3,9.77,2024-01-01T00:00:00
product_003083,Home Goods,Organization Set 3083,5395,8.9,5.7,11.1,25.89,2024-01-01T00:00:00
product_003084,Watches & Gifts,Gift Set 3084,227,6.6,3.0,5.4,75.97,2024-01-01T00:00:00
product_003085,Fashion,Everyday Apparel 3085,481,6.2,3.4,6.4,56.25,2024-01-01T00:00:00
product_003086,Mobile & Telecom,Mobile Accessory 3086,2009,7.1,5.3,6.4,209.74,2024-01-01T00:00:00
product_003087,Automotive,Vehicle Accessory 3087,3976,11.0,5.8,9.1,140.58,2024-01-01T00:00:00
product_003088,Garden & Outdoor,Outdoor Accessory 3088,10600,11.3,6.7,7.4,28.15,2024-01-01T00:00:00
product_003089,Office Supplies,Desk Set 3089,1205,5.6,3.5,6.2,31.66,2024-01-01T00:00:00
product_003090,Garden & Outdoor,Garden Tool 3090,1933,8.2,5.0,5.1,87.99,2024-01-01T00:00:00
product_003091,Home Goods,Organization Set 3091,1396,8.9,4.4,4.9,74.59,2024-01-01T00:00:00
product_003092,Home Goods,Organization Set 3092,1712,7.5,4.6,6.3,87.23,2024-01-01T00:00:00
product_003093,Sports & Outdoors,Fitness Item 3093,483,7.2,5.6,4.4,83.16,2024-01-01T00:00:00
product_003094,Health & Beauty,Wellness Item 3094,510,7.2,4.2,5.8,14.25,2024-01-01T00:00:00
product_003095,Electronics & Accessories,Audio Item 3095,1308,6.6,4.5,4.4,148.45,2024-01-01T00:00:00
product_003096,Home Goods,Household Tool 3096,1873,6.6,5.6,5.9,29.54,2024-01-01T00:00:00
product_003097,Watches & Gifts,Keepsake Item 3097,73,5.3,4.0,7.8,57.32,2024-01-01T00:00:00
product_003098,Baby Products,Infant Care Item 3098,1193,7.1,3.5,5.0,35.28,2024-01-01T00:00:00
product_003099,Watches & Gifts,Gift Set 3099,119,6.5,3.4,4.7,102.53,2024-01-01T00:00:00
product_003100,Fashion,Fashion Accessory 3100,623,6.0,3.7,3.9,136.87,2024-01-01T00:00:00
product_003101,Office Supplies,Desk Set 3101,628,5.5,4.6,6.0,41.83,2024-01-01T00:00:00
product_003102,Sports & Outdoors,Outdoor Kit 3102,917,6.0,4.4,4.2,163.72,2024-01-01T00:00:00
product_003103,Office Supplies,Office Organizer 3103,760,5.6,3.9,5.0,54.83,2024-01-01T00:00:00
product_003104,Watches & Gifts,Gift Set 3104,62,6.5,3.7,4.7,45.44,2024-01-01T00:00:00
product_003105,Sports & Outdoors,Outdoor Kit 3105,907,5.2,4.4,5.5,117.85,2024-01-01T00:00:00
product_003106,Home & Bedding,Bedding Set 3106,3250,10.2,5.3,7.7,24.23,2024-01-01T00:00:00
product_003107,Toys & Games,Activity Set 3107,1341,7.7,4.6,5.7,25.84,2024-01-01T00:00:00
product_003108,Automotive,Travel Item 3108,4311,9.7,8.0,7.7,108.92,2024-01-01T00:00:00
product_003109,Garden & Outdoor,Planting Set 3109,2139,9.2,4.8,4.9,65.65,2024-01-01T00:00:00
product_003110,Home & Bedding,Comfort Item 3110,972,6.0,4.3,5.0,37.37,2024-01-01T00:00:00
product_003111,Office Supplies,Desk Set 3111,1966,8.0,5.3,6.6,15.91,2024-01-01T00:00:00
product_003112,Pet Supplies,Feeding Set 3112,1278,6.8,2.8,5.6,24.24,2024-01-01T00:00:00
product_003113,Baby Products,Feeding Item 3113,2184,6.9,6.7,5.6,43.99,2024-01-01T00:00:00
product_003114,Pet Supplies,Pet Activity Item 3114,1841,4.4,6.2,6.8,32.92,2024-01-01T00:00:00
product_003115,Sports & Outdoors,Training Gear 3115,5754,11.3,6.2,7.1,76.19,2024-01-01T00:00:00
product_003116,Office Supplies,Writing Kit 3116,241,7.6,4.5,4.5,10.93,2024-01-01T00:00:00
product_003117,Garden & Outdoor,Garden Tool 3117,6244,9.9,8.5,9.6,50.94,2024-01-01T00:00:00
product_003118,Health & Beauty,Wellness Item 3118,261,5.1,4.9,5.5,50.01,2024-01-01T00:00:00
product_003119,Fashion,Fashion Accessory 3119,1074,7.5,3.2,5.1,29.74,2024-01-01T00:00:00
product_003120,Watches & Gifts,Timepiece 3120,314,5.7,4.7,5.5,90.87,2024-01-01T00:00:00
product_003121,Garden & Outdoor,Planting Set 3121,4000,10.4,6.6,9.1,123.0,2024-01-01T00:00:00
product_003122,Automotive,Maintenance Kit 3122,1434,9.1,5.2,5.6,232.7,2024-01-01T00:00:00
product_003123,Home Goods,Household Tool 3123,7045,10.1,10.3,9.3,32.79,2024-01-01T00:00:00
product_003124,Health & Beauty,Care Set 3124,443,7.0,4.0,5.8,13.15,2024-01-01T00:00:00
product_003125,Home Goods,Household Tool 3125,3682,8.4,5.7,8.9,56.3,2024-01-01T00:00:00
product_003126,Electronics & Accessories,Charging Kit 3126,443,7.3,4.8,4.5,78.16,2024-01-01T00:00:00
product_003127,Furniture & Decor,Decor Item 3127,27071,21.7,16.4,11.9,166.96,2024-01-01T00:00:00
product_003128,Home Goods,Organization Set 3128,1652,9.6,5.3,6.6,34.52,2024-01-01T00:00:00
product_003129,Home Goods,Kitchen Item 3129,2716,7.8,6.3,6.6,36.49,2024-01-01T00:00:00
product_003130,Garden & Outdoor,Planting Set 3130,13223,11.6,10.7,12.3,177.54,2024-01-01T00:00:00
product_003131,Mobile & Telecom,Phone Item 3131,701,7.2,4.6,6.1,163.95,2024-01-01T00:00:00
product_003132,Electronics & Accessories,Device Accessory 3132,1288,7.9,2.8,6.3,196.59,2024-01-01T00:00:00
product_003133,Home & Bedding,Bedding Set 3133,1145,6.4,4.1,5.9,58.83,2024-01-01T00:00:00
product_003134,Automotive,Travel Item 3134,4235,6.8,6.6,8.7,108.12,2024-01-01T00:00:00
product_003135,Fashion,Fashion Accessory 3135,551,5.8,2.2,3.9,41.41,2024-01-01T00:00:00
product_003136,Books & Media,Learning Guide 3136,850,6.1,4.0,5.2,28.31,2024-01-01T00:00:00
product_003137,Furniture & Decor,Accent Furniture 3137,8743,12.7,7.8,12.8,133.33,2024-01-01T00:00:00
product_003138,Office Supplies,Office Organizer 3138,1041,4.9,4.2,5.3,45.45,2024-01-01T00:00:00
product_003139,Office Supplies,Desk Set 3139,427,6.2,5.3,5.8,34.59,2024-01-01T00:00:00
product_003140,Furniture & Decor,Storage Unit 3140,13643,12.6,8.5,11.1,227.12,2024-01-01T00:00:00
product_003141,Office Supplies,Writing Kit 3141,261,8.0,5.3,4.5,25.1,2024-01-01T00:00:00
product_003142,Electronics & Accessories,Audio Item 3142,790,5.7,4.3,5.0,100.22,2024-01-01T00:00:00
product_003143,Books & Media,Media Collection 3143,295,6.5,4.3,4.4,17.59,2024-01-01T00:00:00
product_003144,Fashion,Seasonal Wear 3144,661,5.8,4.7,3.7,89.15,2024-01-01T00:00:00
product_003145,Toys & Games,Activity Set 3145,873,4.0,3.6,5.9,38.07,2024-01-01T00:00:00
product_003146,Toys & Games,Learning Toy 3146,620,5.4,5.0,6.2,16.63,2024-01-01T00:00:00
product_003147,Books & Media,Learning Guide 3147,432,6.9,3.3,4.9,29.04,2024-01-01T00:00:00
product_003148,Fashion,Fashion Accessory 3148,925,8.0,4.6,5.9,46.88,2024-01-01T00:00:00
product_003149,Toys & Games,Family Game 3149,771,6.6,4.1,5.8,53.03,2024-01-01T00:00:00
product_003150,Electronics & Accessories,Device Accessory 3150,687,8.3,4.7,4.7,119.81,2024-01-01T00:00:00
product_003151,Home Goods,Household Tool 3151,1508,7.9,5.3,5.3,74.07,2024-01-01T00:00:00
product_003152,Office Supplies,Office Organizer 3152,850,5.7,3.6,4.0,39.28,2024-01-01T00:00:00
product_003153,Furniture & Decor,Decor Item 3153,9533,9.6,9.9,9.0,344.87,2024-01-01T00:00:00
product_003154,Office Supplies,Office Organizer 3154,479,6.8,4.1,4.9,30.73,2024-01-01T00:00:00
product_003155,Toys & Games,Family Game 3155,1265,6.8,4.8,6.2,70.62,2024-01-01T00:00:00
product_003156,Health & Beauty,Care Set 3156,484,5.7,4.2,4.3,32.69,2024-01-01T00:00:00
product_003157,Pet Supplies,Pet Activity Item 3157,502,4.0,3.7,5.4,60.21,2024-01-01T00:00:00
product_003158,Health & Beauty,Wellness Item 3158,681,6.3,4.5,5.0,33.35,2024-01-01T00:00:00
product_003159,Electronics & Accessories,Charging Kit 3159,891,5.9,4.2,4.8,64.2,2024-01-01T00:00:00
product_003160,Mobile & Telecom,Phone Item 3160,684,8.2,3.3,3.0,133.62,2024-01-01T00:00:00
product_003161,Office Supplies,Writing Kit 3161,402,6.3,4.8,6.0,36.3,2024-01-01T00:00:00
product_003162,Sports & Outdoors,Fitness Item 3162,3894,9.8,5.6,7.1,72.17,2024-01-01T00:00:00
product_003163,Watches & Gifts,Keepsake Item 3163,124,5.4,4.7,4.2,79.92,2024-01-01T00:00:00
product_003164,Garden & Outdoor,Planting Set 3164,4519,9.7,8.0,6.6,41.79,2024-01-01T00:00:00
product_003165,Health & Beauty,Daily Essential 3165,191,6.3,3.5,3.8,39.37,2024-01-01T00:00:00
product_003166,Books & Media,Learning Guide 3166,1005,8.0,3.3,5.8,21.5,2024-01-01T00:00:00
product_003167,Garden & Outdoor,Outdoor Accessory 3167,1966,6.6,4.5,5.8,96.82,2024-01-01T00:00:00
product_003168,Garden & Outdoor,Outdoor Accessory 3168,5739,13.3,5.8,11.1,78.13,2024-01-01T00:00:00
product_003169,Electronics & Accessories,Device Accessory 3169,692,5.7,4.6,6.0,127.04,2024-01-01T00:00:00
product_003170,Books & Media,Reference Book 3170,310,9.1,3.9,4.8,26.0,2024-01-01T00:00:00
product_003171,Toys & Games,Learning Toy 3171,507,6.3,3.7,4.5,30.08,2024-01-01T00:00:00
product_003172,Home & Bedding,Bedding Set 3172,4768,7.3,6.1,5.4,102.52,2024-01-01T00:00:00
product_003173,Garden & Outdoor,Planting Set 3173,1846,6.2,5.1,4.8,49.28,2024-01-01T00:00:00
product_003174,Toys & Games,Activity Set 3174,1732,5.2,3.4,6.0,51.56,2024-01-01T00:00:00
product_003175,Sports & Outdoors,Training Gear 3175,3186,8.1,6.6,6.5,37.67,2024-01-01T00:00:00
product_003176,Mobile & Telecom,Phone Item 3176,682,5.1,5.5,4.1,178.48,2024-01-01T00:00:00
product_003177,Health & Beauty,Wellness Item 3177,536,5.9,4.1,3.5,23.47,2024-01-01T00:00:00
product_003178,Home Goods,Kitchen Item 3178,2778,9.3,5.8,6.9,48.92,2024-01-01T00:00:00
product_003179,Furniture & Decor,Accent Furniture 3179,4478,12.5,8.2,6.6,95.65,2024-01-01T00:00:00
product_003180,Office Supplies,Desk Set 3180,338,5.5,2.4,5.6,18.37,2024-01-01T00:00:00
product_003181,Electronics & Accessories,Device Accessory 3181,343,6.8,3.2,6.3,100.31,2024-01-01T00:00:00
product_003182,Home & Bedding,Bedding Set 3182,1454,7.0,4.9,5.6,67.91,2024-01-01T00:00:00
product_003183,Office Supplies,Desk Set 3183,267,5.1,4.6,4.8,28.5,2024-01-01T00:00:00
product_003184,Health & Beauty,Wellness Item 3184,107,5.3,4.8,6.7,17.63,2024-01-01T00:00:00
product_003185,Mobile & Telecom,Mobile Accessory 3185,239,6.6,3.9,6.0,171.5,2024-01-01T00:00:00
product_003186,Fashion,Everyday Apparel 3186,520,7.6,3.6,5.6,66.27,2024-01-01T00:00:00
product_003187,Sports & Outdoors,Training Gear 3187,1633,7.4,3.1,6.2,131.48,2024-01-01T00:00:00
product_003188,Sports & Outdoors,Fitness Item 3188,979,4.3,3.9,4.7,128.86,2024-01-01T00:00:00
product_003189,Mobile & Telecom,Phone Item 3189,1390,7.6,3.3,4.8,264.31,2024-01-01T00:00:00
product_003190,Toys & Games,Activity Set 3190,3566,8.6,6.3,8.0,35.37,2024-01-01T00:00:00
product_003191,Mobile & Telecom,Connectivity Kit 3191,1284,6.2,6.2,6.0,214.98,2024-01-01T00:00:00
product_003192,Office Supplies,Writing Kit 3192,568,8.1,3.3,5.2,17.41,2024-01-01T00:00:00
product_003193,Pet Supplies,Feeding Set 3193,1135,6.4,2.1,5.4,37.66,2024-01-01T00:00:00
product_003194,Home & Bedding,Home Textile 3194,3205,11.4,5.9,8.3,54.23,2024-01-01T00:00:00
product_003195,Watches & Gifts,Timepiece 3195,305,4.7,3.9,7.2,181.84,2024-01-01T00:00:00
product_003196,Mobile & Telecom,Mobile Accessory 3196,2004,8.5,3.3,6.3,302.92,2024-01-01T00:00:00
product_003197,Garden & Outdoor,Outdoor Accessory 3197,2717,7.7,5.1,7.1,117.4,2024-01-01T00:00:00
product_003198,Mobile & Telecom,Phone Item 3198,227,6.8,4.3,6.2,145.25,2024-01-01T00:00:00
product_003199,Electronics & Accessories,Device Accessory 3199,873,6.7,3.9,5.7,223.27,2024-01-01T00:00:00
product_003200,Home & Bedding,Comfort Item 3200,1927,5.4,5.2,6.2,79.42,2024-01-01T00:00:00
product_003201,Sports & Outdoors,Training Gear 3201,2741,7.5,6.1,5.3,71.35,2024-01-01T00:00:00
product_003202,Books & Media,Learning Guide 3202,259,6.5,3.3,3.0,10.2,2024-01-01T00:00:00
product_003203,Toys & Games,Learning Toy 3203,1625,7.3,4.0,6.8,58.9,2024-01-01T00:00:00
product_003204,Sports & Outdoors,Training Gear 3204,1635,5.3,5.1,6.2,72.35,2024-01-01T00:00:00
product_003205,Home & Bedding,Home Textile 3205,2095,9.5,5.8,5.2,54.03,2024-01-01T00:00:00
product_003206,Electronics & Accessories,Device Accessory 3206,744,5.8,4.2,4.3,373.79,2024-01-01T00:00:00
product_003207,Watches & Gifts,Timepiece 3207,166,7.9,4.7,6.4,89.15,2024-01-01T00:00:00
product_003208,Books & Media,Reference Book 3208,174,6.1,3.2,4.8,17.98,2024-01-01T00:00:00
product_003209,Office Supplies,Desk Set 3209,775,4.7,4.7,6.6,27.28,2024-01-01T00:00:00
product_003210,Garden & Outdoor,Garden Tool 3210,1614,4.5,4.4,6.6,60.41,2024-01-01T00:00:00
product_003211,Furniture & Decor,Accent Furniture 3211,3642,8.2,6.6,7.6,80.32,2024-01-01T00:00:00
product_003212,Sports & Outdoors,Outdoor Kit 3212,5113,9.3,8.2,7.1,74.43,2024-01-01T00:00:00
product_003213,Home Goods,Household Tool 3213,1756,7.7,5.5,5.8,98.8,2024-01-01T00:00:00
product_003214,Watches & Gifts,Gift Set 3214,314,7.3,3.9,3.9,20.44,2024-01-01T00:00:00
product_003215,Electronics & Accessories,Device Accessory 3215,2566,9.0,5.3,6.0,97.95,2024-01-01T00:00:00
product_003216,Furniture & Decor,Decor Item 3216,8540,13.7,8.7,8.6,212.68,2024-01-01T00:00:00
product_003217,Baby Products,Infant Care Item 3217,3642,8.1,6.1,7.7,61.99,2024-01-01T00:00:00
product_003218,Home & Bedding,Home Textile 3218,1641,7.6,4.3,5.3,57.47,2024-01-01T00:00:00
product_003219,Furniture & Decor,Decor Item 3219,9609,11.8,6.1,9.8,86.21,2024-01-01T00:00:00
product_003220,Garden & Outdoor,Outdoor Accessory 3220,7907,11.8,4.6,8.2,52.8,2024-01-01T00:00:00
product_003221,Furniture & Decor,Storage Unit 3221,6162,7.5,7.3,10.6,163.02,2024-01-01T00:00:00
product_003222,Automotive,Vehicle Accessory 3222,3671,8.9,6.1,8.6,113.09,2024-01-01T00:00:00
product_003223,Furniture & Decor,Decor Item 3223,8524,12.6,8.2,11.2,163.28,2024-01-01T00:00:00
product_003224,Sports & Outdoors,Fitness Item 3224,1568,8.0,4.1,5.0,272.33,2024-01-01T00:00:00
product_003225,Automotive,Vehicle Accessory 3225,2070,7.1,4.2,5.2,141.24,2024-01-01T00:00:00
product_003226,Books & Media,Reference Book 3226,328,7.7,3.5,6.2,28.33,2024-01-01T00:00:00
product_003227,Books & Media,Learning Guide 3227,184,6.5,5.2,3.8,29.45,2024-01-01T00:00:00
product_003228,Home & Bedding,Bedding Set 3228,1393,5.0,6.4,4.1,52.83,2024-01-01T00:00:00
product_003229,Home & Bedding,Comfort Item 3229,2291,8.0,3.3,5.6,242.04,2024-01-01T00:00:00
product_003230,Office Supplies,Desk Set 3230,281,7.7,3.8,6.1,12.34,2024-01-01T00:00:00
product_003231,Home & Bedding,Home Textile 3231,3263,6.6,5.3,7.5,63.48,2024-01-01T00:00:00
product_003232,Health & Beauty,Daily Essential 3232,182,5.7,3.7,6.3,35.7,2024-01-01T00:00:00
product_003233,Furniture & Decor,Decor Item 3233,18180,17.7,13.1,11.3,71.48,2024-01-01T00:00:00
product_003234,Home Goods,Household Tool 3234,2324,8.8,6.2,5.8,142.25,2024-01-01T00:00:00
product_003235,Garden & Outdoor,Planting Set 3235,10319,14.2,7.0,10.0,66.27,2024-01-01T00:00:00
product_003236,Automotive,Travel Item 3236,1747,7.5,5.4,5.7,120.37,2024-01-01T00:00:00
product_003237,Watches & Gifts,Gift Set 3237,102,6.2,5.0,4.2,310.98,2024-01-01T00:00:00
product_003238,Home & Bedding,Bedding Set 3238,1011,6.3,3.5,5.3,90.68,2024-01-01T00:00:00
product_003239,Furniture & Decor,Decor Item 3239,4930,6.2,5.7,8.2,131.77,2024-01-01T00:00:00
product_003240,Garden & Outdoor,Planting Set 3240,4009,10.2,5.3,8.5,68.16,2024-01-01T00:00:00
product_003241,Mobile & Telecom,Phone Item 3241,1084,6.9,3.8,5.9,144.99,2024-01-01T00:00:00
product_003242,Health & Beauty,Daily Essential 3242,478,8.3,4.8,4.6,20.41,2024-01-01T00:00:00
product_003243,Watches & Gifts,Gift Set 3243,400,8.2,3.0,6.3,143.71,2024-01-01T00:00:00
product_003244,Electronics & Accessories,Charging Kit 3244,740,4.9,4.2,5.2,268.91,2024-01-01T00:00:00
product_003245,Mobile & Telecom,Mobile Accessory 3245,225,5.9,4.9,5.8,124.0,2024-01-01T00:00:00
product_003246,Electronics & Accessories,Audio Item 3246,640,7.7,5.0,5.2,54.37,2024-01-01T00:00:00
product_003247,Office Supplies,Desk Set 3247,485,5.3,4.1,3.0,51.46,2024-01-01T00:00:00
product_003248,Automotive,Maintenance Kit 3248,1101,5.4,5.4,5.6,171.5,2024-01-01T00:00:00
product_003249,Toys & Games,Activity Set 3249,1243,4.5,3.6,5.7,28.52,2024-01-01T00:00:00
product_003250,Books & Media,Reference Book 3250,778,7.3,4.8,5.1,23.44,2024-01-01T00:00:00
product_003251,Automotive,Maintenance Kit 3251,4754,9.1,7.7,9.8,137.71,2024-01-01T00:00:00
product_003252,Pet Supplies,Pet Activity Item 3252,3587,9.5,6.1,9.0,26.85,2024-01-01T00:00:00
product_003253,Books & Media,Learning Guide 3253,253,4.6,3.6,5.1,25.47,2024-01-01T00:00:00
product_003254,Home & Bedding,Bedding Set 3254,1750,7.3,3.5,4.9,59.74,2024-01-01T00:00:00
product_003255,Home Goods,Kitchen Item 3255,4587,11.5,6.2,9.4,54.78,2024-01-01T00:00:00
product_003256,Automotive,Vehicle Accessory 3256,4189,7.1,7.7,6.9,109.84,2024-01-01T00:00:00
product_003257,Fashion,Everyday Apparel 3257,914,5.3,3.9,4.7,83.88,2024-01-01T00:00:00
product_003258,Office Supplies,Writing Kit 3258,907,7.4,4.2,5.7,42.86,2024-01-01T00:00:00
product_003259,Automotive,Travel Item 3259,2586,8.9,6.0,5.7,74.2,2024-01-01T00:00:00
product_003260,Home & Bedding,Home Textile 3260,2247,8.0,5.7,7.8,32.46,2024-01-01T00:00:00
product_003261,Watches & Gifts,Gift Set 3261,191,6.8,4.0,5.3,87.45,2024-01-01T00:00:00
product_003262,Mobile & Telecom,Mobile Accessory 3262,662,5.8,4.2,5.6,139.77,2024-01-01T00:00:00
product_003263,Fashion,Seasonal Wear 3263,503,8.0,5.0,5.7,53.0,2024-01-01T00:00:00
product_003264,Toys & Games,Family Game 3264,1309,6.0,4.3,5.7,72.79,2024-01-01T00:00:00
product_003265,Furniture & Decor,Decor Item 3265,3263,10.9,7.5,7.4,124.82,2024-01-01T00:00:00
product_003266,Fashion,Seasonal Wear 3266,461,8.0,4.2,4.9,82.91,2024-01-01T00:00:00
product_003267,Garden & Outdoor,Planting Set 3267,9061,15.2,7.5,10.9,54.5,2024-01-01T00:00:00
product_003268,Fashion,Fashion Accessory 3268,212,5.9,4.0,6.0,37.49,2024-01-01T00:00:00
product_003269,Home & Bedding,Home Textile 3269,2340,8.9,5.4,8.0,44.99,2024-01-01T00:00:00
product_003270,Baby Products,Infant Care Item 3270,884,7.3,5.8,7.5,22.7,2024-01-01T00:00:00
product_003271,Baby Products,Infant Care Item 3271,707,6.8,3.8,6.3,54.13,2024-01-01T00:00:00
product_003272,Fashion,Seasonal Wear 3272,437,7.9,2.9,5.6,33.02,2024-01-01T00:00:00
product_003273,Sports & Outdoors,Training Gear 3273,4125,8.9,6.6,10.5,141.25,2024-01-01T00:00:00
product_003274,Mobile & Telecom,Connectivity Kit 3274,788,7.1,3.1,4.8,135.75,2024-01-01T00:00:00
product_003275,Sports & Outdoors,Fitness Item 3275,2032,7.1,5.4,5.4,34.28,2024-01-01T00:00:00
product_003276,Fashion,Fashion Accessory 3276,801,7.1,3.9,5.9,103.45,2024-01-01T00:00:00
product_003277,Baby Products,Infant Care Item 3277,642,5.3,4.0,5.0,36.66,2024-01-01T00:00:00
product_003278,Fashion,Seasonal Wear 3278,487,5.6,3.5,5.2,61.98,2024-01-01T00:00:00
product_003279,Furniture & Decor,Accent Furniture 3279,5095,9.9,7.2,6.4,208.26,2024-01-01T00:00:00
product_003280,Home & Bedding,Home Textile 3280,929,6.9,4.2,6.8,83.02,2024-01-01T00:00:00
product_003281,Toys & Games,Family Game 3281,628,6.4,4.8,4.0,42.63,2024-01-01T00:00:00
product_003282,Watches & Gifts,Timepiece 3282,164,5.9,5.9,5.7,89.99,2024-01-01T00:00:00
product_003283,Sports & Outdoors,Outdoor Kit 3283,1950,6.8,2.9,4.7,75.17,2024-01-01T00:00:00
product_003284,Baby Products,Nursery Accessory 3284,540,6.7,3.2,5.5,126.97,2024-01-01T00:00:00
product_003285,Pet Supplies,Feeding Set 3285,841,6.2,4.3,5.8,46.23,2024-01-01T00:00:00
product_003286,Home Goods,Organization Set 3286,1602,7.0,3.5,5.5,35.07,2024-01-01T00:00:00
product_003287,Electronics & Accessories,Charging Kit 3287,1472,4.5,5.5,5.4,58.0,2024-01-01T00:00:00
product_003288,Mobile & Telecom,Connectivity Kit 3288,450,7.5,4.1,4.8,150.64,2024-01-01T00:00:00
product_003289,Home & Bedding,Bedding Set 3289,5632,10.1,6.8,7.6,78.46,2024-01-01T00:00:00
product_003290,Sports & Outdoors,Fitness Item 3290,1554,6.6,4.2,6.3,114.04,2024-01-01T00:00:00
product_003291,Home & Bedding,Home Textile 3291,3407,10.0,5.9,10.3,62.82,2024-01-01T00:00:00
product_003292,Health & Beauty,Daily Essential 3292,373,6.1,4.3,5.8,23.07,2024-01-01T00:00:00
product_003293,Electronics & Accessories,Charging Kit 3293,789,6.0,3.9,5.0,133.03,2024-01-01T00:00:00
product_003294,Garden & Outdoor,Outdoor Accessory 3294,1645,6.4,4.2,6.4,94.7,2024-01-01T00:00:00
product_003295,Fashion,Fashion Accessory 3295,130,7.3,3.3,6.0,39.75,2024-01-01T00:00:00
product_003296,Watches & Gifts,Keepsake Item 3296,458,5.3,3.5,5.0,57.86,2024-01-01T00:00:00
product_003297,Sports & Outdoors,Fitness Item 3297,2702,10.1,4.5,6.3,41.65,2024-01-01T00:00:00
product_003298,Home & Bedding,Home Textile 3298,846,5.2,3.9,4.3,118.56,2024-01-01T00:00:00
product_003299,Garden & Outdoor,Outdoor Accessory 3299,6255,12.3,5.5,9.3,95.03,2024-01-01T00:00:00
product_003300,Books & Media,Learning Guide 3300,352,4.3,5.2,5.0,27.47,2024-01-01T00:00:00
product_003301,Garden & Outdoor,Outdoor Accessory 3301,6843,11.8,6.2,8.7,82.66,2024-01-01T00:00:00
product_003302,Sports & Outdoors,Outdoor Kit 3302,4101,11.0,3.9,9.2,92.6,2024-01-01T00:00:00
product_003303,Garden & Outdoor,Outdoor Accessory 3303,2908,6.7,4.1,6.8,54.52,2024-01-01T00:00:00
product_003304,Health & Beauty,Wellness Item 3304,694,6.6,4.3,4.6,18.04,2024-01-01T00:00:00
product_003305,Electronics & Accessories,Audio Item 3305,520,7.4,4.3,4.7,136.01,2024-01-01T00:00:00
product_003306,Home & Bedding,Home Textile 3306,1357,7.6,4.7,7.2,68.07,2024-01-01T00:00:00
product_003307,Toys & Games,Learning Toy 3307,1022,6.2,4.6,4.4,32.5,2024-01-01T00:00:00
product_003308,Health & Beauty,Care Set 3308,836,6.9,5.0,5.3,28.61,2024-01-01T00:00:00
product_003309,Books & Media,Media Collection 3309,515,7.9,4.3,3.9,16.87,2024-01-01T00:00:00
product_003310,Automotive,Vehicle Accessory 3310,8343,16.9,9.2,8.2,81.05,2024-01-01T00:00:00
product_003311,Automotive,Vehicle Accessory 3311,3061,10.2,5.6,5.2,55.81,2024-01-01T00:00:00
product_003312,Electronics & Accessories,Device Accessory 3312,278,7.3,4.2,4.6,85.58,2024-01-01T00:00:00
product_003313,Garden & Outdoor,Garden Tool 3313,2528,7.1,4.1,6.4,108.31,2024-01-01T00:00:00
product_003314,Baby Products,Feeding Item 3314,2178,8.8,3.5,6.2,58.65,2024-01-01T00:00:00
product_003315,Electronics & Accessories,Device Accessory 3315,1330,8.7,3.7,4.9,154.56,2024-01-01T00:00:00
product_003316,Books & Media,Learning Guide 3316,504,6.2,3.3,4.8,34.63,2024-01-01T00:00:00
product_003317,Mobile & Telecom,Phone Item 3317,965,7.4,3.6,5.8,234.59,2024-01-01T00:00:00
product_003318,Sports & Outdoors,Fitness Item 3318,2073,8.5,5.3,5.8,123.1,2024-01-01T00:00:00
product_003319,Mobile & Telecom,Connectivity Kit 3319,791,4.6,4.4,5.0,262.87,2024-01-01T00:00:00
product_003320,Fashion,Fashion Accessory 3320,201,6.5,4.5,4.2,63.88,2024-01-01T00:00:00
product_003321,Home Goods,Organization Set 3321,2233,8.1,2.8,6.9,26.68,2024-01-01T00:00:00
product_003322,Mobile & Telecom,Connectivity Kit 3322,421,5.9,5.4,3.9,76.31,2024-01-01T00:00:00
product_003323,Automotive,Maintenance Kit 3323,3002,9.7,4.4,4.9,102.93,2024-01-01T00:00:00
product_003324,Automotive,Maintenance Kit 3324,6340,8.3,9.5,7.7,200.23,2024-01-01T00:00:00
product_003325,Office Supplies,Office Organizer 3325,2173,7.0,5.4,6.9,51.15,2024-01-01T00:00:00
product_003326,Office Supplies,Desk Set 3326,1063,6.3,3.7,4.9,42.86,2024-01-01T00:00:00
product_003327,Mobile & Telecom,Connectivity Kit 3327,685,5.6,2.9,5.3,165.0,2024-01-01T00:00:00
product_003328,Home Goods,Organization Set 3328,700,6.8,3.3,3.1,33.23,2024-01-01T00:00:00
product_003329,Electronics & Accessories,Device Accessory 3329,1375,5.7,4.0,4.6,377.27,2024-01-01T00:00:00
product_003330,Office Supplies,Office Organizer 3330,897,5.8,4.0,3.2,27.87,2024-01-01T00:00:00
product_003331,Home Goods,Organization Set 3331,3448,9.3,8.1,4.8,59.44,2024-01-01T00:00:00
product_003332,Fashion,Seasonal Wear 3332,542,4.7,3.5,6.0,60.4,2024-01-01T00:00:00
product_003333,Fashion,Everyday Apparel 3333,533,7.0,3.7,5.0,93.41,2024-01-01T00:00:00
product_003334,Health & Beauty,Care Set 3334,140,6.3,3.4,4.0,25.92,2024-01-01T00:00:00
product_003335,Fashion,Seasonal Wear 3335,785,8.4,3.4,4.9,84.81,2024-01-01T00:00:00
product_003336,Baby Products,Infant Care Item 3336,545,8.5,6.0,5.9,30.4,2024-01-01T00:00:00
product_003337,Home Goods,Household Tool 3337,2544,10.4,5.8,5.2,39.97,2024-01-01T00:00:00
product_003338,Watches & Gifts,Keepsake Item 3338,216,5.4,4.9,5.4,87.12,2024-01-01T00:00:00
product_003339,Toys & Games,Learning Toy 3339,727,7.9,3.3,4.8,71.05,2024-01-01T00:00:00
product_003340,Toys & Games,Family Game 3340,524,5.0,4.7,3.1,94.16,2024-01-01T00:00:00
product_003341,Automotive,Vehicle Accessory 3341,2573,7.8,4.4,5.7,57.76,2024-01-01T00:00:00
product_003342,Furniture & Decor,Decor Item 3342,3031,8.5,6.9,5.8,476.51,2024-01-01T00:00:00
product_003343,Home Goods,Organization Set 3343,1713,8.8,4.9,6.1,90.11,2024-01-01T00:00:00
product_003344,Books & Media,Media Collection 3344,578,5.8,4.7,5.1,14.18,2024-01-01T00:00:00
product_003345,Garden & Outdoor,Planting Set 3345,2834,7.3,5.5,7.6,92.45,2024-01-01T00:00:00
product_003346,Office Supplies,Writing Kit 3346,365,6.1,4.7,6.5,33.03,2024-01-01T00:00:00
product_003347,Pet Supplies,Pet Care Item 3347,968,6.3,3.6,3.8,62.44,2024-01-01T00:00:00
product_003348,Watches & Gifts,Keepsake Item 3348,255,5.5,4.8,4.7,76.66,2024-01-01T00:00:00
product_003349,Books & Media,Learning Guide 3349,608,5.4,4.7,4.2,23.47,2024-01-01T00:00:00
product_003350,Electronics & Accessories,Charging Kit 3350,796,5.7,3.4,6.4,64.88,2024-01-01T00:00:00
product_003351,Home Goods,Household Tool 3351,2134,6.2,4.3,6.4,105.1,2024-01-01T00:00:00
product_003352,Watches & Gifts,Gift Set 3352,245,7.3,4.5,5.6,105.28,2024-01-01T00:00:00
product_003353,Automotive,Vehicle Accessory 3353,4435,10.1,6.1,7.6,158.04,2024-01-01T00:00:00
product_003354,Books & Media,Learning Guide 3354,870,4.9,4.2,4.9,16.76,2024-01-01T00:00:00
product_003355,Electronics & Accessories,Device Accessory 3355,398,5.2,3.2,5.7,41.31,2024-01-01T00:00:00
product_003356,Furniture & Decor,Accent Furniture 3356,5625,11.3,5.2,11.3,104.51,2024-01-01T00:00:00
product_003357,Automotive,Maintenance Kit 3357,1009,7.1,4.4,5.5,91.59,2024-01-01T00:00:00
product_003358,Health & Beauty,Wellness Item 3358,587,7.9,5.6,4.5,42.18,2024-01-01T00:00:00
product_003359,Books & Media,Learning Guide 3359,137,5.8,4.7,5.6,23.34,2024-01-01T00:00:00
product_003360,Health & Beauty,Care Set 3360,226,7.0,3.6,5.5,31.97,2024-01-01T00:00:00
product_003361,Baby Products,Feeding Item 3361,618,7.7,4.1,3.9,36.07,2024-01-01T00:00:00
product_003362,Watches & Gifts,Keepsake Item 3362,150,6.2,4.4,4.1,36.08,2024-01-01T00:00:00
product_003363,Home Goods,Household Tool 3363,2251,8.3,5.4,6.3,66.75,2024-01-01T00:00:00
product_003364,Electronics & Accessories,Audio Item 3364,1789,8.3,5.6,6.1,119.0,2024-01-01T00:00:00
product_003365,Automotive,Travel Item 3365,3411,6.7,5.8,6.0,119.21,2024-01-01T00:00:00
product_003366,Pet Supplies,Pet Care Item 3366,1282,7.1,4.7,5.5,64.14,2024-01-01T00:00:00
product_003367,Watches & Gifts,Keepsake Item 3367,464,6.3,3.1,5.1,39.36,2024-01-01T00:00:00
product_003368,Fashion,Everyday Apparel 3368,362,5.5,4.6,4.5,43.35,2024-01-01T00:00:00
product_003369,Toys & Games,Family Game 3369,549,5.3,4.8,5.1,40.58,2024-01-01T00:00:00
product_003370,Mobile & Telecom,Phone Item 3370,585,6.8,3.5,4.7,60.81,2024-01-01T00:00:00
product_003371,Electronics & Accessories,Charging Kit 3371,1809,4.8,4.1,7.0,61.03,2024-01-01T00:00:00
product_003372,Electronics & Accessories,Device Accessory 3372,309,5.5,4.6,6.4,141.21,2024-01-01T00:00:00
product_003373,Fashion,Seasonal Wear 3373,428,5.9,4.9,3.7,47.77,2024-01-01T00:00:00
product_003374,Garden & Outdoor,Garden Tool 3374,7014,12.0,7.9,10.1,45.14,2024-01-01T00:00:00
product_003375,Sports & Outdoors,Training Gear 3375,2005,7.3,4.0,4.3,65.97,2024-01-01T00:00:00
product_003376,Furniture & Decor,Decor Item 3376,4701,9.4,8.2,7.4,290.22,2024-01-01T00:00:00
product_003377,Health & Beauty,Care Set 3377,127,5.8,3.9,5.4,39.83,2024-01-01T00:00:00
product_003378,Home Goods,Household Tool 3378,3473,10.3,6.6,7.7,115.89,2024-01-01T00:00:00
product_003379,Home Goods,Organization Set 3379,2094,7.8,5.4,7.1,46.43,2024-01-01T00:00:00
product_003380,Mobile & Telecom,Phone Item 3380,1340,6.8,3.8,6.1,208.03,2024-01-01T00:00:00
product_003381,Watches & Gifts,Gift Set 3381,260,5.5,3.8,4.3,108.04,2024-01-01T00:00:00
product_003382,Automotive,Vehicle Accessory 3382,2138,10.2,5.9,5.8,84.13,2024-01-01T00:00:00
product_003383,Toys & Games,Activity Set 3383,590,6.1,3.8,4.1,40.97,2024-01-01T00:00:00
product_003384,Garden & Outdoor,Planting Set 3384,8891,14.7,8.7,11.0,59.5,2024-01-01T00:00:00
product_003385,Sports & Outdoors,Fitness Item 3385,6369,13.1,8.0,6.5,57.51,2024-01-01T00:00:00
product_003386,Home & Bedding,Bedding Set 3386,792,6.2,4.6,5.0,72.37,2024-01-01T00:00:00
product_003387,Home Goods,Organization Set 3387,1933,8.7,5.1,4.9,23.55,2024-01-01T00:00:00
product_003388,Books & Media,Learning Guide 3388,276,7.5,5.1,4.5,14.31,2024-01-01T00:00:00
product_003389,Toys & Games,Family Game 3389,761,7.8,3.0,6.3,51.16,2024-01-01T00:00:00
product_003390,Electronics & Accessories,Device Accessory 3390,251,8.1,5.0,5.2,264.84,2024-01-01T00:00:00
product_003391,Books & Media,Media Collection 3391,246,7.8,4.0,6.4,28.68,2024-01-01T00:00:00
product_003392,Sports & Outdoors,Training Gear 3392,5679,10.3,7.0,9.0,122.6,2024-01-01T00:00:00
product_003393,Garden & Outdoor,Garden Tool 3393,3746,8.3,5.1,6.1,116.97,2024-01-01T00:00:00
product_003394,Baby Products,Nursery Accessory 3394,1183,6.9,3.2,5.9,85.77,2024-01-01T00:00:00
product_003395,Fashion,Everyday Apparel 3395,171,5.2,3.7,4.8,54.13,2024-01-01T00:00:00
product_003396,Books & Media,Reference Book 3396,829,5.7,5.5,5.2,13.92,2024-01-01T00:00:00
product_003397,Health & Beauty,Wellness Item 3397,321,7.0,3.0,4.1,18.29,2024-01-01T00:00:00
product_003398,Watches & Gifts,Gift Set 3398,433,6.2,4.3,5.5,94.85,2024-01-01T00:00:00
product_003399,Mobile & Telecom,Mobile Accessory 3399,345,6.5,3.9,3.4,77.97,2024-01-01T00:00:00
product_003400,Sports & Outdoors,Fitness Item 3400,1765,7.0,4.8,6.5,38.59,2024-01-01T00:00:00
product_003401,Electronics & Accessories,Charging Kit 3401,1214,6.0,3.4,4.2,48.99,2024-01-01T00:00:00
product_003402,Baby Products,Feeding Item 3402,713,5.7,3.9,4.6,50.67,2024-01-01T00:00:00
product_003403,Home & Bedding,Bedding Set 3403,909,5.5,4.9,5.3,41.95,2024-01-01T00:00:00
product_003404,Mobile & Telecom,Connectivity Kit 3404,741,6.6,3.7,6.2,219.43,2024-01-01T00:00:00
product_003405,Automotive,Maintenance Kit 3405,2349,9.6,5.0,6.5,91.82,2024-01-01T00:00:00
product_003406,Baby Products,Nursery Accessory 3406,800,10.2,3.8,5.8,38.78,2024-01-01T00:00:00
product_003407,Home & Bedding,Comfort Item 3407,1830,6.8,4.7,6.3,37.92,2024-01-01T00:00:00
product_003408,Toys & Games,Activity Set 3408,1949,10.0,4.9,5.0,46.02,2024-01-01T00:00:00
product_003409,Garden & Outdoor,Outdoor Accessory 3409,4469,10.9,6.2,7.2,113.23,2024-01-01T00:00:00
product_003410,Automotive,Maintenance Kit 3410,2744,11.0,4.6,7.7,109.24,2024-01-01T00:00:00
product_003411,Toys & Games,Learning Toy 3411,498,4.9,3.6,4.8,92.96,2024-01-01T00:00:00
product_003412,Books & Media,Learning Guide 3412,654,7.4,4.0,5.7,16.44,2024-01-01T00:00:00
product_003413,Home Goods,Kitchen Item 3413,1691,8.0,3.1,6.3,90.82,2024-01-01T00:00:00
product_003414,Mobile & Telecom,Phone Item 3414,808,6.4,2.6,3.5,152.84,2024-01-01T00:00:00
product_003415,Sports & Outdoors,Fitness Item 3415,4261,10.5,8.3,9.1,171.38,2024-01-01T00:00:00
product_003416,Garden & Outdoor,Planting Set 3416,2480,7.3,5.1,5.0,68.57,2024-01-01T00:00:00
product_003417,Electronics & Accessories,Device Accessory 3417,595,8.3,3.9,5.2,72.77,2024-01-01T00:00:00
product_003418,Toys & Games,Family Game 3418,1270,8.6,4.7,4.4,41.46,2024-01-01T00:00:00
product_003419,Baby Products,Infant Care Item 3419,754,4.4,4.2,3.9,64.0,2024-01-01T00:00:00
product_003420,Office Supplies,Writing Kit 3420,479,6.5,2.0,4.6,29.65,2024-01-01T00:00:00
product_003421,Watches & Gifts,Gift Set 3421,270,7.1,3.3,4.6,45.16,2024-01-01T00:00:00
product_003422,Health & Beauty,Care Set 3422,473,5.9,4.5,5.5,58.95,2024-01-01T00:00:00
product_003423,Sports & Outdoors,Training Gear 3423,1146,6.9,2.6,4.1,87.95,2024-01-01T00:00:00
product_003424,Automotive,Maintenance Kit 3424,2273,9.4,4.8,8.5,51.25,2024-01-01T00:00:00
product_003425,Watches & Gifts,Gift Set 3425,355,6.8,5.5,4.4,50.64,2024-01-01T00:00:00
product_003426,Home & Bedding,Comfort Item 3426,3809,9.8,6.7,7.1,177.96,2024-01-01T00:00:00
product_003427,Sports & Outdoors,Outdoor Kit 3427,4444,13.4,5.5,9.6,74.28,2024-01-01T00:00:00
product_003428,Toys & Games,Activity Set 3428,3195,8.7,4.8,8.8,32.24,2024-01-01T00:00:00
product_003429,Home & Bedding,Comfort Item 3429,1079,6.0,3.7,5.0,39.41,2024-01-01T00:00:00
product_003430,Office Supplies,Writing Kit 3430,1018,5.3,3.4,4.6,17.33,2024-01-01T00:00:00
product_003431,Garden & Outdoor,Garden Tool 3431,5085,12.0,6.2,9.6,50.64,2024-01-01T00:00:00
product_003432,Books & Media,Learning Guide 3432,219,7.3,3.9,3.1,26.48,2024-01-01T00:00:00
product_003433,Health & Beauty,Wellness Item 3433,548,6.8,4.3,5.4,26.6,2024-01-01T00:00:00
product_003434,Fashion,Fashion Accessory 3434,529,5.7,4.2,4.0,16.8,2024-01-01T00:00:00
product_003435,Electronics & Accessories,Audio Item 3435,841,6.4,4.4,4.7,173.3,2024-01-01T00:00:00
product_003436,Mobile & Telecom,Phone Item 3436,460,7.5,4.5,5.7,185.97,2024-01-01T00:00:00
product_003437,Sports & Outdoors,Training Gear 3437,2589,9.7,4.7,5.6,48.77,2024-01-01T00:00:00
product_003438,Watches & Gifts,Timepiece 3438,243,7.2,3.5,4.6,45.54,2024-01-01T00:00:00
product_003439,Fashion,Fashion Accessory 3439,584,7.4,4.1,5.8,61.15,2024-01-01T00:00:00
product_003440,Home & Bedding,Bedding Set 3440,5208,8.1,4.3,9.2,62.54,2024-01-01T00:00:00
product_003441,Automotive,Maintenance Kit 3441,2095,6.7,5.8,6.1,36.59,2024-01-01T00:00:00
product_003442,Garden & Outdoor,Garden Tool 3442,2497,8.1,4.0,5.3,36.0,2024-01-01T00:00:00
product_003443,Fashion,Fashion Accessory 3443,482,6.0,3.8,6.5,99.69,2024-01-01T00:00:00
product_003444,Mobile & Telecom,Mobile Accessory 3444,520,6.5,4.1,5.4,73.38,2024-01-01T00:00:00
product_003445,Home Goods,Organization Set 3445,1177,6.1,4.1,5.8,93.27,2024-01-01T00:00:00
product_003446,Toys & Games,Family Game 3446,1984,7.0,6.3,5.6,116.55,2024-01-01T00:00:00
product_003447,Books & Media,Media Collection 3447,526,5.0,5.0,3.0,10.22,2024-01-01T00:00:00
product_003448,Sports & Outdoors,Training Gear 3448,2526,7.2,5.4,7.9,59.73,2024-01-01T00:00:00
product_003449,Mobile & Telecom,Connectivity Kit 3449,384,7.2,3.8,4.8,155.93,2024-01-01T00:00:00
product_003450,Baby Products,Feeding Item 3450,743,7.0,4.1,5.3,37.11,2024-01-01T00:00:00
product_003451,Home & Bedding,Home Textile 3451,1641,8.9,3.4,7.1,49.0,2024-01-01T00:00:00
product_003452,Books & Media,Media Collection 3452,389,6.9,4.1,6.5,29.24,2024-01-01T00:00:00
product_003453,Automotive,Travel Item 3453,1566,8.7,4.9,5.9,96.22,2024-01-01T00:00:00
product_003454,Home & Bedding,Comfort Item 3454,1301,5.5,3.1,4.5,59.28,2024-01-01T00:00:00
product_003455,Baby Products,Infant Care Item 3455,3496,9.0,6.2,7.2,101.39,2024-01-01T00:00:00
product_003456,Electronics & Accessories,Device Accessory 3456,661,6.1,3.8,4.0,190.02,2024-01-01T00:00:00
product_003457,Pet Supplies,Pet Care Item 3457,680,7.8,4.2,4.1,54.48,2024-01-01T00:00:00
product_003458,Baby Products,Infant Care Item 3458,2139,7.7,4.9,5.6,93.2,2024-01-01T00:00:00
product_003459,Watches & Gifts,Timepiece 3459,226,7.2,3.5,4.9,29.77,2024-01-01T00:00:00
product_003460,Office Supplies,Writing Kit 3460,1331,6.3,4.2,4.6,32.35,2024-01-01T00:00:00
product_003461,Watches & Gifts,Gift Set 3461,276,7.4,4.6,4.3,36.34,2024-01-01T00:00:00
product_003462,Baby Products,Infant Care Item 3462,1982,7.7,4.6,6.4,46.85,2024-01-01T00:00:00
product_003463,Health & Beauty,Wellness Item 3463,779,7.3,4.9,4.9,28.17,2024-01-01T00:00:00
product_003464,Mobile & Telecom,Phone Item 3464,1193,5.0,4.4,6.5,382.57,2024-01-01T00:00:00
product_003465,Baby Products,Nursery Accessory 3465,1097,5.3,3.9,6.5,106.28,2024-01-01T00:00:00
product_003466,Toys & Games,Family Game 3466,1046,6.5,4.2,4.7,30.38,2024-01-01T00:00:00
product_003467,Watches & Gifts,Gift Set 3467,121,5.3,5.8,5.2,51.31,2024-01-01T00:00:00
product_003468,Health & Beauty,Daily Essential 3468,424,4.4,4.0,6.0,32.4,2024-01-01T00:00:00
product_003469,Health & Beauty,Care Set 3469,476,5.6,4.0,6.4,30.19,2024-01-01T00:00:00
product_003470,Fashion,Everyday Apparel 3470,501,6.4,5.8,5.1,103.68,2024-01-01T00:00:00
product_003471,Baby Products,Feeding Item 3471,2193,10.3,5.3,6.1,76.98,2024-01-01T00:00:00
product_003472,Sports & Outdoors,Fitness Item 3472,1663,7.0,5.3,4.4,54.73,2024-01-01T00:00:00
product_003473,Garden & Outdoor,Garden Tool 3473,1351,7.8,4.8,5.2,62.54,2024-01-01T00:00:00
product_003474,Fashion,Fashion Accessory 3474,519,5.4,4.6,5.1,65.32,2024-01-01T00:00:00
product_003475,Automotive,Vehicle Accessory 3475,8036,11.3,9.0,9.9,53.01,2024-01-01T00:00:00
product_003476,Watches & Gifts,Timepiece 3476,140,7.9,4.7,7.3,62.69,2024-01-01T00:00:00
product_003477,Toys & Games,Family Game 3477,1277,5.7,4.2,6.2,27.35,2024-01-01T00:00:00
product_003478,Home & Bedding,Comfort Item 3478,1534,5.9,3.7,4.1,47.08,2024-01-01T00:00:00
product_003479,Home & Bedding,Bedding Set 3479,2206,9.2,3.5,6.6,115.21,2024-01-01T00:00:00
product_003480,Office Supplies,Office Organizer 3480,969,5.0,4.2,5.3,52.65,2024-01-01T00:00:00
product_003481,Sports & Outdoors,Outdoor Kit 3481,1546,6.7,3.5,4.3,191.15,2024-01-01T00:00:00
product_003482,Health & Beauty,Daily Essential 3482,507,4.2,4.6,3.9,34.97,2024-01-01T00:00:00
product_003483,Garden & Outdoor,Planting Set 3483,3882,9.3,5.0,8.0,83.71,2024-01-01T00:00:00
product_003484,Automotive,Vehicle Accessory 3484,4806,9.7,5.6,9.2,39.09,2024-01-01T00:00:00
product_003485,Garden & Outdoor,Outdoor Accessory 3485,2634,10.2,5.4,6.9,59.29,2024-01-01T00:00:00
product_003486,Watches & Gifts,Timepiece 3486,173,5.6,4.4,5.3,42.64,2024-01-01T00:00:00
product_003487,Baby Products,Infant Care Item 3487,651,6.3,4.1,3.2,143.43,2024-01-01T00:00:00
product_003488,Watches & Gifts,Gift Set 3488,818,5.4,4.2,3.6,62.45,2024-01-01T00:00:00
product_003489,Garden & Outdoor,Outdoor Accessory 3489,3351,8.9,6.7,7.7,205.23,2024-01-01T00:00:00
product_003490,Toys & Games,Activity Set 3490,799,4.7,4.2,5.0,45.84,2024-01-01T00:00:00
product_003491,Electronics & Accessories,Charging Kit 3491,1054,6.7,4.8,5.0,163.77,2024-01-01T00:00:00
product_003492,Home Goods,Organization Set 3492,2799,8.2,5.5,7.4,42.62,2024-01-01T00:00:00
product_003493,Toys & Games,Activity Set 3493,837,6.4,3.4,5.0,55.87,2024-01-01T00:00:00
product_003494,Health & Beauty,Care Set 3494,396,7.6,4.6,3.8,23.53,2024-01-01T00:00:00
product_003495,Garden & Outdoor,Outdoor Accessory 3495,4208,10.3,7.0,4.8,102.56,2024-01-01T00:00:00
product_003496,Books & Media,Reference Book 3496,353,6.8,4.3,6.4,23.28,2024-01-01T00:00:00
product_003497,Electronics & Accessories,Charging Kit 3497,657,7.1,4.0,6.1,170.55,2024-01-01T00:00:00
product_003498,Office Supplies,Office Organizer 3498,622,5.3,3.5,5.3,29.08,2024-01-01T00:00:00
product_003499,Books & Media,Learning Guide 3499,925,7.0,5.2,5.1,17.38,2024-01-01T00:00:00
product_003500,Mobile & Telecom,Phone Item 3500,600,6.9,4.8,5.2,279.6,2024-01-01T00:00:00
product_003501,Mobile & Telecom,Phone Item 3501,813,4.4,4.7,5.1,130.1,2024-01-01T00:00:00
product_003502,Watches & Gifts,Keepsake Item 3502,868,8.2,3.0,5.1,76.61,2024-01-01T00:00:00
product_003503,Fashion,Seasonal Wear 3503,344,5.8,4.4,5.7,131.22,2024-01-01T00:00:00
product_003504,Health & Beauty,Care Set 3504,985,6.2,4.0,4.9,55.07,2024-01-01T00:00:00
product_003505,Office Supplies,Writing Kit 3505,465,8.0,4.9,5.0,43.62,2024-01-01T00:00:00
product_003506,Pet Supplies,Pet Care Item 3506,5309,9.6,5.2,9.8,47.27,2024-01-01T00:00:00
product_003507,Furniture & Decor,Accent Furniture 3507,9120,13.3,7.4,11.0,151.23,2024-01-01T00:00:00
product_003508,Books & Media,Media Collection 3508,402,5.8,4.3,5.8,39.93,2024-01-01T00:00:00
product_003509,Home Goods,Kitchen Item 3509,747,7.2,4.4,4.4,24.57,2024-01-01T00:00:00
product_003510,Fashion,Fashion Accessory 3510,883,5.8,4.1,4.8,66.93,2024-01-01T00:00:00
product_003511,Office Supplies,Office Organizer 3511,582,5.4,4.2,4.9,37.01,2024-01-01T00:00:00
product_003512,Books & Media,Reference Book 3512,210,5.9,3.7,3.9,11.69,2024-01-01T00:00:00
product_003513,Office Supplies,Desk Set 3513,1257,4.5,3.9,4.4,18.51,2024-01-01T00:00:00
product_003514,Home & Bedding,Home Textile 3514,2167,7.3,5.1,6.0,61.76,2024-01-01T00:00:00
product_003515,Automotive,Maintenance Kit 3515,4014,9.7,3.7,8.4,127.63,2024-01-01T00:00:00
product_003516,Sports & Outdoors,Fitness Item 3516,1786,7.7,3.8,5.9,187.07,2024-01-01T00:00:00
product_003517,Furniture & Decor,Storage Unit 3517,11842,17.7,8.3,10.4,333.24,2024-01-01T00:00:00
product_003518,Toys & Games,Learning Toy 3518,1279,6.9,4.9,4.4,76.26,2024-01-01T00:00:00
product_003519,Home & Bedding,Home Textile 3519,1321,7.5,4.5,5.4,83.78,2024-01-01T00:00:00
product_003520,Office Supplies,Desk Set 3520,674,6.7,2.1,4.3,36.79,2024-01-01T00:00:00
product_003521,Office Supplies,Desk Set 3521,1384,5.9,4.6,3.0,22.54,2024-01-01T00:00:00
product_003522,Electronics & Accessories,Device Accessory 3522,1927,12.2,4.9,5.0,74.5,2024-01-01T00:00:00
product_003523,Home & Bedding,Comfort Item 3523,1475,5.9,4.6,5.1,70.48,2024-01-01T00:00:00
product_003524,Electronics & Accessories,Device Accessory 3524,712,9.5,2.9,5.0,111.19,2024-01-01T00:00:00
product_003525,Health & Beauty,Care Set 3525,335,8.1,3.6,3.9,34.21,2024-01-01T00:00:00
product_003526,Toys & Games,Activity Set 3526,1034,5.4,4.1,5.0,24.58,2024-01-01T00:00:00
product_003527,Automotive,Vehicle Accessory 3527,3596,10.7,6.6,5.6,43.88,2024-01-01T00:00:00
product_003528,Automotive,Maintenance Kit 3528,3980,8.9,8.0,7.6,51.93,2024-01-01T00:00:00
product_003529,Furniture & Decor,Storage Unit 3529,26927,19.3,9.8,12.9,713.47,2024-01-01T00:00:00
product_003530,Furniture & Decor,Accent Furniture 3530,7334,12.6,8.1,9.1,231.34,2024-01-01T00:00:00
product_003531,Watches & Gifts,Gift Set 3531,638,7.7,3.0,4.1,119.62,2024-01-01T00:00:00
product_003532,Automotive,Travel Item 3532,3698,10.2,5.5,9.5,88.02,2024-01-01T00:00:00
product_003533,Home & Bedding,Comfort Item 3533,1395,7.5,6.1,4.0,52.49,2024-01-01T00:00:00
product_003534,Office Supplies,Office Organizer 3534,829,6.1,4.5,5.2,20.94,2024-01-01T00:00:00
product_003535,Fashion,Fashion Accessory 3535,342,7.5,5.0,4.3,47.58,2024-01-01T00:00:00
product_003536,Garden & Outdoor,Outdoor Accessory 3536,2367,8.0,5.8,6.0,140.78,2024-01-01T00:00:00
product_003537,Home & Bedding,Home Textile 3537,2257,7.1,5.0,6.9,52.6,2024-01-01T00:00:00
product_003538,Electronics & Accessories,Device Accessory 3538,796,6.5,5.0,5.8,185.22,2024-01-01T00:00:00
product_003539,Mobile & Telecom,Mobile Accessory 3539,1221,7.7,3.8,5.5,157.09,2024-01-01T00:00:00
product_003540,Electronics & Accessories,Audio Item 3540,613,4.5,4.2,4.8,437.51,2024-01-01T00:00:00
product_003541,Watches & Gifts,Gift Set 3541,199,6.2,2.6,6.0,92.19,2024-01-01T00:00:00
product_003542,Pet Supplies,Pet Activity Item 3542,1324,5.8,5.1,4.6,65.85,2024-01-01T00:00:00
product_003543,Health & Beauty,Wellness Item 3543,149,7.8,4.7,5.3,33.31,2024-01-01T00:00:00
product_003544,Mobile & Telecom,Mobile Accessory 3544,711,6.2,5.5,4.7,238.06,2024-01-01T00:00:00
product_003545,Books & Media,Learning Guide 3545,361,7.4,4.0,4.8,28.88,2024-01-01T00:00:00
product_003546,Pet Supplies,Pet Activity Item 3546,1478,6.3,4.0,5.8,57.57,2024-01-01T00:00:00
product_003547,Pet Supplies,Feeding Set 3547,1908,8.4,3.3,4.3,38.56,2024-01-01T00:00:00
product_003548,Mobile & Telecom,Mobile Accessory 3548,1469,5.9,4.3,6.4,321.87,2024-01-01T00:00:00
product_003549,Sports & Outdoors,Fitness Item 3549,1727,6.3,4.6,5.1,112.81,2024-01-01T00:00:00
product_003550,Home & Bedding,Home Textile 3550,2334,7.2,5.0,7.1,65.36,2024-01-01T00:00:00
product_003551,Sports & Outdoors,Training Gear 3551,3595,7.6,5.8,6.7,150.91,2024-01-01T00:00:00
product_003552,Pet Supplies,Feeding Set 3552,1716,6.4,4.1,6.5,62.94,2024-01-01T00:00:00
product_003553,Books & Media,Learning Guide 3553,1166,6.4,3.8,6.4,20.34,2024-01-01T00:00:00
product_003554,Health & Beauty,Daily Essential 3554,296,8.2,3.7,4.4,28.0,2024-01-01T00:00:00
product_003555,Garden & Outdoor,Outdoor Accessory 3555,5504,9.3,6.1,8.1,70.91,2024-01-01T00:00:00
product_003556,Garden & Outdoor,Outdoor Accessory 3556,3723,5.7,4.1,6.5,113.81,2024-01-01T00:00:00
product_003557,Pet Supplies,Pet Activity Item 3557,1834,8.1,5.4,5.5,36.85,2024-01-01T00:00:00
product_003558,Watches & Gifts,Timepiece 3558,766,5.8,4.7,4.1,78.8,2024-01-01T00:00:00
product_003559,Garden & Outdoor,Garden Tool 3559,4970,9.2,7.1,8.7,78.97,2024-01-01T00:00:00
product_003560,Sports & Outdoors,Fitness Item 3560,2975,9.1,6.1,5.9,44.3,2024-01-01T00:00:00
product_003561,Fashion,Everyday Apparel 3561,832,7.6,3.7,6.0,70.02,2024-01-01T00:00:00
product_003562,Toys & Games,Learning Toy 3562,1747,7.6,4.4,5.3,80.2,2024-01-01T00:00:00
product_003563,Furniture & Decor,Accent Furniture 3563,12338,11.2,8.5,6.9,251.98,2024-01-01T00:00:00
product_003564,Garden & Outdoor,Planting Set 3564,3126,10.3,6.0,6.8,106.81,2024-01-01T00:00:00
product_003565,Sports & Outdoors,Training Gear 3565,1861,8.4,4.8,6.5,73.68,2024-01-01T00:00:00
product_003566,Sports & Outdoors,Outdoor Kit 3566,5626,9.9,5.1,8.9,66.81,2024-01-01T00:00:00
product_003567,Pet Supplies,Pet Care Item 3567,4749,9.7,8.0,6.6,51.12,2024-01-01T00:00:00
product_003568,Toys & Games,Activity Set 3568,962,6.6,4.2,5.7,29.15,2024-01-01T00:00:00
product_003569,Mobile & Telecom,Phone Item 3569,463,5.9,5.0,4.1,269.83,2024-01-01T00:00:00
product_003570,Watches & Gifts,Timepiece 3570,359,5.5,4.3,6.5,218.84,2024-01-01T00:00:00
product_003571,Home Goods,Kitchen Item 3571,2790,8.6,5.6,6.3,70.36,2024-01-01T00:00:00
product_003572,Home & Bedding,Bedding Set 3572,7614,13.5,5.8,9.5,61.53,2024-01-01T00:00:00
product_003573,Mobile & Telecom,Connectivity Kit 3573,473,6.9,4.2,3.2,62.22,2024-01-01T00:00:00
product_003574,Automotive,Travel Item 3574,4523,7.8,6.9,6.2,96.99,2024-01-01T00:00:00
product_003575,Watches & Gifts,Keepsake Item 3575,77,5.3,5.6,5.2,70.36,2024-01-01T00:00:00
product_003576,Garden & Outdoor,Garden Tool 3576,8510,12.1,6.3,10.6,154.98,2024-01-01T00:00:00
product_003577,Mobile & Telecom,Connectivity Kit 3577,470,6.8,4.2,5.0,148.25,2024-01-01T00:00:00
product_003578,Mobile & Telecom,Connectivity Kit 3578,1151,6.2,5.6,4.4,57.31,2024-01-01T00:00:00
product_003579,Home Goods,Organization Set 3579,2972,8.6,5.3,6.2,57.64,2024-01-01T00:00:00
product_003580,Home & Bedding,Comfort Item 3580,3685,9.2,5.6,10.1,42.13,2024-01-01T00:00:00
product_003581,Garden & Outdoor,Garden Tool 3581,2788,8.1,6.5,7.0,49.13,2024-01-01T00:00:00
product_003582,Toys & Games,Learning Toy 3582,980,5.7,4.5,5.5,33.02,2024-01-01T00:00:00
product_003583,Electronics & Accessories,Charging Kit 3583,1268,4.9,4.1,4.6,55.32,2024-01-01T00:00:00
product_003584,Home & Bedding,Bedding Set 3584,1552,8.2,4.2,5.7,72.09,2024-01-01T00:00:00
product_003585,Fashion,Fashion Accessory 3585,304,6.4,4.5,5.3,58.8,2024-01-01T00:00:00
product_003586,Mobile & Telecom,Connectivity Kit 3586,377,7.3,5.2,5.7,70.15,2024-01-01T00:00:00
product_003587,Furniture & Decor,Storage Unit 3587,12315,14.4,9.3,11.0,109.53,2024-01-01T00:00:00
product_003588,Health & Beauty,Daily Essential 3588,444,5.6,4.7,4.6,24.99,2024-01-01T00:00:00
product_003589,Health & Beauty,Wellness Item 3589,339,7.7,5.4,4.1,47.27,2024-01-01T00:00:00
product_003590,Toys & Games,Activity Set 3590,439,6.5,4.3,5.1,31.1,2024-01-01T00:00:00
product_003591,Furniture & Decor,Decor Item 3591,8737,15.0,8.7,10.2,178.88,2024-01-01T00:00:00
product_003592,Garden & Outdoor,Planting Set 3592,2348,9.9,5.5,7.6,86.52,2024-01-01T00:00:00
product_003593,Watches & Gifts,Keepsake Item 3593,446,6.9,5.0,5.4,54.07,2024-01-01T00:00:00
product_003594,Electronics & Accessories,Device Accessory 3594,1374,6.3,5.3,4.3,157.49,2024-01-01T00:00:00
product_003595,Pet Supplies,Pet Care Item 3595,3708,10.5,4.5,8.1,53.12,2024-01-01T00:00:00
product_003596,Home & Bedding,Bedding Set 3596,4206,11.4,5.9,9.2,61.98,2024-01-01T00:00:00
product_003597,Pet Supplies,Feeding Set 3597,1262,4.0,4.0,4.3,69.73,2024-01-01T00:00:00
product_003598,Mobile & Telecom,Connectivity Kit 3598,795,6.3,5.0,5.0,136.19,2024-01-01T00:00:00
product_003599,Garden & Outdoor,Outdoor Accessory 3599,5419,9.5,9.5,7.4,129.8,2024-01-01T00:00:00
product_003600,Office Supplies,Office Organizer 3600,1119,5.8,4.3,3.9,35.29,2024-01-01T00:00:00
product_003601,Garden & Outdoor,Garden Tool 3601,5377,11.2,9.1,7.5,184.38,2024-01-01T00:00:00
product_003602,Home & Bedding,Comfort Item 3602,1066,5.9,4.3,5.3,37.25,2024-01-01T00:00:00
product_003603,Home Goods,Organization Set 3603,4795,9.5,5.9,7.4,47.91,2024-01-01T00:00:00
product_003604,Fashion,Everyday Apparel 3604,310,6.2,3.2,5.3,88.91,2024-01-01T00:00:00
product_003605,Furniture & Decor,Storage Unit 3605,8582,13.0,9.0,8.9,131.91,2024-01-01T00:00:00
product_003606,Office Supplies,Desk Set 3606,666,5.6,4.3,5.8,29.38,2024-01-01T00:00:00
product_003607,Office Supplies,Writing Kit 3607,567,5.2,4.3,5.9,28.84,2024-01-01T00:00:00
product_003608,Toys & Games,Family Game 3608,917,6.4,3.3,5.4,75.3,2024-01-01T00:00:00
product_003609,Electronics & Accessories,Device Accessory 3609,727,6.5,4.2,5.0,134.05,2024-01-01T00:00:00
product_003610,Automotive,Maintenance Kit 3610,2527,5.8,5.3,6.8,58.19,2024-01-01T00:00:00
product_003611,Electronics & Accessories,Audio Item 3611,517,7.2,4.0,7.0,59.67,2024-01-01T00:00:00
product_003612,Pet Supplies,Pet Care Item 3612,596,7.6,4.5,4.7,22.1,2024-01-01T00:00:00
product_003613,Books & Media,Media Collection 3613,1470,5.8,4.5,5.2,21.11,2024-01-01T00:00:00
product_003614,Automotive,Travel Item 3614,4782,12.0,5.8,6.6,130.19,2024-01-01T00:00:00
product_003615,Baby Products,Feeding Item 3615,1249,5.5,3.4,5.1,48.39,2024-01-01T00:00:00
product_003616,Mobile & Telecom,Mobile Accessory 3616,1268,6.4,4.8,5.9,86.01,2024-01-01T00:00:00
product_003617,Pet Supplies,Pet Activity Item 3617,813,7.0,3.8,5.5,55.12,2024-01-01T00:00:00
product_003618,Sports & Outdoors,Fitness Item 3618,2578,8.3,6.0,7.4,54.46,2024-01-01T00:00:00
product_003619,Books & Media,Learning Guide 3619,607,6.0,4.4,5.5,9.65,2024-01-01T00:00:00
product_003620,Automotive,Vehicle Accessory 3620,5637,10.2,9.5,7.6,70.24,2024-01-01T00:00:00
product_003621,Health & Beauty,Wellness Item 3621,176,4.3,3.7,5.6,25.2,2024-01-01T00:00:00
product_003622,Electronics & Accessories,Audio Item 3622,1493,7.2,3.9,4.9,329.68,2024-01-01T00:00:00
product_003623,Furniture & Decor,Accent Furniture 3623,9307,14.4,8.0,12.1,155.56,2024-01-01T00:00:00
product_003624,Automotive,Maintenance Kit 3624,3317,7.0,5.6,7.3,36.06,2024-01-01T00:00:00
product_003625,Office Supplies,Desk Set 3625,249,6.9,5.1,3.9,28.26,2024-01-01T00:00:00
product_003626,Fashion,Seasonal Wear 3626,751,7.2,4.4,4.7,50.89,2024-01-01T00:00:00
product_003627,Office Supplies,Desk Set 3627,498,6.0,3.4,5.1,32.43,2024-01-01T00:00:00
product_003628,Books & Media,Reference Book 3628,255,6.4,3.4,4.6,24.66,2024-01-01T00:00:00
product_003629,Sports & Outdoors,Outdoor Kit 3629,4579,8.2,6.2,5.8,112.14,2024-01-01T00:00:00
product_003630,Electronics & Accessories,Audio Item 3630,581,5.5,4.2,4.8,195.23,2024-01-01T00:00:00
product_003631,Fashion,Fashion Accessory 3631,286,5.8,3.8,5.5,97.52,2024-01-01T00:00:00
product_003632,Health & Beauty,Care Set 3632,495,4.9,4.4,5.1,81.64,2024-01-01T00:00:00
product_003633,Furniture & Decor,Accent Furniture 3633,8177,11.7,7.5,9.6,277.3,2024-01-01T00:00:00
product_003634,Garden & Outdoor,Planting Set 3634,5364,11.7,6.7,7.4,41.66,2024-01-01T00:00:00
product_003635,Mobile & Telecom,Phone Item 3635,279,7.7,4.4,5.6,61.34,2024-01-01T00:00:00
product_003636,Watches & Gifts,Gift Set 3636,235,6.6,4.7,5.9,125.47,2024-01-01T00:00:00
product_003637,Health & Beauty,Care Set 3637,447,7.0,3.9,5.0,43.84,2024-01-01T00:00:00
product_003638,Home Goods,Organization Set 3638,2228,5.1,5.4,5.0,85.84,2024-01-01T00:00:00
product_003639,Furniture & Decor,Accent Furniture 3639,6709,11.8,9.6,10.0,175.83,2024-01-01T00:00:00
product_003640,Health & Beauty,Daily Essential 3640,325,6.0,3.2,4.8,14.64,2024-01-01T00:00:00
product_003641,Watches & Gifts,Gift Set 3641,353,7.4,3.3,5.8,125.87,2024-01-01T00:00:00
product_003642,Home Goods,Kitchen Item 3642,1159,6.3,5.2,4.1,39.14,2024-01-01T00:00:00
product_003643,Books & Media,Media Collection 3643,417,6.7,5.1,5.2,37.41,2024-01-01T00:00:00
product_003644,Garden & Outdoor,Outdoor Accessory 3644,5744,9.9,6.3,10.1,78.37,2024-01-01T00:00:00
product_003645,Electronics & Accessories,Charging Kit 3645,782,6.7,4.2,5.7,77.41,2024-01-01T00:00:00
product_003646,Sports & Outdoors,Outdoor Kit 3646,1270,5.9,4.5,4.8,146.96,2024-01-01T00:00:00
product_003647,Pet Supplies,Pet Activity Item 3647,451,7.0,3.9,5.4,38.77,2024-01-01T00:00:00
product_003648,Watches & Gifts,Timepiece 3648,288,5.5,5.1,5.3,130.07,2024-01-01T00:00:00
product_003649,Fashion,Fashion Accessory 3649,427,6.6,4.0,4.5,138.21,2024-01-01T00:00:00
product_003650,Pet Supplies,Pet Activity Item 3650,1659,9.0,4.4,5.2,45.87,2024-01-01T00:00:00
product_003651,Automotive,Maintenance Kit 3651,2926,8.5,6.0,4.7,200.98,2024-01-01T00:00:00
product_003652,Baby Products,Infant Care Item 3652,2836,7.9,7.3,8.3,42.45,2024-01-01T00:00:00
product_003653,Home & Bedding,Comfort Item 3653,1863,6.1,4.1,6.3,146.15,2024-01-01T00:00:00
product_003654,Pet Supplies,Pet Care Item 3654,1257,7.5,3.0,3.4,48.81,2024-01-01T00:00:00
product_003655,Fashion,Everyday Apparel 3655,550,5.9,4.7,5.7,95.89,2024-01-01T00:00:00
product_003656,Books & Media,Reference Book 3656,700,4.7,4.2,6.1,13.78,2024-01-01T00:00:00
product_003657,Electronics & Accessories,Device Accessory 3657,659,5.9,5.6,5.2,75.12,2024-01-01T00:00:00
product_003658,Fashion,Fashion Accessory 3658,481,7.0,4.4,6.0,188.79,2024-01-01T00:00:00
product_003659,Baby Products,Infant Care Item 3659,1717,6.1,5.4,5.3,51.78,2024-01-01T00:00:00
product_003660,Garden & Outdoor,Garden Tool 3660,3455,7.9,3.8,7.0,126.85,2024-01-01T00:00:00
product_003661,Watches & Gifts,Gift Set 3661,268,7.8,3.2,4.4,66.6,2024-01-01T00:00:00
product_003662,Automotive,Maintenance Kit 3662,3846,7.1,5.9,8.0,53.06,2024-01-01T00:00:00
product_003663,Electronics & Accessories,Device Accessory 3663,1346,8.6,4.6,4.4,88.54,2024-01-01T00:00:00
product_003664,Furniture & Decor,Storage Unit 3664,4456,9.7,7.1,7.0,117.26,2024-01-01T00:00:00
product_003665,Home Goods,Kitchen Item 3665,1865,7.2,4.6,6.8,21.69,2024-01-01T00:00:00
product_003666,Fashion,Everyday Apparel 3666,1704,8.3,3.7,6.2,86.15,2024-01-01T00:00:00
product_003667,Baby Products,Infant Care Item 3667,1475,7.4,3.8,5.7,135.32,2024-01-01T00:00:00
product_003668,Home & Bedding,Bedding Set 3668,3484,10.4,4.2,7.9,87.59,2024-01-01T00:00:00
product_003669,Furniture & Decor,Accent Furniture 3669,7571,12.0,6.5,9.5,161.06,2024-01-01T00:00:00
product_003670,Baby Products,Nursery Accessory 3670,1130,4.0,4.5,4.7,100.48,2024-01-01T00:00:00
product_003671,Watches & Gifts,Gift Set 3671,417,4.8,4.6,6.2,88.34,2024-01-01T00:00:00
product_003672,Electronics & Accessories,Charging Kit 3672,957,6.4,4.4,6.6,96.91,2024-01-01T00:00:00
product_003673,Mobile & Telecom,Phone Item 3673,629,6.1,4.6,6.1,95.94,2024-01-01T00:00:00
product_003674,Watches & Gifts,Keepsake Item 3674,133,7.1,5.4,5.3,74.34,2024-01-01T00:00:00
product_003675,Home Goods,Household Tool 3675,2109,6.3,5.9,5.8,54.55,2024-01-01T00:00:00
product_003676,Health & Beauty,Wellness Item 3676,293,6.4,4.5,4.7,10.95,2024-01-01T00:00:00
product_003677,Mobile & Telecom,Phone Item 3677,1416,6.6,4.1,4.9,257.62,2024-01-01T00:00:00
product_003678,Baby Products,Feeding Item 3678,745,7.1,5.0,4.7,33.3,2024-01-01T00:00:00
product_003679,Mobile & Telecom,Mobile Accessory 3679,369,7.4,2.8,5.5,54.72,2024-01-01T00:00:00
product_003680,Pet Supplies,Pet Care Item 3680,1478,6.8,4.1,6.1,36.18,2024-01-01T00:00:00
product_003681,Health & Beauty,Daily Essential 3681,358,5.5,3.6,3.2,47.94,2024-01-01T00:00:00
product_003682,Baby Products,Nursery Accessory 3682,988,6.2,4.2,5.0,50.92,2024-01-01T00:00:00
product_003683,Sports & Outdoors,Outdoor Kit 3683,3582,10.1,5.9,6.3,139.33,2024-01-01T00:00:00
product_003684,Furniture & Decor,Storage Unit 3684,10263,11.4,7.9,12.3,162.12,2024-01-01T00:00:00
product_003685,Fashion,Everyday Apparel 3685,461,5.4,4.1,6.1,60.34,2024-01-01T00:00:00
product_003686,Fashion,Fashion Accessory 3686,1550,6.2,4.0,5.6,35.8,2024-01-01T00:00:00
product_003687,Watches & Gifts,Gift Set 3687,144,5.3,4.4,5.0,112.01,2024-01-01T00:00:00
product_003688,Home Goods,Household Tool 3688,4296,11.3,4.5,6.1,48.01,2024-01-01T00:00:00
product_003689,Home & Bedding,Comfort Item 3689,2844,8.9,6.6,7.9,141.26,2024-01-01T00:00:00
product_003690,Pet Supplies,Pet Activity Item 3690,1983,9.1,4.0,6.6,70.46,2024-01-01T00:00:00
product_003691,Mobile & Telecom,Connectivity Kit 3691,595,7.2,4.3,4.3,82.61,2024-01-01T00:00:00
product_003692,Health & Beauty,Daily Essential 3692,446,7.2,4.8,5.6,21.85,2024-01-01T00:00:00
product_003693,Watches & Gifts,Keepsake Item 3693,260,4.1,2.0,4.9,85.48,2024-01-01T00:00:00
product_003694,Electronics & Accessories,Audio Item 3694,1064,5.9,4.0,5.6,47.57,2024-01-01T00:00:00
product_003695,Sports & Outdoors,Fitness Item 3695,2138,5.6,4.4,6.1,42.72,2024-01-01T00:00:00
product_003696,Office Supplies,Writing Kit 3696,205,4.6,3.3,6.2,56.0,2024-01-01T00:00:00
product_003697,Home Goods,Organization Set 3697,3655,7.9,7.2,5.8,51.34,2024-01-01T00:00:00
product_003698,Furniture & Decor,Accent Furniture 3698,2741,7.4,5.8,6.1,133.99,2024-01-01T00:00:00
product_003699,Automotive,Travel Item 3699,2055,8.0,6.5,5.5,55.36,2024-01-01T00:00:00
product_003700,Electronics & Accessories,Device Accessory 3700,561,6.5,4.2,4.2,25.29,2024-01-01T00:00:00
product_003701,Home Goods,Organization Set 3701,2987,10.2,4.1,8.9,111.75,2024-01-01T00:00:00
product_003702,Watches & Gifts,Gift Set 3702,368,5.1,4.4,5.3,52.54,2024-01-01T00:00:00
product_003703,Books & Media,Media Collection 3703,382,4.8,3.9,4.1,22.65,2024-01-01T00:00:00
product_003704,Books & Media,Learning Guide 3704,450,6.2,3.6,6.7,22.81,2024-01-01T00:00:00
product_003705,Mobile & Telecom,Connectivity Kit 3705,834,6.9,3.0,5.0,82.68,2024-01-01T00:00:00
product_003706,Home Goods,Kitchen Item 3706,1280,6.1,3.3,5.3,36.04,2024-01-01T00:00:00
product_003707,Pet Supplies,Feeding Set 3707,1563,7.5,5.6,3.6,29.64,2024-01-01T00:00:00
product_003708,Sports & Outdoors,Fitness Item 3708,2709,9.6,4.5,5.9,25.31,2024-01-01T00:00:00
product_003709,Books & Media,Media Collection 3709,471,7.5,4.3,3.2,17.1,2024-01-01T00:00:00
product_003710,Books & Media,Reference Book 3710,334,5.4,3.4,4.5,37.37,2024-01-01T00:00:00
product_003711,Books & Media,Learning Guide 3711,224,7.4,3.4,5.9,15.49,2024-01-01T00:00:00
product_003712,Books & Media,Learning Guide 3712,244,6.8,3.2,5.3,17.62,2024-01-01T00:00:00
product_003713,Home & Bedding,Comfort Item 3713,3969,11.6,6.9,6.9,26.0,2024-01-01T00:00:00
product_003714,Health & Beauty,Care Set 3714,76,7.6,5.0,4.2,19.3,2024-01-01T00:00:00
product_003715,Baby Products,Infant Care Item 3715,2524,10.6,7.0,7.1,66.56,2024-01-01T00:00:00
product_003716,Office Supplies,Desk Set 3716,651,5.9,3.7,3.7,27.61,2024-01-01T00:00:00
product_003717,Electronics & Accessories,Audio Item 3717,788,5.9,3.0,5.3,304.68,2024-01-01T00:00:00
product_003718,Home & Bedding,Comfort Item 3718,941,6.3,4.0,4.9,65.03,2024-01-01T00:00:00
product_003719,Automotive,Maintenance Kit 3719,3352,8.6,5.7,7.8,187.36,2024-01-01T00:00:00
product_003720,Home & Bedding,Bedding Set 3720,833,7.1,3.4,5.2,85.34,2024-01-01T00:00:00
product_003721,Baby Products,Nursery Accessory 3721,764,8.0,4.9,4.7,52.67,2024-01-01T00:00:00
product_003722,Electronics & Accessories,Device Accessory 3722,1058,7.5,3.4,5.6,140.16,2024-01-01T00:00:00
product_003723,Furniture & Decor,Accent Furniture 3723,7552,14.0,6.6,6.7,137.14,2024-01-01T00:00:00
product_003724,Health & Beauty,Wellness Item 3724,480,6.1,3.9,4.6,19.2,2024-01-01T00:00:00
product_003725,Fashion,Seasonal Wear 3725,404,4.5,4.2,4.6,23.67,2024-01-01T00:00:00
product_003726,Fashion,Everyday Apparel 3726,850,6.5,3.1,5.8,55.27,2024-01-01T00:00:00
product_003727,Mobile & Telecom,Phone Item 3727,309,8.7,4.4,4.8,159.08,2024-01-01T00:00:00
product_003728,Home Goods,Household Tool 3728,6925,12.7,8.8,11.0,138.26,2024-01-01T00:00:00
product_003729,Fashion,Fashion Accessory 3729,726,5.8,2.6,4.9,70.94,2024-01-01T00:00:00
product_003730,Garden & Outdoor,Planting Set 3730,2040,9.3,5.4,4.4,66.18,2024-01-01T00:00:00
product_003731,Fashion,Everyday Apparel 3731,854,7.1,4.1,4.6,79.32,2024-01-01T00:00:00
product_003732,Electronics & Accessories,Charging Kit 3732,1104,7.1,5.3,4.6,271.75,2024-01-01T00:00:00
product_003733,Sports & Outdoors,Fitness Item 3733,1100,7.0,3.3,5.3,107.66,2024-01-01T00:00:00
product_003734,Health & Beauty,Wellness Item 3734,1088,4.5,2.3,4.1,36.92,2024-01-01T00:00:00
product_003735,Mobile & Telecom,Connectivity Kit 3735,1098,5.7,3.8,5.0,79.19,2024-01-01T00:00:00
product_003736,Home & Bedding,Bedding Set 3736,1995,7.7,5.7,6.1,184.63,2024-01-01T00:00:00
product_003737,Mobile & Telecom,Connectivity Kit 3737,318,5.2,3.6,5.0,106.85,2024-01-01T00:00:00
product_003738,Furniture & Decor,Storage Unit 3738,8122,10.6,8.0,11.3,317.79,2024-01-01T00:00:00
product_003739,Watches & Gifts,Gift Set 3739,114,6.1,2.8,6.0,182.82,2024-01-01T00:00:00
product_003740,Furniture & Decor,Storage Unit 3740,10923,11.8,7.9,7.7,207.06,2024-01-01T00:00:00
product_003741,Automotive,Travel Item 3741,1738,7.6,5.7,5.7,156.74,2024-01-01T00:00:00
product_003742,Fashion,Everyday Apparel 3742,354,6.7,3.1,4.7,34.94,2024-01-01T00:00:00
product_003743,Watches & Gifts,Keepsake Item 3743,334,6.4,3.6,5.2,80.94,2024-01-01T00:00:00
product_003744,Office Supplies,Desk Set 3744,602,6.2,4.5,5.3,42.5,2024-01-01T00:00:00
product_003745,Home & Bedding,Comfort Item 3745,2367,6.3,6.0,6.9,30.88,2024-01-01T00:00:00
product_003746,Baby Products,Nursery Accessory 3746,801,8.5,3.6,4.4,148.77,2024-01-01T00:00:00
product_003747,Home & Bedding,Home Textile 3747,2118,7.8,4.5,6.5,56.82,2024-01-01T00:00:00
product_003748,Mobile & Telecom,Mobile Accessory 3748,431,6.0,3.6,5.0,125.01,2024-01-01T00:00:00
product_003749,Electronics & Accessories,Charging Kit 3749,922,6.3,5.3,5.4,248.33,2024-01-01T00:00:00
product_003750,Sports & Outdoors,Fitness Item 3750,3057,5.5,5.3,5.7,59.9,2024-01-01T00:00:00
product_003751,Furniture & Decor,Accent Furniture 3751,6551,13.5,6.4,9.6,138.06,2024-01-01T00:00:00
product_003752,Home & Bedding,Home Textile 3752,775,6.9,3.1,4.5,106.42,2024-01-01T00:00:00
product_003753,Health & Beauty,Care Set 3753,270,7.2,2.9,5.0,13.19,2024-01-01T00:00:00
product_003754,Sports & Outdoors,Outdoor Kit 3754,1878,8.1,4.8,7.7,92.01,2024-01-01T00:00:00
product_003755,Mobile & Telecom,Connectivity Kit 3755,952,6.5,2.2,5.8,107.52,2024-01-01T00:00:00
product_003756,Garden & Outdoor,Planting Set 3756,1755,9.1,5.7,4.7,150.69,2024-01-01T00:00:00
product_003757,Automotive,Travel Item 3757,4517,10.4,6.1,8.4,73.99,2024-01-01T00:00:00
product_003758,Pet Supplies,Pet Care Item 3758,709,5.0,3.0,6.1,48.88,2024-01-01T00:00:00
product_003759,Automotive,Maintenance Kit 3759,1728,6.4,5.5,7.0,85.46,2024-01-01T00:00:00
product_003760,Fashion,Everyday Apparel 3760,586,7.2,3.1,4.0,12.83,2024-01-01T00:00:00
product_003761,Mobile & Telecom,Connectivity Kit 3761,387,7.4,5.1,5.0,262.79,2024-01-01T00:00:00
product_003762,Books & Media,Reference Book 3762,359,6.6,3.6,4.9,16.25,2024-01-01T00:00:00
product_003763,Garden & Outdoor,Planting Set 3763,2731,7.6,4.7,6.8,68.6,2024-01-01T00:00:00
product_003764,Books & Media,Reference Book 3764,345,7.1,4.6,3.4,19.2,2024-01-01T00:00:00
product_003765,Automotive,Vehicle Accessory 3765,3220,9.6,6.4,6.6,374.46,2024-01-01T00:00:00
product_003766,Mobile & Telecom,Mobile Accessory 3766,828,7.5,3.7,4.9,161.35,2024-01-01T00:00:00
product_003767,Fashion,Seasonal Wear 3767,494,7.0,3.8,4.7,29.21,2024-01-01T00:00:00
product_003768,Electronics & Accessories,Charging Kit 3768,897,6.2,3.6,6.6,281.73,2024-01-01T00:00:00
product_003769,Mobile & Telecom,Phone Item 3769,181,5.6,4.3,5.4,345.92,2024-01-01T00:00:00
product_003770,Garden & Outdoor,Outdoor Accessory 3770,8638,9.8,10.4,11.8,58.85,2024-01-01T00:00:00
product_003771,Baby Products,Infant Care Item 3771,1178,6.1,3.4,4.9,154.57,2024-01-01T00:00:00
product_003772,Furniture & Decor,Accent Furniture 3772,5202,13.2,5.7,9.3,211.91,2024-01-01T00:00:00
product_003773,Automotive,Maintenance Kit 3773,1314,7.0,2.9,4.2,130.25,2024-01-01T00:00:00
product_003774,Home & Bedding,Comfort Item 3774,2543,10.2,7.3,7.4,156.72,2024-01-01T00:00:00
product_003775,Health & Beauty,Care Set 3775,419,7.5,5.0,5.0,39.85,2024-01-01T00:00:00
product_003776,Mobile & Telecom,Connectivity Kit 3776,373,6.9,4.2,4.6,186.11,2024-01-01T00:00:00
product_003777,Automotive,Vehicle Accessory 3777,3329,11.3,6.0,6.0,108.3,2024-01-01T00:00:00
product_003778,Health & Beauty,Wellness Item 3778,797,6.2,4.8,4.4,34.06,2024-01-01T00:00:00
product_003779,Office Supplies,Writing Kit 3779,1064,6.0,4.2,5.0,23.92,2024-01-01T00:00:00
product_003780,Books & Media,Learning Guide 3780,277,7.3,5.8,5.8,8.09,2024-01-01T00:00:00
product_003781,Mobile & Telecom,Phone Item 3781,924,4.8,4.3,4.7,89.97,2024-01-01T00:00:00
product_003782,Home Goods,Organization Set 3782,711,4.9,3.3,4.5,89.63,2024-01-01T00:00:00
product_003783,Fashion,Everyday Apparel 3783,904,6.9,3.2,4.9,87.71,2024-01-01T00:00:00
product_003784,Sports & Outdoors,Outdoor Kit 3784,1645,6.8,4.8,4.6,173.87,2024-01-01T00:00:00
product_003785,Books & Media,Media Collection 3785,705,5.7,4.9,3.6,13.03,2024-01-01T00:00:00
product_003786,Pet Supplies,Pet Care Item 3786,1832,7.6,4.6,4.4,41.96,2024-01-01T00:00:00
product_003787,Garden & Outdoor,Outdoor Accessory 3787,3027,10.0,5.8,5.1,53.06,2024-01-01T00:00:00
product_003788,Books & Media,Learning Guide 3788,1110,8.3,3.3,6.7,25.27,2024-01-01T00:00:00
product_003789,Garden & Outdoor,Garden Tool 3789,9448,12.1,9.0,11.9,60.28,2024-01-01T00:00:00
product_003790,Home Goods,Organization Set 3790,1157,7.5,4.4,6.2,49.78,2024-01-01T00:00:00
product_003791,Home Goods,Kitchen Item 3791,4392,12.1,7.2,4.5,87.9,2024-01-01T00:00:00
product_003792,Health & Beauty,Care Set 3792,468,5.5,4.1,4.4,51.99,2024-01-01T00:00:00
product_003793,Toys & Games,Learning Toy 3793,692,7.6,3.7,4.0,33.28,2024-01-01T00:00:00
product_003794,Fashion,Everyday Apparel 3794,468,5.7,2.9,5.4,47.45,2024-01-01T00:00:00
product_003795,Baby Products,Infant Care Item 3795,1482,7.2,5.0,5.7,58.43,2024-01-01T00:00:00
product_003796,Fashion,Seasonal Wear 3796,414,5.7,3.8,4.9,40.72,2024-01-01T00:00:00
product_003797,Pet Supplies,Feeding Set 3797,1803,7.7,5.1,3.1,70.02,2024-01-01T00:00:00
product_003798,Mobile & Telecom,Connectivity Kit 3798,702,4.9,3.6,5.3,143.4,2024-01-01T00:00:00
product_003799,Watches & Gifts,Gift Set 3799,488,6.1,4.9,3.0,100.08,2024-01-01T00:00:00
product_003800,Garden & Outdoor,Outdoor Accessory 3800,5291,10.3,6.3,7.9,63.32,2024-01-01T00:00:00
product_003801,Office Supplies,Writing Kit 3801,1193,6.3,4.2,3.4,65.19,2024-01-01T00:00:00
product_003802,Electronics & Accessories,Charging Kit 3802,770,6.6,4.5,4.1,246.85,2024-01-01T00:00:00
product_003803,Watches & Gifts,Keepsake Item 3803,239,5.6,3.2,5.2,77.64,2024-01-01T00:00:00
product_003804,Health & Beauty,Daily Essential 3804,272,5.9,3.5,3.2,34.24,2024-01-01T00:00:00
product_003805,Pet Supplies,Feeding Set 3805,1548,7.7,4.7,6.9,76.69,2024-01-01T00:00:00
product_003806,Mobile & Telecom,Mobile Accessory 3806,590,7.4,2.6,6.1,159.65,2024-01-01T00:00:00
product_003807,Home & Bedding,Comfort Item 3807,763,6.0,4.8,5.1,164.77,2024-01-01T00:00:00
product_003808,Pet Supplies,Feeding Set 3808,1577,7.3,2.9,5.8,28.96,2024-01-01T00:00:00
product_003809,Fashion,Seasonal Wear 3809,246,5.7,3.4,6.8,44.67,2024-01-01T00:00:00
product_003810,Fashion,Fashion Accessory 3810,331,4.8,4.1,4.0,36.83,2024-01-01T00:00:00
product_003811,Sports & Outdoors,Training Gear 3811,1028,6.3,3.8,6.0,77.39,2024-01-01T00:00:00
product_003812,Sports & Outdoors,Training Gear 3812,4906,8.6,6.9,8.6,67.26,2024-01-01T00:00:00
product_003813,Home & Bedding,Comfort Item 3813,2391,8.5,4.4,4.1,56.36,2024-01-01T00:00:00
product_003814,Furniture & Decor,Storage Unit 3814,8951,9.8,8.2,10.6,281.3,2024-01-01T00:00:00
product_003815,Baby Products,Feeding Item 3815,1316,5.7,3.5,6.2,59.45,2024-01-01T00:00:00
product_003816,Watches & Gifts,Gift Set 3816,380,6.1,4.6,5.8,109.23,2024-01-01T00:00:00
product_003817,Baby Products,Feeding Item 3817,1479,4.7,4.4,6.2,86.66,2024-01-01T00:00:00
product_003818,Garden & Outdoor,Outdoor Accessory 3818,5216,9.1,5.5,11.2,42.67,2024-01-01T00:00:00
product_003819,Automotive,Vehicle Accessory 3819,5147,9.2,4.4,8.3,37.58,2024-01-01T00:00:00
product_003820,Garden & Outdoor,Outdoor Accessory 3820,4882,9.6,6.2,7.6,90.97,2024-01-01T00:00:00
product_003821,Baby Products,Feeding Item 3821,712,4.7,4.1,5.0,108.29,2024-01-01T00:00:00
product_003822,Home Goods,Organization Set 3822,4824,11.8,5.8,10.6,37.0,2024-01-01T00:00:00
product_003823,Automotive,Travel Item 3823,4770,10.5,8.4,7.9,63.04,2024-01-01T00:00:00
product_003824,Electronics & Accessories,Charging Kit 3824,1045,6.6,4.6,5.6,363.8,2024-01-01T00:00:00
product_003825,Home Goods,Organization Set 3825,1318,7.1,5.3,5.5,91.89,2024-01-01T00:00:00
product_003826,Home Goods,Household Tool 3826,3523,10.1,5.8,8.5,75.36,2024-01-01T00:00:00
product_003827,Automotive,Travel Item 3827,5513,10.7,6.7,9.8,231.42,2024-01-01T00:00:00
product_003828,Electronics & Accessories,Audio Item 3828,1341,6.6,3.3,5.7,129.75,2024-01-01T00:00:00
product_003829,Mobile & Telecom,Connectivity Kit 3829,1117,7.1,3.6,5.7,51.37,2024-01-01T00:00:00
product_003830,Office Supplies,Office Organizer 3830,551,6.6,4.5,4.6,45.86,2024-01-01T00:00:00
product_003831,Pet Supplies,Feeding Set 3831,5291,8.7,7.0,7.5,77.86,2024-01-01T00:00:00
product_003832,Home Goods,Kitchen Item 3832,1687,7.5,5.6,5.0,139.56,2024-01-01T00:00:00
product_003833,Sports & Outdoors,Outdoor Kit 3833,2875,7.5,5.4,7.1,78.49,2024-01-01T00:00:00
product_003834,Home & Bedding,Home Textile 3834,2354,8.5,5.4,5.9,46.34,2024-01-01T00:00:00
product_003835,Pet Supplies,Pet Activity Item 3835,1024,6.2,5.4,5.8,91.48,2024-01-01T00:00:00
product_003836,Books & Media,Reference Book 3836,337,7.2,4.0,6.4,18.5,2024-01-01T00:00:00
product_003837,Furniture & Decor,Decor Item 3837,21060,15.2,11.1,10.4,207.32,2024-01-01T00:00:00
product_003838,Fashion,Everyday Apparel 3838,233,6.7,3.9,4.4,107.23,2024-01-01T00:00:00
product_003839,Watches & Gifts,Timepiece 3839,217,6.9,3.5,4.9,90.49,2024-01-01T00:00:00
product_003840,Baby Products,Infant Care Item 3840,1565,4.4,4.7,5.4,39.08,2024-01-01T00:00:00
product_003841,Home & Bedding,Home Textile 3841,1191,6.9,3.5,4.9,113.73,2024-01-01T00:00:00
product_003842,Baby Products,Nursery Accessory 3842,1012,4.9,4.7,4.5,140.52,2024-01-01T00:00:00
product_003843,Home & Bedding,Comfort Item 3843,2477,9.2,5.0,5.9,62.81,2024-01-01T00:00:00
product_003844,Furniture & Decor,Decor Item 3844,9463,13.6,8.3,10.4,258.9,2024-01-01T00:00:00
product_003845,Electronics & Accessories,Audio Item 3845,665,5.4,3.5,4.9,146.67,2024-01-01T00:00:00
product_003846,Office Supplies,Writing Kit 3846,650,5.2,3.6,5.1,18.93,2024-01-01T00:00:00
product_003847,Pet Supplies,Feeding Set 3847,3942,10.1,4.8,7.2,22.77,2024-01-01T00:00:00
product_003848,Electronics & Accessories,Audio Item 3848,378,7.4,4.3,5.3,408.42,2024-01-01T00:00:00
product_003849,Pet Supplies,Pet Care Item 3849,592,6.8,3.8,4.4,82.55,2024-01-01T00:00:00
product_003850,Pet Supplies,Pet Care Item 3850,992,7.3,3.8,4.2,69.54,2024-01-01T00:00:00
product_003851,Furniture & Decor,Accent Furniture 3851,5533,9.9,8.3,8.1,208.57,2024-01-01T00:00:00
product_003852,Furniture & Decor,Decor Item 3852,6436,14.9,6.3,11.7,141.25,2024-01-01T00:00:00
product_003853,Pet Supplies,Pet Care Item 3853,1067,7.0,3.7,6.2,69.8,2024-01-01T00:00:00
product_003854,Health & Beauty,Daily Essential 3854,246,6.7,3.5,6.0,14.62,2024-01-01T00:00:00
product_003855,Health & Beauty,Wellness Item 3855,386,6.9,4.2,6.1,38.71,2024-01-01T00:00:00
product_003856,Home Goods,Organization Set 3856,2171,9.0,5.4,6.5,52.76,2024-01-01T00:00:00
product_003857,Home & Bedding,Home Textile 3857,1778,7.7,4.8,6.8,20.86,2024-01-01T00:00:00
product_003858,Books & Media,Reference Book 3858,471,7.4,3.3,5.1,22.56,2024-01-01T00:00:00
product_003859,Health & Beauty,Wellness Item 3859,836,6.3,4.2,4.6,24.86,2024-01-01T00:00:00
product_003860,Sports & Outdoors,Training Gear 3860,3544,11.7,4.9,5.8,46.43,2024-01-01T00:00:00
product_003861,Automotive,Maintenance Kit 3861,5262,12.1,7.8,10.3,42.44,2024-01-01T00:00:00
product_003862,Watches & Gifts,Timepiece 3862,340,8.1,4.5,5.1,126.13,2024-01-01T00:00:00
product_003863,Home & Bedding,Bedding Set 3863,568,7.2,4.2,4.5,105.43,2024-01-01T00:00:00
product_003864,Furniture & Decor,Decor Item 3864,12543,15.3,9.3,12.4,207.77,2024-01-01T00:00:00
product_003865,Toys & Games,Family Game 3865,819,6.6,3.9,4.9,19.76,2024-01-01T00:00:00
product_003866,Home Goods,Kitchen Item 3866,762,6.2,3.0,5.7,212.52,2024-01-01T00:00:00
product_003867,Health & Beauty,Wellness Item 3867,170,6.4,3.5,4.7,17.37,2024-01-01T00:00:00
product_003868,Office Supplies,Office Organizer 3868,552,7.1,2.7,5.4,29.88,2024-01-01T00:00:00
product_003869,Office Supplies,Desk Set 3869,2052,6.8,5.1,6.5,16.59,2024-01-01T00:00:00
product_003870,Mobile & Telecom,Phone Item 3870,500,5.5,4.3,4.0,88.01,2024-01-01T00:00:00
product_003871,Office Supplies,Writing Kit 3871,1119,6.6,5.2,5.8,17.37,2024-01-01T00:00:00
product_003872,Garden & Outdoor,Garden Tool 3872,2636,9.6,6.4,6.6,93.55,2024-01-01T00:00:00
product_003873,Toys & Games,Learning Toy 3873,251,6.6,4.4,4.8,34.28,2024-01-01T00:00:00
product_003874,Sports & Outdoors,Training Gear 3874,1124,7.7,3.5,3.7,37.41,2024-01-01T00:00:00
product_003875,Home Goods,Kitchen Item 3875,2349,4.4,4.3,5.9,37.66,2024-01-01T00:00:00
product_003876,Books & Media,Reference Book 3876,515,6.4,4.3,5.2,15.03,2024-01-01T00:00:00
product_003877,Office Supplies,Office Organizer 3877,584,7.0,3.0,5.4,20.15,2024-01-01T00:00:00
product_003878,Baby Products,Nursery Accessory 3878,1106,6.0,5.5,3.3,47.29,2024-01-01T00:00:00
product_003879,Watches & Gifts,Keepsake Item 3879,332,7.2,3.4,5.7,123.66,2024-01-01T00:00:00
product_003880,Garden & Outdoor,Garden Tool 3880,5697,13.1,4.6,9.3,73.74,2024-01-01T00:00:00
product_003881,Mobile & Telecom,Mobile Accessory 3881,999,7.7,5.0,4.5,78.5,2024-01-01T00:00:00
product_003882,Home Goods,Organization Set 3882,3366,8.8,7.7,5.4,35.66,2024-01-01T00:00:00
product_003883,Books & Media,Learning Guide 3883,286,8.5,4.1,5.1,21.94,2024-01-01T00:00:00
product_003884,Pet Supplies,Pet Care Item 3884,2478,8.8,4.7,6.9,22.67,2024-01-01T00:00:00
product_003885,Watches & Gifts,Timepiece 3885,160,6.0,4.9,5.1,42.37,2024-01-01T00:00:00
product_003886,Home & Bedding,Comfort Item 3886,1317,6.4,3.2,4.8,107.03,2024-01-01T00:00:00
product_003887,Sports & Outdoors,Training Gear 3887,2432,7.7,5.9,6.2,54.23,2024-01-01T00:00:00
product_003888,Home Goods,Organization Set 3888,4419,10.4,5.7,9.2,17.59,2024-01-01T00:00:00
product_003889,Mobile & Telecom,Phone Item 3889,371,7.2,3.7,4.9,79.76,2024-01-01T00:00:00
product_003890,Home Goods,Kitchen Item 3890,1224,7.4,4.0,5.9,23.52,2024-01-01T00:00:00
product_003891,Health & Beauty,Care Set 3891,1601,9.3,4.7,4.7,29.38,2024-01-01T00:00:00
product_003892,Watches & Gifts,Timepiece 3892,156,4.9,3.8,4.0,127.78,2024-01-01T00:00:00
product_003893,Mobile & Telecom,Mobile Accessory 3893,470,7.2,4.5,5.4,246.94,2024-01-01T00:00:00
product_003894,Office Supplies,Desk Set 3894,858,6.5,2.9,4.8,31.58,2024-01-01T00:00:00
product_003895,Health & Beauty,Care Set 3895,528,8.8,4.2,4.2,43.55,2024-01-01T00:00:00
product_003896,Books & Media,Learning Guide 3896,385,6.3,5.0,4.2,29.38,2024-01-01T00:00:00
product_003897,Office Supplies,Desk Set 3897,203,5.9,5.1,5.0,133.49,2024-01-01T00:00:00
product_003898,Books & Media,Media Collection 3898,463,6.4,5.7,4.1,18.93,2024-01-01T00:00:00
product_003899,Watches & Gifts,Keepsake Item 3899,175,7.3,5.1,4.8,60.81,2024-01-01T00:00:00
product_003900,Furniture & Decor,Storage Unit 3900,4875,13.3,9.1,8.3,439.74,2024-01-01T00:00:00
product_003901,Automotive,Maintenance Kit 3901,4821,8.4,6.8,7.5,196.05,2024-01-01T00:00:00
product_003902,Furniture & Decor,Accent Furniture 3902,26377,21.8,11.0,14.6,271.01,2024-01-01T00:00:00
product_003903,Watches & Gifts,Timepiece 3903,261,5.4,4.4,3.8,199.56,2024-01-01T00:00:00
product_003904,Office Supplies,Desk Set 3904,1355,9.2,3.8,5.1,31.61,2024-01-01T00:00:00
product_003905,Pet Supplies,Pet Activity Item 3905,987,5.5,3.5,5.1,55.14,2024-01-01T00:00:00
product_003906,Electronics & Accessories,Charging Kit 3906,587,5.0,4.4,6.7,319.99,2024-01-01T00:00:00
product_003907,Watches & Gifts,Timepiece 3907,334,5.2,5.0,4.1,287.84,2024-01-01T00:00:00
product_003908,Electronics & Accessories,Device Accessory 3908,626,4.6,4.2,5.4,125.6,2024-01-01T00:00:00
product_003909,Home & Bedding,Home Textile 3909,1272,6.7,2.5,5.0,42.52,2024-01-01T00:00:00
product_003910,Pet Supplies,Feeding Set 3910,2043,7.7,4.7,5.5,37.37,2024-01-01T00:00:00
product_003911,Home Goods,Kitchen Item 3911,2085,10.2,4.5,6.2,33.04,2024-01-01T00:00:00
product_003912,Home Goods,Kitchen Item 3912,3021,8.9,4.3,8.1,51.77,2024-01-01T00:00:00
product_003913,Toys & Games,Family Game 3913,515,8.0,3.2,6.4,47.71,2024-01-01T00:00:00
product_003914,Office Supplies,Office Organizer 3914,308,7.2,3.9,5.2,21.01,2024-01-01T00:00:00
product_003915,Mobile & Telecom,Mobile Accessory 3915,310,4.5,4.1,5.5,90.56,2024-01-01T00:00:00
product_003916,Mobile & Telecom,Connectivity Kit 3916,379,5.5,3.3,4.8,204.54,2024-01-01T00:00:00
product_003917,Books & Media,Reference Book 3917,315,7.6,4.6,4.5,17.49,2024-01-01T00:00:00
product_003918,Health & Beauty,Daily Essential 3918,381,7.1,4.2,5.6,20.15,2024-01-01T00:00:00
product_003919,Health & Beauty,Care Set 3919,683,7.5,4.5,4.9,21.0,2024-01-01T00:00:00
product_003920,Watches & Gifts,Timepiece 3920,243,7.0,4.4,4.9,178.08,2024-01-01T00:00:00
product_003921,Home Goods,Household Tool 3921,1756,8.0,5.5,6.8,96.78,2024-01-01T00:00:00
product_003922,Furniture & Decor,Storage Unit 3922,6785,8.2,9.0,9.8,103.56,2024-01-01T00:00:00
product_003923,Baby Products,Feeding Item 3923,650,5.0,3.7,4.6,73.52,2024-01-01T00:00:00
product_003924,Home & Bedding,Comfort Item 3924,2154,8.7,5.3,5.5,43.37,2024-01-01T00:00:00
product_003925,Baby Products,Feeding Item 3925,1908,8.1,5.9,7.5,80.5,2024-01-01T00:00:00
product_003926,Garden & Outdoor,Garden Tool 3926,3516,10.0,5.2,6.1,59.39,2024-01-01T00:00:00
product_003927,Sports & Outdoors,Outdoor Kit 3927,2185,7.4,5.0,6.4,21.55,2024-01-01T00:00:00
product_003928,Mobile & Telecom,Mobile Accessory 3928,358,5.3,4.6,5.0,225.04,2024-01-01T00:00:00
product_003929,Office Supplies,Writing Kit 3929,463,5.7,4.0,4.6,29.56,2024-01-01T00:00:00
product_003930,Watches & Gifts,Timepiece 3930,316,7.1,3.8,4.6,89.08,2024-01-01T00:00:00
product_003931,Sports & Outdoors,Outdoor Kit 3931,3170,9.1,5.3,8.3,200.56,2024-01-01T00:00:00
product_003932,Sports & Outdoors,Outdoor Kit 3932,1385,6.4,3.9,4.9,75.56,2024-01-01T00:00:00
product_003933,Home & Bedding,Comfort Item 3933,1562,7.9,4.8,5.2,63.11,2024-01-01T00:00:00
product_003934,Health & Beauty,Daily Essential 3934,312,7.3,3.4,3.5,28.13,2024-01-01T00:00:00
product_003935,Office Supplies,Office Organizer 3935,835,5.6,3.5,6.3,24.0,2024-01-01T00:00:00
product_003936,Home & Bedding,Comfort Item 3936,1526,6.6,4.2,4.5,36.97,2024-01-01T00:00:00
product_003937,Home & Bedding,Comfort Item 3937,3475,8.6,7.0,7.9,114.32,2024-01-01T00:00:00
product_003938,Fashion,Everyday Apparel 3938,254,6.8,4.2,4.8,275.25,2024-01-01T00:00:00
product_003939,Baby Products,Infant Care Item 3939,738,7.0,3.8,6.2,38.03,2024-01-01T00:00:00
product_003940,Sports & Outdoors,Fitness Item 3940,3188,11.2,6.3,6.5,42.04,2024-01-01T00:00:00
product_003941,Toys & Games,Learning Toy 3941,842,6.8,3.4,5.5,47.3,2024-01-01T00:00:00
product_003942,Garden & Outdoor,Garden Tool 3942,9279,13.9,8.9,12.0,55.38,2024-01-01T00:00:00
product_003943,Electronics & Accessories,Device Accessory 3943,972,4.6,3.7,3.7,128.93,2024-01-01T00:00:00
product_003944,Furniture & Decor,Storage Unit 3944,6193,11.4,6.7,11.8,136.34,2024-01-01T00:00:00
product_003945,Automotive,Vehicle Accessory 3945,4871,12.9,6.5,7.9,152.84,2024-01-01T00:00:00
product_003946,Baby Products,Nursery Accessory 3946,2088,10.8,3.6,5.8,48.77,2024-01-01T00:00:00
product_003947,Pet Supplies,Pet Activity Item 3947,1385,7.7,3.3,6.5,60.49,2024-01-01T00:00:00
product_003948,Fashion,Everyday Apparel 3948,456,4.4,4.4,4.4,137.32,2024-01-01T00:00:00
product_003949,Toys & Games,Learning Toy 3949,847,5.8,3.7,4.2,32.83,2024-01-01T00:00:00
product_003950,Furniture & Decor,Decor Item 3950,2673,9.1,7.0,6.6,466.88,2024-01-01T00:00:00
product_003951,Health & Beauty,Wellness Item 3951,310,6.0,3.4,4.7,37.16,2024-01-01T00:00:00
product_003952,Home & Bedding,Comfort Item 3952,4366,9.4,8.1,9.0,76.95,2024-01-01T00:00:00
product_003953,Furniture & Decor,Storage Unit 3953,7112,12.7,8.2,5.6,146.87,2024-01-01T00:00:00
product_003954,Pet Supplies,Pet Activity Item 3954,1506,6.6,4.2,5.7,34.11,2024-01-01T00:00:00
product_003955,Fashion,Seasonal Wear 3955,1042,6.0,4.2,4.2,36.61,2024-01-01T00:00:00
product_003956,Baby Products,Infant Care Item 3956,1760,5.8,5.0,4.9,44.37,2024-01-01T00:00:00
product_003957,Home & Bedding,Comfort Item 3957,1660,7.6,3.5,5.3,59.43,2024-01-01T00:00:00
product_003958,Automotive,Maintenance Kit 3958,2794,10.0,7.5,7.4,85.23,2024-01-01T00:00:00
product_003959,Mobile & Telecom,Phone Item 3959,781,5.3,2.5,5.2,92.37,2024-01-01T00:00:00
product_003960,Sports & Outdoors,Outdoor Kit 3960,2397,5.7,3.4,6.6,72.72,2024-01-01T00:00:00
product_003961,Furniture & Decor,Storage Unit 3961,10595,12.5,9.9,7.0,418.49,2024-01-01T00:00:00
product_003962,Home Goods,Organization Set 3962,4291,10.2,7.1,7.8,71.92,2024-01-01T00:00:00
product_003963,Baby Products,Infant Care Item 3963,2131,10.1,4.1,6.1,94.27,2024-01-01T00:00:00
product_003964,Home & Bedding,Comfort Item 3964,3328,6.2,5.6,8.3,98.99,2024-01-01T00:00:00
product_003965,Home & Bedding,Bedding Set 3965,2110,8.9,4.3,7.0,170.92,2024-01-01T00:00:00
product_003966,Mobile & Telecom,Connectivity Kit 3966,1051,6.2,5.1,5.7,197.96,2024-01-01T00:00:00
product_003967,Sports & Outdoors,Fitness Item 3967,2241,8.1,5.1,6.1,77.67,2024-01-01T00:00:00
product_003968,Fashion,Fashion Accessory 3968,381,6.1,4.2,7.2,47.4,2024-01-01T00:00:00
product_003969,Home & Bedding,Home Textile 3969,1318,7.9,4.3,3.9,63.24,2024-01-01T00:00:00
product_003970,Baby Products,Feeding Item 3970,664,7.1,3.7,4.8,65.7,2024-01-01T00:00:00
product_003971,Health & Beauty,Daily Essential 3971,267,6.7,3.9,3.3,32.1,2024-01-01T00:00:00
product_003972,Automotive,Travel Item 3972,2880,9.2,6.7,8.7,94.12,2024-01-01T00:00:00
product_003973,Watches & Gifts,Timepiece 3973,501,7.8,4.7,4.8,31.87,2024-01-01T00:00:00
product_003974,Toys & Games,Activity Set 3974,718,8.4,4.2,6.9,51.44,2024-01-01T00:00:00
product_003975,Watches & Gifts,Gift Set 3975,583,6.1,4.0,5.1,107.81,2024-01-01T00:00:00
product_003976,Electronics & Accessories,Device Accessory 3976,927,8.0,2.7,4.2,333.27,2024-01-01T00:00:00
product_003977,Garden & Outdoor,Outdoor Accessory 3977,1326,6.3,3.9,4.6,30.65,2024-01-01T00:00:00
product_003978,Automotive,Vehicle Accessory 3978,4329,8.4,6.9,9.3,51.19,2024-01-01T00:00:00
product_003979,Pet Supplies,Pet Activity Item 3979,908,7.5,5.8,3.9,21.87,2024-01-01T00:00:00
product_003980,Electronics & Accessories,Device Accessory 3980,636,7.7,3.8,4.2,315.25,2024-01-01T00:00:00
product_003981,Health & Beauty,Daily Essential 3981,1300,4.8,5.5,6.8,24.61,2024-01-01T00:00:00
product_003982,Mobile & Telecom,Mobile Accessory 3982,676,5.7,4.0,3.8,132.69,2024-01-01T00:00:00
product_003983,Pet Supplies,Pet Activity Item 3983,1150,6.2,3.7,5.1,48.23,2024-01-01T00:00:00
product_003984,Sports & Outdoors,Fitness Item 3984,1635,7.2,4.3,5.3,56.22,2024-01-01T00:00:00
product_003985,Home Goods,Kitchen Item 3985,5219,10.0,4.8,6.8,35.0,2024-01-01T00:00:00
product_003986,Office Supplies,Writing Kit 3986,2029,7.3,4.8,6.5,28.7,2024-01-01T00:00:00
product_003987,Home & Bedding,Comfort Item 3987,1710,6.5,4.6,5.2,99.79,2024-01-01T00:00:00
product_003988,Automotive,Travel Item 3988,2995,7.5,5.5,7.4,91.41,2024-01-01T00:00:00
product_003989,Watches & Gifts,Keepsake Item 3989,487,6.0,3.2,5.7,102.8,2024-01-01T00:00:00
product_003990,Office Supplies,Desk Set 3990,477,5.7,4.8,4.1,64.57,2024-01-01T00:00:00
product_003991,Furniture & Decor,Storage Unit 3991,11712,12.3,9.2,10.9,278.7,2024-01-01T00:00:00
product_003992,Automotive,Travel Item 3992,2834,10.2,4.9,7.0,36.47,2024-01-01T00:00:00
product_003993,Furniture & Decor,Decor Item 3993,4157,8.3,6.8,8.3,126.23,2024-01-01T00:00:00
product_003994,Fashion,Fashion Accessory 3994,353,6.8,5.4,4.7,79.93,2024-01-01T00:00:00
product_003995,Health & Beauty,Wellness Item 3995,212,5.4,4.0,4.4,22.61,2024-01-01T00:00:00
product_003996,Home Goods,Household Tool 3996,3484,8.0,4.5,10.0,46.28,2024-01-01T00:00:00
product_003997,Books & Media,Reference Book 3997,351,6.8,4.1,4.4,15.62,2024-01-01T00:00:00
product_003998,Mobile & Telecom,Connectivity Kit 3998,624,5.2,3.9,4.7,132.32,2024-01-01T00:00:00
product_003999,Fashion,Fashion Accessory 3999,456,5.7,4.7,5.6,94.88,2024-01-01T00:00:00
product_004000,Automotive,Vehicle Accessory 4000,2426,7.7,5.7,5.0,35.99,2024-01-01T00:00:00
product_004001,Garden & Outdoor,Garden Tool 4001,2698,9.3,6.4,7.5,77.16,2024-01-01T00:00:00
product_004002,Automotive,Vehicle Accessory 4002,4828,10.8,4.7,8.9,106.48,2024-01-01T00:00:00
product_004003,Home Goods,Household Tool 4003,3009,11.9,5.4,7.0,57.82,2024-01-01T00:00:00
product_004004,Pet Supplies,Pet Care Item 4004,762,6.8,4.7,5.5,45.89,2024-01-01T00:00:00
product_004005,Watches & Gifts,Timepiece 4005,302,6.8,3.6,4.9,102.41,2024-01-01T00:00:00
product_004006,Office Supplies,Desk Set 4006,258,6.5,3.2,3.4,30.68,2024-01-01T00:00:00
product_004007,Office Supplies,Writing Kit 4007,462,6.6,4.0,5.4,29.95,2024-01-01T00:00:00
product_004008,Books & Media,Media Collection 4008,406,5.4,3.5,5.1,27.17,2024-01-01T00:00:00
product_004009,Health & Beauty,Care Set 4009,656,5.2,2.8,5.5,29.26,2024-01-01T00:00:00
product_004010,Fashion,Fashion Accessory 4010,870,7.7,4.1,4.6,62.18,2024-01-01T00:00:00
product_004011,Furniture & Decor,Decor Item 4011,4553,12.1,6.4,7.6,359.0,2024-01-01T00:00:00
product_004012,Pet Supplies,Feeding Set 4012,1236,6.0,4.6,6.0,25.15,2024-01-01T00:00:00
product_004013,Fashion,Everyday Apparel 4013,422,6.9,4.0,3.6,27.18,2024-01-01T00:00:00
product_004014,Watches & Gifts,Keepsake Item 4014,119,7.1,3.5,5.3,101.73,2024-01-01T00:00:00
product_004015,Automotive,Travel Item 4015,2279,7.4,5.2,6.0,101.68,2024-01-01T00:00:00
product_004016,Toys & Games,Learning Toy 4016,863,5.9,4.5,3.7,124.85,2024-01-01T00:00:00
product_004017,Books & Media,Reference Book 4017,153,7.6,4.5,5.6,15.42,2024-01-01T00:00:00
product_004018,Baby Products,Nursery Accessory 4018,932,5.8,3.6,5.1,60.41,2024-01-01T00:00:00
product_004019,Electronics & Accessories,Audio Item 4019,918,6.1,4.7,5.8,122.75,2024-01-01T00:00:00
product_004020,Furniture & Decor,Decor Item 4020,8666,13.6,5.3,9.9,180.52,2024-01-01T00:00:00
product_004021,Mobile & Telecom,Connectivity Kit 4021,1191,6.8,3.9,3.2,113.9,2024-01-01T00:00:00
product_004022,Automotive,Maintenance Kit 4022,4877,11.2,7.8,6.2,107.94,2024-01-01T00:00:00
product_004023,Home & Bedding,Home Textile 4023,483,6.2,3.8,4.0,74.68,2024-01-01T00:00:00
product_004024,Office Supplies,Office Organizer 4024,517,7.1,2.5,3.7,23.17,2024-01-01T00:00:00
product_004025,Health & Beauty,Wellness Item 4025,422,4.8,4.4,4.7,26.17,2024-01-01T00:00:00
product_004026,Fashion,Seasonal Wear 4026,349,6.7,4.2,5.5,104.83,2024-01-01T00:00:00
product_004027,Garden & Outdoor,Outdoor Accessory 4027,2121,9.9,6.7,8.0,41.08,2024-01-01T00:00:00
product_004028,Fashion,Everyday Apparel 4028,340,4.9,3.5,5.2,22.49,2024-01-01T00:00:00
product_004029,Watches & Gifts,Gift Set 4029,495,7.1,3.6,5.5,219.16,2024-01-01T00:00:00
product_004030,Fashion,Seasonal Wear 4030,826,6.5,3.3,5.0,60.12,2024-01-01T00:00:00
product_004031,Toys & Games,Activity Set 4031,362,7.6,2.7,5.5,26.18,2024-01-01T00:00:00
product_004032,Home & Bedding,Bedding Set 4032,1724,7.4,4.8,6.2,67.58,2024-01-01T00:00:00
product_004033,Watches & Gifts,Gift Set 4033,197,6.7,4.1,5.6,49.36,2024-01-01T00:00:00
product_004034,Automotive,Vehicle Accessory 4034,3159,8.6,6.4,5.4,76.4,2024-01-01T00:00:00
product_004035,Fashion,Seasonal Wear 4035,828,6.1,3.7,5.1,84.32,2024-01-01T00:00:00
product_004036,Furniture & Decor,Decor Item 4036,7206,13.8,7.1,10.5,182.25,2024-01-01T00:00:00
product_004037,Sports & Outdoors,Training Gear 4037,1829,7.6,2.7,6.4,47.18,2024-01-01T00:00:00
product_004038,Health & Beauty,Care Set 4038,297,6.8,3.1,4.8,14.87,2024-01-01T00:00:00
product_004039,Furniture & Decor,Decor Item 4039,5746,12.8,6.6,8.9,152.81,2024-01-01T00:00:00
product_004040,Sports & Outdoors,Outdoor Kit 4040,1371,5.4,2.4,5.0,114.56,2024-01-01T00:00:00
product_004041,Electronics & Accessories,Audio Item 4041,541,6.3,4.4,4.5,87.89,2024-01-01T00:00:00
product_004042,Pet Supplies,Feeding Set 4042,1933,5.7,3.7,5.8,25.01,2024-01-01T00:00:00
product_004043,Books & Media,Learning Guide 4043,408,6.5,3.0,4.9,38.99,2024-01-01T00:00:00
product_004044,Garden & Outdoor,Planting Set 4044,2111,7.8,6.0,6.7,212.13,2024-01-01T00:00:00
product_004045,Books & Media,Media Collection 4045,865,6.5,3.3,5.0,44.83,2024-01-01T00:00:00
product_004046,Office Supplies,Desk Set 4046,1295,7.2,4.1,5.7,41.36,2024-01-01T00:00:00
product_004047,Toys & Games,Family Game 4047,1466,6.5,4.9,6.9,45.22,2024-01-01T00:00:00
product_004048,Sports & Outdoors,Training Gear 4048,2584,11.8,4.4,7.7,95.95,2024-01-01T00:00:00
product_004049,Furniture & Decor,Storage Unit 4049,14978,18.8,8.0,12.1,207.55,2024-01-01T00:00:00
product_004050,Toys & Games,Activity Set 4050,1303,6.4,3.4,6.3,38.58,2024-01-01T00:00:00
product_004051,Home & Bedding,Comfort Item 4051,1130,5.9,2.7,3.8,83.72,2024-01-01T00:00:00
product_004052,Fashion,Fashion Accessory 4052,293,7.1,3.5,6.3,129.73,2024-01-01T00:00:00
product_004053,Pet Supplies,Pet Care Item 4053,988,7.3,5.1,5.3,38.56,2024-01-01T00:00:00
product_004054,Mobile & Telecom,Phone Item 4054,337,6.4,3.8,4.5,110.92,2024-01-01T00:00:00
product_004055,Toys & Games,Family Game 4055,2709,7.8,4.9,6.2,59.45,2024-01-01T00:00:00
product_004056,Home Goods,Organization Set 4056,1184,5.6,5.0,4.5,26.13,2024-01-01T00:00:00
product_004057,Mobile & Telecom,Mobile Accessory 4057,359,6.0,4.9,5.5,144.04,2024-01-01T00:00:00
product_004058,Home & Bedding,Home Textile 4058,3691,8.0,7.0,6.5,75.15,2024-01-01T00:00:00
product_004059,Office Supplies,Office Organizer 4059,1016,5.8,4.4,5.2,33.15,2024-01-01T00:00:00
product_004060,Sports & Outdoors,Fitness Item 4060,2382,7.5,5.3,4.8,85.12,2024-01-01T00:00:00
product_004061,Home Goods,Organization Set 4061,2464,7.4,4.9,7.7,62.78,2024-01-01T00:00:00
product_004062,Home & Bedding,Comfort Item 4062,2065,6.1,5.3,5.4,80.19,2024-01-01T00:00:00
product_004063,Fashion,Seasonal Wear 4063,207,6.5,3.1,3.9,15.34,2024-01-01T00:00:00
product_004064,Books & Media,Media Collection 4064,1062,6.7,4.4,5.1,16.6,2024-01-01T00:00:00
product_004065,Sports & Outdoors,Training Gear 4065,1175,6.2,3.7,5.3,85.49,2024-01-01T00:00:00
product_004066,Toys & Games,Family Game 4066,426,5.1,3.4,4.8,38.73,2024-01-01T00:00:00
product_004067,Watches & Gifts,Gift Set 4067,376,6.9,3.2,4.7,172.98,2024-01-01T00:00:00
product_004068,Books & Media,Media Collection 4068,126,7.9,4.3,5.7,18.91,2024-01-01T00:00:00
product_004069,Books & Media,Media Collection 4069,201,5.8,4.4,7.3,48.37,2024-01-01T00:00:00
product_004070,Fashion,Fashion Accessory 4070,362,5.3,3.1,5.4,61.51,2024-01-01T00:00:00
product_004071,Automotive,Vehicle Accessory 4071,7892,14.4,5.4,10.9,137.87,2024-01-01T00:00:00
product_004072,Office Supplies,Writing Kit 4072,375,6.7,2.4,5.2,26.07,2024-01-01T00:00:00
product_004073,Toys & Games,Activity Set 4073,876,6.5,5.3,4.6,84.32,2024-01-01T00:00:00
product_004074,Electronics & Accessories,Audio Item 4074,1811,8.9,4.4,5.9,72.36,2024-01-01T00:00:00
product_004075,Automotive,Vehicle Accessory 4075,2127,7.2,6.9,5.4,89.3,2024-01-01T00:00:00
product_004076,Home & Bedding,Home Textile 4076,2842,10.2,3.6,4.0,80.65,2024-01-01T00:00:00
product_004077,Books & Media,Reference Book 4077,443,6.0,3.9,4.7,21.09,2024-01-01T00:00:00
product_004078,Sports & Outdoors,Training Gear 4078,6725,8.4,7.4,7.8,92.51,2024-01-01T00:00:00
product_004079,Electronics & Accessories,Device Accessory 4079,1065,6.9,4.3,4.6,49.53,2024-01-01T00:00:00
product_004080,Mobile & Telecom,Mobile Accessory 4080,758,8.4,3.5,5.2,198.13,2024-01-01T00:00:00
product_004081,Mobile & Telecom,Phone Item 4081,816,6.5,3.8,6.0,82.25,2024-01-01T00:00:00
product_004082,Pet Supplies,Feeding Set 4082,1141,6.5,3.2,5.3,30.67,2024-01-01T00:00:00
product_004083,Pet Supplies,Feeding Set 4083,946,6.6,3.8,4.8,42.75,2024-01-01T00:00:00
product_004084,Furniture & Decor,Accent Furniture 4084,3358,7.4,5.7,7.2,214.52,2024-01-01T00:00:00
product_004085,Home Goods,Kitchen Item 4085,831,6.1,5.6,4.8,71.45,2024-01-01T00:00:00
product_004086,Books & Media,Media Collection 4086,582,5.1,2.8,4.7,14.69,2024-01-01T00:00:00
product_004087,Fashion,Seasonal Wear 4087,434,7.8,3.1,5.8,35.05,2024-01-01T00:00:00
product_004088,Home Goods,Organization Set 4088,1422,6.0,3.4,5.5,71.74,2024-01-01T00:00:00
product_004089,Health & Beauty,Daily Essential 4089,150,5.4,4.9,6.3,40.52,2024-01-01T00:00:00
product_004090,Sports & Outdoors,Outdoor Kit 4090,6244,12.1,5.9,7.2,79.2,2024-01-01T00:00:00
product_004091,Baby Products,Nursery Accessory 4091,610,5.0,3.3,3.8,40.72,2024-01-01T00:00:00
product_004092,Sports & Outdoors,Outdoor Kit 4092,4690,10.8,6.0,6.8,31.92,2024-01-01T00:00:00
product_004093,Home & Bedding,Comfort Item 4093,2540,8.8,5.2,7.4,97.44,2024-01-01T00:00:00
product_004094,Home & Bedding,Comfort Item 4094,809,5.7,3.0,5.7,119.46,2024-01-01T00:00:00
product_004095,Home Goods,Kitchen Item 4095,2625,9.1,5.4,7.6,25.32,2024-01-01T00:00:00
product_004096,Pet Supplies,Feeding Set 4096,3495,7.0,5.8,7.9,70.88,2024-01-01T00:00:00
product_004097,Furniture & Decor,Decor Item 4097,9774,16.2,5.9,12.4,274.19,2024-01-01T00:00:00
product_004098,Garden & Outdoor,Planting Set 4098,2899,9.8,5.5,7.3,38.92,2024-01-01T00:00:00
product_004099,Sports & Outdoors,Training Gear 4099,2162,5.7,4.2,5.3,72.52,2024-01-01T00:00:00
product_004100,Home Goods,Household Tool 4100,2474,7.4,5.8,7.3,38.45,2024-01-01T00:00:00
product_004101,Electronics & Accessories,Audio Item 4101,1635,7.4,4.7,5.5,176.27,2024-01-01T00:00:00
product_004102,Office Supplies,Desk Set 4102,322,5.8,3.8,6.0,27.24,2024-01-01T00:00:00
product_004103,Books & Media,Reference Book 4103,203,6.5,3.9,5.1,35.05,2024-01-01T00:00:00
product_004104,Furniture & Decor,Decor Item 4104,4347,9.0,6.9,9.1,254.26,2024-01-01T00:00:00
product_004105,Sports & Outdoors,Fitness Item 4105,4087,11.7,6.1,8.0,243.34,2024-01-01T00:00:00
product_004106,Home Goods,Kitchen Item 4106,1521,4.9,4.0,6.6,43.45,2024-01-01T00:00:00
product_004107,Garden & Outdoor,Outdoor Accessory 4107,3907,10.9,5.4,7.7,44.97,2024-01-01T00:00:00
product_004108,Baby Products,Feeding Item 4108,589,6.1,3.5,4.7,29.04,2024-01-01T00:00:00
product_004109,Watches & Gifts,Keepsake Item 4109,183,5.7,2.9,5.1,564.79,2024-01-01T00:00:00
product_004110,Garden & Outdoor,Outdoor Accessory 4110,3901,9.1,4.0,7.9,32.39,2024-01-01T00:00:00
product_004111,Garden & Outdoor,Planting Set 4111,6620,8.7,7.7,11.0,70.5,2024-01-01T00:00:00
product_004112,Home & Bedding,Bedding Set 4112,731,5.9,4.0,4.3,77.17,2024-01-01T00:00:00
product_004113,Home Goods,Kitchen Item 4113,1085,4.8,3.1,3.9,33.22,2024-01-01T00:00:00
product_004114,Baby Products,Infant Care Item 4114,309,5.3,3.3,5.1,32.44,2024-01-01T00:00:00
product_004115,Electronics & Accessories,Audio Item 4115,1174,4.6,4.5,6.0,153.35,2024-01-01T00:00:00
product_004116,Pet Supplies,Pet Activity Item 4116,1450,7.7,3.7,4.7,37.73,2024-01-01T00:00:00
product_004117,Baby Products,Nursery Accessory 4117,1111,5.8,3.8,5.1,43.44,2024-01-01T00:00:00
product_004118,Toys & Games,Family Game 4118,372,5.5,5.6,4.8,85.97,2024-01-01T00:00:00
product_004119,Office Supplies,Writing Kit 4119,1781,6.8,4.4,5.8,18.41,2024-01-01T00:00:00
product_004120,Garden & Outdoor,Outdoor Accessory 4120,2764,7.2,5.4,7.5,94.62,2024-01-01T00:00:00
product_004121,Furniture & Decor,Accent Furniture 4121,16260,14.0,8.4,12.2,423.31,2024-01-01T00:00:00
product_004122,Toys & Games,Family Game 4122,486,5.2,4.8,6.2,25.77,2024-01-01T00:00:00
product_004123,Books & Media,Learning Guide 4123,291,5.9,4.5,4.4,13.23,2024-01-01T00:00:00
product_004124,Garden & Outdoor,Garden Tool 4124,6071,10.5,6.2,4.9,51.38,2024-01-01T00:00:00
product_004125,Electronics & Accessories,Device Accessory 4125,1358,5.6,4.5,3.7,285.98,2024-01-01T00:00:00
product_004126,Toys & Games,Family Game 4126,960,6.1,4.8,5.4,43.88,2024-01-01T00:00:00
product_004127,Books & Media,Media Collection 4127,269,6.8,3.7,4.4,22.15,2024-01-01T00:00:00
product_004128,Health & Beauty,Daily Essential 4128,152,5.5,4.1,4.7,23.11,2024-01-01T00:00:00
product_004129,Sports & Outdoors,Outdoor Kit 4129,736,5.0,3.9,7.0,82.05,2024-01-01T00:00:00
product_004130,Baby Products,Nursery Accessory 4130,2569,9.1,4.5,7.6,50.49,2024-01-01T00:00:00
product_004131,Toys & Games,Learning Toy 4131,1021,6.5,3.7,5.9,70.0,2024-01-01T00:00:00
product_004132,Baby Products,Infant Care Item 4132,883,7.2,2.6,5.4,66.9,2024-01-01T00:00:00
product_004133,Electronics & Accessories,Device Accessory 4133,573,6.2,3.6,3.4,158.47,2024-01-01T00:00:00
product_004134,Office Supplies,Desk Set 4134,1256,6.9,5.2,5.3,50.44,2024-01-01T00:00:00
product_004135,Electronics & Accessories,Device Accessory 4135,867,7.1,3.9,3.9,101.28,2024-01-01T00:00:00
product_004136,Watches & Gifts,Gift Set 4136,302,6.3,3.3,5.1,100.23,2024-01-01T00:00:00
product_004137,Watches & Gifts,Gift Set 4137,361,4.6,3.9,5.1,38.85,2024-01-01T00:00:00
product_004138,Books & Media,Learning Guide 4138,607,4.5,3.4,6.2,14.69,2024-01-01T00:00:00
product_004139,Mobile & Telecom,Connectivity Kit 4139,278,4.9,4.1,6.4,135.25,2024-01-01T00:00:00
product_004140,Pet Supplies,Feeding Set 4140,3244,6.3,4.8,6.9,38.32,2024-01-01T00:00:00
product_004141,Electronics & Accessories,Device Accessory 4141,1693,8.3,3.7,4.6,90.56,2024-01-01T00:00:00
product_004142,Fashion,Everyday Apparel 4142,319,6.6,3.2,6.8,30.79,2024-01-01T00:00:00
product_004143,Pet Supplies,Feeding Set 4143,1477,7.1,4.4,5.4,32.13,2024-01-01T00:00:00
product_004144,Furniture & Decor,Storage Unit 4144,4177,9.5,5.9,7.1,313.37,2024-01-01T00:00:00
product_004145,Watches & Gifts,Gift Set 4145,290,7.8,4.1,5.1,67.97,2024-01-01T00:00:00
product_004146,Sports & Outdoors,Outdoor Kit 4146,2059,8.0,5.4,7.2,56.17,2024-01-01T00:00:00
product_004147,Pet Supplies,Pet Activity Item 4147,1520,6.1,3.8,4.8,13.6,2024-01-01T00:00:00
product_004148,Home Goods,Household Tool 4148,1996,8.1,4.8,5.5,134.29,2024-01-01T00:00:00
product_004149,Health & Beauty,Wellness Item 4149,462,6.4,2.7,5.8,34.74,2024-01-01T00:00:00
product_004150,Mobile & Telecom,Connectivity Kit 4150,730,5.9,3.0,5.6,184.87,2024-01-01T00:00:00
product_004151,Home & Bedding,Comfort Item 4151,837,5.8,3.7,4.7,30.72,2024-01-01T00:00:00
product_004152,Baby Products,Infant Care Item 4152,1564,8.3,3.5,5.5,162.89,2024-01-01T00:00:00
product_004153,Sports & Outdoors,Outdoor Kit 4153,6821,10.8,8.5,8.3,26.53,2024-01-01T00:00:00
product_004154,Furniture & Decor,Accent Furniture 4154,10478,12.7,8.8,9.0,311.44,2024-01-01T00:00:00
product_004155,Office Supplies,Office Organizer 4155,1099,5.8,2.4,6.1,21.58,2024-01-01T00:00:00
product_004156,Books & Media,Media Collection 4156,185,7.2,5.1,4.5,14.37,2024-01-01T00:00:00
product_004157,Garden & Outdoor,Planting Set 4157,3674,10.4,4.9,8.9,109.1,2024-01-01T00:00:00
product_004158,Office Supplies,Desk Set 4158,236,5.0,3.4,5.7,40.66,2024-01-01T00:00:00
product_004159,Home & Bedding,Home Textile 4159,4213,8.2,4.1,9.5,32.46,2024-01-01T00:00:00
product_004160,Sports & Outdoors,Fitness Item 4160,5278,10.6,8.2,8.7,28.6,2024-01-01T00:00:00
product_004161,Health & Beauty,Wellness Item 4161,326,5.6,4.4,5.4,22.61,2024-01-01T00:00:00
product_004162,Mobile & Telecom,Mobile Accessory 4162,833,6.4,3.8,3.8,59.12,2024-01-01T00:00:00
product_004163,Office Supplies,Desk Set 4163,1380,7.9,4.7,5.7,47.57,2024-01-01T00:00:00
product_004164,Fashion,Everyday Apparel 4164,551,6.6,3.9,4.5,53.48,2024-01-01T00:00:00
product_004165,Pet Supplies,Pet Activity Item 4165,1637,7.0,4.3,5.6,42.06,2024-01-01T00:00:00
product_004166,Fashion,Everyday Apparel 4166,750,5.9,3.8,4.5,105.85,2024-01-01T00:00:00
product_004167,Watches & Gifts,Gift Set 4167,401,6.1,3.0,5.7,30.51,2024-01-01T00:00:00
product_004168,Books & Media,Media Collection 4168,1236,6.3,4.8,5.5,15.87,2024-01-01T00:00:00
product_004169,Pet Supplies,Pet Activity Item 4169,1237,8.2,3.5,5.3,47.02,2024-01-01T00:00:00
product_004170,Toys & Games,Learning Toy 4170,610,5.0,4.9,4.4,29.01,2024-01-01T00:00:00
product_004171,Mobile & Telecom,Mobile Accessory 4171,648,6.8,4.2,4.3,125.72,2024-01-01T00:00:00
product_004172,Baby Products,Feeding Item 4172,317,6.1,4.1,6.0,47.8,2024-01-01T00:00:00
product_004173,Sports & Outdoors,Training Gear 4173,2160,6.5,4.1,4.9,51.94,2024-01-01T00:00:00
product_004174,Toys & Games,Activity Set 4174,964,6.0,4.2,4.7,34.95,2024-01-01T00:00:00
product_004175,Books & Media,Learning Guide 4175,428,5.5,5.4,5.0,18.16,2024-01-01T00:00:00
product_004176,Mobile & Telecom,Mobile Accessory 4176,1474,6.1,5.8,7.7,49.91,2024-01-01T00:00:00
product_004177,Electronics & Accessories,Device Accessory 4177,768,5.0,4.9,5.5,180.75,2024-01-01T00:00:00
product_004178,Electronics & Accessories,Charging Kit 4178,1584,8.0,4.8,4.4,98.98,2024-01-01T00:00:00
product_004179,Sports & Outdoors,Training Gear 4179,989,6.3,4.5,3.9,74.25,2024-01-01T00:00:00
product_004180,Automotive,Vehicle Accessory 4180,878,7.0,5.1,6.2,165.58,2024-01-01T00:00:00
product_004181,Health & Beauty,Daily Essential 4181,278,6.6,2.7,5.0,35.52,2024-01-01T00:00:00
product_004182,Home Goods,Kitchen Item 4182,1495,4.9,4.1,6.3,78.21,2024-01-01T00:00:00
product_004183,Electronics & Accessories,Device Accessory 4183,1138,6.0,4.4,3.5,307.31,2024-01-01T00:00:00
product_004184,Watches & Gifts,Timepiece 4184,949,6.0,3.4,6.9,56.47,2024-01-01T00:00:00
product_004185,Health & Beauty,Wellness Item 4185,181,7.0,4.4,4.6,54.51,2024-01-01T00:00:00
product_004186,Furniture & Decor,Storage Unit 4186,14213,14.7,11.5,11.5,189.47,2024-01-01T00:00:00
product_004187,Watches & Gifts,Gift Set 4187,312,5.5,3.6,4.5,32.67,2024-01-01T00:00:00
product_004188,Sports & Outdoors,Outdoor Kit 4188,5346,10.1,5.8,7.9,96.19,2024-01-01T00:00:00
product_004189,Furniture & Decor,Decor Item 4189,4813,9.9,3.8,7.9,491.03,2024-01-01T00:00:00
product_004190,Automotive,Travel Item 4190,3579,9.4,5.6,8.0,40.09,2024-01-01T00:00:00
product_004191,Home & Bedding,Bedding Set 4191,1738,7.5,3.2,4.7,38.42,2024-01-01T00:00:00
product_004192,Pet Supplies,Pet Care Item 4192,1041,6.0,4.3,6.4,36.84,2024-01-01T00:00:00
product_004193,Pet Supplies,Pet Activity Item 4193,3202,6.1,4.4,7.0,36.28,2024-01-01T00:00:00
product_004194,Office Supplies,Desk Set 4194,696,5.8,2.1,4.0,42.39,2024-01-01T00:00:00
product_004195,Garden & Outdoor,Planting Set 4195,7722,14.9,6.6,8.8,162.84,2024-01-01T00:00:00
product_004196,Electronics & Accessories,Charging Kit 4196,919,7.5,4.2,4.7,546.5,2024-01-01T00:00:00
product_004197,Sports & Outdoors,Fitness Item 4197,3774,10.4,5.5,8.3,118.73,2024-01-01T00:00:00
product_004198,Sports & Outdoors,Training Gear 4198,3358,10.3,7.1,7.4,88.88,2024-01-01T00:00:00
product_004199,Automotive,Travel Item 4199,2544,8.3,5.1,4.7,200.03,2024-01-01T00:00:00
product_004200,Furniture & Decor,Decor Item 4200,10742,14.5,7.5,11.8,110.93,2024-01-01T00:00:00
product_004201,Office Supplies,Desk Set 4201,1437,8.8,3.6,5.0,31.62,2024-01-01T00:00:00
product_004202,Furniture & Decor,Storage Unit 4202,13354,14.1,7.5,9.8,152.29,2024-01-01T00:00:00
product_004203,Furniture & Decor,Storage Unit 4203,5023,8.5,5.0,8.1,227.51,2024-01-01T00:00:00
product_004204,Toys & Games,Family Game 4204,581,7.6,3.9,4.9,45.98,2024-01-01T00:00:00
product_004205,Home & Bedding,Home Textile 4205,813,5.1,5.4,6.4,40.27,2024-01-01T00:00:00
product_004206,Books & Media,Learning Guide 4206,858,5.7,4.2,5.1,11.23,2024-01-01T00:00:00
product_004207,Books & Media,Reference Book 4207,309,7.7,3.8,4.2,31.66,2024-01-01T00:00:00
product_004208,Furniture & Decor,Decor Item 4208,5229,10.6,6.8,8.8,165.84,2024-01-01T00:00:00
product_004209,Garden & Outdoor,Outdoor Accessory 4209,2314,10.9,3.8,6.9,67.04,2024-01-01T00:00:00
product_004210,Sports & Outdoors,Outdoor Kit 4210,2033,6.8,4.9,5.4,43.8,2024-01-01T00:00:00
product_004211,Baby Products,Infant Care Item 4211,1182,5.0,3.0,6.0,52.71,2024-01-01T00:00:00
product_004212,Furniture & Decor,Decor Item 4212,11118,15.7,11.1,11.4,216.78,2024-01-01T00:00:00
product_004213,Watches & Gifts,Timepiece 4213,685,8.3,3.5,5.3,36.35,2024-01-01T00:00:00
product_004214,Office Supplies,Office Organizer 4214,585,7.7,3.8,4.6,87.46,2024-01-01T00:00:00
product_004215,Furniture & Decor,Storage Unit 4215,3007,8.7,5.8,6.0,170.45,2024-01-01T00:00:00
product_004216,Automotive,Maintenance Kit 4216,10368,10.1,9.2,10.5,77.19,2024-01-01T00:00:00
product_004217,Baby Products,Infant Care Item 4217,1435,6.3,4.1,4.7,43.55,2024-01-01T00:00:00
product_004218,Office Supplies,Desk Set 4218,2162,7.3,6.3,7.1,35.45,2024-01-01T00:00:00
product_004219,Toys & Games,Activity Set 4219,781,5.9,4.7,5.0,59.25,2024-01-01T00:00:00
product_004220,Baby Products,Infant Care Item 4220,1045,5.7,4.7,5.1,101.37,2024-01-01T00:00:00
product_004221,Pet Supplies,Pet Activity Item 4221,3855,10.3,6.4,4.9,34.96,2024-01-01T00:00:00
product_004222,Electronics & Accessories,Device Accessory 4222,807,6.7,4.2,5.1,194.15,2024-01-01T00:00:00
product_004223,Baby Products,Nursery Accessory 4223,562,5.8,5.5,5.1,55.45,2024-01-01T00:00:00
product_004224,Baby Products,Nursery Accessory 4224,543,7.8,4.6,5.0,81.14,2024-01-01T00:00:00
product_004225,Books & Media,Reference Book 4225,217,5.9,3.7,4.3,34.33,2024-01-01T00:00:00
product_004226,Automotive,Travel Item 4226,4726,8.1,6.2,6.7,131.67,2024-01-01T00:00:00
product_004227,Automotive,Maintenance Kit 4227,3311,8.0,5.9,7.4,46.32,2024-01-01T00:00:00
product_004228,Garden & Outdoor,Garden Tool 4228,10079,15.1,7.7,10.5,54.92,2024-01-01T00:00:00
product_004229,Sports & Outdoors,Outdoor Kit 4229,1209,5.8,5.0,5.0,100.09,2024-01-01T00:00:00
product_004230,Toys & Games,Activity Set 4230,669,7.0,4.3,4.9,84.02,2024-01-01T00:00:00
product_004231,Home Goods,Organization Set 4231,5086,6.2,6.4,9.2,24.59,2024-01-01T00:00:00
product_004232,Toys & Games,Activity Set 4232,1429,6.0,2.1,4.8,19.52,2024-01-01T00:00:00
product_004233,Garden & Outdoor,Outdoor Accessory 4233,4671,10.8,8.9,7.2,73.44,2024-01-01T00:00:00
product_004234,Home & Bedding,Comfort Item 4234,2638,9.4,5.9,7.6,59.71,2024-01-01T00:00:00
product_004235,Home Goods,Organization Set 4235,1564,8.7,4.5,6.0,32.89,2024-01-01T00:00:00
product_004236,Home & Bedding,Home Textile 4236,2728,8.7,6.2,7.4,38.02,2024-01-01T00:00:00
product_004237,Sports & Outdoors,Outdoor Kit 4237,1088,6.7,5.2,4.4,52.87,2024-01-01T00:00:00
product_004238,Furniture & Decor,Storage Unit 4238,7613,11.1,6.1,9.1,236.85,2024-01-01T00:00:00
product_004239,Fashion,Everyday Apparel 4239,325,7.4,4.5,6.5,64.57,2024-01-01T00:00:00
product_004240,Garden & Outdoor,Garden Tool 4240,3828,9.8,2.7,7.4,43.19,2024-01-01T00:00:00
product_004241,Automotive,Travel Item 4241,2133,6.7,3.3,5.3,25.97,2024-01-01T00:00:00
product_004242,Office Supplies,Writing Kit 4242,886,6.5,4.0,4.9,14.13,2024-01-01T00:00:00
product_004243,Books & Media,Learning Guide 4243,699,7.1,4.4,4.6,13.42,2024-01-01T00:00:00
product_004244,Garden & Outdoor,Outdoor Accessory 4244,2093,8.9,6.0,6.9,105.22,2024-01-01T00:00:00
product_004245,Baby Products,Infant Care Item 4245,762,6.1,3.5,5.1,79.69,2024-01-01T00:00:00
product_004246,Mobile & Telecom,Connectivity Kit 4246,364,8.0,4.0,5.1,237.41,2024-01-01T00:00:00
product_004247,Mobile & Telecom,Connectivity Kit 4247,1749,7.1,3.0,5.2,245.48,2024-01-01T00:00:00
product_004248,Automotive,Travel Item 4248,3088,7.8,5.8,5.0,95.76,2024-01-01T00:00:00
product_004249,Toys & Games,Family Game 4249,636,7.4,3.1,5.8,42.74,2024-01-01T00:00:00
product_004250,Books & Media,Reference Book 4250,266,6.4,3.5,6.5,23.41,2024-01-01T00:00:00
product_004251,Home & Bedding,Home Textile 4251,2053,7.7,5.2,6.3,15.27,2024-01-01T00:00:00
product_004252,Electronics & Accessories,Audio Item 4252,904,5.3,4.3,4.8,132.96,2024-01-01T00:00:00
product_004253,Automotive,Travel Item 4253,2694,9.0,6.3,6.0,166.28,2024-01-01T00:00:00
product_004254,Pet Supplies,Pet Activity Item 4254,875,7.0,5.2,5.2,114.77,2024-01-01T00:00:00
product_004255,Garden & Outdoor,Outdoor Accessory 4255,2273,8.3,5.3,6.9,185.24,2024-01-01T00:00:00
product_004256,Watches & Gifts,Keepsake Item 4256,684,6.6,4.1,5.8,39.28,2024-01-01T00:00:00
product_004257,Home Goods,Kitchen Item 4257,5845,14.2,6.3,8.9,41.66,2024-01-01T00:00:00
product_004258,Automotive,Vehicle Accessory 4258,4317,10.5,5.6,7.3,58.41,2024-01-01T00:00:00
product_004259,Sports & Outdoors,Fitness Item 4259,1643,8.0,4.7,8.0,39.16,2024-01-01T00:00:00
product_004260,Home Goods,Kitchen Item 4260,1382,6.0,4.4,4.6,45.86,2024-01-01T00:00:00
product_004261,Garden & Outdoor,Planting Set 4261,2553,8.0,5.3,7.4,95.0,2024-01-01T00:00:00
product_004262,Sports & Outdoors,Fitness Item 4262,1189,7.7,4.3,4.6,40.58,2024-01-01T00:00:00
product_004263,Health & Beauty,Care Set 4263,550,7.0,3.9,6.1,34.84,2024-01-01T00:00:00
product_004264,Books & Media,Reference Book 4264,557,7.1,3.1,4.7,17.42,2024-01-01T00:00:00
product_004265,Watches & Gifts,Keepsake Item 4265,612,6.3,4.2,4.3,85.31,2024-01-01T00:00:00
product_004266,Office Supplies,Writing Kit 4266,724,6.9,4.2,3.5,23.51,2024-01-01T00:00:00
product_004267,Sports & Outdoors,Fitness Item 4267,3656,9.6,3.8,7.4,80.1,2024-01-01T00:00:00
product_004268,Health & Beauty,Wellness Item 4268,849,7.3,4.0,4.8,26.16,2024-01-01T00:00:00
product_004269,Electronics & Accessories,Audio Item 4269,688,6.6,3.9,6.1,50.09,2024-01-01T00:00:00
product_004270,Mobile & Telecom,Mobile Accessory 4270,635,5.1,4.9,5.1,208.39,2024-01-01T00:00:00
product_004271,Watches & Gifts,Keepsake Item 4271,177,7.3,4.7,4.7,84.88,2024-01-01T00:00:00
product_004272,Baby Products,Infant Care Item 4272,1091,6.0,4.0,5.7,70.19,2024-01-01T00:00:00
product_004273,Baby Products,Infant Care Item 4273,1311,9.1,4.2,5.2,159.03,2024-01-01T00:00:00
product_004274,Baby Products,Feeding Item 4274,1939,7.0,4.4,5.9,36.74,2024-01-01T00:00:00
product_004275,Home & Bedding,Home Textile 4275,3094,8.3,4.8,6.9,165.54,2024-01-01T00:00:00
product_004276,Toys & Games,Learning Toy 4276,934,5.7,4.0,4.4,78.64,2024-01-01T00:00:00
product_004277,Books & Media,Learning Guide 4277,633,6.2,2.5,4.7,25.6,2024-01-01T00:00:00
product_004278,Pet Supplies,Pet Activity Item 4278,1631,9.4,5.6,5.8,25.81,2024-01-01T00:00:00
product_004279,Garden & Outdoor,Outdoor Accessory 4279,1283,7.0,5.3,4.7,87.91,2024-01-01T00:00:00
product_004280,Fashion,Fashion Accessory 4280,123,7.1,3.9,3.4,33.37,2024-01-01T00:00:00
product_004281,Automotive,Vehicle Accessory 4281,1456,8.5,4.3,6.2,62.6,2024-01-01T00:00:00
product_004282,Garden & Outdoor,Garden Tool 4282,1946,8.3,3.6,5.7,46.69,2024-01-01T00:00:00
product_004283,Baby Products,Infant Care Item 4283,987,6.0,3.3,4.8,108.74,2024-01-01T00:00:00
product_004284,Electronics & Accessories,Audio Item 4284,1104,8.4,2.7,4.6,144.11,2024-01-01T00:00:00
product_004285,Furniture & Decor,Accent Furniture 4285,6973,11.9,6.7,10.5,113.98,2024-01-01T00:00:00
product_004286,Fashion,Seasonal Wear 4286,1191,7.1,4.3,6.8,43.78,2024-01-01T00:00:00
product_004287,Electronics & Accessories,Charging Kit 4287,1585,7.2,3.9,6.8,99.2,2024-01-01T00:00:00
product_004288,Mobile & Telecom,Mobile Accessory 4288,392,6.7,4.7,3.8,103.78,2024-01-01T00:00:00
product_004289,Home & Bedding,Comfort Item 4289,2284,7.5,5.1,6.7,60.48,2024-01-01T00:00:00
product_004290,Pet Supplies,Pet Care Item 4290,963,8.4,4.5,4.3,77.12,2024-01-01T00:00:00
product_004291,Mobile & Telecom,Mobile Accessory 4291,632,5.5,4.4,4.1,132.67,2024-01-01T00:00:00
product_004292,Watches & Gifts,Keepsake Item 4292,287,8.9,4.5,4.9,119.2,2024-01-01T00:00:00
product_004293,Health & Beauty,Daily Essential 4293,278,6.8,4.2,4.7,23.1,2024-01-01T00:00:00
product_004294,Home Goods,Organization Set 4294,1742,8.1,5.1,5.5,41.96,2024-01-01T00:00:00
product_004295,Electronics & Accessories,Device Accessory 4295,1611,5.5,5.4,4.4,117.05,2024-01-01T00:00:00
product_004296,Toys & Games,Family Game 4296,2552,8.7,6.5,5.8,25.7,2024-01-01T00:00:00
product_004297,Fashion,Everyday Apparel 4297,351,5.5,4.3,4.1,62.75,2024-01-01T00:00:00
product_004298,Health & Beauty,Wellness Item 4298,314,5.4,3.1,4.2,31.15,2024-01-01T00:00:00
product_004299,Electronics & Accessories,Device Accessory 4299,523,5.0,2.9,5.7,109.32,2024-01-01T00:00:00
product_004300,Fashion,Seasonal Wear 4300,526,6.3,3.5,4.3,113.21,2024-01-01T00:00:00
product_004301,Automotive,Travel Item 4301,11837,12.6,10.6,8.0,61.9,2024-01-01T00:00:00
product_004302,Pet Supplies,Feeding Set 4302,3068,11.0,5.9,5.8,48.82,2024-01-01T00:00:00
product_004303,Home Goods,Organization Set 4303,4134,10.8,7.1,5.8,66.5,2024-01-01T00:00:00
product_004304,Mobile & Telecom,Mobile Accessory 4304,505,5.6,3.6,5.2,421.27,2024-01-01T00:00:00
product_004305,Books & Media,Media Collection 4305,322,6.9,4.5,5.7,24.55,2024-01-01T00:00:00
product_004306,Health & Beauty,Daily Essential 4306,312,6.2,3.7,5.0,30.83,2024-01-01T00:00:00
product_004307,Sports & Outdoors,Fitness Item 4307,1936,6.9,3.8,5.5,48.42,2024-01-01T00:00:00
product_004308,Baby Products,Nursery Accessory 4308,1096,6.2,2.8,5.5,95.21,2024-01-01T00:00:00
product_004309,Books & Media,Reference Book 4309,674,6.1,3.8,5.9,23.5,2024-01-01T00:00:00
product_004310,Home Goods,Household Tool 4310,3162,8.5,5.0,5.6,96.73,2024-01-01T00:00:00
product_004311,Toys & Games,Activity Set 4311,1149,7.1,3.2,5.5,54.54,2024-01-01T00:00:00
product_004312,Books & Media,Reference Book 4312,450,6.6,3.1,4.7,16.83,2024-01-01T00:00:00
product_004313,Sports & Outdoors,Training Gear 4313,4734,10.6,6.6,6.9,99.68,2024-01-01T00:00:00
product_004314,Furniture & Decor,Storage Unit 4314,15124,15.7,10.0,14.0,514.69,2024-01-01T00:00:00
product_004315,Toys & Games,Learning Toy 4315,292,8.8,4.1,5.1,27.48,2024-01-01T00:00:00
product_004316,Electronics & Accessories,Audio Item 4316,960,8.1,2.8,7.1,74.43,2024-01-01T00:00:00
product_004317,Home & Bedding,Comfort Item 4317,1245,4.0,4.5,5.1,114.21,2024-01-01T00:00:00
product_004318,Electronics & Accessories,Charging Kit 4318,1205,7.1,3.3,4.1,262.06,2024-01-01T00:00:00
product_004319,Office Supplies,Office Organizer 4319,459,5.3,4.4,5.9,16.83,2024-01-01T00:00:00
product_004320,Sports & Outdoors,Outdoor Kit 4320,2202,7.5,3.9,7.3,62.59,2024-01-01T00:00:00
product_004321,Mobile & Telecom,Phone Item 4321,1894,6.6,4.3,5.4,82.88,2024-01-01T00:00:00
product_004322,Watches & Gifts,Timepiece 4322,161,6.0,4.1,4.1,56.89,2024-01-01T00:00:00
product_004323,Garden & Outdoor,Garden Tool 4323,1549,6.6,4.0,5.5,46.95,2024-01-01T00:00:00
product_004324,Mobile & Telecom,Connectivity Kit 4324,551,6.4,3.7,4.8,52.8,2024-01-01T00:00:00
product_004325,Fashion,Fashion Accessory 4325,598,5.6,4.4,5.7,89.56,2024-01-01T00:00:00
product_004326,Toys & Games,Activity Set 4326,1774,6.1,4.1,5.9,120.1,2024-01-01T00:00:00
product_004327,Books & Media,Reference Book 4327,495,5.8,3.7,5.1,18.55,2024-01-01T00:00:00
product_004328,Mobile & Telecom,Connectivity Kit 4328,594,5.9,2.4,5.5,77.33,2024-01-01T00:00:00
product_004329,Fashion,Seasonal Wear 4329,368,5.2,4.7,4.4,29.86,2024-01-01T00:00:00
product_004330,Electronics & Accessories,Device Accessory 4330,852,6.8,3.9,4.1,122.06,2024-01-01T00:00:00
product_004331,Health & Beauty,Wellness Item 4331,362,7.5,3.7,5.2,19.36,2024-01-01T00:00:00
product_004332,Home Goods,Organization Set 4332,2749,8.2,5.7,6.6,52.47,2024-01-01T00:00:00
product_004333,Office Supplies,Office Organizer 4333,397,4.7,3.2,5.7,38.93,2024-01-01T00:00:00
product_004334,Home & Bedding,Bedding Set 4334,909,5.9,4.3,5.6,54.44,2024-01-01T00:00:00
product_004335,Electronics & Accessories,Audio Item 4335,534,6.1,5.6,4.6,154.14,2024-01-01T00:00:00
product_004336,Toys & Games,Learning Toy 4336,985,7.2,4.1,5.2,61.41,2024-01-01T00:00:00
product_004337,Health & Beauty,Daily Essential 4337,341,8.3,3.5,5.0,22.93,2024-01-01T00:00:00
product_004338,Office Supplies,Office Organizer 4338,435,6.3,4.3,5.9,52.76,2024-01-01T00:00:00
product_004339,Fashion,Fashion Accessory 4339,199,7.1,4.2,5.9,54.73,2024-01-01T00:00:00
product_004340,Home Goods,Kitchen Item 4340,1588,8.5,4.7,5.0,62.63,2024-01-01T00:00:00
product_004341,Fashion,Everyday Apparel 4341,676,6.0,3.8,4.9,97.6,2024-01-01T00:00:00
product_004342,Garden & Outdoor,Garden Tool 4342,12636,10.7,10.1,13.1,45.3,2024-01-01T00:00:00
product_004343,Sports & Outdoors,Fitness Item 4343,2701,8.4,5.7,7.9,47.91,2024-01-01T00:00:00
product_004344,Baby Products,Nursery Accessory 4344,1181,5.2,4.2,4.3,130.48,2024-01-01T00:00:00
product_004345,Toys & Games,Learning Toy 4345,2214,6.3,4.8,5.8,68.36,2024-01-01T00:00:00
product_004346,Health & Beauty,Daily Essential 4346,389,6.9,3.0,4.8,48.96,2024-01-01T00:00:00
product_004347,Watches & Gifts,Gift Set 4347,208,8.6,3.8,5.3,113.5,2024-01-01T00:00:00
product_004348,Electronics & Accessories,Device Accessory 4348,774,5.0,4.6,4.1,361.02,2024-01-01T00:00:00
product_004349,Fashion,Seasonal Wear 4349,560,4.1,3.6,5.8,40.77,2024-01-01T00:00:00
product_004350,Baby Products,Feeding Item 4350,1011,5.1,4.5,3.7,88.11,2024-01-01T00:00:00
product_004351,Office Supplies,Desk Set 4351,1985,7.6,5.1,4.6,13.38,2024-01-01T00:00:00
product_004352,Garden & Outdoor,Planting Set 4352,3415,8.4,4.4,6.7,83.4,2024-01-01T00:00:00
product_004353,Mobile & Telecom,Connectivity Kit 4353,597,5.6,4.6,4.8,150.03,2024-01-01T00:00:00
product_004354,Furniture & Decor,Decor Item 4354,16933,15.6,9.9,13.4,159.24,2024-01-01T00:00:00
product_004355,Office Supplies,Desk Set 4355,558,6.2,4.1,4.9,20.19,2024-01-01T00:00:00
product_004356,Office Supplies,Writing Kit 4356,413,7.5,4.0,5.5,24.17,2024-01-01T00:00:00
product_004357,Sports & Outdoors,Fitness Item 4357,4419,10.3,4.9,8.2,87.34,2024-01-01T00:00:00
product_004358,Pet Supplies,Pet Activity Item 4358,734,7.6,3.8,4.0,93.58,2024-01-01T00:00:00
product_004359,Health & Beauty,Care Set 4359,242,6.6,3.7,4.9,48.37,2024-01-01T00:00:00
product_004360,Watches & Gifts,Keepsake Item 4360,282,6.3,4.1,4.2,131.01,2024-01-01T00:00:00
product_004361,Pet Supplies,Pet Activity Item 4361,1868,8.5,5.8,5.4,55.1,2024-01-01T00:00:00
product_004362,Watches & Gifts,Timepiece 4362,381,5.5,3.4,5.9,25.49,2024-01-01T00:00:00
product_004363,Watches & Gifts,Keepsake Item 4363,494,4.0,5.1,4.4,76.28,2024-01-01T00:00:00
product_004364,Toys & Games,Family Game 4364,499,5.0,3.4,5.9,124.69,2024-01-01T00:00:00
product_004365,Mobile & Telecom,Phone Item 4365,409,8.4,4.3,5.3,105.43,2024-01-01T00:00:00
product_004366,Health & Beauty,Daily Essential 4366,267,7.7,3.8,4.8,35.2,2024-01-01T00:00:00
product_004367,Health & Beauty,Wellness Item 4367,187,5.2,4.1,6.0,53.62,2024-01-01T00:00:00
product_004368,Garden & Outdoor,Planting Set 4368,1451,6.9,4.6,3.0,74.1,2024-01-01T00:00:00
product_004369,Mobile & Telecom,Mobile Accessory 4369,524,6.1,4.6,5.7,135.6,2024-01-01T00:00:00
product_004370,Office Supplies,Office Organizer 4370,1549,8.6,4.5,6.4,26.03,2024-01-01T00:00:00
product_004371,Home & Bedding,Comfort Item 4371,1544,6.9,4.4,4.5,85.68,2024-01-01T00:00:00
product_004372,Baby Products,Infant Care Item 4372,1040,8.2,4.6,5.1,50.43,2024-01-01T00:00:00
product_004373,Books & Media,Learning Guide 4373,568,6.0,4.3,5.0,16.14,2024-01-01T00:00:00
product_004374,Automotive,Maintenance Kit 4374,3355,9.1,6.2,8.1,95.69,2024-01-01T00:00:00
product_004375,Automotive,Maintenance Kit 4375,3110,10.8,6.8,6.9,182.37,2024-01-01T00:00:00
product_004376,Electronics & Accessories,Audio Item 4376,1549,6.6,4.6,4.7,153.0,2024-01-01T00:00:00
product_004377,Books & Media,Learning Guide 4377,640,6.5,2.3,6.0,28.41,2024-01-01T00:00:00
product_004378,Furniture & Decor,Decor Item 4378,6483,14.1,9.3,8.8,232.09,2024-01-01T00:00:00
product_004379,Sports & Outdoors,Fitness Item 4379,2223,9.4,4.0,7.7,78.45,2024-01-01T00:00:00
product_004380,Home & Bedding,Home Textile 4380,833,6.7,3.9,5.6,118.02,2024-01-01T00:00:00
product_004381,Watches & Gifts,Gift Set 4381,156,5.8,3.7,5.0,128.42,2024-01-01T00:00:00
product_004382,Electronics & Accessories,Charging Kit 4382,1014,6.8,4.8,5.6,89.63,2024-01-01T00:00:00
product_004383,Books & Media,Media Collection 4383,210,6.5,4.5,4.7,15.44,2024-01-01T00:00:00
product_004384,Books & Media,Reference Book 4384,824,7.0,3.7,4.6,20.98,2024-01-01T00:00:00
product_004385,Office Supplies,Desk Set 4385,278,7.7,3.4,4.2,42.93,2024-01-01T00:00:00
product_004386,Home & Bedding,Home Textile 4386,2451,9.6,4.9,5.6,61.55,2024-01-01T00:00:00
product_004387,Home Goods,Household Tool 4387,3924,8.9,4.5,9.0,47.27,2024-01-01T00:00:00
product_004388,Pet Supplies,Pet Care Item 4388,858,6.6,4.3,3.9,27.35,2024-01-01T00:00:00
product_004389,Automotive,Travel Item 4389,1878,5.9,5.8,6.3,41.85,2024-01-01T00:00:00
product_004390,Pet Supplies,Feeding Set 4390,1133,7.2,3.3,4.2,53.32,2024-01-01T00:00:00
product_004391,Mobile & Telecom,Mobile Accessory 4391,747,6.0,3.9,4.5,86.9,2024-01-01T00:00:00
product_004392,Sports & Outdoors,Outdoor Kit 4392,581,6.0,3.6,3.9,79.53,2024-01-01T00:00:00
product_004393,Electronics & Accessories,Charging Kit 4393,706,6.2,4.4,5.3,22.01,2024-01-01T00:00:00
product_004394,Watches & Gifts,Timepiece 4394,282,7.3,4.2,4.5,115.31,2024-01-01T00:00:00
product_004395,Mobile & Telecom,Connectivity Kit 4395,799,6.2,3.4,4.1,171.18,2024-01-01T00:00:00
product_004396,Office Supplies,Desk Set 4396,419,6.9,3.4,5.7,23.33,2024-01-01T00:00:00
product_004397,Mobile & Telecom,Mobile Accessory 4397,1128,5.7,3.6,5.1,166.21,2024-01-01T00:00:00
product_004398,Furniture & Decor,Decor Item 4398,4409,11.2,6.4,5.4,321.46,2024-01-01T00:00:00
product_004399,Books & Media,Reference Book 4399,392,5.8,5.1,5.8,36.94,2024-01-01T00:00:00
product_004400,Baby Products,Nursery Accessory 4400,291,5.8,3.0,4.1,64.94,2024-01-01T00:00:00
product_004401,Home & Bedding,Bedding Set 4401,1169,6.6,4.9,3.5,183.13,2024-01-01T00:00:00
product_004402,Furniture & Decor,Decor Item 4402,4893,11.9,4.2,7.0,220.29,2024-01-01T00:00:00
product_004403,Garden & Outdoor,Planting Set 4403,3788,10.2,5.1,8.4,59.13,2024-01-01T00:00:00
product_004404,Furniture & Decor,Storage Unit 4404,10296,13.7,9.0,10.1,178.06,2024-01-01T00:00:00
product_004405,Office Supplies,Office Organizer 4405,2143,8.9,4.3,6.7,20.49,2024-01-01T00:00:00
product_004406,Baby Products,Infant Care Item 4406,1076,7.5,3.6,5.1,60.34,2024-01-01T00:00:00
product_004407,Health & Beauty,Care Set 4407,203,7.4,4.1,5.4,13.3,2024-01-01T00:00:00
product_004408,Garden & Outdoor,Planting Set 4408,7065,11.5,6.5,9.6,29.64,2024-01-01T00:00:00
product_004409,Books & Media,Learning Guide 4409,248,6.2,4.2,5.8,23.36,2024-01-01T00:00:00
product_004410,Toys & Games,Family Game 4410,3950,9.8,6.3,8.5,35.17,2024-01-01T00:00:00
product_004411,Furniture & Decor,Storage Unit 4411,6232,9.9,7.1,7.2,278.21,2024-01-01T00:00:00
product_004412,Home Goods,Household Tool 4412,722,5.5,4.0,4.7,82.26,2024-01-01T00:00:00
product_004413,Sports & Outdoors,Fitness Item 4413,1755,8.3,4.6,5.3,66.92,2024-01-01T00:00:00
product_004414,Sports & Outdoors,Training Gear 4414,2083,10.8,5.3,7.4,43.9,2024-01-01T00:00:00
product_004415,Pet Supplies,Pet Activity Item 4415,1325,5.9,3.2,5.3,36.5,2024-01-01T00:00:00
product_004416,Baby Products,Infant Care Item 4416,685,8.0,4.2,5.1,104.15,2024-01-01T00:00:00
product_004417,Watches & Gifts,Timepiece 4417,207,5.5,3.8,4.8,79.32,2024-01-01T00:00:00
product_004418,Home Goods,Organization Set 4418,4591,11.2,7.0,7.9,27.45,2024-01-01T00:00:00
product_004419,Electronics & Accessories,Charging Kit 4419,990,6.2,4.3,5.6,71.59,2024-01-01T00:00:00
product_004420,Home & Bedding,Home Textile 4420,1669,7.8,4.5,7.2,88.98,2024-01-01T00:00:00
product_004421,Books & Media,Learning Guide 4421,157,5.3,4.6,5.7,18.6,2024-01-01T00:00:00
product_004422,Automotive,Travel Item 4422,2224,6.3,6.8,4.9,144.69,2024-01-01T00:00:00
product_004423,Baby Products,Feeding Item 4423,888,6.1,4.4,5.3,70.18,2024-01-01T00:00:00
product_004424,Home Goods,Household Tool 4424,632,4.6,3.7,3.7,74.55,2024-01-01T00:00:00
product_004425,Office Supplies,Office Organizer 4425,289,8.6,4.6,4.7,36.55,2024-01-01T00:00:00
product_004426,Automotive,Maintenance Kit 4426,2719,7.9,5.4,3.9,50.76,2024-01-01T00:00:00
product_004427,Home & Bedding,Comfort Item 4427,1785,8.5,6.5,5.4,60.85,2024-01-01T00:00:00
product_004428,Mobile & Telecom,Phone Item 4428,789,5.8,4.4,4.6,241.55,2024-01-01T00:00:00
product_004429,Home & Bedding,Home Textile 4429,1357,6.4,2.9,6.1,83.69,2024-01-01T00:00:00
product_004430,Home & Bedding,Bedding Set 4430,1722,5.4,5.2,7.1,19.88,2024-01-01T00:00:00
product_004431,Furniture & Decor,Storage Unit 4431,4779,11.2,6.9,8.3,148.08,2024-01-01T00:00:00
product_004432,Furniture & Decor,Accent Furniture 4432,3891,7.0,5.5,8.3,130.15,2024-01-01T00:00:00
product_004433,Baby Products,Infant Care Item 4433,3007,8.1,3.9,7.3,14.31,2024-01-01T00:00:00
product_004434,Mobile & Telecom,Mobile Accessory 4434,669,6.2,4.6,5.0,85.78,2024-01-01T00:00:00
product_004435,Baby Products,Infant Care Item 4435,1199,7.1,3.2,5.0,87.16,2024-01-01T00:00:00
product_004436,Automotive,Vehicle Accessory 4436,2493,7.7,4.7,5.6,111.92,2024-01-01T00:00:00
product_004437,Mobile & Telecom,Phone Item 4437,884,5.2,3.4,7.2,88.44,2024-01-01T00:00:00
product_004438,Pet Supplies,Feeding Set 4438,2885,8.5,5.6,4.3,62.26,2024-01-01T00:00:00
product_004439,Fashion,Fashion Accessory 4439,863,6.5,3.0,5.2,41.06,2024-01-01T00:00:00
product_004440,Pet Supplies,Feeding Set 4440,581,6.2,3.4,6.2,72.19,2024-01-01T00:00:00
product_004441,Furniture & Decor,Storage Unit 4441,7291,15.2,7.5,10.0,110.48,2024-01-01T00:00:00
product_004442,Baby Products,Nursery Accessory 4442,652,6.5,3.4,5.3,41.33,2024-01-01T00:00:00
product_004443,Watches & Gifts,Keepsake Item 4443,106,5.4,3.8,4.8,41.88,2024-01-01T00:00:00
product_004444,Health & Beauty,Wellness Item 4444,674,7.4,3.3,4.9,12.36,2024-01-01T00:00:00
product_004445,Office Supplies,Office Organizer 4445,497,6.5,3.0,3.7,21.26,2024-01-01T00:00:00
product_004446,Automotive,Vehicle Accessory 4446,2203,8.0,5.7,6.0,82.12,2024-01-01T00:00:00
product_004447,Pet Supplies,Feeding Set 4447,2680,7.1,4.1,6.2,32.44,2024-01-01T00:00:00
product_004448,Mobile & Telecom,Connectivity Kit 4448,1001,8.1,3.4,4.7,383.84,2024-01-01T00:00:00
product_004449,Mobile & Telecom,Phone Item 4449,629,7.3,4.5,3.2,124.12,2024-01-01T00:00:00
product_004450,Baby Products,Infant Care Item 4450,423,7.9,3.1,5.4,103.25,2024-01-01T00:00:00
product_004451,Garden & Outdoor,Outdoor Accessory 4451,1849,8.9,4.5,6.9,58.42,2024-01-01T00:00:00
product_004452,Baby Products,Infant Care Item 4452,3140,7.1,6.4,7.5,49.39,2024-01-01T00:00:00
product_004453,Home & Bedding,Home Textile 4453,3611,7.5,6.3,6.7,78.14,2024-01-01T00:00:00
product_004454,Watches & Gifts,Gift Set 4454,120,7.6,4.3,4.6,189.64,2024-01-01T00:00:00
product_004455,Books & Media,Reference Book 4455,245,6.5,3.6,4.4,22.31,2024-01-01T00:00:00
product_004456,Watches & Gifts,Keepsake Item 4456,313,6.1,2.8,4.6,87.22,2024-01-01T00:00:00
product_004457,Health & Beauty,Daily Essential 4457,259,6.8,4.5,4.8,23.34,2024-01-01T00:00:00
product_004458,Fashion,Fashion Accessory 4458,341,6.9,4.4,4.8,57.5,2024-01-01T00:00:00
product_004459,Baby Products,Infant Care Item 4459,640,5.8,3.9,4.7,43.49,2024-01-01T00:00:00
product_004460,Fashion,Seasonal Wear 4460,329,5.8,3.3,4.1,54.16,2024-01-01T00:00:00
product_004461,Furniture & Decor,Accent Furniture 4461,7464,11.9,5.6,9.3,315.14,2024-01-01T00:00:00
product_004462,Watches & Gifts,Timepiece 4462,151,8.1,4.2,5.6,68.48,2024-01-01T00:00:00
product_004463,Home & Bedding,Bedding Set 4463,1063,5.9,2.7,5.5,56.82,2024-01-01T00:00:00
product_004464,Garden & Outdoor,Outdoor Accessory 4464,1101,7.8,3.7,5.0,82.25,2024-01-01T00:00:00
product_004465,Automotive,Maintenance Kit 4465,1837,4.5,4.0,6.1,140.94,2024-01-01T00:00:00
product_004466,Sports & Outdoors,Outdoor Kit 4466,10409,13.7,7.8,11.6,43.74,2024-01-01T00:00:00
product_004467,Automotive,Vehicle Accessory 4467,3405,12.3,8.2,6.1,486.86,2024-01-01T00:00:00
product_004468,Health & Beauty,Wellness Item 4468,84,8.2,3.8,5.1,31.68,2024-01-01T00:00:00
product_004469,Automotive,Maintenance Kit 4469,11943,18.7,11.4,12.7,62.57,2024-01-01T00:00:00
product_004470,Garden & Outdoor,Planting Set 4470,6306,11.1,8.0,9.2,68.97,2024-01-01T00:00:00
product_004471,Furniture & Decor,Decor Item 4471,5582,10.1,7.5,10.9,403.43,2024-01-01T00:00:00
product_004472,Watches & Gifts,Timepiece 4472,141,4.9,5.1,5.6,42.71,2024-01-01T00:00:00
product_004473,Automotive,Maintenance Kit 4473,4774,8.8,8.7,8.3,160.6,2024-01-01T00:00:00
product_004474,Office Supplies,Writing Kit 4474,359,6.2,3.7,5.1,26.41,2024-01-01T00:00:00
product_004475,Sports & Outdoors,Outdoor Kit 4475,4290,8.5,6.5,9.3,50.84,2024-01-01T00:00:00
product_004476,Pet Supplies,Pet Activity Item 4476,2637,8.4,6.2,7.4,28.37,2024-01-01T00:00:00
product_004477,Books & Media,Learning Guide 4477,489,7.6,4.0,5.2,11.11,2024-01-01T00:00:00
product_004478,Toys & Games,Family Game 4478,3835,9.0,6.3,9.5,42.57,2024-01-01T00:00:00
product_004479,Office Supplies,Office Organizer 4479,207,7.9,3.6,5.9,13.78,2024-01-01T00:00:00
product_004480,Furniture & Decor,Decor Item 4480,8128,11.0,7.7,9.8,124.13,2024-01-01T00:00:00
product_004481,Toys & Games,Family Game 4481,1755,9.3,3.9,6.3,19.77,2024-01-01T00:00:00
product_004482,Home Goods,Organization Set 4482,4588,9.6,6.9,6.7,20.6,2024-01-01T00:00:00
product_004483,Garden & Outdoor,Planting Set 4483,1980,6.2,4.1,7.2,109.66,2024-01-01T00:00:00
product_004484,Sports & Outdoors,Training Gear 4484,2350,8.9,6.2,7.3,39.4,2024-01-01T00:00:00
product_004485,Fashion,Fashion Accessory 4485,776,6.3,4.2,4.9,39.84,2024-01-01T00:00:00
product_004486,Sports & Outdoors,Outdoor Kit 4486,2150,8.1,5.9,7.1,50.28,2024-01-01T00:00:00
product_004487,Furniture & Decor,Storage Unit 4487,8698,10.4,7.3,11.2,210.02,2024-01-01T00:00:00
product_004488,Office Supplies,Writing Kit 4488,403,8.1,4.3,3.5,19.23,2024-01-01T00:00:00
product_004489,Home Goods,Organization Set 4489,1823,7.1,4.2,6.0,60.22,2024-01-01T00:00:00
product_004490,Furniture & Decor,Accent Furniture 4490,9638,13.8,9.7,7.1,140.74,2024-01-01T00:00:00
product_004491,Office Supplies,Office Organizer 4491,641,5.7,4.3,3.4,30.4,2024-01-01T00:00:00
product_004492,Automotive,Maintenance Kit 4492,1714,8.7,4.7,5.6,113.38,2024-01-01T00:00:00
product_004493,Office Supplies,Writing Kit 4493,281,5.3,3.6,6.0,24.08,2024-01-01T00:00:00
product_004494,Mobile & Telecom,Mobile Accessory 4494,777,6.6,3.8,4.3,57.32,2024-01-01T00:00:00
product_004495,Garden & Outdoor,Outdoor Accessory 4495,2767,8.5,5.7,6.4,76.9,2024-01-01T00:00:00
product_004496,Home & Bedding,Comfort Item 4496,2131,6.8,6.9,4.5,130.74,2024-01-01T00:00:00
product_004497,Baby Products,Feeding Item 4497,4919,11.4,6.4,9.1,73.3,2024-01-01T00:00:00
product_004498,Home & Bedding,Comfort Item 4498,1617,6.6,6.1,6.1,64.49,2024-01-01T00:00:00
product_004499,Baby Products,Feeding Item 4499,864,5.8,4.7,5.3,66.69,2024-01-01T00:00:00
product_004500,Books & Media,Media Collection 4500,171,5.3,4.2,4.7,20.56,2024-01-01T00:00:00
product_004501,Mobile & Telecom,Phone Item 4501,969,8.3,3.8,4.9,133.25,2024-01-01T00:00:00
product_004502,Automotive,Travel Item 4502,3005,8.2,6.0,7.7,73.06,2024-01-01T00:00:00
product_004503,Furniture & Decor,Accent Furniture 4503,3504,9.8,7.4,5.7,54.6,2024-01-01T00:00:00
product_004504,Books & Media,Learning Guide 4504,178,5.2,3.9,4.7,43.45,2024-01-01T00:00:00
product_004505,Health & Beauty,Wellness Item 4505,355,5.3,4.5,4.2,29.49,2024-01-01T00:00:00
product_004506,Sports & Outdoors,Outdoor Kit 4506,2950,9.8,5.4,6.1,38.81,2024-01-01T00:00:00
product_004507,Toys & Games,Learning Toy 4507,4068,12.2,6.3,7.1,49.4,2024-01-01T00:00:00
product_004508,Watches & Gifts,Gift Set 4508,222,5.1,3.6,3.8,62.04,2024-01-01T00:00:00
product_004509,Automotive,Maintenance Kit 4509,4057,7.1,5.8,7.1,52.4,2024-01-01T00:00:00
product_004510,Home Goods,Organization Set 4510,1889,5.5,5.9,4.9,284.84,2024-01-01T00:00:00
product_004511,Pet Supplies,Pet Care Item 4511,2729,9.7,5.3,6.9,24.74,2024-01-01T00:00:00
product_004512,Garden & Outdoor,Outdoor Accessory 4512,5683,9.4,8.4,8.1,281.63,2024-01-01T00:00:00
product_004513,Pet Supplies,Feeding Set 4513,1224,5.7,5.0,5.5,128.22,2024-01-01T00:00:00
product_004514,Furniture & Decor,Storage Unit 4514,9575,12.7,10.2,8.4,110.53,2024-01-01T00:00:00
product_004515,Automotive,Maintenance Kit 4515,3070,10.0,4.7,5.7,145.43,2024-01-01T00:00:00
product_004516,Toys & Games,Family Game 4516,1251,8.6,4.6,5.5,43.29,2024-01-01T00:00:00
product_004517,Baby Products,Feeding Item 4517,2248,6.8,4.5,5.2,63.35,2024-01-01T00:00:00
product_004518,Office Supplies,Desk Set 4518,299,7.0,4.5,5.8,32.92,2024-01-01T00:00:00
product_004519,Pet Supplies,Pet Activity Item 4519,718,5.9,3.6,6.0,19.41,2024-01-01T00:00:00
product_004520,Baby Products,Feeding Item 4520,1218,6.3,3.6,5.3,27.37,2024-01-01T00:00:00
product_004521,Electronics & Accessories,Device Accessory 4521,611,6.4,4.0,5.7,404.37,2024-01-01T00:00:00
product_004522,Office Supplies,Desk Set 4522,357,6.5,3.5,4.1,25.07,2024-01-01T00:00:00
product_004523,Watches & Gifts,Timepiece 4523,299,6.8,2.2,5.4,86.19,2024-01-01T00:00:00
product_004524,Mobile & Telecom,Mobile Accessory 4524,1111,7.5,3.0,3.0,103.06,2024-01-01T00:00:00
product_004525,Health & Beauty,Care Set 4525,171,5.5,3.9,4.5,10.77,2024-01-01T00:00:00
product_004526,Furniture & Decor,Accent Furniture 4526,3253,10.4,6.6,5.5,282.76,2024-01-01T00:00:00
product_004527,Home Goods,Kitchen Item 4527,964,6.8,6.2,5.5,55.49,2024-01-01T00:00:00
product_004528,Pet Supplies,Pet Activity Item 4528,1317,6.0,4.9,5.9,88.87,2024-01-01T00:00:00
product_004529,Books & Media,Reference Book 4529,2550,8.4,3.7,6.6,21.61,2024-01-01T00:00:00
product_004530,Home & Bedding,Home Textile 4530,1290,6.6,4.5,4.9,45.38,2024-01-01T00:00:00
product_004531,Pet Supplies,Feeding Set 4531,1851,8.3,6.5,6.0,124.89,2024-01-01T00:00:00
product_004532,Furniture & Decor,Storage Unit 4532,8185,12.8,6.4,10.7,193.5,2024-01-01T00:00:00
product_004533,Fashion,Fashion Accessory 4533,270,6.5,4.6,3.1,77.15,2024-01-01T00:00:00
product_004534,Furniture & Decor,Accent Furniture 4534,3929,6.3,5.4,8.0,479.12,2024-01-01T00:00:00
product_004535,Pet Supplies,Pet Care Item 4535,3659,7.4,6.5,8.7,73.06,2024-01-01T00:00:00
product_004536,Fashion,Seasonal Wear 4536,351,4.9,5.1,4.7,45.04,2024-01-01T00:00:00
product_004537,Office Supplies,Office Organizer 4537,1904,7.4,5.4,4.5,29.57,2024-01-01T00:00:00
product_004538,Electronics & Accessories,Audio Item 4538,1141,8.2,4.6,5.3,164.27,2024-01-01T00:00:00
product_004539,Automotive,Travel Item 4539,2604,6.8,5.3,5.5,113.99,2024-01-01T00:00:00
product_004540,Garden & Outdoor,Garden Tool 4540,1991,7.3,6.0,7.6,80.04,2024-01-01T00:00:00
product_004541,Health & Beauty,Wellness Item 4541,149,4.0,4.1,6.0,60.54,2024-01-01T00:00:00
product_004542,Toys & Games,Family Game 4542,220,6.9,3.8,5.0,30.08,2024-01-01T00:00:00
product_004543,Mobile & Telecom,Connectivity Kit 4543,377,6.7,4.4,5.0,209.81,2024-01-01T00:00:00
product_004544,Baby Products,Infant Care Item 4544,1553,7.3,5.0,5.7,60.44,2024-01-01T00:00:00
product_004545,Toys & Games,Learning Toy 4545,368,4.7,4.8,5.5,46.29,2024-01-01T00:00:00
product_004546,Garden & Outdoor,Planting Set 4546,5659,11.8,5.5,6.8,91.22,2024-01-01T00:00:00
product_004547,Books & Media,Media Collection 4547,617,7.3,4.0,5.6,15.84,2024-01-01T00:00:00
product_004548,Home Goods,Household Tool 4548,1906,6.6,7.2,5.5,42.18,2024-01-01T00:00:00
product_004549,Watches & Gifts,Keepsake Item 4549,170,6.8,4.3,3.8,98.52,2024-01-01T00:00:00
product_004550,Home & Bedding,Home Textile 4550,1953,7.0,3.7,5.0,103.86,2024-01-01T00:00:00
product_004551,Watches & Gifts,Timepiece 4551,184,7.5,4.1,4.4,80.95,2024-01-01T00:00:00
product_004552,Health & Beauty,Wellness Item 4552,205,6.9,4.8,4.7,22.71,2024-01-01T00:00:00
product_004553,Pet Supplies,Pet Care Item 4553,590,5.9,4.1,5.0,18.6,2024-01-01T00:00:00
product_004554,Health & Beauty,Care Set 4554,197,7.8,4.6,4.8,28.04,2024-01-01T00:00:00
product_004555,Mobile & Telecom,Mobile Accessory 4555,276,5.6,5.9,4.2,100.39,2024-01-01T00:00:00
product_004556,Mobile & Telecom,Connectivity Kit 4556,362,5.4,4.0,4.2,88.73,2024-01-01T00:00:00
product_004557,Garden & Outdoor,Outdoor Accessory 4557,1669,6.6,5.5,5.4,63.47,2024-01-01T00:00:00
product_004558,Garden & Outdoor,Planting Set 4558,3989,9.4,6.6,7.8,45.67,2024-01-01T00:00:00
product_004559,Pet Supplies,Pet Care Item 4559,1423,8.9,5.9,4.4,53.12,2024-01-01T00:00:00
product_004560,Books & Media,Media Collection 4560,412,7.1,3.7,5.7,57.16,2024-01-01T00:00:00
product_004561,Furniture & Decor,Storage Unit 4561,3375,8.6,6.2,6.5,229.11,2024-01-01T00:00:00
product_004562,Automotive,Vehicle Accessory 4562,1572,5.6,5.6,5.6,85.24,2024-01-01T00:00:00
product_004563,Electronics & Accessories,Charging Kit 4563,331,5.2,3.9,6.2,95.7,2024-01-01T00:00:00
product_004564,Mobile & Telecom,Phone Item 4564,725,5.5,4.2,4.4,69.76,2024-01-01T00:00:00
product_004565,Fashion,Fashion Accessory 4565,542,4.3,4.2,4.2,65.58,2024-01-01T00:00:00
product_004566,Sports & Outdoors,Training Gear 4566,2572,8.1,5.3,8.2,122.29,2024-01-01T00:00:00
product_004567,Watches & Gifts,Gift Set 4567,391,7.4,5.0,5.4,103.63,2024-01-01T00:00:00
product_004568,Garden & Outdoor,Outdoor Accessory 4568,7017,10.3,7.5,6.2,60.39,2024-01-01T00:00:00
product_004569,Fashion,Seasonal Wear 4569,407,6.2,3.2,4.5,44.17,2024-01-01T00:00:00
product_004570,Electronics & Accessories,Charging Kit 4570,2238,8.6,4.9,6.1,42.38,2024-01-01T00:00:00
product_004571,Electronics & Accessories,Device Accessory 4571,2388,7.9,4.5,6.1,42.46,2024-01-01T00:00:00
product_004572,Baby Products,Nursery Accessory 4572,1683,6.5,4.1,6.8,78.67,2024-01-01T00:00:00
product_004573,Office Supplies,Office Organizer 4573,644,6.7,4.5,5.1,23.37,2024-01-01T00:00:00
product_004574,Home Goods,Household Tool 4574,3504,11.7,5.7,9.7,33.94,2024-01-01T00:00:00
product_004575,Sports & Outdoors,Training Gear 4575,1542,5.1,3.7,6.2,44.86,2024-01-01T00:00:00
product_004576,Health & Beauty,Care Set 4576,285,6.4,3.0,5.6,33.32,2024-01-01T00:00:00
product_004577,Automotive,Vehicle Accessory 4577,1527,7.4,4.5,4.5,101.32,2024-01-01T00:00:00
product_004578,Home Goods,Kitchen Item 4578,808,5.7,2.8,5.7,36.58,2024-01-01T00:00:00
product_004579,Electronics & Accessories,Charging Kit 4579,1413,5.9,5.1,3.6,81.38,2024-01-01T00:00:00
product_004580,Electronics & Accessories,Audio Item 4580,422,6.6,4.0,5.7,199.05,2024-01-01T00:00:00
product_004581,Home & Bedding,Comfort Item 4581,2911,8.8,5.1,7.8,167.12,2024-01-01T00:00:00
product_004582,Garden & Outdoor,Outdoor Accessory 4582,2556,7.0,4.8,7.8,234.83,2024-01-01T00:00:00
product_004583,Watches & Gifts,Timepiece 4583,207,5.1,3.5,4.4,60.58,2024-01-01T00:00:00
product_004584,Home Goods,Organization Set 4584,3071,9.6,5.7,6.9,55.89,2024-01-01T00:00:00
product_004585,Fashion,Seasonal Wear 4585,424,5.3,3.7,4.3,31.61,2024-01-01T00:00:00
product_004586,Electronics & Accessories,Audio Item 4586,844,6.0,4.0,5.0,88.58,2024-01-01T00:00:00
product_004587,Office Supplies,Desk Set 4587,414,5.5,2.7,4.9,30.32,2024-01-01T00:00:00
product_004588,Home Goods,Organization Set 4588,2512,10.3,6.5,5.6,127.78,2024-01-01T00:00:00
product_004589,Garden & Outdoor,Planting Set 4589,2655,8.5,4.4,6.7,36.25,2024-01-01T00:00:00
product_004590,Automotive,Maintenance Kit 4590,3920,12.0,8.8,11.3,262.7,2024-01-01T00:00:00
product_004591,Pet Supplies,Pet Activity Item 4591,1271,7.3,5.1,4.6,50.11,2024-01-01T00:00:00
product_004592,Pet Supplies,Pet Care Item 4592,6668,12.0,6.6,9.1,25.5,2024-01-01T00:00:00
product_004593,Mobile & Telecom,Mobile Accessory 4593,655,5.3,4.2,5.2,88.6,2024-01-01T00:00:00
product_004594,Baby Products,Nursery Accessory 4594,1716,4.7,4.3,5.6,81.68,2024-01-01T00:00:00
product_004595,Furniture & Decor,Decor Item 4595,24123,16.1,11.1,15.3,192.14,2024-01-01T00:00:00
product_004596,Home Goods,Household Tool 4596,1311,5.3,4.2,5.0,42.16,2024-01-01T00:00:00
product_004597,Home & Bedding,Home Textile 4597,1806,9.6,5.1,6.4,148.61,2024-01-01T00:00:00
product_004598,Mobile & Telecom,Connectivity Kit 4598,684,7.7,4.0,5.7,68.18,2024-01-01T00:00:00
product_004599,Sports & Outdoors,Outdoor Kit 4599,4604,13.0,6.6,6.8,85.0,2024-01-01T00:00:00
product_004600,Toys & Games,Learning Toy 4600,1098,7.2,4.3,4.8,30.82,2024-01-01T00:00:00
product_004601,Books & Media,Reference Book 4601,150,5.4,3.3,5.6,13.88,2024-01-01T00:00:00
product_004602,Electronics & Accessories,Audio Item 4602,1007,5.3,3.2,6.0,77.17,2024-01-01T00:00:00
product_004603,Pet Supplies,Feeding Set 4603,1996,9.1,3.8,6.3,46.46,2024-01-01T00:00:00
product_004604,Garden & Outdoor,Planting Set 4604,3989,11.0,5.9,8.2,37.99,2024-01-01T00:00:00
product_004605,Toys & Games,Family Game 4605,1556,8.5,4.0,6.2,44.46,2024-01-01T00:00:00
product_004606,Automotive,Maintenance Kit 4606,2255,8.1,4.3,5.4,111.78,2024-01-01T00:00:00
product_004607,Sports & Outdoors,Fitness Item 4607,1998,6.6,3.2,6.6,41.68,2024-01-01T00:00:00
product_004608,Home & Bedding,Bedding Set 4608,2736,6.6,4.8,6.7,100.62,2024-01-01T00:00:00
product_004609,Garden & Outdoor,Outdoor Accessory 4609,4208,9.7,8.0,6.9,105.47,2024-01-01T00:00:00
product_004610,Mobile & Telecom,Phone Item 4610,1309,6.6,3.8,4.8,150.36,2024-01-01T00:00:00
product_004611,Toys & Games,Activity Set 4611,572,6.7,4.5,4.2,36.46,2024-01-01T00:00:00
product_004612,Health & Beauty,Daily Essential 4612,260,6.1,4.6,6.0,25.07,2024-01-01T00:00:00
product_004613,Home & Bedding,Comfort Item 4613,635,6.7,3.8,6.3,63.22,2024-01-01T00:00:00
product_004614,Books & Media,Learning Guide 4614,301,6.6,2.3,6.5,23.08,2024-01-01T00:00:00
product_004615,Home & Bedding,Comfort Item 4615,3324,9.4,5.1,6.5,106.52,2024-01-01T00:00:00
product_004616,Baby Products,Infant Care Item 4616,1128,5.8,4.0,5.1,40.58,2024-01-01T00:00:00
product_004617,Watches & Gifts,Timepiece 4617,189,5.5,3.3,4.3,301.76,2024-01-01T00:00:00
product_004618,Office Supplies,Desk Set 4618,738,5.9,4.1,6.4,74.79,2024-01-01T00:00:00
product_004619,Mobile & Telecom,Mobile Accessory 4619,327,5.9,3.7,4.2,156.06,2024-01-01T00:00:00
product_004620,Toys & Games,Family Game 4620,1103,6.8,3.0,4.4,46.93,2024-01-01T00:00:00
product_004621,Furniture & Decor,Decor Item 4621,4750,7.5,8.2,6.0,165.54,2024-01-01T00:00:00
product_004622,Books & Media,Learning Guide 4622,566,6.9,3.1,5.9,22.25,2024-01-01T00:00:00
product_004623,Toys & Games,Family Game 4623,592,5.7,4.4,3.5,28.27,2024-01-01T00:00:00
product_004624,Home Goods,Household Tool 4624,1353,7.2,4.7,4.3,43.23,2024-01-01T00:00:00
product_004625,Fashion,Everyday Apparel 4625,257,7.7,2.0,3.4,85.43,2024-01-01T00:00:00
product_004626,Home Goods,Kitchen Item 4626,3750,10.2,5.9,6.9,42.22,2024-01-01T00:00:00
product_004627,Books & Media,Learning Guide 4627,434,6.5,2.9,4.6,26.5,2024-01-01T00:00:00
product_004628,Pet Supplies,Pet Activity Item 4628,601,7.5,4.2,4.5,17.25,2024-01-01T00:00:00
product_004629,Office Supplies,Desk Set 4629,1433,8.0,4.4,5.6,19.13,2024-01-01T00:00:00
product_004630,Electronics & Accessories,Audio Item 4630,1174,6.3,3.7,6.1,91.04,2024-01-01T00:00:00
product_004631,Office Supplies,Desk Set 4631,534,7.0,5.2,3.6,20.73,2024-01-01T00:00:00
product_004632,Pet Supplies,Pet Activity Item 4632,1667,7.4,4.1,5.9,25.14,2024-01-01T00:00:00
product_004633,Office Supplies,Writing Kit 4633,287,7.1,5.1,4.4,37.71,2024-01-01T00:00:00
product_004634,Home Goods,Household Tool 4634,1416,7.6,3.0,4.0,103.1,2024-01-01T00:00:00
product_004635,Electronics & Accessories,Device Accessory 4635,2269,6.5,5.1,5.6,251.43,2024-01-01T00:00:00
product_004636,Baby Products,Infant Care Item 4636,1153,6.3,4.8,4.1,41.47,2024-01-01T00:00:00
product_004637,Pet Supplies,Pet Activity Item 4637,1028,4.4,3.2,6.2,57.47,2024-01-01T00:00:00
product_004638,Mobile & Telecom,Connectivity Kit 4638,423,7.0,3.9,4.8,86.06,2024-01-01T00:00:00
product_004639,Automotive,Maintenance Kit 4639,2798,10.8,5.2,5.8,83.44,2024-01-01T00:00:00
product_004640,Home Goods,Kitchen Item 4640,4191,12.3,6.6,5.8,29.14,2024-01-01T00:00:00
product_004641,Sports & Outdoors,Training Gear 4641,2770,8.3,6.1,7.5,111.37,2024-01-01T00:00:00
product_004642,Furniture & Decor,Storage Unit 4642,4950,9.8,7.3,7.2,248.25,2024-01-01T00:00:00
product_004643,Home & Bedding,Comfort Item 4643,1328,5.5,4.1,4.5,30.93,2024-01-01T00:00:00
product_004644,Baby Products,Nursery Accessory 4644,2094,7.4,5.6,5.2,192.37,2024-01-01T00:00:00
product_004645,Home & Bedding,Comfort Item 4645,2111,8.5,4.3,7.8,73.81,2024-01-01T00:00:00
product_004646,Home Goods,Organization Set 4646,1415,5.8,3.3,5.1,57.07,2024-01-01T00:00:00
product_004647,Mobile & Telecom,Connectivity Kit 4647,767,7.0,4.1,5.1,69.51,2024-01-01T00:00:00
product_004648,Sports & Outdoors,Outdoor Kit 4648,2829,9.9,4.9,6.0,79.22,2024-01-01T00:00:00
product_004649,Fashion,Everyday Apparel 4649,412,6.4,2.1,4.1,109.99,2024-01-01T00:00:00
product_004650,Pet Supplies,Feeding Set 4650,799,6.0,4.2,5.4,16.25,2024-01-01T00:00:00
product_004651,Mobile & Telecom,Mobile Accessory 4651,1276,5.8,4.4,5.9,336.93,2024-01-01T00:00:00
product_004652,Health & Beauty,Care Set 4652,171,6.8,5.2,5.0,10.33,2024-01-01T00:00:00
product_004653,Office Supplies,Desk Set 4653,595,6.2,3.5,4.7,49.12,2024-01-01T00:00:00
product_004654,Books & Media,Media Collection 4654,431,5.0,3.6,5.7,48.98,2024-01-01T00:00:00
product_004655,Home Goods,Organization Set 4655,3422,8.2,3.7,8.9,54.59,2024-01-01T00:00:00
product_004656,Garden & Outdoor,Garden Tool 4656,3205,7.5,5.7,5.8,75.35,2024-01-01T00:00:00
product_004657,Books & Media,Learning Guide 4657,435,4.9,4.1,5.5,19.53,2024-01-01T00:00:00
product_004658,Automotive,Travel Item 4658,1378,6.5,4.2,6.5,88.51,2024-01-01T00:00:00
product_004659,Watches & Gifts,Gift Set 4659,146,5.4,4.0,3.3,65.03,2024-01-01T00:00:00
product_004660,Mobile & Telecom,Mobile Accessory 4660,662,6.6,3.0,5.1,95.16,2024-01-01T00:00:00
product_004661,Electronics & Accessories,Device Accessory 4661,765,6.3,3.1,4.7,78.0,2024-01-01T00:00:00
product_004662,Toys & Games,Learning Toy 4662,918,8.2,4.6,5.3,60.22,2024-01-01T00:00:00
product_004663,Automotive,Travel Item 4663,6213,9.1,5.5,7.6,95.83,2024-01-01T00:00:00
product_004664,Home Goods,Organization Set 4664,1763,7.2,4.4,4.5,63.57,2024-01-01T00:00:00
product_004665,Sports & Outdoors,Fitness Item 4665,2640,7.9,5.8,6.4,74.3,2024-01-01T00:00:00
product_004666,Books & Media,Learning Guide 4666,616,7.6,4.7,4.5,23.79,2024-01-01T00:00:00
product_004667,Pet Supplies,Pet Activity Item 4667,1165,6.0,4.8,3.2,63.18,2024-01-01T00:00:00
product_004668,Mobile & Telecom,Mobile Accessory 4668,780,4.7,5.2,5.3,157.17,2024-01-01T00:00:00
product_004669,Baby Products,Feeding Item 4669,1002,7.0,4.5,6.0,67.09,2024-01-01T00:00:00
product_004670,Automotive,Travel Item 4670,9964,16.6,7.3,10.5,93.51,2024-01-01T00:00:00
product_004671,Pet Supplies,Feeding Set 4671,372,6.3,4.1,4.3,15.67,2024-01-01T00:00:00
product_004672,Home & Bedding,Comfort Item 4672,2860,8.4,4.7,6.7,82.9,2024-01-01T00:00:00
product_004673,Office Supplies,Writing Kit 4673,1739,8.1,5.9,5.2,24.31,2024-01-01T00:00:00
product_004674,Toys & Games,Family Game 4674,2438,6.2,7.1,8.2,27.33,2024-01-01T00:00:00
product_004675,Garden & Outdoor,Outdoor Accessory 4675,3248,8.7,7.0,8.9,41.31,2024-01-01T00:00:00
product_004676,Pet Supplies,Feeding Set 4676,2350,9.4,2.6,7.4,26.4,2024-01-01T00:00:00
product_004677,Toys & Games,Family Game 4677,775,7.6,5.3,4.6,58.48,2024-01-01T00:00:00
product_004678,Automotive,Maintenance Kit 4678,1856,9.0,4.2,5.7,319.53,2024-01-01T00:00:00
product_004679,Furniture & Decor,Decor Item 4679,4356,11.9,6.4,7.6,233.27,2024-01-01T00:00:00
product_004680,Mobile & Telecom,Phone Item 4680,997,5.4,3.9,4.8,120.9,2024-01-01T00:00:00
product_004681,Books & Media,Media Collection 4681,393,6.6,3.9,3.8,18.34,2024-01-01T00:00:00
product_004682,Home Goods,Household Tool 4682,1973,7.9,5.2,6.0,91.38,2024-01-01T00:00:00
product_004683,Baby Products,Feeding Item 4683,522,4.5,3.5,5.4,22.72,2024-01-01T00:00:00
product_004684,Watches & Gifts,Timepiece 4684,577,6.0,2.1,4.6,609.44,2024-01-01T00:00:00
product_004685,Furniture & Decor,Storage Unit 4685,7625,12.9,8.7,9.9,243.83,2024-01-01T00:00:00
product_004686,Home Goods,Household Tool 4686,5264,10.6,7.5,8.0,79.0,2024-01-01T00:00:00
product_004687,Books & Media,Reference Book 4687,562,4.6,3.6,6.7,32.1,2024-01-01T00:00:00
product_004688,Pet Supplies,Feeding Set 4688,5352,12.9,6.0,7.5,48.72,2024-01-01T00:00:00
product_004689,Electronics & Accessories,Charging Kit 4689,631,7.8,4.2,4.8,102.49,2024-01-01T00:00:00
product_004690,Watches & Gifts,Gift Set 4690,318,5.9,3.5,6.1,113.84,2024-01-01T00:00:00
product_004691,Fashion,Fashion Accessory 4691,1126,7.8,3.3,5.3,21.04,2024-01-01T00:00:00
product_004692,Automotive,Vehicle Accessory 4692,1120,6.1,3.9,3.7,181.67,2024-01-01T00:00:00
product_004693,Health & Beauty,Daily Essential 4693,745,7.4,4.2,4.0,27.69,2024-01-01T00:00:00
product_004694,Baby Products,Infant Care Item 4694,1314,5.9,3.5,6.9,69.86,2024-01-01T00:00:00
product_004695,Toys & Games,Activity Set 4695,907,6.8,4.1,6.9,102.53,2024-01-01T00:00:00
product_004696,Pet Supplies,Feeding Set 4696,732,5.3,4.0,6.4,56.51,2024-01-01T00:00:00
product_004697,Sports & Outdoors,Outdoor Kit 4697,3144,8.4,5.4,6.0,128.37,2024-01-01T00:00:00
product_004698,Pet Supplies,Pet Care Item 4698,1617,8.0,3.2,6.0,34.22,2024-01-01T00:00:00
product_004699,Home & Bedding,Bedding Set 4699,2210,5.0,5.1,7.7,78.15,2024-01-01T00:00:00
product_004700,Books & Media,Reference Book 4700,237,7.3,4.5,4.9,13.7,2024-01-01T00:00:00
product_004701,Mobile & Telecom,Mobile Accessory 4701,946,6.3,4.8,4.6,212.12,2024-01-01T00:00:00
product_004702,Sports & Outdoors,Training Gear 4702,2950,8.7,5.1,4.5,86.6,2024-01-01T00:00:00
product_004703,Books & Media,Reference Book 4703,157,6.5,3.3,4.8,20.89,2024-01-01T00:00:00
product_004704,Automotive,Maintenance Kit 4704,2244,8.1,6.7,6.5,68.94,2024-01-01T00:00:00
product_004705,Furniture & Decor,Decor Item 4705,3354,9.6,4.3,6.7,350.32,2024-01-01T00:00:00
product_004706,Office Supplies,Writing Kit 4706,609,6.4,4.0,3.7,15.66,2024-01-01T00:00:00
product_004707,Office Supplies,Desk Set 4707,799,5.7,5.7,6.6,12.15,2024-01-01T00:00:00
product_004708,Pet Supplies,Pet Activity Item 4708,1618,7.2,4.3,6.9,44.96,2024-01-01T00:00:00
product_004709,Sports & Outdoors,Training Gear 4709,3362,9.9,4.4,6.3,104.6,2024-01-01T00:00:00
product_004710,Office Supplies,Office Organizer 4710,500,5.2,2.7,4.1,18.41,2024-01-01T00:00:00
product_004711,Watches & Gifts,Gift Set 4711,249,6.0,4.8,3.6,248.03,2024-01-01T00:00:00
product_004712,Electronics & Accessories,Audio Item 4712,452,6.4,4.6,5.6,85.09,2024-01-01T00:00:00
product_004713,Health & Beauty,Wellness Item 4713,509,5.3,2.9,3.4,60.82,2024-01-01T00:00:00
product_004714,Office Supplies,Desk Set 4714,1712,9.0,3.9,6.0,28.67,2024-01-01T00:00:00
product_004715,Watches & Gifts,Gift Set 4715,369,6.4,4.5,6.2,94.88,2024-01-01T00:00:00
product_004716,Sports & Outdoors,Training Gear 4716,3150,8.4,6.2,8.8,46.27,2024-01-01T00:00:00
product_004717,Fashion,Fashion Accessory 4717,198,6.0,4.2,4.2,120.29,2024-01-01T00:00:00
product_004718,Watches & Gifts,Gift Set 4718,911,6.7,3.3,5.3,179.01,2024-01-01T00:00:00
product_004719,Health & Beauty,Care Set 4719,420,8.0,5.2,5.6,37.72,2024-01-01T00:00:00
product_004720,Baby Products,Nursery Accessory 4720,2323,9.5,6.1,7.3,36.96,2024-01-01T00:00:00
product_004721,Fashion,Fashion Accessory 4721,160,7.7,4.0,5.4,49.73,2024-01-01T00:00:00
product_004722,Sports & Outdoors,Fitness Item 4722,3178,7.2,7.6,7.7,65.96,2024-01-01T00:00:00
product_004723,Automotive,Vehicle Accessory 4723,916,4.8,2.8,6.7,21.12,2024-01-01T00:00:00
product_004724,Books & Media,Reference Book 4724,333,6.0,3.7,4.8,14.54,2024-01-01T00:00:00
product_004725,Home Goods,Household Tool 4725,2479,5.7,5.8,8.2,33.36,2024-01-01T00:00:00
product_004726,Pet Supplies,Pet Care Item 4726,1376,5.4,4.6,4.2,42.13,2024-01-01T00:00:00
product_004727,Books & Media,Learning Guide 4727,334,5.8,4.2,5.6,20.67,2024-01-01T00:00:00
product_004728,Watches & Gifts,Keepsake Item 4728,403,6.9,4.5,4.4,43.89,2024-01-01T00:00:00
product_004729,Baby Products,Infant Care Item 4729,663,5.7,4.6,3.7,40.92,2024-01-01T00:00:00
product_004730,Baby Products,Infant Care Item 4730,1128,7.6,4.5,6.5,41.25,2024-01-01T00:00:00
product_004731,Fashion,Seasonal Wear 4731,414,7.5,3.3,5.0,46.64,2024-01-01T00:00:00
product_004732,Automotive,Vehicle Accessory 4732,2489,8.2,5.6,6.8,32.82,2024-01-01T00:00:00
product_004733,Baby Products,Infant Care Item 4733,1155,7.0,4.0,4.1,49.96,2024-01-01T00:00:00
product_004734,Books & Media,Media Collection 4734,113,6.2,4.4,5.5,42.04,2024-01-01T00:00:00
product_004735,Garden & Outdoor,Garden Tool 4735,2488,8.8,3.8,7.9,61.59,2024-01-01T00:00:00
product_004736,Mobile & Telecom,Phone Item 4736,1044,7.7,3.4,5.3,27.89,2024-01-01T00:00:00
product_004737,Fashion,Fashion Accessory 4737,566,7.7,3.4,6.7,56.92,2024-01-01T00:00:00
product_004738,Furniture & Decor,Storage Unit 4738,9827,6.9,7.9,9.9,246.44,2024-01-01T00:00:00
product_004739,Automotive,Vehicle Accessory 4739,1664,9.4,3.8,5.7,52.08,2024-01-01T00:00:00
product_004740,Garden & Outdoor,Outdoor Accessory 4740,6805,12.1,5.9,7.1,136.88,2024-01-01T00:00:00
product_004741,Health & Beauty,Daily Essential 4741,318,6.5,5.0,6.1,20.85,2024-01-01T00:00:00
product_004742,Books & Media,Media Collection 4742,366,7.3,4.7,4.9,35.58,2024-01-01T00:00:00
product_004743,Automotive,Maintenance Kit 4743,3066,10.1,5.8,7.6,150.16,2024-01-01T00:00:00
product_004744,Books & Media,Learning Guide 4744,539,7.3,3.4,6.8,31.28,2024-01-01T00:00:00
product_004745,Sports & Outdoors,Outdoor Kit 4745,3722,12.0,7.8,8.2,113.02,2024-01-01T00:00:00
product_004746,Office Supplies,Writing Kit 4746,543,8.1,4.6,5.0,26.57,2024-01-01T00:00:00
product_004747,Health & Beauty,Wellness Item 4747,611,6.9,4.3,5.8,26.21,2024-01-01T00:00:00
product_004748,Automotive,Travel Item 4748,5116,13.8,4.8,6.0,78.89,2024-01-01T00:00:00
product_004749,Books & Media,Learning Guide 4749,454,7.8,3.2,3.7,24.01,2024-01-01T00:00:00
product_004750,Mobile & Telecom,Mobile Accessory 4750,1000,7.1,4.3,5.2,151.13,2024-01-01T00:00:00
product_004751,Mobile & Telecom,Connectivity Kit 4751,1061,5.8,4.3,5.7,156.29,2024-01-01T00:00:00
product_004752,Baby Products,Nursery Accessory 4752,1227,4.7,4.7,5.6,31.13,2024-01-01T00:00:00
product_004753,Watches & Gifts,Keepsake Item 4753,347,7.1,2.7,4.5,53.59,2024-01-01T00:00:00
product_004754,Health & Beauty,Wellness Item 4754,133,5.3,4.1,5.7,31.55,2024-01-01T00:00:00
product_004755,Mobile & Telecom,Phone Item 4755,678,5.3,3.9,4.5,70.04,2024-01-01T00:00:00
product_004756,Garden & Outdoor,Planting Set 4756,7253,13.2,5.1,8.8,86.52,2024-01-01T00:00:00
product_004757,Fashion,Fashion Accessory 4757,205,6.8,5.0,4.6,110.84,2024-01-01T00:00:00
product_004758,Home Goods,Household Tool 4758,2031,9.7,5.6,6.6,75.24,2024-01-01T00:00:00
product_004759,Pet Supplies,Pet Care Item 4759,2236,7.2,4.1,6.3,48.54,2024-01-01T00:00:00
product_004760,Fashion,Fashion Accessory 4760,961,7.3,3.9,4.9,38.86,2024-01-01T00:00:00
product_004761,Baby Products,Nursery Accessory 4761,4778,11.0,5.7,9.0,81.37,2024-01-01T00:00:00
product_004762,Home & Bedding,Comfort Item 4762,2567,9.6,5.6,8.3,46.76,2024-01-01T00:00:00
product_004763,Furniture & Decor,Decor Item 4763,5447,10.5,3.8,8.5,461.75,2024-01-01T00:00:00
product_004764,Toys & Games,Learning Toy 4764,891,6.6,4.0,4.2,40.8,2024-01-01T00:00:00
product_004765,Electronics & Accessories,Audio Item 4765,668,5.1,3.5,4.5,119.32,2024-01-01T00:00:00
product_004766,Books & Media,Reference Book 4766,607,4.9,4.1,5.4,16.47,2024-01-01T00:00:00
product_004767,Health & Beauty,Wellness Item 4767,370,7.6,4.8,5.9,31.11,2024-01-01T00:00:00
product_004768,Home & Bedding,Bedding Set 4768,1548,5.8,3.6,6.4,38.38,2024-01-01T00:00:00
product_004769,Home & Bedding,Bedding Set 4769,2197,10.5,4.6,6.2,67.41,2024-01-01T00:00:00
product_004770,Watches & Gifts,Gift Set 4770,256,6.2,2.2,4.2,396.08,2024-01-01T00:00:00
product_004771,Electronics & Accessories,Audio Item 4771,2494,10.1,5.2,6.2,58.5,2024-01-01T00:00:00
product_004772,Sports & Outdoors,Fitness Item 4772,2523,10.3,4.7,7.4,88.21,2024-01-01T00:00:00
product_004773,Toys & Games,Activity Set 4773,357,6.4,3.2,4.3,26.54,2024-01-01T00:00:00
product_004774,Home & Bedding,Bedding Set 4774,1593,8.6,3.9,6.4,61.93,2024-01-01T00:00:00
product_004775,Books & Media,Reference Book 4775,493,8.3,2.9,5.5,17.75,2024-01-01T00:00:00
product_004776,Watches & Gifts,Gift Set 4776,396,7.2,3.8,6.5,52.98,2024-01-01T00:00:00
product_004777,Health & Beauty,Wellness Item 4777,147,7.5,5.0,5.9,61.25,2024-01-01T00:00:00
product_004778,Books & Media,Reference Book 4778,306,7.0,3.2,4.7,20.15,2024-01-01T00:00:00
product_004779,Books & Media,Reference Book 4779,585,6.2,2.7,4.4,20.91,2024-01-01T00:00:00
product_004780,Furniture & Decor,Decor Item 4780,9613,13.5,8.8,10.7,155.51,2024-01-01T00:00:00
product_004781,Health & Beauty,Wellness Item 4781,474,6.6,4.1,5.1,15.59,2024-01-01T00:00:00
product_004782,Mobile & Telecom,Connectivity Kit 4782,674,7.4,3.9,4.2,68.98,2024-01-01T00:00:00
product_004783,Home & Bedding,Comfort Item 4783,1637,8.7,4.3,5.2,49.91,2024-01-01T00:00:00
product_004784,Automotive,Maintenance Kit 4784,2719,6.3,4.7,7.5,35.3,2024-01-01T00:00:00
product_004785,Office Supplies,Desk Set 4785,462,5.9,4.5,4.4,26.96,2024-01-01T00:00:00
product_004786,Home Goods,Kitchen Item 4786,681,6.9,4.3,3.2,73.55,2024-01-01T00:00:00
product_004787,Home Goods,Kitchen Item 4787,4260,11.4,8.8,8.4,104.15,2024-01-01T00:00:00
product_004788,Office Supplies,Desk Set 4788,464,7.6,5.0,4.9,55.62,2024-01-01T00:00:00
product_004789,Home & Bedding,Comfort Item 4789,1181,5.6,4.5,5.3,65.07,2024-01-01T00:00:00
product_004790,Home Goods,Organization Set 4790,2290,9.1,4.2,5.9,65.9,2024-01-01T00:00:00
product_004791,Books & Media,Media Collection 4791,68,6.5,4.7,4.3,28.87,2024-01-01T00:00:00
product_004792,Books & Media,Learning Guide 4792,195,6.5,4.9,5.9,11.89,2024-01-01T00:00:00
product_004793,Health & Beauty,Daily Essential 4793,512,6.6,3.9,3.8,48.23,2024-01-01T00:00:00
product_004794,Watches & Gifts,Timepiece 4794,236,6.4,4.6,4.3,33.52,2024-01-01T00:00:00
product_004795,Books & Media,Reference Book 4795,324,5.2,4.2,3.6,26.15,2024-01-01T00:00:00
product_004796,Home Goods,Kitchen Item 4796,1197,5.9,4.1,4.4,46.36,2024-01-01T00:00:00
product_004797,Office Supplies,Office Organizer 4797,745,6.2,3.1,4.0,41.85,2024-01-01T00:00:00
product_004798,Watches & Gifts,Gift Set 4798,178,6.1,4.7,4.9,88.26,2024-01-01T00:00:00
product_004799,Home Goods,Household Tool 4799,3735,9.4,5.6,6.8,35.39,2024-01-01T00:00:00
product_004800,Watches & Gifts,Gift Set 4800,308,6.9,3.8,5.0,104.55,2024-01-01T00:00:00
product_004801,Mobile & Telecom,Connectivity Kit 4801,420,4.4,4.8,6.8,149.62,2024-01-01T00:00:00
product_004802,Watches & Gifts,Keepsake Item 4802,348,7.2,3.8,5.5,69.61,2024-01-01T00:00:00
product_004803,Home & Bedding,Comfort Item 4803,1521,8.2,3.7,5.9,207.77,2024-01-01T00:00:00
product_004804,Watches & Gifts,Gift Set 4804,406,7.5,4.2,4.8,100.34,2024-01-01T00:00:00
product_004805,Furniture & Decor,Accent Furniture 4805,5045,11.8,9.2,8.7,453.6,2024-01-01T00:00:00
product_004806,Health & Beauty,Wellness Item 4806,651,7.2,5.5,4.8,36.69,2024-01-01T00:00:00
product_004807,Electronics & Accessories,Charging Kit 4807,480,6.5,3.9,3.0,169.75,2024-01-01T00:00:00
product_004808,Automotive,Vehicle Accessory 4808,5209,10.0,9.0,5.9,84.72,2024-01-01T00:00:00
product_004809,Sports & Outdoors,Fitness Item 4809,2099,8.6,5.4,4.5,272.78,2024-01-01T00:00:00
product_004810,Baby Products,Nursery Accessory 4810,1787,8.2,5.6,5.4,210.75,2024-01-01T00:00:00
product_004811,Watches & Gifts,Timepiece 4811,265,7.0,5.4,5.1,57.24,2024-01-01T00:00:00
product_004812,Home Goods,Organization Set 4812,1591,7.2,4.8,7.2,129.73,2024-01-01T00:00:00
product_004813,Automotive,Vehicle Accessory 4813,3598,5.8,7.1,6.9,114.34,2024-01-01T00:00:00
product_004814,Mobile & Telecom,Mobile Accessory 4814,1162,7.2,2.6,4.1,111.03,2024-01-01T00:00:00
product_004815,Fashion,Fashion Accessory 4815,640,6.9,5.3,4.2,41.62,2024-01-01T00:00:00
product_004816,Home & Bedding,Bedding Set 4816,3364,9.0,6.9,7.4,58.01,2024-01-01T00:00:00
product_004817,Pet Supplies,Pet Care Item 4817,824,5.5,4.3,4.9,36.48,2024-01-01T00:00:00
product_004818,Home Goods,Organization Set 4818,3928,9.3,6.2,6.9,67.85,2024-01-01T00:00:00
product_004819,Books & Media,Learning Guide 4819,795,4.6,4.6,3.9,33.22,2024-01-01T00:00:00
product_004820,Office Supplies,Desk Set 4820,481,5.3,4.0,4.7,27.3,2024-01-01T00:00:00
product_004821,Sports & Outdoors,Outdoor Kit 4821,5285,11.0,7.4,7.7,26.49,2024-01-01T00:00:00
product_004822,Garden & Outdoor,Garden Tool 4822,6874,12.8,7.9,7.6,34.04,2024-01-01T00:00:00
product_004823,Furniture & Decor,Decor Item 4823,14836,17.0,5.7,10.6,246.8,2024-01-01T00:00:00
product_004824,Office Supplies,Office Organizer 4824,728,8.3,4.4,5.9,22.0,2024-01-01T00:00:00
product_004825,Pet Supplies,Pet Care Item 4825,1383,7.8,4.1,4.5,81.15,2024-01-01T00:00:00
product_004826,Health & Beauty,Wellness Item 4826,262,5.8,5.2,6.0,62.2,2024-01-01T00:00:00
product_004827,Books & Media,Reference Book 4827,379,5.8,3.7,5.8,43.73,2024-01-01T00:00:00
product_004828,Baby Products,Feeding Item 4828,1577,5.8,4.8,5.6,39.38,2024-01-01T00:00:00
product_004829,Garden & Outdoor,Outdoor Accessory 4829,5446,6.1,7.3,6.1,56.48,2024-01-01T00:00:00
product_004830,Toys & Games,Activity Set 4830,647,6.0,4.6,4.3,23.31,2024-01-01T00:00:00
product_004831,Watches & Gifts,Gift Set 4831,237,6.8,3.7,4.8,102.77,2024-01-01T00:00:00
product_004832,Mobile & Telecom,Mobile Accessory 4832,923,7.2,3.7,5.8,331.12,2024-01-01T00:00:00
product_004833,Baby Products,Feeding Item 4833,929,7.4,4.7,4.6,153.56,2024-01-01T00:00:00
product_004834,Garden & Outdoor,Planting Set 4834,1363,7.0,4.8,7.2,20.58,2024-01-01T00:00:00
product_004835,Books & Media,Media Collection 4835,467,5.7,5.0,5.5,10.24,2024-01-01T00:00:00
product_004836,Office Supplies,Writing Kit 4836,374,8.2,4.6,6.1,43.68,2024-01-01T00:00:00
product_004837,Watches & Gifts,Gift Set 4837,699,6.0,3.8,5.0,38.98,2024-01-01T00:00:00
product_004838,Toys & Games,Learning Toy 4838,1744,7.7,4.8,6.1,35.9,2024-01-01T00:00:00
product_004839,Pet Supplies,Pet Activity Item 4839,2777,8.8,4.3,7.2,33.18,2024-01-01T00:00:00
product_004840,Automotive,Travel Item 4840,2380,9.4,5.5,6.3,102.49,2024-01-01T00:00:00
product_004841,Garden & Outdoor,Outdoor Accessory 4841,2106,8.0,4.7,6.1,100.06,2024-01-01T00:00:00
product_004842,Books & Media,Reference Book 4842,160,4.9,5.3,4.9,26.65,2024-01-01T00:00:00
product_004843,Health & Beauty,Daily Essential 4843,285,7.0,4.2,5.2,24.96,2024-01-01T00:00:00
product_004844,Electronics & Accessories,Audio Item 4844,1618,8.1,4.5,6.2,93.77,2024-01-01T00:00:00
product_004845,Pet Supplies,Pet Activity Item 4845,2314,8.6,5.0,5.7,32.93,2024-01-01T00:00:00
product_004846,Books & Media,Media Collection 4846,337,7.9,5.1,4.3,20.17,2024-01-01T00:00:00
product_004847,Automotive,Maintenance Kit 4847,4156,9.3,7.7,7.6,84.43,2024-01-01T00:00:00
product_004848,Watches & Gifts,Gift Set 4848,255,4.5,2.9,4.2,198.27,2024-01-01T00:00:00
product_004849,Automotive,Vehicle Accessory 4849,2827,6.8,3.8,7.9,73.85,2024-01-01T00:00:00
product_004850,Watches & Gifts,Timepiece 4850,728,5.3,4.9,5.1,114.2,2024-01-01T00:00:00
product_004851,Fashion,Everyday Apparel 4851,145,7.2,3.8,4.8,58.84,2024-01-01T00:00:00
product_004852,Home Goods,Household Tool 4852,1412,5.9,4.8,6.0,27.99,2024-01-01T00:00:00
product_004853,Books & Media,Media Collection 4853,445,6.4,3.7,3.7,28.16,2024-01-01T00:00:00
product_004854,Mobile & Telecom,Mobile Accessory 4854,713,7.5,4.0,5.2,164.69,2024-01-01T00:00:00
product_004855,Home & Bedding,Home Textile 4855,840,6.0,5.2,5.0,63.35,2024-01-01T00:00:00
product_004856,Mobile & Telecom,Connectivity Kit 4856,464,5.5,4.6,4.3,60.58,2024-01-01T00:00:00
product_004857,Mobile & Telecom,Phone Item 4857,603,5.4,3.1,5.0,100.05,2024-01-01T00:00:00
product_004858,Books & Media,Media Collection 4858,674,6.9,4.0,5.3,25.64,2024-01-01T00:00:00
product_004859,Pet Supplies,Pet Activity Item 4859,3237,10.0,6.4,6.3,33.42,2024-01-01T00:00:00
product_004860,Watches & Gifts,Timepiece 4860,190,6.4,5.2,3.5,148.77,2024-01-01T00:00:00
product_004861,Office Supplies,Office Organizer 4861,1679,8.2,6.0,5.9,21.81,2024-01-01T00:00:00
product_004862,Watches & Gifts,Timepiece 4862,66,6.6,4.4,4.7,75.68,2024-01-01T00:00:00
product_004863,Office Supplies,Office Organizer 4863,1436,8.7,4.6,4.4,33.17,2024-01-01T00:00:00
product_004864,Watches & Gifts,Timepiece 4864,435,6.6,3.9,5.0,53.24,2024-01-01T00:00:00
product_004865,Fashion,Everyday Apparel 4865,804,6.3,3.8,5.2,51.38,2024-01-01T00:00:00
product_004866,Automotive,Travel Item 4866,2149,8.2,5.1,6.1,73.76,2024-01-01T00:00:00
product_004867,Home Goods,Kitchen Item 4867,1695,9.3,5.6,7.5,31.18,2024-01-01T00:00:00
product_004868,Garden & Outdoor,Garden Tool 4868,3873,11.4,6.9,7.2,278.23,2024-01-01T00:00:00
product_004869,Automotive,Maintenance Kit 4869,2446,5.6,5.8,7.8,127.96,2024-01-01T00:00:00
product_004870,Sports & Outdoors,Training Gear 4870,4204,8.9,6.7,7.3,167.96,2024-01-01T00:00:00
product_004871,Electronics & Accessories,Audio Item 4871,2342,7.1,6.0,6.3,153.05,2024-01-01T00:00:00
product_004872,Watches & Gifts,Timepiece 4872,360,4.7,4.0,4.3,58.61,2024-01-01T00:00:00
product_004873,Mobile & Telecom,Connectivity Kit 4873,720,7.7,4.5,4.8,75.52,2024-01-01T00:00:00
product_004874,Health & Beauty,Care Set 4874,358,6.3,2.5,4.8,23.68,2024-01-01T00:00:00
product_004875,Health & Beauty,Daily Essential 4875,519,7.6,5.0,5.1,19.18,2024-01-01T00:00:00
product_004876,Electronics & Accessories,Audio Item 4876,2284,6.6,4.0,5.0,111.1,2024-01-01T00:00:00
product_004877,Electronics & Accessories,Audio Item 4877,465,6.8,3.7,5.4,93.47,2024-01-01T00:00:00
product_004878,Electronics & Accessories,Charging Kit 4878,1473,8.9,5.6,4.9,206.94,2024-01-01T00:00:00
product_004879,Mobile & Telecom,Phone Item 4879,452,4.4,3.6,4.9,37.36,2024-01-01T00:00:00
product_004880,Home & Bedding,Home Textile 4880,938,7.3,5.1,5.9,67.38,2024-01-01T00:00:00
product_004881,Garden & Outdoor,Planting Set 4881,2016,6.8,5.8,7.3,106.01,2024-01-01T00:00:00
product_004882,Office Supplies,Desk Set 4882,498,6.1,2.8,4.7,27.44,2024-01-01T00:00:00
product_004883,Mobile & Telecom,Connectivity Kit 4883,423,5.6,4.4,3.6,137.12,2024-01-01T00:00:00
product_004884,Health & Beauty,Wellness Item 4884,1218,5.7,3.7,5.3,21.76,2024-01-01T00:00:00
product_004885,Garden & Outdoor,Planting Set 4885,4493,11.1,4.6,7.9,82.83,2024-01-01T00:00:00
product_004886,Books & Media,Learning Guide 4886,798,4.6,4.9,6.4,26.61,2024-01-01T00:00:00
product_004887,Furniture & Decor,Decor Item 4887,8928,13.8,8.4,10.9,103.42,2024-01-01T00:00:00
product_004888,Mobile & Telecom,Phone Item 4888,1027,5.7,3.6,4.5,89.82,2024-01-01T00:00:00
product_004889,Mobile & Telecom,Mobile Accessory 4889,1047,5.7,4.2,5.4,81.49,2024-01-01T00:00:00
product_004890,Baby Products,Nursery Accessory 4890,1277,8.4,4.2,5.2,70.09,2024-01-01T00:00:00
product_004891,Sports & Outdoors,Fitness Item 4891,2155,9.0,5.8,8.2,116.83,2024-01-01T00:00:00
product_004892,Office Supplies,Writing Kit 4892,421,6.1,4.1,4.9,25.13,2024-01-01T00:00:00
product_004893,Electronics & Accessories,Device Accessory 4893,645,6.3,4.2,3.9,83.52,2024-01-01T00:00:00
product_004894,Health & Beauty,Care Set 4894,665,5.8,4.2,5.3,42.93,2024-01-01T00:00:00
product_004895,Baby Products,Nursery Accessory 4895,1707,7.5,4.8,5.2,61.51,2024-01-01T00:00:00
product_004896,Toys & Games,Family Game 4896,800,7.3,3.3,5.0,46.12,2024-01-01T00:00:00
product_004897,Home Goods,Organization Set 4897,848,7.5,4.7,4.9,40.44,2024-01-01T00:00:00
product_004898,Toys & Games,Activity Set 4898,698,6.2,3.7,4.9,32.54,2024-01-01T00:00:00
product_004899,Mobile & Telecom,Connectivity Kit 4899,260,6.6,4.0,5.9,97.82,2024-01-01T00:00:00
product_004900,Sports & Outdoors,Outdoor Kit 4900,7251,11.9,8.6,10.7,154.15,2024-01-01T00:00:00
product_004901,Garden & Outdoor,Planting Set 4901,6628,10.4,5.8,5.2,54.51,2024-01-01T00:00:00
product_004902,Pet Supplies,Pet Activity Item 4902,1039,5.5,4.2,5.3,26.25,2024-01-01T00:00:00
product_004903,Toys & Games,Learning Toy 4903,1295,5.4,4.4,4.2,63.9,2024-01-01T00:00:00
product_004904,Office Supplies,Office Organizer 4904,535,6.6,3.8,4.7,15.34,2024-01-01T00:00:00
product_004905,Home Goods,Household Tool 4905,1800,6.4,4.4,6.0,67.67,2024-01-01T00:00:00
product_004906,Office Supplies,Desk Set 4906,1768,6.4,5.8,6.4,33.48,2024-01-01T00:00:00
product_004907,Furniture & Decor,Accent Furniture 4907,11440,19.5,8.7,11.7,225.34,2024-01-01T00:00:00
product_004908,Watches & Gifts,Keepsake Item 4908,284,7.4,3.9,4.8,103.6,2024-01-01T00:00:00
product_004909,Furniture & Decor,Decor Item 4909,4764,9.2,5.6,8.3,121.6,2024-01-01T00:00:00
product_004910,Baby Products,Feeding Item 4910,481,6.6,4.6,4.5,127.83,2024-01-01T00:00:00
product_004911,Pet Supplies,Pet Activity Item 4911,2322,5.9,4.2,6.0,67.53,2024-01-01T00:00:00
product_004912,Furniture & Decor,Storage Unit 4912,17482,16.4,11.9,10.8,490.67,2024-01-01T00:00:00
product_004913,Home Goods,Kitchen Item 4913,1740,9.1,5.0,6.2,57.24,2024-01-01T00:00:00
product_004914,Home & Bedding,Comfort Item 4914,2318,9.4,4.1,5.8,84.49,2024-01-01T00:00:00
product_004915,Sports & Outdoors,Training Gear 4915,3575,10.5,6.0,7.6,71.23,2024-01-01T00:00:00
product_004916,Pet Supplies,Pet Care Item 4916,647,5.3,5.2,4.8,52.1,2024-01-01T00:00:00
product_004917,Fashion,Everyday Apparel 4917,426,7.1,3.0,6.7,96.78,2024-01-01T00:00:00
product_004918,Office Supplies,Desk Set 4918,1448,4.6,3.9,5.6,33.16,2024-01-01T00:00:00
product_004919,Toys & Games,Learning Toy 4919,971,6.5,4.1,4.5,46.07,2024-01-01T00:00:00
product_004920,Home Goods,Kitchen Item 4920,2285,5.6,5.8,6.5,51.35,2024-01-01T00:00:00
product_004921,Electronics & Accessories,Audio Item 4921,1293,8.3,3.4,5.5,286.49,2024-01-01T00:00:00
product_004922,Home Goods,Organization Set 4922,3834,10.0,6.7,5.7,47.19,2024-01-01T00:00:00
product_004923,Garden & Outdoor,Garden Tool 4923,2773,7.4,5.4,7.4,71.92,2024-01-01T00:00:00
product_004924,Garden & Outdoor,Outdoor Accessory 4924,2417,8.4,4.6,6.4,52.99,2024-01-01T00:00:00
product_004925,Pet Supplies,Feeding Set 4925,2216,7.0,3.5,6.5,27.99,2024-01-01T00:00:00
product_004926,Home & Bedding,Home Textile 4926,1662,5.8,5.3,5.2,98.87,2024-01-01T00:00:00
product_004927,Electronics & Accessories,Audio Item 4927,1235,7.0,4.0,5.4,94.14,2024-01-01T00:00:00
product_004928,Toys & Games,Activity Set 4928,1211,6.9,5.8,5.6,47.75,2024-01-01T00:00:00
product_004929,Home & Bedding,Home Textile 4929,2169,6.7,5.7,6.8,101.66,2024-01-01T00:00:00
product_004930,Fashion,Everyday Apparel 4930,311,5.8,2.7,4.2,74.12,2024-01-01T00:00:00
product_004931,Health & Beauty,Wellness Item 4931,584,6.7,5.1,5.5,14.48,2024-01-01T00:00:00
product_004932,Watches & Gifts,Gift Set 4932,192,5.9,3.3,5.6,40.22,2024-01-01T00:00:00
product_004933,Furniture & Decor,Decor Item 4933,7172,12.0,10.2,10.4,264.75,2024-01-01T00:00:00
product_004934,Pet Supplies,Feeding Set 4934,1146,5.0,3.5,3.0,45.74,2024-01-01T00:00:00
product_004935,Mobile & Telecom,Connectivity Kit 4935,308,5.3,3.8,5.6,89.11,2024-01-01T00:00:00
product_004936,Books & Media,Learning Guide 4936,720,5.2,3.4,4.9,35.49,2024-01-01T00:00:00
product_004937,Pet Supplies,Pet Activity Item 4937,1198,6.7,4.7,5.9,31.78,2024-01-01T00:00:00
product_004938,Home & Bedding,Bedding Set 4938,2725,6.7,6.3,7.4,61.07,2024-01-01T00:00:00
product_004939,Garden & Outdoor,Planting Set 4939,2301,8.0,4.6,6.6,60.9,2024-01-01T00:00:00
product_004940,Books & Media,Reference Book 4940,1358,7.1,4.5,4.8,20.54,2024-01-01T00:00:00
product_004941,Garden & Outdoor,Planting Set 4941,1764,6.5,3.0,5.4,24.82,2024-01-01T00:00:00
product_004942,Electronics & Accessories,Device Accessory 4942,1774,11.0,4.9,5.2,81.6,2024-01-01T00:00:00
product_004943,Mobile & Telecom,Connectivity Kit 4943,339,6.1,4.0,5.8,38.97,2024-01-01T00:00:00
product_004944,Sports & Outdoors,Training Gear 4944,2347,4.4,4.7,6.3,126.85,2024-01-01T00:00:00
product_004945,Furniture & Decor,Decor Item 4945,12367,11.2,6.1,13.9,144.34,2024-01-01T00:00:00
product_004946,Watches & Gifts,Keepsake Item 4946,235,5.1,4.4,4.5,183.12,2024-01-01T00:00:00
product_004947,Home & Bedding,Comfort Item 4947,2407,9.1,5.0,6.6,50.38,2024-01-01T00:00:00
product_004948,Sports & Outdoors,Training Gear 4948,3949,11.1,5.4,8.0,43.98,2024-01-01T00:00:00
product_004949,Garden & Outdoor,Outdoor Accessory 4949,1119,5.9,4.5,5.1,83.3,2024-01-01T00:00:00
product_004950,Pet Supplies,Pet Activity Item 4950,2041,7.5,5.6,7.5,59.86,2024-01-01T00:00:00
product_004951,Garden & Outdoor,Planting Set 4951,3067,8.0,4.8,6.8,67.28,2024-01-01T00:00:00
product_004952,Office Supplies,Office Organizer 4952,646,6.3,3.2,5.6,41.93,2024-01-01T00:00:00
product_004953,Furniture & Decor,Accent Furniture 4953,13603,16.5,9.0,11.5,291.69,2024-01-01T00:00:00
product_004954,Sports & Outdoors,Training Gear 4954,3236,10.3,5.1,6.9,62.44,2024-01-01T00:00:00
product_004955,Health & Beauty,Care Set 4955,215,4.2,4.2,4.5,22.18,2024-01-01T00:00:00
product_004956,Watches & Gifts,Gift Set 4956,273,5.0,3.9,5.4,84.81,2024-01-01T00:00:00
product_004957,Books & Media,Media Collection 4957,389,6.8,5.6,4.9,22.82,2024-01-01T00:00:00
product_004958,Home Goods,Kitchen Item 4958,3977,7.9,6.4,6.7,29.46,2024-01-01T00:00:00
product_004959,Fashion,Everyday Apparel 4959,501,7.8,3.8,5.3,55.66,2024-01-01T00:00:00
product_004960,Mobile & Telecom,Phone Item 4960,553,5.9,3.5,5.9,152.43,2024-01-01T00:00:00
product_004961,Electronics & Accessories,Audio Item 4961,3280,8.8,5.7,6.6,445.41,2024-01-01T00:00:00
product_004962,Home & Bedding,Bedding Set 4962,2031,6.1,3.6,5.5,50.75,2024-01-01T00:00:00
product_004963,Watches & Gifts,Keepsake Item 4963,219,7.1,3.2,5.3,79.59,2024-01-01T00:00:00
product_004964,Furniture & Decor,Decor Item 4964,5532,10.3,6.1,6.3,159.22,2024-01-01T00:00:00
product_004965,Books & Media,Media Collection 4965,327,6.9,4.0,3.4,33.64,2024-01-01T00:00:00
product_004966,Books & Media,Media Collection 4966,1028,6.2,2.0,3.7,24.34,2024-01-01T00:00:00
product_004967,Electronics & Accessories,Charging Kit 4967,795,6.9,5.2,5.3,361.23,2024-01-01T00:00:00
product_004968,Fashion,Everyday Apparel 4968,736,5.1,3.5,5.2,36.52,2024-01-01T00:00:00
product_004969,Mobile & Telecom,Phone Item 4969,766,4.0,4.5,4.2,194.11,2024-01-01T00:00:00
product_004970,Garden & Outdoor,Garden Tool 4970,3375,8.2,5.2,7.6,79.49,2024-01-01T00:00:00
product_004971,Pet Supplies,Pet Care Item 4971,812,7.6,4.1,3.8,20.2,2024-01-01T00:00:00
product_004972,Books & Media,Media Collection 4972,279,7.3,3.5,4.6,26.83,2024-01-01T00:00:00
product_004973,Books & Media,Media Collection 4973,2071,8.2,4.7,5.1,16.57,2024-01-01T00:00:00
product_004974,Office Supplies,Office Organizer 4974,1196,7.6,4.4,4.4,64.44,2024-01-01T00:00:00
product_004975,Books & Media,Learning Guide 4975,434,6.4,3.2,5.0,18.48,2024-01-01T00:00:00
product_004976,Fashion,Seasonal Wear 4976,1019,4.5,5.3,4.7,64.04,2024-01-01T00:00:00
product_004977,Office Supplies,Writing Kit 4977,1814,6.6,5.9,6.9,26.93,2024-01-01T00:00:00
product_004978,Garden & Outdoor,Outdoor Accessory 4978,7632,12.8,8.2,9.8,89.11,2024-01-01T00:00:00
product_004979,Books & Media,Learning Guide 4979,147,6.1,3.6,5.9,43.67,2024-01-01T00:00:00
product_004980,Automotive,Travel Item 4980,2537,8.4,3.7,7.2,84.85,2024-01-01T00:00:00
product_004981,Furniture & Decor,Decor Item 4981,9588,11.1,6.1,10.9,363.77,2024-01-01T00:00:00
product_004982,Toys & Games,Learning Toy 4982,465,6.6,3.9,4.6,31.17,2024-01-01T00:00:00
product_004983,Sports & Outdoors,Outdoor Kit 4983,1333,7.6,3.5,6.2,73.64,2024-01-01T00:00:00
product_004984,Furniture & Decor,Decor Item 4984,13836,15.4,8.0,13.2,254.1,2024-01-01T00:00:00
product_004985,Health & Beauty,Care Set 4985,476,7.8,3.1,5.0,19.21,2024-01-01T00:00:00
product_004986,Health & Beauty,Wellness Item 4986,513,7.5,3.5,5.7,28.12,2024-01-01T00:00:00
product_004987,Baby Products,Feeding Item 4987,1740,5.8,6.0,4.9,43.99,2024-01-01T00:00:00
product_004988,Pet Supplies,Feeding Set 4988,1639,7.2,4.3,5.9,64.88,2024-01-01T00:00:00
product_004989,Books & Media,Media Collection 4989,381,7.7,5.9,3.6,14.58,2024-01-01T00:00:00
product_004990,Pet Supplies,Pet Activity Item 4990,856,6.9,4.3,6.9,14.32,2024-01-01T00:00:00
product_004991,Watches & Gifts,Gift Set 4991,208,6.3,4.5,4.2,99.06,2024-01-01T00:00:00
product_004992,Automotive,Maintenance Kit 4992,1157,7.3,4.4,5.2,68.32,2024-01-01T00:00:00
product_004993,Health & Beauty,Care Set 4993,353,6.0,4.1,4.6,59.82,2024-01-01T00:00:00
product_004994,Pet Supplies,Feeding Set 4994,2512,9.9,3.6,7.2,29.07,2024-01-01T00:00:00
product_004995,Automotive,Vehicle Accessory 4995,4232,9.6,6.7,8.5,35.81,2024-01-01T00:00:00
product_004996,Fashion,Everyday Apparel 4996,1013,6.6,3.1,4.3,132.91,2024-01-01T00:00:00
product_004997,Toys & Games,Activity Set 4997,3255,8.1,4.7,7.0,34.71,2024-01-01T00:00:00
product_004998,Toys & Games,Family Game 4998,831,6.1,4.2,5.2,83.33,2024-01-01T00:00:00
product_004999,Office Supplies,Desk Set 4999,238,6.1,5.0,5.5,22.35,2024-01-01T00:00:00
product_005000,Sports & Outdoors,Fitness Item 5000,858,6.5,3.2,4.0,80.05,2024-01-01T00:00:00
product_005001,Health & Beauty,Daily Essential 5001,501,6.2,4.0,4.8,14.14,2024-01-01T00:00:00
product_005002,Fashion,Fashion Accessory 5002,293,7.4,3.9,5.6,43.9,2024-01-01T00:00:00
product_005003,Automotive,Maintenance Kit 5003,4278,9.9,6.2,7.3,118.33,2024-01-01T00:00:00
product_005004,Home & Bedding,Comfort Item 5004,1367,5.6,3.4,5.3,47.57,2024-01-01T00:00:00
product_005005,Pet Supplies,Pet Care Item 5005,1279,6.7,3.2,6.0,27.05,2024-01-01T00:00:00
product_005006,Fashion,Seasonal Wear 5006,496,7.0,4.8,6.1,32.12,2024-01-01T00:00:00
product_005007,Watches & Gifts,Gift Set 5007,443,7.2,4.7,5.1,78.97,2024-01-01T00:00:00
product_005008,Automotive,Vehicle Accessory 5008,5196,8.9,5.9,7.0,56.49,2024-01-01T00:00:00
product_005009,Fashion,Everyday Apparel 5009,709,7.0,3.9,4.2,49.37,2024-01-01T00:00:00
product_005010,Mobile & Telecom,Mobile Accessory 5010,1323,8.0,4.6,6.3,119.52,2024-01-01T00:00:00
product_005011,Automotive,Maintenance Kit 5011,1373,8.0,2.7,6.8,63.0,2024-01-01T00:00:00
product_005012,Home & Bedding,Home Textile 5012,2259,8.6,4.6,5.9,42.81,2024-01-01T00:00:00
product_005013,Office Supplies,Writing Kit 5013,1401,5.5,5.1,6.0,26.12,2024-01-01T00:00:00
product_005014,Furniture & Decor,Storage Unit 5014,8144,12.1,6.2,9.5,206.93,2024-01-01T00:00:00
product_005015,Toys & Games,Activity Set 5015,927,5.1,4.2,3.9,52.37,2024-01-01T00:00:00
product_005016,Mobile & Telecom,Phone Item 5016,894,6.3,2.8,4.7,171.06,2024-01-01T00:00:00
product_005017,Books & Media,Media Collection 5017,978,5.0,4.5,6.6,13.62,2024-01-01T00:00:00
product_005018,Books & Media,Media Collection 5018,580,6.7,3.7,6.3,22.8,2024-01-01T00:00:00
product_005019,Home Goods,Household Tool 5019,2867,7.2,3.9,7.0,69.88,2024-01-01T00:00:00
product_005020,Electronics & Accessories,Charging Kit 5020,908,5.5,4.9,4.6,261.48,2024-01-01T00:00:00
product_005021,Baby Products,Nursery Accessory 5021,1126,5.4,4.5,4.5,66.14,2024-01-01T00:00:00
product_005022,Sports & Outdoors,Outdoor Kit 5022,2867,7.8,5.1,6.6,40.0,2024-01-01T00:00:00
product_005023,Garden & Outdoor,Garden Tool 5023,4766,11.0,5.5,7.9,55.17,2024-01-01T00:00:00
product_005024,Toys & Games,Family Game 5024,2330,6.6,4.8,7.5,81.73,2024-01-01T00:00:00
product_005025,Baby Products,Infant Care Item 5025,1678,8.7,4.1,5.3,41.36,2024-01-01T00:00:00
product_005026,Baby Products,Feeding Item 5026,1411,6.1,4.3,5.1,46.54,2024-01-01T00:00:00
product_005027,Pet Supplies,Pet Activity Item 5027,2241,7.5,5.1,7.5,40.75,2024-01-01T00:00:00
product_005028,Baby Products,Nursery Accessory 5028,657,5.4,4.9,4.9,54.3,2024-01-01T00:00:00
product_005029,Electronics & Accessories,Audio Item 5029,640,6.3,3.7,6.4,81.16,2024-01-01T00:00:00
product_005030,Office Supplies,Writing Kit 5030,368,5.1,3.7,4.1,25.19,2024-01-01T00:00:00
product_005031,Furniture & Decor,Accent Furniture 5031,12531,15.0,9.5,14.4,146.72,2024-01-01T00:00:00
product_005032,Home Goods,Kitchen Item 5032,535,5.4,5.5,3.6,43.31,2024-01-01T00:00:00
product_005033,Office Supplies,Office Organizer 5033,823,5.5,4.3,5.5,41.72,2024-01-01T00:00:00
product_005034,Garden & Outdoor,Garden Tool 5034,8808,11.1,8.9,6.2,180.44,2024-01-01T00:00:00
product_005035,Home & Bedding,Comfort Item 5035,2674,7.2,4.9,6.6,66.63,2024-01-01T00:00:00
product_005036,Office Supplies,Desk Set 5036,1006,6.5,4.5,3.9,15.05,2024-01-01T00:00:00
product_005037,Mobile & Telecom,Phone Item 5037,1598,5.3,3.1,5.3,148.98,2024-01-01T00:00:00
product_005038,Fashion,Fashion Accessory 5038,369,7.7,4.4,5.7,57.86,2024-01-01T00:00:00
product_005039,Sports & Outdoors,Fitness Item 5039,3743,10.6,6.0,7.1,44.85,2024-01-01T00:00:00
product_005040,Garden & Outdoor,Outdoor Accessory 5040,11455,17.1,11.2,11.3,51.82,2024-01-01T00:00:00
product_005041,Garden & Outdoor,Garden Tool 5041,5372,9.5,6.7,7.2,53.98,2024-01-01T00:00:00
product_005042,Garden & Outdoor,Outdoor Accessory 5042,2881,8.1,4.7,6.6,152.92,2024-01-01T00:00:00
product_005043,Office Supplies,Desk Set 5043,360,6.0,4.5,6.6,38.61,2024-01-01T00:00:00
product_005044,Garden & Outdoor,Outdoor Accessory 5044,1913,6.7,4.0,5.5,67.34,2024-01-01T00:00:00
product_005045,Furniture & Decor,Accent Furniture 5045,6318,9.8,6.4,9.9,162.36,2024-01-01T00:00:00
product_005046,Sports & Outdoors,Fitness Item 5046,5539,9.3,6.5,8.9,63.76,2024-01-01T00:00:00
product_005047,Sports & Outdoors,Training Gear 5047,3173,9.4,7.8,9.2,50.32,2024-01-01T00:00:00
product_005048,Health & Beauty,Wellness Item 5048,583,7.3,3.9,4.5,6.91,2024-01-01T00:00:00
product_005049,Health & Beauty,Wellness Item 5049,444,6.6,3.7,5.6,53.97,2024-01-01T00:00:00
product_005050,Mobile & Telecom,Phone Item 5050,471,7.0,3.8,5.1,34.35,2024-01-01T00:00:00
product_005051,Pet Supplies,Feeding Set 5051,1756,6.4,6.4,6.9,9.58,2024-01-01T00:00:00
product_005052,Health & Beauty,Care Set 5052,244,5.4,3.9,4.7,18.52,2024-01-01T00:00:00
product_005053,Office Supplies,Writing Kit 5053,1448,6.0,4.1,4.8,15.21,2024-01-01T00:00:00
product_005054,Books & Media,Media Collection 5054,506,6.1,4.0,4.3,28.2,2024-01-01T00:00:00
product_005055,Automotive,Travel Item 5055,2565,8.8,5.7,7.5,180.92,2024-01-01T00:00:00
product_005056,Fashion,Fashion Accessory 5056,426,5.8,3.5,4.6,96.51,2024-01-01T00:00:00
product_005057,Garden & Outdoor,Garden Tool 5057,3235,10.6,5.3,9.5,56.42,2024-01-01T00:00:00
product_005058,Health & Beauty,Wellness Item 5058,304,6.2,4.1,4.9,21.09,2024-01-01T00:00:00
product_005059,Home & Bedding,Home Textile 5059,1417,7.5,5.1,4.8,69.66,2024-01-01T00:00:00
product_005060,Books & Media,Media Collection 5060,536,6.4,5.0,4.9,30.37,2024-01-01T00:00:00
product_005061,Pet Supplies,Feeding Set 5061,1104,5.0,5.7,5.7,72.62,2024-01-01T00:00:00
product_005062,Garden & Outdoor,Outdoor Accessory 5062,3207,8.5,4.5,6.8,169.68,2024-01-01T00:00:00
product_005063,Home Goods,Organization Set 5063,1106,5.1,5.0,5.0,67.78,2024-01-01T00:00:00
product_005064,Office Supplies,Desk Set 5064,646,5.7,3.6,3.9,43.47,2024-01-01T00:00:00
product_005065,Pet Supplies,Pet Care Item 5065,1235,6.1,4.1,3.8,97.77,2024-01-01T00:00:00
product_005066,Toys & Games,Activity Set 5066,503,7.1,3.2,5.1,50.74,2024-01-01T00:00:00
product_005067,Automotive,Travel Item 5067,3285,10.6,8.2,5.7,69.22,2024-01-01T00:00:00
product_005068,Toys & Games,Family Game 5068,1551,5.5,5.4,6.9,38.11,2024-01-01T00:00:00
product_005069,Home & Bedding,Home Textile 5069,1468,7.4,4.7,4.5,22.85,2024-01-01T00:00:00
product_005070,Pet Supplies,Pet Care Item 5070,1169,6.4,2.5,6.7,18.02,2024-01-01T00:00:00
product_005071,Fashion,Seasonal Wear 5071,1124,7.5,4.2,4.3,32.12,2024-01-01T00:00:00
product_005072,Health & Beauty,Wellness Item 5072,490,5.0,5.0,5.9,31.91,2024-01-01T00:00:00
product_005073,Watches & Gifts,Keepsake Item 5073,421,8.6,3.6,5.5,243.49,2024-01-01T00:00:00
product_005074,Automotive,Vehicle Accessory 5074,1250,7.2,2.5,5.3,61.86,2024-01-01T00:00:00
product_005075,Garden & Outdoor,Outdoor Accessory 5075,3223,8.0,5.0,7.4,80.93,2024-01-01T00:00:00
product_005076,Garden & Outdoor,Outdoor Accessory 5076,5522,12.1,8.4,8.9,71.37,2024-01-01T00:00:00
product_005077,Pet Supplies,Pet Activity Item 5077,1253,7.4,3.9,5.0,32.39,2024-01-01T00:00:00
product_005078,Home Goods,Household Tool 5078,1026,6.4,3.7,5.4,150.5,2024-01-01T00:00:00
product_005079,Mobile & Telecom,Phone Item 5079,333,5.6,3.2,4.0,110.65,2024-01-01T00:00:00
product_005080,Books & Media,Media Collection 5080,851,7.4,2.5,4.6,26.73,2024-01-01T00:00:00
product_005081,Mobile & Telecom,Phone Item 5081,3015,9.0,6.1,7.3,63.93,2024-01-01T00:00:00
product_005082,Baby Products,Nursery Accessory 5082,1930,6.7,5.0,5.5,49.37,2024-01-01T00:00:00
product_005083,Toys & Games,Activity Set 5083,954,6.7,4.3,5.0,28.09,2024-01-01T00:00:00
product_005084,Books & Media,Reference Book 5084,586,5.8,5.0,5.6,21.71,2024-01-01T00:00:00
product_005085,Fashion,Seasonal Wear 5085,510,8.6,4.0,5.2,67.79,2024-01-01T00:00:00
product_005086,Watches & Gifts,Keepsake Item 5086,690,7.4,4.4,5.3,136.31,2024-01-01T00:00:00
product_005087,Mobile & Telecom,Phone Item 5087,516,6.1,4.3,6.3,146.64,2024-01-01T00:00:00
product_005088,Health & Beauty,Wellness Item 5088,430,7.2,4.6,5.2,16.87,2024-01-01T00:00:00
product_005089,Pet Supplies,Pet Activity Item 5089,1815,8.3,4.7,5.7,65.12,2024-01-01T00:00:00
product_005090,Mobile & Telecom,Connectivity Kit 5090,428,6.6,4.8,4.7,48.08,2024-01-01T00:00:00
product_005091,Home Goods,Kitchen Item 5091,2243,8.2,4.3,7.9,28.89,2024-01-01T00:00:00
product_005092,Garden & Outdoor,Outdoor Accessory 5092,2411,9.1,3.9,5.7,43.91,2024-01-01T00:00:00
product_005093,Books & Media,Media Collection 5093,218,6.1,5.3,3.9,15.97,2024-01-01T00:00:00
product_005094,Home & Bedding,Home Textile 5094,1278,6.3,3.2,5.0,87.4,2024-01-01T00:00:00
product_005095,Baby Products,Infant Care Item 5095,1232,5.3,4.2,6.0,24.74,2024-01-01T00:00:00
product_005096,Sports & Outdoors,Outdoor Kit 5096,1962,10.2,5.0,6.0,62.72,2024-01-01T00:00:00
product_005097,Pet Supplies,Pet Activity Item 5097,1441,6.4,3.9,6.2,21.9,2024-01-01T00:00:00
product_005098,Watches & Gifts,Keepsake Item 5098,293,4.3,3.6,4.6,113.41,2024-01-01T00:00:00
product_005099,Fashion,Everyday Apparel 5099,399,5.9,3.7,5.6,20.86,2024-01-01T00:00:00
product_005100,Watches & Gifts,Keepsake Item 5100,341,7.9,3.5,4.2,60.99,2024-01-01T00:00:00
product_005101,Pet Supplies,Pet Care Item 5101,1666,4.6,5.7,6.0,34.48,2024-01-01T00:00:00
product_005102,Books & Media,Reference Book 5102,158,7.2,3.8,4.8,19.17,2024-01-01T00:00:00
product_005103,Garden & Outdoor,Planting Set 5103,2025,7.0,4.2,6.6,259.47,2024-01-01T00:00:00
product_005104,Baby Products,Feeding Item 5104,1074,6.8,4.2,4.3,22.43,2024-01-01T00:00:00
product_005105,Pet Supplies,Pet Care Item 5105,465,6.0,4.2,4.1,65.78,2024-01-01T00:00:00
product_005106,Fashion,Everyday Apparel 5106,228,5.7,4.0,4.9,65.31,2024-01-01T00:00:00
product_005107,Office Supplies,Desk Set 5107,373,7.9,3.8,5.5,48.67,2024-01-01T00:00:00
product_005108,Pet Supplies,Feeding Set 5108,1290,6.1,3.7,5.3,30.2,2024-01-01T00:00:00
product_005109,Automotive,Travel Item 5109,5317,13.4,6.4,7.3,42.73,2024-01-01T00:00:00
product_005110,Garden & Outdoor,Outdoor Accessory 5110,3239,10.8,6.3,8.0,239.38,2024-01-01T00:00:00
product_005111,Toys & Games,Activity Set 5111,886,5.6,4.6,4.3,38.97,2024-01-01T00:00:00
product_005112,Home Goods,Household Tool 5112,7648,13.0,6.1,10.5,57.11,2024-01-01T00:00:00
product_005113,Electronics & Accessories,Charging Kit 5113,2951,6.7,6.1,7.3,71.93,2024-01-01T00:00:00
product_005114,Mobile & Telecom,Connectivity Kit 5114,443,5.0,4.3,5.1,279.14,2024-01-01T00:00:00
product_005115,Toys & Games,Activity Set 5115,2043,7.6,4.3,5.2,24.07,2024-01-01T00:00:00
product_005116,Baby Products,Nursery Accessory 5116,3904,8.3,7.1,8.3,61.35,2024-01-01T00:00:00
product_005117,Sports & Outdoors,Training Gear 5117,1048,6.4,4.1,4.7,35.54,2024-01-01T00:00:00
product_005118,Pet Supplies,Pet Care Item 5118,852,6.4,3.8,5.2,58.17,2024-01-01T00:00:00
product_005119,Health & Beauty,Care Set 5119,276,5.0,3.6,5.5,44.66,2024-01-01T00:00:00
product_005120,Toys & Games,Learning Toy 5120,1059,7.4,2.6,5.4,14.37,2024-01-01T00:00:00
product_005121,Automotive,Maintenance Kit 5121,3878,8.0,6.1,7.7,93.41,2024-01-01T00:00:00
product_005122,Sports & Outdoors,Training Gear 5122,7642,13.8,7.1,10.4,63.9,2024-01-01T00:00:00
product_005123,Office Supplies,Office Organizer 5123,1288,6.3,4.7,5.9,27.24,2024-01-01T00:00:00
product_005124,Garden & Outdoor,Garden Tool 5124,3796,9.9,6.1,7.4,55.11,2024-01-01T00:00:00
product_005125,Office Supplies,Desk Set 5125,851,7.7,3.5,5.1,40.46,2024-01-01T00:00:00
product_005126,Sports & Outdoors,Training Gear 5126,4517,10.2,4.4,7.1,26.97,2024-01-01T00:00:00
product_005127,Mobile & Telecom,Mobile Accessory 5127,552,6.5,3.3,3.5,198.81,2024-01-01T00:00:00
product_005128,Office Supplies,Office Organizer 5128,682,5.3,3.7,5.3,20.75,2024-01-01T00:00:00
product_005129,Home Goods,Kitchen Item 5129,3191,7.1,3.9,5.2,86.41,2024-01-01T00:00:00
product_005130,Automotive,Vehicle Accessory 5130,2769,9.1,6.9,6.3,80.51,2024-01-01T00:00:00
product_005131,Furniture & Decor,Accent Furniture 5131,15066,17.8,6.7,11.2,100.67,2024-01-01T00:00:00
product_005132,Pet Supplies,Pet Activity Item 5132,2711,6.8,5.1,6.7,30.04,2024-01-01T00:00:00
product_005133,Books & Media,Reference Book 5133,372,5.7,3.8,6.2,20.27,2024-01-01T00:00:00
product_005134,Fashion,Everyday Apparel 5134,377,4.0,4.3,6.5,58.37,2024-01-01T00:00:00
product_005135,Office Supplies,Desk Set 5135,343,4.4,2.0,4.5,17.04,2024-01-01T00:00:00
product_005136,Toys & Games,Family Game 5136,1447,6.6,3.9,5.8,19.85,2024-01-01T00:00:00
product_005137,Baby Products,Infant Care Item 5137,457,6.3,4.2,4.7,64.32,2024-01-01T00:00:00
product_005138,Fashion,Fashion Accessory 5138,292,5.3,4.5,5.4,35.34,2024-01-01T00:00:00
product_005139,Fashion,Fashion Accessory 5139,786,5.8,5.3,4.9,59.56,2024-01-01T00:00:00
product_005140,Office Supplies,Writing Kit 5140,924,5.9,4.2,5.8,26.69,2024-01-01T00:00:00
product_005141,Baby Products,Infant Care Item 5141,684,4.4,4.5,5.2,32.54,2024-01-01T00:00:00
product_005142,Furniture & Decor,Accent Furniture 5142,3858,7.7,5.9,7.7,203.48,2024-01-01T00:00:00
product_005143,Home Goods,Organization Set 5143,1283,5.3,3.3,3.8,103.03,2024-01-01T00:00:00
product_005144,Toys & Games,Family Game 5144,1068,8.6,5.2,6.5,51.72,2024-01-01T00:00:00
product_005145,Health & Beauty,Daily Essential 5145,631,7.6,3.3,3.0,62.64,2024-01-01T00:00:00
product_005146,Furniture & Decor,Accent Furniture 5146,7586,10.5,7.7,8.1,195.95,2024-01-01T00:00:00
product_005147,Baby Products,Infant Care Item 5147,2027,7.6,5.0,5.8,98.96,2024-01-01T00:00:00
product_005148,Furniture & Decor,Accent Furniture 5148,8749,12.8,9.5,12.7,158.57,2024-01-01T00:00:00
product_005149,Pet Supplies,Pet Activity Item 5149,1005,6.9,5.5,4.9,62.39,2024-01-01T00:00:00
product_005150,Office Supplies,Office Organizer 5150,502,6.8,4.5,5.8,30.62,2024-01-01T00:00:00
product_005151,Baby Products,Infant Care Item 5151,769,5.6,4.4,5.2,40.18,2024-01-01T00:00:00
product_005152,Office Supplies,Desk Set 5152,734,7.6,5.0,4.9,14.86,2024-01-01T00:00:00
product_005153,Office Supplies,Desk Set 5153,782,5.1,4.2,4.0,35.56,2024-01-01T00:00:00
product_005154,Sports & Outdoors,Fitness Item 5154,1782,7.6,2.9,5.0,178.14,2024-01-01T00:00:00
product_005155,Fashion,Everyday Apparel 5155,537,6.9,4.7,4.5,125.62,2024-01-01T00:00:00
product_005156,Garden & Outdoor,Garden Tool 5156,4776,9.4,6.2,6.1,108.23,2024-01-01T00:00:00
product_005157,Furniture & Decor,Storage Unit 5157,10790,14.1,8.3,12.7,235.34,2024-01-01T00:00:00
product_005158,Toys & Games,Learning Toy 5158,390,7.7,4.0,3.8,28.4,2024-01-01T00:00:00
product_005159,Watches & Gifts,Timepiece 5159,143,5.9,3.9,6.4,116.47,2024-01-01T00:00:00
product_005160,Health & Beauty,Daily Essential 5160,448,6.0,4.0,6.4,31.93,2024-01-01T00:00:00
product_005161,Health & Beauty,Daily Essential 5161,215,5.4,3.5,4.3,31.5,2024-01-01T00:00:00
product_005162,Office Supplies,Writing Kit 5162,1304,6.7,3.7,5.7,27.33,2024-01-01T00:00:00
product_005163,Home & Bedding,Bedding Set 5163,1772,6.9,3.4,6.5,25.98,2024-01-01T00:00:00
product_005164,Furniture & Decor,Storage Unit 5164,17467,17.1,10.7,14.4,232.89,2024-01-01T00:00:00
product_005165,Pet Supplies,Pet Care Item 5165,1309,7.8,4.5,5.3,23.88,2024-01-01T00:00:00
product_005166,Sports & Outdoors,Outdoor Kit 5166,2724,8.7,4.6,7.3,69.88,2024-01-01T00:00:00
product_005167,Garden & Outdoor,Outdoor Accessory 5167,2725,8.8,5.3,7.7,56.94,2024-01-01T00:00:00
product_005168,Sports & Outdoors,Fitness Item 5168,782,6.6,4.0,3.9,73.71,2024-01-01T00:00:00
product_005169,Mobile & Telecom,Mobile Accessory 5169,211,7.0,3.4,6.0,95.02,2024-01-01T00:00:00
product_005170,Home Goods,Kitchen Item 5170,2075,5.5,4.1,5.9,90.68,2024-01-01T00:00:00
product_005171,Health & Beauty,Care Set 5171,171,6.7,2.4,6.0,39.13,2024-01-01T00:00:00
product_005172,Toys & Games,Learning Toy 5172,1810,7.9,5.1,5.3,56.28,2024-01-01T00:00:00
product_005173,Office Supplies,Office Organizer 5173,628,5.9,3.7,4.9,56.81,2024-01-01T00:00:00
product_005174,Baby Products,Infant Care Item 5174,2108,8.5,4.5,6.2,79.14,2024-01-01T00:00:00
product_005175,Home & Bedding,Bedding Set 5175,1794,8.0,4.6,7.3,145.73,2024-01-01T00:00:00
product_005176,Baby Products,Nursery Accessory 5176,819,5.2,4.5,4.1,58.02,2024-01-01T00:00:00
product_005177,Books & Media,Learning Guide 5177,268,7.7,3.4,5.1,15.16,2024-01-01T00:00:00
product_005178,Fashion,Fashion Accessory 5178,620,7.7,4.1,5.7,12.27,2024-01-01T00:00:00
product_005179,Fashion,Seasonal Wear 5179,847,5.9,3.8,4.3,69.84,2024-01-01T00:00:00
product_005180,Mobile & Telecom,Phone Item 5180,997,5.9,4.8,5.6,269.75,2024-01-01T00:00:00
product_005181,Mobile & Telecom,Phone Item 5181,676,6.9,4.2,4.3,197.65,2024-01-01T00:00:00
product_005182,Books & Media,Reference Book 5182,461,5.0,4.4,3.8,21.38,2024-01-01T00:00:00
product_005183,Home Goods,Organization Set 5183,1090,6.8,4.5,6.4,58.09,2024-01-01T00:00:00
product_005184,Office Supplies,Desk Set 5184,613,7.5,5.1,5.6,52.08,2024-01-01T00:00:00
product_005185,Watches & Gifts,Timepiece 5185,300,4.1,3.2,6.0,37.11,2024-01-01T00:00:00
product_005186,Health & Beauty,Care Set 5186,205,6.4,3.1,4.9,52.55,2024-01-01T00:00:00
product_005187,Electronics & Accessories,Audio Item 5187,332,6.7,4.5,5.3,105.85,2024-01-01T00:00:00
product_005188,Mobile & Telecom,Mobile Accessory 5188,1349,6.4,4.3,5.0,273.31,2024-01-01T00:00:00
product_005189,Electronics & Accessories,Audio Item 5189,718,6.2,5.7,5.0,142.51,2024-01-01T00:00:00
product_005190,Watches & Gifts,Gift Set 5190,920,7.7,3.5,4.3,52.69,2024-01-01T00:00:00
product_005191,Electronics & Accessories,Charging Kit 5191,613,5.2,4.3,5.2,280.03,2024-01-01T00:00:00
product_005192,Toys & Games,Family Game 5192,607,7.6,3.4,7.5,71.72,2024-01-01T00:00:00
product_005193,Baby Products,Nursery Accessory 5193,1993,9.3,4.7,4.8,44.59,2024-01-01T00:00:00
product_005194,Books & Media,Media Collection 5194,624,5.7,4.9,5.6,26.93,2024-01-01T00:00:00
product_005195,Books & Media,Media Collection 5195,831,6.4,3.4,5.0,25.98,2024-01-01T00:00:00
product_005196,Books & Media,Learning Guide 5196,156,6.9,3.3,5.1,14.77,2024-01-01T00:00:00
product_005197,Books & Media,Reference Book 5197,552,5.7,4.7,4.7,19.09,2024-01-01T00:00:00
product_005198,Garden & Outdoor,Planting Set 5198,638,4.7,3.0,3.9,99.2,2024-01-01T00:00:00
product_005199,Furniture & Decor,Accent Furniture 5199,9322,12.1,8.1,10.7,401.38,2024-01-01T00:00:00
product_005200,Health & Beauty,Wellness Item 5200,705,5.1,4.5,4.6,18.31,2024-01-01T00:00:00
product_005201,Office Supplies,Desk Set 5201,1040,5.7,3.0,5.2,21.47,2024-01-01T00:00:00
product_005202,Health & Beauty,Care Set 5202,394,6.7,3.8,4.8,21.25,2024-01-01T00:00:00
product_005203,Garden & Outdoor,Planting Set 5203,2477,7.2,4.2,6.1,120.39,2024-01-01T00:00:00
product_005204,Books & Media,Reference Book 5204,407,6.1,4.4,4.4,24.39,2024-01-01T00:00:00
product_005205,Watches & Gifts,Keepsake Item 5205,356,6.7,3.8,6.4,141.64,2024-01-01T00:00:00
product_005206,Sports & Outdoors,Outdoor Kit 5206,3346,10.9,5.8,6.1,86.82,2024-01-01T00:00:00
product_005207,Furniture & Decor,Decor Item 5207,8292,10.5,6.4,7.5,146.54,2024-01-01T00:00:00
product_005208,Home & Bedding,Bedding Set 5208,2983,10.2,4.8,7.1,105.56,2024-01-01T00:00:00
product_005209,Sports & Outdoors,Fitness Item 5209,1067,5.9,4.9,6.1,59.94,2024-01-01T00:00:00
product_005210,Garden & Outdoor,Outdoor Accessory 5210,1708,5.8,5.1,5.7,91.82,2024-01-01T00:00:00
product_005211,Office Supplies,Desk Set 5211,1072,7.5,3.9,5.3,25.76,2024-01-01T00:00:00
product_005212,Baby Products,Nursery Accessory 5212,2241,8.7,5.9,5.5,24.26,2024-01-01T00:00:00
product_005213,Sports & Outdoors,Fitness Item 5213,2392,10.6,3.7,6.2,76.64,2024-01-01T00:00:00
product_005214,Health & Beauty,Wellness Item 5214,233,7.1,4.4,3.9,28.05,2024-01-01T00:00:00
product_005215,Office Supplies,Writing Kit 5215,1293,5.7,3.4,4.1,24.59,2024-01-01T00:00:00
product_005216,Fashion,Everyday Apparel 5216,709,6.2,3.9,5.3,43.62,2024-01-01T00:00:00
product_005217,Sports & Outdoors,Outdoor Kit 5217,1587,6.1,5.2,6.1,77.94,2024-01-01T00:00:00
product_005218,Home Goods,Kitchen Item 5218,1500,7.2,4.5,4.6,60.46,2024-01-01T00:00:00
product_005219,Sports & Outdoors,Training Gear 5219,10879,13.0,7.8,12.6,119.39,2024-01-01T00:00:00
product_005220,Home Goods,Organization Set 5220,2961,6.8,3.9,6.1,38.27,2024-01-01T00:00:00
product_005221,Office Supplies,Desk Set 5221,981,6.7,3.9,4.7,45.18,2024-01-01T00:00:00
product_005222,Health & Beauty,Wellness Item 5222,723,6.0,3.1,5.1,15.14,2024-01-01T00:00:00
product_005223,Electronics & Accessories,Audio Item 5223,795,6.8,4.1,5.1,108.34,2024-01-01T00:00:00
product_005224,Books & Media,Learning Guide 5224,406,6.2,3.4,5.4,21.7,2024-01-01T00:00:00
product_005225,Books & Media,Reference Book 5225,1447,5.4,3.5,4.5,23.82,2024-01-01T00:00:00
product_005226,Baby Products,Infant Care Item 5226,5222,9.3,7.3,9.6,78.16,2024-01-01T00:00:00
product_005227,Automotive,Vehicle Accessory 5227,13547,13.9,5.2,13.4,137.38,2024-01-01T00:00:00
product_005228,Baby Products,Nursery Accessory 5228,1289,4.0,4.6,6.0,81.26,2024-01-01T00:00:00
product_005229,Sports & Outdoors,Fitness Item 5229,3050,8.7,7.4,7.0,126.48,2024-01-01T00:00:00
product_005230,Home & Bedding,Comfort Item 5230,3667,12.4,6.8,5.6,71.57,2024-01-01T00:00:00
product_005231,Fashion,Seasonal Wear 5231,194,6.6,3.7,4.8,81.7,2024-01-01T00:00:00
product_005232,Baby Products,Infant Care Item 5232,1493,6.1,4.4,5.4,72.86,2024-01-01T00:00:00
product_005233,Books & Media,Media Collection 5233,1024,4.9,4.4,5.6,17.86,2024-01-01T00:00:00
product_005234,Books & Media,Reference Book 5234,346,7.1,4.1,4.4,17.96,2024-01-01T00:00:00
product_005235,Mobile & Telecom,Connectivity Kit 5235,747,6.8,4.5,4.5,121.79,2024-01-01T00:00:00
product_005236,Toys & Games,Activity Set 5236,660,7.1,4.2,5.2,27.84,2024-01-01T00:00:00
product_005237,Home Goods,Household Tool 5237,1459,7.4,3.2,6.1,38.61,2024-01-01T00:00:00
product_005238,Health & Beauty,Care Set 5238,269,7.0,4.6,4.7,27.7,2024-01-01T00:00:00
product_005239,Health & Beauty,Daily Essential 5239,344,5.1,4.4,5.6,46.37,2024-01-01T00:00:00
product_005240,Automotive,Travel Item 5240,3603,10.7,4.5,6.0,89.56,2024-01-01T00:00:00
product_005241,Sports & Outdoors,Training Gear 5241,2658,8.0,5.0,7.8,167.29,2024-01-01T00:00:00
product_005242,Electronics & Accessories,Audio Item 5242,1151,6.0,4.7,4.8,300.01,2024-01-01T00:00:00
product_005243,Sports & Outdoors,Fitness Item 5243,2810,10.1,6.0,7.7,105.78,2024-01-01T00:00:00
product_005244,Garden & Outdoor,Garden Tool 5244,2034,5.2,5.3,6.6,183.99,2024-01-01T00:00:00
product_005245,Fashion,Seasonal Wear 5245,424,6.8,2.0,4.3,19.39,2024-01-01T00:00:00
product_005246,Toys & Games,Family Game 5246,1601,7.2,4.7,3.6,28.54,2024-01-01T00:00:00
product_005247,Watches & Gifts,Keepsake Item 5247,338,4.4,3.9,6.5,29.63,2024-01-01T00:00:00
product_005248,Home & Bedding,Home Textile 5248,1474,7.3,4.5,4.6,75.13,2024-01-01T00:00:00
product_005249,Toys & Games,Learning Toy 5249,746,6.3,3.8,6.4,51.51,2024-01-01T00:00:00
product_005250,Garden & Outdoor,Planting Set 5250,2993,8.2,6.5,6.1,48.77,2024-01-01T00:00:00
product_005251,Mobile & Telecom,Phone Item 5251,1460,6.0,4.0,4.9,65.37,2024-01-01T00:00:00
product_005252,Automotive,Travel Item 5252,3938,9.4,5.5,6.6,233.23,2024-01-01T00:00:00
product_005253,Health & Beauty,Wellness Item 5253,525,7.2,4.7,4.2,14.29,2024-01-01T00:00:00
product_005254,Home Goods,Kitchen Item 5254,2779,8.4,6.0,8.0,52.87,2024-01-01T00:00:00
product_005255,Baby Products,Infant Care Item 5255,325,7.0,2.9,4.8,66.28,2024-01-01T00:00:00
product_005256,Mobile & Telecom,Connectivity Kit 5256,258,6.0,4.7,5.1,211.22,2024-01-01T00:00:00
product_005257,Pet Supplies,Feeding Set 5257,1735,6.2,4.7,5.5,28.11,2024-01-01T00:00:00
product_005258,Books & Media,Reference Book 5258,216,7.1,5.8,5.9,34.91,2024-01-01T00:00:00
product_005259,Electronics & Accessories,Charging Kit 5259,1496,6.8,4.7,6.9,159.33,2024-01-01T00:00:00
product_005260,Automotive,Vehicle Accessory 5260,3211,10.7,5.9,5.5,165.07,2024-01-01T00:00:00
product_005261,Furniture & Decor,Decor Item 5261,5097,11.7,5.5,10.1,261.97,2024-01-01T00:00:00
product_005262,Pet Supplies,Feeding Set 5262,1044,5.5,4.4,4.1,34.35,2024-01-01T00:00:00
product_005263,Home Goods,Kitchen Item 5263,1534,8.2,5.2,4.6,43.14,2024-01-01T00:00:00
product_005264,Health & Beauty,Care Set 5264,352,7.1,3.5,6.0,38.51,2024-01-01T00:00:00
product_005265,Electronics & Accessories,Audio Item 5265,742,6.6,4.1,4.9,231.94,2024-01-01T00:00:00
product_005266,Home & Bedding,Bedding Set 5266,1985,7.0,4.5,5.6,46.84,2024-01-01T00:00:00
product_005267,Mobile & Telecom,Phone Item 5267,752,6.2,4.9,5.2,201.29,2024-01-01T00:00:00
product_005268,Baby Products,Nursery Accessory 5268,851,5.4,3.2,4.9,65.92,2024-01-01T00:00:00
product_005269,Automotive,Maintenance Kit 5269,7144,7.8,5.8,9.4,113.68,2024-01-01T00:00:00
product_005270,Baby Products,Infant Care Item 5270,5214,9.8,6.8,9.6,50.53,2024-01-01T00:00:00
product_005271,Automotive,Vehicle Accessory 5271,2740,11.6,5.3,7.1,116.54,2024-01-01T00:00:00
product_005272,Office Supplies,Desk Set 5272,785,6.0,4.0,5.5,70.14,2024-01-01T00:00:00
product_005273,Toys & Games,Family Game 5273,1078,5.0,4.0,5.4,62.37,2024-01-01T00:00:00
product_005274,Home & Bedding,Bedding Set 5274,4366,11.7,7.5,7.0,60.88,2024-01-01T00:00:00
product_005275,Furniture & Decor,Accent Furniture 5275,16085,19.1,8.9,8.5,202.0,2024-01-01T00:00:00
product_005276,Watches & Gifts,Timepiece 5276,262,6.0,2.7,6.0,183.01,2024-01-01T00:00:00
product_005277,Health & Beauty,Care Set 5277,377,6.5,5.0,4.2,17.5,2024-01-01T00:00:00
product_005278,Fashion,Fashion Accessory 5278,705,6.2,3.5,4.9,78.19,2024-01-01T00:00:00
product_005279,Garden & Outdoor,Outdoor Accessory 5279,2394,7.8,4.2,5.9,103.0,2024-01-01T00:00:00
product_005280,Toys & Games,Learning Toy 5280,1215,5.3,3.6,3.4,94.42,2024-01-01T00:00:00
product_005281,Automotive,Travel Item 5281,3641,10.8,4.0,7.2,85.52,2024-01-01T00:00:00
product_005282,Garden & Outdoor,Planting Set 5282,3515,8.8,7.1,10.9,98.42,2024-01-01T00:00:00
product_005283,Office Supplies,Desk Set 5283,802,5.5,2.9,3.2,52.89,2024-01-01T00:00:00
product_005284,Health & Beauty,Care Set 5284,187,6.2,4.5,5.6,26.94,2024-01-01T00:00:00
product_005285,Watches & Gifts,Timepiece 5285,182,5.9,5.2,4.6,63.93,2024-01-01T00:00:00
product_005286,Electronics & Accessories,Charging Kit 5286,1578,8.8,5.0,4.6,137.69,2024-01-01T00:00:00
product_005287,Office Supplies,Desk Set 5287,830,7.4,3.3,6.3,50.79,2024-01-01T00:00:00
product_005288,Watches & Gifts,Gift Set 5288,288,7.1,4.1,5.0,42.87,2024-01-01T00:00:00
product_005289,Mobile & Telecom,Connectivity Kit 5289,776,7.6,4.5,5.5,221.04,2024-01-01T00:00:00
product_005290,Garden & Outdoor,Planting Set 5290,2298,8.7,4.2,8.0,95.4,2024-01-01T00:00:00
product_005291,Sports & Outdoors,Fitness Item 5291,2353,8.6,4.6,5.4,30.26,2024-01-01T00:00:00
product_005292,Automotive,Vehicle Accessory 5292,4684,10.1,6.3,9.1,108.56,2024-01-01T00:00:00
product_005293,Pet Supplies,Feeding Set 5293,2273,5.9,5.0,4.9,38.47,2024-01-01T00:00:00
product_005294,Garden & Outdoor,Garden Tool 5294,6090,13.1,8.4,7.4,53.38,2024-01-01T00:00:00
product_005295,Toys & Games,Activity Set 5295,1968,7.6,5.5,5.9,62.45,2024-01-01T00:00:00
product_005296,Garden & Outdoor,Garden Tool 5296,7660,7.8,8.1,7.9,111.64,2024-01-01T00:00:00
product_005297,Home Goods,Organization Set 5297,1909,8.2,3.6,4.9,63.54,2024-01-01T00:00:00
product_005298,Home Goods,Household Tool 5298,2658,9.2,7.7,7.0,87.32,2024-01-01T00:00:00
product_005299,Mobile & Telecom,Mobile Accessory 5299,1154,6.7,5.0,5.4,98.26,2024-01-01T00:00:00
product_005300,Electronics & Accessories,Audio Item 5300,1922,6.6,5.1,7.4,29.3,2024-01-01T00:00:00
product_005301,Sports & Outdoors,Training Gear 5301,2848,8.7,4.7,9.8,146.17,2024-01-01T00:00:00
product_005302,Mobile & Telecom,Mobile Accessory 5302,927,6.6,3.7,5.1,135.95,2024-01-01T00:00:00
product_005303,Furniture & Decor,Storage Unit 5303,9296,15.2,7.0,12.6,216.27,2024-01-01T00:00:00
product_005304,Pet Supplies,Pet Care Item 5304,2538,6.2,8.3,7.4,56.71,2024-01-01T00:00:00
product_005305,Health & Beauty,Care Set 5305,286,6.9,4.3,5.8,38.55,2024-01-01T00:00:00
product_005306,Pet Supplies,Feeding Set 5306,298,5.7,4.3,5.1,42.82,2024-01-01T00:00:00
product_005307,Home Goods,Kitchen Item 5307,2698,9.0,6.9,7.4,40.28,2024-01-01T00:00:00
product_005308,Electronics & Accessories,Device Accessory 5308,356,7.0,4.3,4.3,85.51,2024-01-01T00:00:00
product_005309,Electronics & Accessories,Charging Kit 5309,1629,8.4,4.6,5.0,111.37,2024-01-01T00:00:00
product_005310,Mobile & Telecom,Phone Item 5310,1312,5.8,3.5,5.6,83.59,2024-01-01T00:00:00
product_005311,Sports & Outdoors,Training Gear 5311,8061,9.6,7.8,11.0,54.07,2024-01-01T00:00:00
product_005312,Watches & Gifts,Keepsake Item 5312,316,7.5,4.1,4.9,112.07,2024-01-01T00:00:00
product_005313,Furniture & Decor,Accent Furniture 5313,7675,12.6,7.4,9.3,137.71,2024-01-01T00:00:00
product_005314,Garden & Outdoor,Outdoor Accessory 5314,4247,7.4,5.7,6.5,53.6,2024-01-01T00:00:00
product_005315,Watches & Gifts,Timepiece 5315,185,5.0,4.9,6.3,103.65,2024-01-01T00:00:00
product_005316,Books & Media,Learning Guide 5316,398,6.8,3.5,4.4,17.8,2024-01-01T00:00:00
product_005317,Pet Supplies,Pet Care Item 5317,3000,9.3,4.2,7.5,40.39,2024-01-01T00:00:00
product_005318,Electronics & Accessories,Charging Kit 5318,1169,5.0,4.8,5.7,101.68,2024-01-01T00:00:00
product_005319,Sports & Outdoors,Training Gear 5319,1087,6.1,2.6,3.5,65.95,2024-01-01T00:00:00
product_005320,Baby Products,Nursery Accessory 5320,1171,4.9,5.5,5.3,23.3,2024-01-01T00:00:00
product_005321,Pet Supplies,Pet Care Item 5321,848,6.9,3.0,5.1,25.0,2024-01-01T00:00:00
product_005322,Automotive,Maintenance Kit 5322,5075,10.9,6.2,7.1,167.32,2024-01-01T00:00:00
product_005323,Automotive,Maintenance Kit 5323,1545,6.2,2.6,5.4,75.29,2024-01-01T00:00:00
product_005324,Sports & Outdoors,Outdoor Kit 5324,1838,4.0,5.2,5.9,120.27,2024-01-01T00:00:00
product_005325,Health & Beauty,Care Set 5325,179,6.4,2.9,4.2,21.74,2024-01-01T00:00:00
product_005326,Toys & Games,Activity Set 5326,404,7.8,4.0,4.6,46.36,2024-01-01T00:00:00
product_005327,Electronics & Accessories,Audio Item 5327,696,6.1,2.7,3.8,245.33,2024-01-01T00:00:00
product_005328,Garden & Outdoor,Planting Set 5328,3759,10.2,5.9,7.4,61.72,2024-01-01T00:00:00
product_005329,Office Supplies,Desk Set 5329,326,7.2,4.6,4.9,60.35,2024-01-01T00:00:00
product_005330,Furniture & Decor,Storage Unit 5330,10037,12.1,6.9,12.9,73.88,2024-01-01T00:00:00
product_005331,Garden & Outdoor,Garden Tool 5331,2985,9.0,5.9,8.3,88.72,2024-01-01T00:00:00
product_005332,Office Supplies,Desk Set 5332,1879,5.0,2.0,5.8,50.13,2024-01-01T00:00:00
product_005333,Home & Bedding,Bedding Set 5333,1595,6.8,3.1,5.6,72.46,2024-01-01T00:00:00
product_005334,Furniture & Decor,Storage Unit 5334,13973,16.1,6.8,10.7,271.67,2024-01-01T00:00:00
product_005335,Mobile & Telecom,Mobile Accessory 5335,601,5.1,3.8,5.4,161.16,2024-01-01T00:00:00
product_005336,Automotive,Vehicle Accessory 5336,2088,7.8,5.8,5.5,82.82,2024-01-01T00:00:00
product_005337,Electronics & Accessories,Device Accessory 5337,1531,6.2,4.9,5.6,120.0,2024-01-01T00:00:00
product_005338,Home & Bedding,Comfort Item 5338,2356,7.4,6.5,5.6,50.21,2024-01-01T00:00:00
product_005339,Pet Supplies,Pet Activity Item 5339,1799,7.2,4.3,5.0,22.3,2024-01-01T00:00:00
product_005340,Automotive,Maintenance Kit 5340,2163,7.6,5.7,5.7,77.64,2024-01-01T00:00:00
product_005341,Health & Beauty,Wellness Item 5341,1039,6.6,4.4,3.8,24.26,2024-01-01T00:00:00
product_005342,Health & Beauty,Wellness Item 5342,130,5.7,3.9,4.8,42.31,2024-01-01T00:00:00
product_005343,Health & Beauty,Daily Essential 5343,279,6.2,4.3,5.2,88.12,2024-01-01T00:00:00
product_005344,Pet Supplies,Pet Care Item 5344,3031,9.4,5.4,7.8,20.54,2024-01-01T00:00:00
product_005345,Home & Bedding,Comfort Item 5345,3323,8.8,3.6,6.1,124.66,2024-01-01T00:00:00
product_005346,Toys & Games,Activity Set 5346,946,6.3,4.8,5.2,30.3,2024-01-01T00:00:00
product_005347,Fashion,Seasonal Wear 5347,458,6.9,4.0,5.3,66.07,2024-01-01T00:00:00
product_005348,Garden & Outdoor,Outdoor Accessory 5348,3355,10.5,6.5,5.1,47.4,2024-01-01T00:00:00
product_005349,Office Supplies,Writing Kit 5349,517,4.9,3.7,3.6,45.68,2024-01-01T00:00:00
product_005350,Automotive,Vehicle Accessory 5350,11963,13.4,11.0,12.4,153.04,2024-01-01T00:00:00
product_005351,Health & Beauty,Care Set 5351,258,6.2,4.2,5.2,17.25,2024-01-01T00:00:00
product_005352,Mobile & Telecom,Connectivity Kit 5352,318,5.5,3.6,4.0,88.26,2024-01-01T00:00:00
product_005353,Automotive,Travel Item 5353,1495,7.6,4.0,5.3,57.17,2024-01-01T00:00:00
product_005354,Pet Supplies,Feeding Set 5354,1674,8.1,4.3,6.0,51.2,2024-01-01T00:00:00
product_005355,Watches & Gifts,Timepiece 5355,546,7.4,3.0,6.1,47.45,2024-01-01T00:00:00
product_005356,Furniture & Decor,Storage Unit 5356,7502,13.3,9.2,7.9,94.15,2024-01-01T00:00:00
product_005357,Watches & Gifts,Gift Set 5357,415,4.8,4.9,6.0,68.37,2024-01-01T00:00:00
product_005358,Health & Beauty,Care Set 5358,1279,7.4,4.1,4.8,25.62,2024-01-01T00:00:00
product_005359,Garden & Outdoor,Planting Set 5359,6599,15.0,6.4,9.3,25.8,2024-01-01T00:00:00
product_005360,Automotive,Maintenance Kit 5360,3864,8.0,4.8,8.8,55.55,2024-01-01T00:00:00
product_005361,Home & Bedding,Home Textile 5361,2791,7.9,5.6,5.6,85.58,2024-01-01T00:00:00
product_005362,Pet Supplies,Pet Activity Item 5362,1010,7.0,3.5,7.4,19.56,2024-01-01T00:00:00
product_005363,Baby Products,Feeding Item 5363,886,6.9,3.1,4.9,26.99,2024-01-01T00:00:00
product_005364,Pet Supplies,Feeding Set 5364,1048,7.6,3.6,5.9,90.37,2024-01-01T00:00:00
product_005365,Watches & Gifts,Gift Set 5365,135,7.1,2.4,5.7,167.39,2024-01-01T00:00:00
product_005366,Automotive,Travel Item 5366,843,6.5,5.0,3.5,151.64,2024-01-01T00:00:00
product_005367,Toys & Games,Learning Toy 5367,2165,7.2,5.6,4.7,61.58,2024-01-01T00:00:00
product_005368,Mobile & Telecom,Mobile Accessory 5368,815,7.5,5.0,5.5,124.4,2024-01-01T00:00:00
product_005369,Garden & Outdoor,Garden Tool 5369,2986,10.9,5.8,7.8,70.77,2024-01-01T00:00:00
product_005370,Baby Products,Nursery Accessory 5370,996,6.7,4.0,3.6,43.64,2024-01-01T00:00:00
product_005371,Watches & Gifts,Keepsake Item 5371,250,7.3,4.1,3.9,130.95,2024-01-01T00:00:00
product_005372,Electronics & Accessories,Audio Item 5372,485,6.1,4.3,5.0,148.71,2024-01-01T00:00:00
product_005373,Home & Bedding,Bedding Set 5373,2614,10.2,5.5,8.6,44.83,2024-01-01T00:00:00
product_005374,Health & Beauty,Care Set 5374,502,6.5,3.1,5.0,28.76,2024-01-01T00:00:00
product_005375,Home Goods,Organization Set 5375,4131,10.6,6.9,9.7,64.0,2024-01-01T00:00:00
product_005376,Baby Products,Nursery Accessory 5376,1362,6.6,3.8,5.4,53.72,2024-01-01T00:00:00
product_005377,Electronics & Accessories,Device Accessory 5377,1108,4.8,4.1,5.2,180.47,2024-01-01T00:00:00
product_005378,Watches & Gifts,Gift Set 5378,202,6.6,3.8,5.4,46.17,2024-01-01T00:00:00
product_005379,Books & Media,Learning Guide 5379,433,4.8,4.4,4.2,21.29,2024-01-01T00:00:00
product_005380,Baby Products,Infant Care Item 5380,831,5.1,4.4,5.0,29.86,2024-01-01T00:00:00
product_005381,Garden & Outdoor,Outdoor Accessory 5381,3143,9.0,5.7,5.3,63.87,2024-01-01T00:00:00
product_005382,Fashion,Everyday Apparel 5382,533,6.5,4.3,5.0,69.48,2024-01-01T00:00:00
product_005383,Furniture & Decor,Accent Furniture 5383,6362,12.2,7.7,9.1,86.51,2024-01-01T00:00:00
product_005384,Watches & Gifts,Timepiece 5384,217,5.2,5.8,3.1,204.76,2024-01-01T00:00:00
product_005385,Automotive,Travel Item 5385,5809,11.3,5.2,7.2,57.72,2024-01-01T00:00:00
product_005386,Home Goods,Kitchen Item 5386,3042,9.9,5.4,8.9,71.61,2024-01-01T00:00:00
product_005387,Toys & Games,Family Game 5387,1234,6.0,5.8,5.3,49.27,2024-01-01T00:00:00
product_005388,Pet Supplies,Pet Care Item 5388,889,4.0,4.2,5.2,64.78,2024-01-01T00:00:00
product_005389,Baby Products,Infant Care Item 5389,1207,8.4,4.0,4.3,36.32,2024-01-01T00:00:00
product_005390,Home Goods,Household Tool 5390,1961,7.9,4.7,5.8,77.01,2024-01-01T00:00:00
product_005391,Toys & Games,Learning Toy 5391,965,5.5,3.8,5.2,33.39,2024-01-01T00:00:00
product_005392,Home Goods,Kitchen Item 5392,2445,8.1,5.9,7.4,101.03,2024-01-01T00:00:00
product_005393,Sports & Outdoors,Fitness Item 5393,1741,6.8,4.8,6.3,96.03,2024-01-01T00:00:00
product_005394,Health & Beauty,Daily Essential 5394,664,7.7,5.1,6.5,29.13,2024-01-01T00:00:00
product_005395,Mobile & Telecom,Phone Item 5395,919,7.2,2.7,5.6,92.16,2024-01-01T00:00:00
product_005396,Books & Media,Media Collection 5396,445,5.5,4.6,4.4,22.45,2024-01-01T00:00:00
product_005397,Books & Media,Reference Book 5397,421,7.7,4.4,4.7,19.37,2024-01-01T00:00:00
product_005398,Home Goods,Kitchen Item 5398,2306,9.8,3.9,6.2,32.94,2024-01-01T00:00:00
product_005399,Pet Supplies,Feeding Set 5399,1220,5.0,5.4,3.5,67.07,2024-01-01T00:00:00
product_005400,Pet Supplies,Feeding Set 5400,2931,11.2,4.8,4.8,17.53,2024-01-01T00:00:00
product_005401,Toys & Games,Learning Toy 5401,743,4.6,4.6,5.3,30.82,2024-01-01T00:00:00
product_005402,Electronics & Accessories,Audio Item 5402,903,6.9,4.2,7.1,55.69,2024-01-01T00:00:00
product_005403,Sports & Outdoors,Fitness Item 5403,1831,8.1,5.2,6.6,81.78,2024-01-01T00:00:00
product_005404,Health & Beauty,Wellness Item 5404,145,6.7,4.0,4.1,41.96,2024-01-01T00:00:00
product_005405,Fashion,Fashion Accessory 5405,215,6.8,4.6,4.4,54.22,2024-01-01T00:00:00
product_005406,Sports & Outdoors,Outdoor Kit 5406,2425,9.2,4.4,6.9,202.79,2024-01-01T00:00:00
product_005407,Baby Products,Infant Care Item 5407,2246,6.7,3.9,5.6,40.14,2024-01-01T00:00:00
product_005408,Fashion,Seasonal Wear 5408,239,5.3,4.3,3.9,102.51,2024-01-01T00:00:00
product_005409,Baby Products,Infant Care Item 5409,1788,8.4,5.6,5.1,34.99,2024-01-01T00:00:00
product_005410,Garden & Outdoor,Outdoor Accessory 5410,3663,7.3,4.1,6.9,63.32,2024-01-01T00:00:00
product_005411,Office Supplies,Office Organizer 5411,381,6.5,4.9,4.8,29.49,2024-01-01T00:00:00
product_005412,Baby Products,Feeding Item 5412,2012,9.6,4.6,5.2,47.43,2024-01-01T00:00:00
product_005413,Office Supplies,Office Organizer 5413,1288,8.0,4.5,5.4,24.84,2024-01-01T00:00:00
product_005414,Home & Bedding,Bedding Set 5414,3816,11.8,8.1,5.2,183.99,2024-01-01T00:00:00
product_005415,Books & Media,Media Collection 5415,242,5.8,4.3,4.9,18.79,2024-01-01T00:00:00
product_005416,Electronics & Accessories,Device Accessory 5416,1044,7.5,3.3,5.9,252.12,2024-01-01T00:00:00
product_005417,Sports & Outdoors,Training Gear 5417,2339,6.6,5.8,6.4,113.4,2024-01-01T00:00:00
product_005418,Toys & Games,Family Game 5418,1364,7.3,5.2,5.4,26.79,2024-01-01T00:00:00
product_005419,Books & Media,Reference Book 5419,243,5.4,3.5,3.7,37.41,2024-01-01T00:00:00
product_005420,Baby Products,Nursery Accessory 5420,1226,8.1,4.4,5.5,118.49,2024-01-01T00:00:00
product_005421,Automotive,Maintenance Kit 5421,1146,4.7,4.1,4.9,93.52,2024-01-01T00:00:00
product_005422,Baby Products,Nursery Accessory 5422,797,6.7,4.6,5.3,87.33,2024-01-01T00:00:00
product_005423,Home & Bedding,Home Textile 5423,6209,11.4,9.1,7.9,59.35,2024-01-01T00:00:00
product_005424,Office Supplies,Writing Kit 5424,415,4.5,4.6,4.8,60.82,2024-01-01T00:00:00
product_005425,Office Supplies,Writing Kit 5425,1240,7.2,4.6,5.1,76.55,2024-01-01T00:00:00
product_005426,Automotive,Travel Item 5426,1915,7.6,4.4,6.6,99.08,2024-01-01T00:00:00
product_005427,Baby Products,Infant Care Item 5427,693,6.4,3.6,3.1,91.42,2024-01-01T00:00:00
product_005428,Office Supplies,Desk Set 5428,461,6.1,5.7,4.6,20.7,2024-01-01T00:00:00
product_005429,Home Goods,Kitchen Item 5429,2773,7.9,3.8,5.5,33.82,2024-01-01T00:00:00
product_005430,Books & Media,Media Collection 5430,576,5.9,3.9,6.6,22.54,2024-01-01T00:00:00
product_005431,Home & Bedding,Bedding Set 5431,1046,6.1,5.2,5.7,77.79,2024-01-01T00:00:00
product_005432,Mobile & Telecom,Connectivity Kit 5432,414,6.6,4.3,4.9,16.75,2024-01-01T00:00:00
product_005433,Furniture & Decor,Accent Furniture 5433,6933,9.9,6.5,9.8,66.76,2024-01-01T00:00:00
product_005434,Baby Products,Infant Care Item 5434,2911,8.6,5.3,6.1,24.52,2024-01-01T00:00:00
product_005435,Health & Beauty,Care Set 5435,336,6.4,2.7,5.2,31.24,2024-01-01T00:00:00
product_005436,Electronics & Accessories,Audio Item 5436,1704,7.5,4.9,5.3,126.2,2024-01-01T00:00:00
product_005437,Sports & Outdoors,Fitness Item 5437,2099,8.8,4.3,4.6,99.62,2024-01-01T00:00:00
product_005438,Toys & Games,Learning Toy 5438,563,6.0,5.0,5.2,15.73,2024-01-01T00:00:00
product_005439,Mobile & Telecom,Phone Item 5439,1008,6.2,4.1,4.8,121.11,2024-01-01T00:00:00
product_005440,Office Supplies,Office Organizer 5440,764,4.8,4.7,5.6,18.99,2024-01-01T00:00:00
product_005441,Home Goods,Kitchen Item 5441,1263,7.5,3.2,5.9,37.15,2024-01-01T00:00:00
product_005442,Watches & Gifts,Gift Set 5442,508,6.1,4.5,5.4,96.53,2024-01-01T00:00:00
product_005443,Electronics & Accessories,Device Accessory 5443,721,7.9,5.1,5.2,138.28,2024-01-01T00:00:00
product_005444,Sports & Outdoors,Training Gear 5444,4233,8.3,6.1,8.0,56.58,2024-01-01T00:00:00
product_005445,Furniture & Decor,Storage Unit 5445,10099,13.9,8.8,8.7,67.99,2024-01-01T00:00:00
product_005446,Pet Supplies,Feeding Set 5446,1020,6.2,3.0,5.1,38.9,2024-01-01T00:00:00
product_005447,Garden & Outdoor,Outdoor Accessory 5447,6666,12.3,5.3,9.3,124.25,2024-01-01T00:00:00
product_005448,Electronics & Accessories,Audio Item 5448,424,5.0,4.5,5.0,358.03,2024-01-01T00:00:00
product_005449,Home & Bedding,Bedding Set 5449,1395,7.0,4.8,5.4,46.77,2024-01-01T00:00:00
product_005450,Toys & Games,Activity Set 5450,1819,8.0,4.2,6.4,22.5,2024-01-01T00:00:00
product_005451,Automotive,Maintenance Kit 5451,6095,10.0,6.7,8.2,37.14,2024-01-01T00:00:00
product_005452,Furniture & Decor,Storage Unit 5452,11120,15.8,9.6,8.2,312.68,2024-01-01T00:00:00
product_005453,Automotive,Maintenance Kit 5453,2171,8.5,5.0,5.4,86.22,2024-01-01T00:00:00
product_005454,Automotive,Travel Item 5454,3933,8.5,5.0,6.7,42.8,2024-01-01T00:00:00
product_005455,Electronics & Accessories,Audio Item 5455,1672,8.0,5.2,4.9,166.44,2024-01-01T00:00:00
product_005456,Books & Media,Learning Guide 5456,303,5.3,3.5,5.0,22.38,2024-01-01T00:00:00
product_005457,Health & Beauty,Care Set 5457,446,6.8,2.9,4.9,34.6,2024-01-01T00:00:00
product_005458,Toys & Games,Activity Set 5458,928,4.7,4.5,4.9,56.64,2024-01-01T00:00:00
product_005459,Books & Media,Reference Book 5459,593,6.1,4.2,5.5,34.53,2024-01-01T00:00:00
product_005460,Toys & Games,Family Game 5460,1444,7.1,4.8,5.1,57.0,2024-01-01T00:00:00
product_005461,Watches & Gifts,Gift Set 5461,367,6.9,4.2,5.0,114.91,2024-01-01T00:00:00
product_005462,Sports & Outdoors,Outdoor Kit 5462,2255,10.3,5.5,6.2,174.56,2024-01-01T00:00:00
product_005463,Pet Supplies,Pet Activity Item 5463,455,7.3,4.6,5.0,59.06,2024-01-01T00:00:00
product_005464,Automotive,Travel Item 5464,2337,9.3,4.9,6.8,37.2,2024-01-01T00:00:00
product_005465,Office Supplies,Desk Set 5465,631,6.4,4.7,3.4,24.21,2024-01-01T00:00:00
product_005466,Home & Bedding,Comfort Item 5466,3318,9.7,5.2,8.0,49.18,2024-01-01T00:00:00
product_005467,Garden & Outdoor,Garden Tool 5467,5533,11.9,8.0,8.6,68.05,2024-01-01T00:00:00
product_005468,Home & Bedding,Bedding Set 5468,5307,11.5,5.9,8.1,115.96,2024-01-01T00:00:00
product_005469,Pet Supplies,Pet Care Item 5469,848,6.9,4.4,5.6,36.35,2024-01-01T00:00:00
product_005470,Home & Bedding,Comfort Item 5470,2603,6.6,5.3,6.3,49.24,2024-01-01T00:00:00
product_005471,Books & Media,Reference Book 5471,474,7.5,3.2,4.8,8.19,2024-01-01T00:00:00
product_005472,Furniture & Decor,Decor Item 5472,5686,12.3,7.9,9.0,350.59,2024-01-01T00:00:00
product_005473,Books & Media,Reference Book 5473,408,6.1,3.4,5.4,13.37,2024-01-01T00:00:00
product_005474,Mobile & Telecom,Mobile Accessory 5474,578,5.2,4.6,5.1,41.07,2024-01-01T00:00:00
product_005475,Health & Beauty,Daily Essential 5475,237,6.2,3.5,6.1,18.04,2024-01-01T00:00:00
product_005476,Fashion,Everyday Apparel 5476,404,6.4,4.1,5.4,91.55,2024-01-01T00:00:00
product_005477,Toys & Games,Learning Toy 5477,561,7.0,3.3,5.3,32.49,2024-01-01T00:00:00
product_005478,Watches & Gifts,Timepiece 5478,542,5.0,3.9,4.7,123.96,2024-01-01T00:00:00
product_005479,Mobile & Telecom,Connectivity Kit 5479,610,5.6,3.3,5.0,51.83,2024-01-01T00:00:00
product_005480,Baby Products,Feeding Item 5480,507,5.8,5.1,5.2,77.46,2024-01-01T00:00:00
product_005481,Sports & Outdoors,Outdoor Kit 5481,3902,9.1,6.7,6.5,63.45,2024-01-01T00:00:00
product_005482,Toys & Games,Learning Toy 5482,730,7.5,3.6,5.5,38.19,2024-01-01T00:00:00
product_005483,Mobile & Telecom,Phone Item 5483,3181,7.2,6.1,6.3,63.02,2024-01-01T00:00:00
product_005484,Electronics & Accessories,Audio Item 5484,761,6.8,4.9,4.3,96.78,2024-01-01T00:00:00
product_005485,Home & Bedding,Comfort Item 5485,2704,9.8,5.3,6.4,46.08,2024-01-01T00:00:00
product_005486,Baby Products,Feeding Item 5486,988,6.6,3.5,6.3,56.49,2024-01-01T00:00:00
product_005487,Garden & Outdoor,Planting Set 5487,3470,8.2,5.7,7.2,70.45,2024-01-01T00:00:00
product_005488,Home & Bedding,Home Textile 5488,4119,8.3,4.7,8.9,62.34,2024-01-01T00:00:00
product_005489,Automotive,Vehicle Accessory 5489,6374,9.6,4.1,7.9,68.24,2024-01-01T00:00:00
product_005490,Fashion,Fashion Accessory 5490,184,6.1,3.8,5.6,77.24,2024-01-01T00:00:00
product_005491,Health & Beauty,Daily Essential 5491,418,6.2,2.9,5.1,51.41,2024-01-01T00:00:00
product_005492,Automotive,Travel Item 5492,5633,10.0,6.0,8.8,69.44,2024-01-01T00:00:00
product_005493,Health & Beauty,Wellness Item 5493,726,6.5,4.3,3.6,32.68,2024-01-01T00:00:00
product_005494,Sports & Outdoors,Training Gear 5494,10084,13.7,8.5,8.8,99.96,2024-01-01T00:00:00
product_005495,Books & Media,Learning Guide 5495,331,4.9,4.7,4.3,22.23,2024-01-01T00:00:00
product_005496,Home & Bedding,Comfort Item 5496,1279,6.0,4.6,4.6,132.55,2024-01-01T00:00:00
product_005497,Watches & Gifts,Timepiece 5497,577,6.3,4.7,5.5,142.35,2024-01-01T00:00:00
product_005498,Health & Beauty,Care Set 5498,508,5.4,4.6,4.9,8.78,2024-01-01T00:00:00
product_005499,Baby Products,Nursery Accessory 5499,620,6.9,3.8,4.5,41.91,2024-01-01T00:00:00
product_005500,Books & Media,Learning Guide 5500,908,5.6,3.9,4.7,23.88,2024-01-01T00:00:00
product_005501,Health & Beauty,Daily Essential 5501,288,5.4,4.7,5.5,20.83,2024-01-01T00:00:00
product_005502,Electronics & Accessories,Audio Item 5502,2356,7.6,3.4,8.2,64.57,2024-01-01T00:00:00
product_005503,Furniture & Decor,Decor Item 5503,10374,14.6,9.2,12.1,240.83,2024-01-01T00:00:00
product_005504,Home Goods,Organization Set 5504,6261,10.8,6.8,9.4,70.86,2024-01-01T00:00:00
product_005505,Home Goods,Kitchen Item 5505,1593,6.2,4.3,4.2,28.49,2024-01-01T00:00:00
product_005506,Sports & Outdoors,Training Gear 5506,1906,6.1,4.5,7.2,108.99,2024-01-01T00:00:00
product_005507,Electronics & Accessories,Audio Item 5507,695,5.3,5.1,6.5,343.73,2024-01-01T00:00:00
product_005508,Furniture & Decor,Storage Unit 5508,3643,10.3,5.6,8.4,373.01,2024-01-01T00:00:00
product_005509,Books & Media,Learning Guide 5509,212,5.0,3.7,4.3,15.27,2024-01-01T00:00:00
product_005510,Garden & Outdoor,Garden Tool 5510,5337,10.0,7.1,8.8,137.5,2024-01-01T00:00:00
product_005511,Baby Products,Nursery Accessory 5511,4694,6.9,5.5,7.8,50.28,2024-01-01T00:00:00
product_005512,Garden & Outdoor,Outdoor Accessory 5512,6242,10.8,5.0,7.6,96.71,2024-01-01T00:00:00
product_005513,Baby Products,Feeding Item 5513,700,7.7,4.6,3.4,90.24,2024-01-01T00:00:00
product_005514,Home Goods,Organization Set 5514,2269,8.2,4.1,6.9,79.81,2024-01-01T00:00:00
product_005515,Watches & Gifts,Gift Set 5515,111,7.1,3.9,4.7,161.64,2024-01-01T00:00:00
product_005516,Furniture & Decor,Decor Item 5516,10697,10.4,7.0,12.6,266.85,2024-01-01T00:00:00
product_005517,Sports & Outdoors,Fitness Item 5517,2780,9.5,7.3,7.1,154.78,2024-01-01T00:00:00
product_005518,Baby Products,Feeding Item 5518,539,6.9,3.7,6.1,23.35,2024-01-01T00:00:00
product_005519,Health & Beauty,Daily Essential 5519,486,8.3,4.0,4.4,41.85,2024-01-01T00:00:00
product_005520,Baby Products,Feeding Item 5520,677,5.0,3.2,4.1,46.56,2024-01-01T00:00:00
product_005521,Electronics & Accessories,Charging Kit 5521,784,8.5,4.0,4.1,690.31,2024-01-01T00:00:00
product_005522,Baby Products,Infant Care Item 5522,1254,6.9,4.2,5.8,28.66,2024-01-01T00:00:00
product_005523,Health & Beauty,Care Set 5523,260,6.8,5.1,3.8,40.1,2024-01-01T00:00:00
product_005524,Automotive,Maintenance Kit 5524,4759,11.8,7.3,9.2,36.69,2024-01-01T00:00:00
product_005525,Home & Bedding,Bedding Set 5525,574,6.8,3.7,5.5,77.03,2024-01-01T00:00:00
product_005526,Furniture & Decor,Storage Unit 5526,20215,18.0,11.3,10.3,127.94,2024-01-01T00:00:00
product_005527,Books & Media,Media Collection 5527,520,6.1,4.1,5.7,35.17,2024-01-01T00:00:00
product_005528,Automotive,Vehicle Accessory 5528,1754,7.2,4.1,5.6,128.31,2024-01-01T00:00:00
product_005529,Baby Products,Feeding Item 5529,1410,7.2,4.5,6.0,38.77,2024-01-01T00:00:00
product_005530,Toys & Games,Activity Set 5530,1248,8.2,3.3,5.2,15.86,2024-01-01T00:00:00
product_005531,Sports & Outdoors,Fitness Item 5531,2806,8.8,5.4,6.8,52.59,2024-01-01T00:00:00
product_005532,Office Supplies,Office Organizer 5532,395,7.5,3.7,5.3,41.67,2024-01-01T00:00:00
product_005533,Baby Products,Feeding Item 5533,403,7.5,3.7,5.0,37.97,2024-01-01T00:00:00
product_005534,Toys & Games,Family Game 5534,688,5.9,4.2,4.4,18.35,2024-01-01T00:00:00
product_005535,Toys & Games,Activity Set 5535,819,8.3,3.3,5.0,29.35,2024-01-01T00:00:00
product_005536,Garden & Outdoor,Outdoor Accessory 5536,3860,9.7,5.4,7.9,128.7,2024-01-01T00:00:00
product_005537,Garden & Outdoor,Planting Set 5537,1730,6.6,3.8,5.6,174.54,2024-01-01T00:00:00
product_005538,Home & Bedding,Home Textile 5538,2337,7.9,4.8,5.1,30.42,2024-01-01T00:00:00
product_005539,Fashion,Everyday Apparel 5539,1121,6.4,2.6,5.0,19.16,2024-01-01T00:00:00
product_005540,Toys & Games,Family Game 5540,1490,9.6,2.3,4.0,60.11,2024-01-01T00:00:00
product_005541,Furniture & Decor,Storage Unit 5541,4698,11.8,8.0,7.7,74.26,2024-01-01T00:00:00
product_005542,Electronics & Accessories,Charging Kit 5542,412,8.1,5.2,4.9,217.68,2024-01-01T00:00:00
product_005543,Home & Bedding,Home Textile 5543,897,5.3,4.1,5.2,51.35,2024-01-01T00:00:00
product_005544,Mobile & Telecom,Connectivity Kit 5544,1093,5.5,2.9,4.8,300.66,2024-01-01T00:00:00
product_005545,Baby Products,Nursery Accessory 5545,987,6.1,4.6,4.7,55.6,2024-01-01T00:00:00
product_005546,Mobile & Telecom,Phone Item 5546,1111,6.8,3.5,4.7,105.08,2024-01-01T00:00:00
product_005547,Mobile & Telecom,Connectivity Kit 5547,1268,6.6,3.7,5.8,85.02,2024-01-01T00:00:00
product_005548,Toys & Games,Learning Toy 5548,453,7.4,4.8,5.0,25.95,2024-01-01T00:00:00
product_005549,Pet Supplies,Pet Activity Item 5549,1385,6.0,3.8,5.7,56.44,2024-01-01T00:00:00
product_005550,Automotive,Vehicle Accessory 5550,4228,9.4,6.2,8.5,92.34,2024-01-01T00:00:00
product_005551,Fashion,Seasonal Wear 5551,446,5.5,4.3,5.6,53.88,2024-01-01T00:00:00
product_005552,Sports & Outdoors,Outdoor Kit 5552,3993,9.2,6.1,8.3,44.7,2024-01-01T00:00:00
product_005553,Sports & Outdoors,Fitness Item 5553,2290,8.9,6.6,4.3,85.11,2024-01-01T00:00:00
product_005554,Baby Products,Nursery Accessory 5554,772,6.7,3.6,4.2,55.48,2024-01-01T00:00:00
product_005555,Home & Bedding,Bedding Set 5555,736,5.5,4.3,5.6,66.03,2024-01-01T00:00:00
product_005556,Mobile & Telecom,Mobile Accessory 5556,279,5.9,3.8,4.8,54.88,2024-01-01T00:00:00
product_005557,Sports & Outdoors,Training Gear 5557,3882,9.3,6.2,10.0,38.59,2024-01-01T00:00:00
product_005558,Garden & Outdoor,Outdoor Accessory 5558,6051,13.5,9.9,9.4,35.95,2024-01-01T00:00:00
product_005559,Furniture & Decor,Accent Furniture 5559,9084,15.6,7.7,9.9,193.99,2024-01-01T00:00:00
product_005560,Automotive,Vehicle Accessory 5560,2397,5.6,4.6,6.6,145.97,2024-01-01T00:00:00
product_005561,Electronics & Accessories,Charging Kit 5561,833,4.9,3.4,5.0,132.67,2024-01-01T00:00:00
product_005562,Automotive,Vehicle Accessory 5562,2363,7.7,5.0,5.2,163.01,2024-01-01T00:00:00
product_005563,Watches & Gifts,Keepsake Item 5563,517,8.8,2.8,4.3,114.93,2024-01-01T00:00:00
product_005564,Office Supplies,Office Organizer 5564,428,6.3,3.7,4.4,44.64,2024-01-01T00:00:00
product_005565,Fashion,Fashion Accessory 5565,113,6.6,5.1,6.0,113.73,2024-01-01T00:00:00
product_005566,Pet Supplies,Feeding Set 5566,1839,6.0,5.7,5.6,34.75,2024-01-01T00:00:00
product_005567,Pet Supplies,Pet Care Item 5567,1513,6.4,4.3,7.7,36.77,2024-01-01T00:00:00
product_005568,Furniture & Decor,Accent Furniture 5568,7534,12.6,5.9,12.3,202.55,2024-01-01T00:00:00
product_005569,Health & Beauty,Wellness Item 5569,547,4.4,4.3,5.9,31.51,2024-01-01T00:00:00
product_005570,Home Goods,Household Tool 5570,4300,9.9,5.4,6.9,62.37,2024-01-01T00:00:00
product_005571,Home Goods,Kitchen Item 5571,3034,9.2,4.8,7.4,46.16,2024-01-01T00:00:00
product_005572,Fashion,Seasonal Wear 5572,300,5.4,3.9,4.2,58.6,2024-01-01T00:00:00
product_005573,Fashion,Fashion Accessory 5573,768,6.0,4.7,5.2,27.18,2024-01-01T00:00:00
product_005574,Books & Media,Reference Book 5574,646,6.6,4.1,3.9,24.74,2024-01-01T00:00:00
product_005575,Mobile & Telecom,Phone Item 5575,1060,6.3,2.7,3.8,193.68,2024-01-01T00:00:00
product_005576,Watches & Gifts,Gift Set 5576,392,6.9,3.6,5.8,103.72,2024-01-01T00:00:00
product_005577,Health & Beauty,Care Set 5577,489,7.6,3.4,5.4,17.7,2024-01-01T00:00:00
product_005578,Sports & Outdoors,Fitness Item 5578,816,5.9,3.3,4.7,34.79,2024-01-01T00:00:00
product_005579,Automotive,Travel Item 5579,1412,9.0,4.6,5.1,52.27,2024-01-01T00:00:00
product_005580,Baby Products,Infant Care Item 5580,2997,9.0,4.2,6.5,101.17,2024-01-01T00:00:00
product_005581,Watches & Gifts,Gift Set 5581,208,7.9,3.0,4.9,84.53,2024-01-01T00:00:00
product_005582,Electronics & Accessories,Audio Item 5582,1177,6.9,3.8,4.1,41.85,2024-01-01T00:00:00
product_005583,Home Goods,Household Tool 5583,1471,6.5,4.3,5.8,51.21,2024-01-01T00:00:00
product_005584,Sports & Outdoors,Fitness Item 5584,3064,8.4,6.5,7.6,31.23,2024-01-01T00:00:00
product_005585,Office Supplies,Writing Kit 5585,1153,6.4,3.6,4.0,28.47,2024-01-01T00:00:00
product_005586,Garden & Outdoor,Garden Tool 5586,5749,10.5,8.0,9.6,42.71,2024-01-01T00:00:00
product_005587,Pet Supplies,Feeding Set 5587,1238,5.4,5.2,4.5,31.8,2024-01-01T00:00:00
product_005588,Furniture & Decor,Accent Furniture 5588,6043,11.3,6.8,7.4,109.56,2024-01-01T00:00:00
product_005589,Books & Media,Learning Guide 5589,574,7.8,3.4,5.2,15.45,2024-01-01T00:00:00
product_005590,Office Supplies,Desk Set 5590,1048,6.3,3.8,6.3,45.09,2024-01-01T00:00:00
product_005591,Electronics & Accessories,Device Accessory 5591,1751,6.0,4.4,6.7,248.08,2024-01-01T00:00:00
product_005592,Furniture & Decor,Decor Item 5592,15153,16.0,9.5,13.9,130.77,2024-01-01T00:00:00
product_005593,Home & Bedding,Bedding Set 5593,3139,7.8,6.3,8.3,72.33,2024-01-01T00:00:00
product_005594,Health & Beauty,Care Set 5594,564,6.3,4.3,5.0,23.84,2024-01-01T00:00:00
product_005595,Watches & Gifts,Keepsake Item 5595,1025,5.7,4.4,5.6,119.14,2024-01-01T00:00:00
product_005596,Electronics & Accessories,Device Accessory 5596,1281,7.3,4.5,5.4,124.83,2024-01-01T00:00:00
product_005597,Home & Bedding,Comfort Item 5597,776,7.6,4.0,5.7,106.4,2024-01-01T00:00:00
product_005598,Watches & Gifts,Timepiece 5598,493,6.7,4.3,4.2,40.71,2024-01-01T00:00:00
product_005599,Sports & Outdoors,Fitness Item 5599,1244,6.1,3.7,4.9,36.67,2024-01-01T00:00:00
product_005600,Office Supplies,Writing Kit 5600,480,4.8,3.8,4.5,12.86,2024-01-01T00:00:00
product_005601,Automotive,Vehicle Accessory 5601,3970,10.9,5.4,7.4,26.56,2024-01-01T00:00:00
product_005602,Home Goods,Kitchen Item 5602,2713,7.4,5.0,7.0,89.84,2024-01-01T00:00:00
product_005603,Home Goods,Organization Set 5603,1791,7.8,6.6,5.8,26.99,2024-01-01T00:00:00
product_005604,Watches & Gifts,Timepiece 5604,113,6.2,3.6,3.9,88.66,2024-01-01T00:00:00
product_005605,Health & Beauty,Daily Essential 5605,409,8.2,4.6,5.0,37.26,2024-01-01T00:00:00
product_005606,Garden & Outdoor,Garden Tool 5606,3263,10.1,6.1,4.8,38.27,2024-01-01T00:00:00
product_005607,Fashion,Seasonal Wear 5607,409,7.7,4.3,5.1,42.43,2024-01-01T00:00:00
product_005608,Office Supplies,Writing Kit 5608,1481,6.1,3.7,4.0,86.75,2024-01-01T00:00:00
product_005609,Office Supplies,Office Organizer 5609,566,5.8,3.3,6.9,16.48,2024-01-01T00:00:00
product_005610,Books & Media,Media Collection 5610,355,6.1,4.4,5.8,33.8,2024-01-01T00:00:00
product_005611,Electronics & Accessories,Device Accessory 5611,822,6.8,4.4,5.6,68.98,2024-01-01T00:00:00
product_005612,Books & Media,Media Collection 5612,460,6.2,3.4,4.5,42.45,2024-01-01T00:00:00
product_005613,Sports & Outdoors,Fitness Item 5613,3194,8.6,4.3,7.9,62.51,2024-01-01T00:00:00
product_005614,Fashion,Seasonal Wear 5614,301,6.5,3.4,4.3,174.79,2024-01-01T00:00:00
product_005615,Fashion,Fashion Accessory 5615,452,6.8,5.0,5.1,128.94,2024-01-01T00:00:00
product_005616,Automotive,Maintenance Kit 5616,5708,12.3,7.3,8.8,53.46,2024-01-01T00:00:00
product_005617,Fashion,Everyday Apparel 5617,326,6.9,3.3,4.2,104.83,2024-01-01T00:00:00
product_005618,Pet Supplies,Pet Care Item 5618,2974,7.5,6.2,8.0,44.08,2024-01-01T00:00:00
product_005619,Sports & Outdoors,Outdoor Kit 5619,3451,8.1,5.5,8.4,107.63,2024-01-01T00:00:00
product_005620,Home & Bedding,Comfort Item 5620,1434,6.3,5.3,5.0,48.53,2024-01-01T00:00:00
product_005621,Home & Bedding,Bedding Set 5621,954,8.6,5.3,5.4,69.82,2024-01-01T00:00:00
product_005622,Mobile & Telecom,Phone Item 5622,584,7.6,4.8,6.1,219.75,2024-01-01T00:00:00
product_005623,Watches & Gifts,Gift Set 5623,116,6.7,4.7,5.0,51.96,2024-01-01T00:00:00
product_005624,Books & Media,Learning Guide 5624,321,7.7,3.7,6.3,5.93,2024-01-01T00:00:00
product_005625,Watches & Gifts,Gift Set 5625,382,5.5,3.3,5.5,77.85,2024-01-01T00:00:00
product_005626,Home & Bedding,Comfort Item 5626,3642,9.1,6.8,7.8,26.51,2024-01-01T00:00:00
product_005627,Home Goods,Household Tool 5627,2379,9.6,3.4,6.3,34.35,2024-01-01T00:00:00
product_005628,Baby Products,Feeding Item 5628,550,6.0,3.6,3.7,43.23,2024-01-01T00:00:00
product_005629,Electronics & Accessories,Audio Item 5629,457,5.2,4.2,3.8,125.89,2024-01-01T00:00:00
product_005630,Home & Bedding,Bedding Set 5630,2224,6.7,4.7,4.9,45.62,2024-01-01T00:00:00
product_005631,Electronics & Accessories,Audio Item 5631,2458,8.1,5.9,5.5,116.54,2024-01-01T00:00:00
product_005632,Watches & Gifts,Keepsake Item 5632,119,5.8,3.6,4.6,58.49,2024-01-01T00:00:00
product_005633,Toys & Games,Activity Set 5633,551,8.6,4.6,5.3,38.55,2024-01-01T00:00:00
product_005634,Health & Beauty,Wellness Item 5634,633,6.3,3.6,4.2,43.67,2024-01-01T00:00:00
product_005635,Automotive,Travel Item 5635,4362,11.6,6.4,7.0,59.32,2024-01-01T00:00:00
product_005636,Electronics & Accessories,Charging Kit 5636,978,7.0,4.4,5.1,280.95,2024-01-01T00:00:00
product_005637,Baby Products,Nursery Accessory 5637,2832,7.1,5.3,6.5,81.9,2024-01-01T00:00:00
product_005638,Mobile & Telecom,Mobile Accessory 5638,1177,6.3,2.6,6.4,176.51,2024-01-01T00:00:00
product_005639,Automotive,Vehicle Accessory 5639,7512,10.8,8.8,9.6,83.88,2024-01-01T00:00:00
product_005640,Books & Media,Learning Guide 5640,750,5.8,2.9,4.5,19.85,2024-01-01T00:00:00
product_005641,Pet Supplies,Pet Activity Item 5641,728,6.7,4.1,4.1,78.24,2024-01-01T00:00:00
product_005642,Electronics & Accessories,Audio Item 5642,2210,8.9,6.6,7.1,287.12,2024-01-01T00:00:00
product_005643,Baby Products,Infant Care Item 5643,706,6.0,4.6,4.5,49.47,2024-01-01T00:00:00
product_005644,Fashion,Seasonal Wear 5644,522,7.2,3.3,4.1,19.47,2024-01-01T00:00:00
product_005645,Electronics & Accessories,Audio Item 5645,917,7.4,3.8,4.2,82.41,2024-01-01T00:00:00
product_005646,Home & Bedding,Bedding Set 5646,1699,7.6,4.8,6.7,36.97,2024-01-01T00:00:00
product_005647,Mobile & Telecom,Mobile Accessory 5647,879,6.2,4.0,5.7,97.09,2024-01-01T00:00:00
product_005648,Fashion,Everyday Apparel 5648,345,5.6,3.6,5.6,77.67,2024-01-01T00:00:00
product_005649,Baby Products,Nursery Accessory 5649,917,5.8,2.0,3.5,56.2,2024-01-01T00:00:00
product_005650,Baby Products,Nursery Accessory 5650,1219,6.5,4.0,5.6,92.12,2024-01-01T00:00:00
product_005651,Fashion,Fashion Accessory 5651,742,6.7,5.0,4.5,26.08,2024-01-01T00:00:00
product_005652,Home Goods,Organization Set 5652,962,5.4,3.7,6.2,29.8,2024-01-01T00:00:00
product_005653,Pet Supplies,Feeding Set 5653,786,4.4,2.9,5.9,50.72,2024-01-01T00:00:00
product_005654,Health & Beauty,Daily Essential 5654,399,6.8,3.4,6.8,30.77,2024-01-01T00:00:00
product_005655,Sports & Outdoors,Outdoor Kit 5655,4122,12.7,5.0,9.0,83.21,2024-01-01T00:00:00
product_005656,Furniture & Decor,Accent Furniture 5656,12114,12.1,10.1,10.6,72.68,2024-01-01T00:00:00
product_005657,Furniture & Decor,Decor Item 5657,8527,9.5,7.6,9.0,194.99,2024-01-01T00:00:00
product_005658,Automotive,Maintenance Kit 5658,4778,10.5,7.7,9.4,32.24,2024-01-01T00:00:00
product_005659,Sports & Outdoors,Training Gear 5659,5725,12.6,6.6,9.7,119.99,2024-01-01T00:00:00
product_005660,Fashion,Everyday Apparel 5660,191,6.6,4.7,6.5,143.08,2024-01-01T00:00:00
product_005661,Health & Beauty,Care Set 5661,275,6.5,2.6,5.5,19.73,2024-01-01T00:00:00
product_005662,Automotive,Maintenance Kit 5662,4610,12.7,6.7,5.4,106.96,2024-01-01T00:00:00
product_005663,Toys & Games,Learning Toy 5663,1639,7.9,4.7,6.7,23.64,2024-01-01T00:00:00
product_005664,Toys & Games,Activity Set 5664,610,6.2,5.3,5.2,133.65,2024-01-01T00:00:00
product_005665,Office Supplies,Office Organizer 5665,573,6.9,2.7,4.0,27.27,2024-01-01T00:00:00
product_005666,Garden & Outdoor,Garden Tool 5666,7056,7.7,8.0,8.5,34.22,2024-01-01T00:00:00
product_005667,Home Goods,Organization Set 5667,1750,8.1,6.2,5.3,90.29,2024-01-01T00:00:00
product_005668,Fashion,Everyday Apparel 5668,1288,4.8,4.3,3.8,36.86,2024-01-01T00:00:00
product_005669,Mobile & Telecom,Connectivity Kit 5669,242,5.2,4.3,5.5,69.33,2024-01-01T00:00:00
product_005670,Pet Supplies,Pet Care Item 5670,1219,7.9,3.5,3.0,81.81,2024-01-01T00:00:00
product_005671,Books & Media,Learning Guide 5671,436,6.9,3.8,5.0,50.38,2024-01-01T00:00:00
product_005672,Pet Supplies,Pet Care Item 5672,1585,7.5,5.3,5.4,71.98,2024-01-01T00:00:00
product_005673,Garden & Outdoor,Garden Tool 5673,2410,7.6,4.6,5.7,30.21,2024-01-01T00:00:00
product_005674,Books & Media,Learning Guide 5674,138,7.8,4.4,5.0,19.23,2024-01-01T00:00:00
product_005675,Toys & Games,Learning Toy 5675,872,4.8,3.9,5.4,29.86,2024-01-01T00:00:00
product_005676,Mobile & Telecom,Connectivity Kit 5676,456,7.0,4.8,4.9,114.91,2024-01-01T00:00:00
product_005677,Office Supplies,Desk Set 5677,1448,6.9,4.3,5.3,23.24,2024-01-01T00:00:00
product_005678,Home Goods,Organization Set 5678,1189,6.7,4.5,5.4,68.3,2024-01-01T00:00:00
product_005679,Watches & Gifts,Keepsake Item 5679,184,7.3,3.8,5.2,52.56,2024-01-01T00:00:00
product_005680,Mobile & Telecom,Connectivity Kit 5680,909,5.8,4.0,5.4,182.0,2024-01-01T00:00:00
product_005681,Home & Bedding,Comfort Item 5681,2940,7.2,4.3,7.9,74.05,2024-01-01T00:00:00
product_005682,Home Goods,Organization Set 5682,1867,6.7,4.9,4.8,43.47,2024-01-01T00:00:00
product_005683,Home Goods,Kitchen Item 5683,2433,7.5,4.9,5.9,55.6,2024-01-01T00:00:00
product_005684,Books & Media,Reference Book 5684,476,5.4,4.2,4.7,19.07,2024-01-01T00:00:00
product_005685,Home Goods,Household Tool 5685,1153,5.5,2.8,4.6,22.8,2024-01-01T00:00:00
product_005686,Sports & Outdoors,Outdoor Kit 5686,3601,9.9,5.4,6.7,30.78,2024-01-01T00:00:00
product_005687,Sports & Outdoors,Training Gear 5687,11253,12.1,7.9,9.8,50.84,2024-01-01T00:00:00
product_005688,Office Supplies,Desk Set 5688,611,6.0,5.1,5.5,23.14,2024-01-01T00:00:00
product_005689,Home & Bedding,Bedding Set 5689,927,6.9,4.4,5.8,67.02,2024-01-01T00:00:00
product_005690,Garden & Outdoor,Outdoor Accessory 5690,5356,8.8,6.3,7.1,48.37,2024-01-01T00:00:00
product_005691,Home Goods,Kitchen Item 5691,5478,14.5,8.3,9.6,39.55,2024-01-01T00:00:00
product_005692,Automotive,Maintenance Kit 5692,3872,9.1,6.9,8.6,92.5,2024-01-01T00:00:00
product_005693,Watches & Gifts,Gift Set 5693,284,8.9,5.0,5.9,321.23,2024-01-01T00:00:00
product_005694,Books & Media,Learning Guide 5694,435,6.8,4.4,5.3,17.21,2024-01-01T00:00:00
product_005695,Office Supplies,Writing Kit 5695,261,4.0,3.6,3.8,42.46,2024-01-01T00:00:00
product_005696,Home Goods,Organization Set 5696,3036,8.8,5.7,7.1,62.63,2024-01-01T00:00:00
product_005697,Automotive,Maintenance Kit 5697,4444,9.9,6.7,7.2,115.21,2024-01-01T00:00:00
product_005698,Garden & Outdoor,Planting Set 5698,3118,10.2,4.6,7.7,71.9,2024-01-01T00:00:00
product_005699,Baby Products,Feeding Item 5699,1736,6.4,4.4,6.1,100.39,2024-01-01T00:00:00
product_005700,Electronics & Accessories,Audio Item 5700,667,7.4,3.7,6.3,140.44,2024-01-01T00:00:00
product_005701,Health & Beauty,Daily Essential 5701,400,7.2,3.0,3.4,22.75,2024-01-01T00:00:00
product_005702,Books & Media,Reference Book 5702,246,6.4,4.2,5.4,18.09,2024-01-01T00:00:00
product_005703,Sports & Outdoors,Training Gear 5703,2424,8.8,6.1,6.5,89.44,2024-01-01T00:00:00
product_005704,Garden & Outdoor,Garden Tool 5704,2712,9.5,4.9,8.4,141.16,2024-01-01T00:00:00
product_005705,Baby Products,Infant Care Item 5705,2812,9.1,6.5,5.9,56.53,2024-01-01T00:00:00
product_005706,Office Supplies,Desk Set 5706,1553,6.7,2.9,5.8,34.69,2024-01-01T00:00:00
product_005707,Health & Beauty,Care Set 5707,592,7.9,3.9,4.6,49.06,2024-01-01T00:00:00
product_005708,Furniture & Decor,Storage Unit 5708,10745,16.1,10.1,12.5,285.03,2024-01-01T00:00:00
product_005709,Home Goods,Kitchen Item 5709,2941,8.5,5.7,5.8,67.13,2024-01-01T00:00:00
product_005710,Health & Beauty,Daily Essential 5710,173,6.1,2.8,5.6,29.03,2024-01-01T00:00:00
product_005711,Pet Supplies,Feeding Set 5711,1687,5.8,3.9,6.6,71.98,2024-01-01T00:00:00
product_005712,Watches & Gifts,Timepiece 5712,825,7.0,4.0,5.4,220.22,2024-01-01T00:00:00
product_005713,Watches & Gifts,Timepiece 5713,270,6.9,4.8,4.9,511.53,2024-01-01T00:00:00
product_005714,Watches & Gifts,Timepiece 5714,151,6.3,5.4,4.9,95.56,2024-01-01T00:00:00
product_005715,Baby Products,Feeding Item 5715,989,6.8,3.7,3.8,105.09,2024-01-01T00:00:00
product_005716,Home & Bedding,Home Textile 5716,1074,5.8,5.7,4.9,14.4,2024-01-01T00:00:00
product_005717,Garden & Outdoor,Planting Set 5717,5117,7.8,6.7,9.1,62.72,2024-01-01T00:00:00
product_005718,Home Goods,Household Tool 5718,6647,13.7,7.6,9.8,73.79,2024-01-01T00:00:00
product_005719,Automotive,Vehicle Accessory 5719,6584,12.9,6.2,9.7,207.95,2024-01-01T00:00:00
product_005720,Pet Supplies,Pet Activity Item 5720,1161,6.8,3.8,6.6,42.91,2024-01-01T00:00:00
product_005721,Toys & Games,Family Game 5721,998,8.0,3.9,5.1,111.88,2024-01-01T00:00:00
product_005722,Watches & Gifts,Timepiece 5722,170,6.1,3.6,5.2,34.78,2024-01-01T00:00:00
product_005723,Automotive,Travel Item 5723,3617,4.5,6.1,6.3,145.27,2024-01-01T00:00:00
product_005724,Office Supplies,Desk Set 5724,682,6.6,4.2,4.0,25.11,2024-01-01T00:00:00
product_005725,Furniture & Decor,Storage Unit 5725,6696,12.2,5.9,7.2,127.64,2024-01-01T00:00:00
product_005726,Sports & Outdoors,Outdoor Kit 5726,5100,11.2,7.7,9.8,52.3,2024-01-01T00:00:00
product_005727,Mobile & Telecom,Mobile Accessory 5727,984,7.3,4.6,4.5,92.25,2024-01-01T00:00:00
product_005728,Home & Bedding,Home Textile 5728,2193,6.7,3.6,5.9,54.16,2024-01-01T00:00:00
product_005729,Baby Products,Feeding Item 5729,831,5.4,4.0,5.7,48.62,2024-01-01T00:00:00
product_005730,Home & Bedding,Comfort Item 5730,1758,6.8,3.7,6.7,43.62,2024-01-01T00:00:00
product_005731,Fashion,Everyday Apparel 5731,882,6.9,4.2,6.1,64.76,2024-01-01T00:00:00
product_005732,Books & Media,Reference Book 5732,363,8.0,3.5,4.8,23.71,2024-01-01T00:00:00
product_005733,Books & Media,Reference Book 5733,1194,6.2,3.7,5.3,30.72,2024-01-01T00:00:00
product_005734,Automotive,Travel Item 5734,3060,6.6,3.9,6.1,74.04,2024-01-01T00:00:00
product_005735,Pet Supplies,Feeding Set 5735,840,7.4,4.6,4.1,19.82,2024-01-01T00:00:00
product_005736,Watches & Gifts,Gift Set 5736,211,5.7,4.3,4.8,85.56,2024-01-01T00:00:00
product_005737,Fashion,Fashion Accessory 5737,483,6.5,3.8,6.1,117.14,2024-01-01T00:00:00
product_005738,Mobile & Telecom,Phone Item 5738,597,7.2,4.0,4.0,143.5,2024-01-01T00:00:00
product_005739,Baby Products,Feeding Item 5739,1824,9.6,4.1,6.7,33.39,2024-01-01T00:00:00
product_005740,Automotive,Vehicle Accessory 5740,2261,9.5,5.2,7.6,115.23,2024-01-01T00:00:00
product_005741,Watches & Gifts,Keepsake Item 5741,298,6.7,5.1,5.4,291.38,2024-01-01T00:00:00
product_005742,Furniture & Decor,Accent Furniture 5742,4189,9.4,5.7,8.6,203.27,2024-01-01T00:00:00
product_005743,Sports & Outdoors,Outdoor Kit 5743,1517,6.9,3.9,5.1,66.69,2024-01-01T00:00:00
product_005744,Health & Beauty,Care Set 5744,191,7.8,4.8,4.3,28.27,2024-01-01T00:00:00
product_005745,Furniture & Decor,Accent Furniture 5745,2267,10.0,4.1,7.7,145.34,2024-01-01T00:00:00
product_005746,Sports & Outdoors,Fitness Item 5746,6837,11.8,6.1,6.5,185.03,2024-01-01T00:00:00
product_005747,Garden & Outdoor,Outdoor Accessory 5747,1867,8.0,4.3,6.7,107.6,2024-01-01T00:00:00
product_005748,Books & Media,Learning Guide 5748,402,5.4,5.2,3.9,34.11,2024-01-01T00:00:00
product_005749,Health & Beauty,Care Set 5749,355,7.0,3.8,3.9,53.46,2024-01-01T00:00:00
product_005750,Watches & Gifts,Timepiece 5750,287,6.8,4.9,5.4,38.36,2024-01-01T00:00:00
product_005751,Books & Media,Reference Book 5751,376,5.9,5.9,4.1,13.03,2024-01-01T00:00:00
product_005752,Books & Media,Learning Guide 5752,303,5.4,3.9,5.8,26.91,2024-01-01T00:00:00
product_005753,Electronics & Accessories,Device Accessory 5753,939,6.5,3.1,3.4,286.41,2024-01-01T00:00:00
product_005754,Home & Bedding,Comfort Item 5754,980,6.0,4.7,5.9,77.08,2024-01-01T00:00:00
product_005755,Books & Media,Media Collection 5755,471,6.2,5.1,3.5,9.53,2024-01-01T00:00:00
product_005756,Furniture & Decor,Decor Item 5756,3812,10.7,7.3,7.6,294.87,2024-01-01T00:00:00
product_005757,Home Goods,Household Tool 5757,1593,7.5,4.0,4.9,25.49,2024-01-01T00:00:00
product_005758,Books & Media,Reference Book 5758,528,7.5,4.6,6.0,15.91,2024-01-01T00:00:00
product_005759,Pet Supplies,Pet Activity Item 5759,1932,7.8,6.5,4.4,63.95,2024-01-01T00:00:00
product_005760,Mobile & Telecom,Connectivity Kit 5760,358,7.4,4.1,3.8,437.16,2024-01-01T00:00:00
product_005761,Baby Products,Feeding Item 5761,2165,7.6,4.0,4.4,124.64,2024-01-01T00:00:00
product_005762,Furniture & Decor,Decor Item 5762,8465,10.9,9.4,10.3,274.38,2024-01-01T00:00:00
product_005763,Sports & Outdoors,Fitness Item 5763,3367,10.0,6.8,9.0,60.25,2024-01-01T00:00:00
product_005764,Fashion,Fashion Accessory 5764,639,5.0,3.4,5.8,52.95,2024-01-01T00:00:00
product_005765,Books & Media,Reference Book 5765,470,6.5,3.3,4.6,28.7,2024-01-01T00:00:00
product_005766,Office Supplies,Writing Kit 5766,883,7.3,4.3,4.5,19.48,2024-01-01T00:00:00
product_005767,Garden & Outdoor,Garden Tool 5767,2561,8.6,4.9,7.1,34.0,2024-01-01T00:00:00
product_005768,Watches & Gifts,Keepsake Item 5768,740,7.3,4.7,5.8,99.01,2024-01-01T00:00:00
product_005769,Baby Products,Infant Care Item 5769,1323,6.4,4.0,4.6,44.16,2024-01-01T00:00:00
product_005770,Home & Bedding,Comfort Item 5770,2413,8.9,6.0,6.2,76.3,2024-01-01T00:00:00
product_005771,Home Goods,Kitchen Item 5771,2252,6.7,4.1,5.7,40.45,2024-01-01T00:00:00
product_005772,Office Supplies,Office Organizer 5772,1122,6.9,4.5,4.9,74.2,2024-01-01T00:00:00
product_005773,Garden & Outdoor,Outdoor Accessory 5773,3874,9.4,4.8,8.6,37.14,2024-01-01T00:00:00
product_005774,Books & Media,Learning Guide 5774,683,6.5,4.5,4.3,13.1,2024-01-01T00:00:00
product_005775,Books & Media,Media Collection 5775,913,6.5,3.8,5.6,15.14,2024-01-01T00:00:00
product_005776,Health & Beauty,Daily Essential 5776,543,6.7,3.9,4.2,20.76,2024-01-01T00:00:00
product_005777,Furniture & Decor,Decor Item 5777,12431,14.6,8.3,10.4,318.45,2024-01-01T00:00:00
product_005778,Pet Supplies,Pet Care Item 5778,1147,7.3,5.1,5.4,39.45,2024-01-01T00:00:00
product_005779,Pet Supplies,Feeding Set 5779,1390,4.0,5.3,4.2,32.69,2024-01-01T00:00:00
product_005780,Fashion,Everyday Apparel 5780,276,7.0,3.2,5.7,31.08,2024-01-01T00:00:00
product_005781,Pet Supplies,Pet Care Item 5781,543,7.8,2.1,3.7,119.96,2024-01-01T00:00:00
product_005782,Baby Products,Nursery Accessory 5782,2259,7.2,6.2,6.3,89.74,2024-01-01T00:00:00
product_005783,Electronics & Accessories,Device Accessory 5783,932,6.3,5.0,5.3,388.52,2024-01-01T00:00:00
product_005784,Furniture & Decor,Decor Item 5784,6134,13.4,5.3,10.0,237.52,2024-01-01T00:00:00
product_005785,Furniture & Decor,Decor Item 5785,7814,12.8,7.1,7.2,116.79,2024-01-01T00:00:00
product_005786,Toys & Games,Learning Toy 5786,1102,4.8,2.6,4.8,30.3,2024-01-01T00:00:00
product_005787,Baby Products,Feeding Item 5787,1200,6.7,3.9,5.7,55.43,2024-01-01T00:00:00
product_005788,Health & Beauty,Daily Essential 5788,320,5.7,4.7,5.5,45.4,2024-01-01T00:00:00
product_005789,Office Supplies,Office Organizer 5789,970,7.1,4.2,5.2,58.85,2024-01-01T00:00:00
product_005790,Garden & Outdoor,Planting Set 5790,3843,10.7,5.5,6.7,77.4,2024-01-01T00:00:00
product_005791,Toys & Games,Learning Toy 5791,1140,5.8,3.4,5.2,34.85,2024-01-01T00:00:00
product_005792,Mobile & Telecom,Mobile Accessory 5792,735,7.0,5.1,3.7,177.52,2024-01-01T00:00:00
product_005793,Electronics & Accessories,Audio Item 5793,2349,6.4,4.0,5.3,77.13,2024-01-01T00:00:00
product_005794,Office Supplies,Writing Kit 5794,203,8.3,3.3,5.9,52.05,2024-01-01T00:00:00
product_005795,Garden & Outdoor,Planting Set 5795,5834,8.8,8.0,8.7,75.26,2024-01-01T00:00:00
product_005796,Sports & Outdoors,Outdoor Kit 5796,2160,8.9,4.3,6.4,85.11,2024-01-01T00:00:00
product_005797,Garden & Outdoor,Garden Tool 5797,5072,11.3,8.4,8.3,32.59,2024-01-01T00:00:00
product_005798,Mobile & Telecom,Connectivity Kit 5798,459,6.9,4.4,6.2,294.25,2024-01-01T00:00:00
product_005799,Electronics & Accessories,Device Accessory 5799,811,5.8,3.0,4.7,133.76,2024-01-01T00:00:00
product_005800,Electronics & Accessories,Device Accessory 5800,521,4.7,5.0,5.0,221.1,2024-01-01T00:00:00
product_005801,Electronics & Accessories,Charging Kit 5801,379,7.5,4.7,4.6,397.84,2024-01-01T00:00:00
product_005802,Garden & Outdoor,Planting Set 5802,3710,7.1,4.6,6.4,75.79,2024-01-01T00:00:00
product_005803,Home & Bedding,Home Textile 5803,3459,11.1,6.9,6.8,29.64,2024-01-01T00:00:00
product_005804,Garden & Outdoor,Planting Set 5804,4729,10.7,6.9,10.2,76.08,2024-01-01T00:00:00
product_005805,Home & Bedding,Home Textile 5805,911,5.2,3.9,5.2,60.04,2024-01-01T00:00:00
product_005806,Pet Supplies,Pet Care Item 5806,1191,6.7,3.8,4.8,18.88,2024-01-01T00:00:00
product_005807,Home & Bedding,Comfort Item 5807,1847,6.0,4.0,5.6,37.23,2024-01-01T00:00:00
product_005808,Watches & Gifts,Gift Set 5808,220,4.9,4.8,4.4,29.5,2024-01-01T00:00:00
product_005809,Electronics & Accessories,Device Accessory 5809,1233,6.0,3.8,4.6,381.73,2024-01-01T00:00:00
product_005810,Garden & Outdoor,Planting Set 5810,2589,7.0,5.0,6.5,44.07,2024-01-01T00:00:00
product_005811,Books & Media,Reference Book 5811,242,7.3,4.3,4.1,16.58,2024-01-01T00:00:00
product_005812,Pet Supplies,Pet Care Item 5812,1174,4.2,4.3,4.2,32.02,2024-01-01T00:00:00
product_005813,Pet Supplies,Pet Care Item 5813,2984,7.7,4.1,4.2,25.01,2024-01-01T00:00:00
product_005814,Sports & Outdoors,Outdoor Kit 5814,3227,9.2,4.3,6.7,46.71,2024-01-01T00:00:00
product_005815,Automotive,Vehicle Accessory 5815,3773,11.3,6.3,5.4,93.33,2024-01-01T00:00:00
product_005816,Baby Products,Feeding Item 5816,496,6.8,4.2,4.7,63.36,2024-01-01T00:00:00
product_005817,Mobile & Telecom,Connectivity Kit 5817,791,5.6,3.5,4.6,82.38,2024-01-01T00:00:00
product_005818,Home & Bedding,Comfort Item 5818,2172,6.4,5.2,6.5,106.69,2024-01-01T00:00:00
product_005819,Sports & Outdoors,Training Gear 5819,1762,6.8,5.1,5.0,116.48,2024-01-01T00:00:00
product_005820,Electronics & Accessories,Charging Kit 5820,1204,5.9,2.5,5.1,305.17,2024-01-01T00:00:00
product_005821,Baby Products,Nursery Accessory 5821,723,6.5,4.2,4.5,51.7,2024-01-01T00:00:00
product_005822,Health & Beauty,Daily Essential 5822,293,5.7,2.6,5.6,18.64,2024-01-01T00:00:00
product_005823,Home Goods,Organization Set 5823,7887,16.3,8.8,9.1,64.58,2024-01-01T00:00:00
product_005824,Home Goods,Organization Set 5824,994,8.6,4.9,5.1,105.97,2024-01-01T00:00:00
product_005825,Home & Bedding,Bedding Set 5825,2986,12.3,7.9,7.2,86.55,2024-01-01T00:00:00
product_005826,Automotive,Maintenance Kit 5826,6331,9.6,6.7,9.8,50.76,2024-01-01T00:00:00
product_005827,Electronics & Accessories,Device Accessory 5827,584,8.1,3.1,4.9,107.78,2024-01-01T00:00:00
product_005828,Home & Bedding,Bedding Set 5828,3534,8.8,5.9,8.6,22.24,2024-01-01T00:00:00
product_005829,Home & Bedding,Comfort Item 5829,1000,6.3,3.7,4.5,69.23,2024-01-01T00:00:00
product_005830,Health & Beauty,Daily Essential 5830,175,6.1,3.6,4.2,28.25,2024-01-01T00:00:00
product_005831,Home & Bedding,Comfort Item 5831,1704,6.0,4.9,7.1,30.2,2024-01-01T00:00:00
product_005832,Automotive,Vehicle Accessory 5832,4122,5.3,8.4,7.6,102.2,2024-01-01T00:00:00
product_005833,Pet Supplies,Pet Activity Item 5833,4157,11.8,6.1,8.1,65.45,2024-01-01T00:00:00
product_005834,Automotive,Maintenance Kit 5834,2730,8.3,5.3,8.3,88.48,2024-01-01T00:00:00
product_005835,Automotive,Maintenance Kit 5835,2637,7.8,5.8,7.1,133.33,2024-01-01T00:00:00
product_005836,Health & Beauty,Wellness Item 5836,531,7.8,3.6,5.0,40.56,2024-01-01T00:00:00
product_005837,Watches & Gifts,Keepsake Item 5837,398,6.2,3.9,4.2,97.57,2024-01-01T00:00:00
product_005838,Garden & Outdoor,Garden Tool 5838,2147,6.5,5.6,6.3,81.75,2024-01-01T00:00:00
product_005839,Baby Products,Infant Care Item 5839,2529,6.6,3.6,6.4,15.14,2024-01-01T00:00:00
product_005840,Home & Bedding,Comfort Item 5840,615,6.1,3.8,4.6,61.55,2024-01-01T00:00:00
product_005841,Automotive,Vehicle Accessory 5841,3241,8.1,6.2,6.4,23.91,2024-01-01T00:00:00
product_005842,Furniture & Decor,Decor Item 5842,7310,13.9,9.6,8.9,406.7,2024-01-01T00:00:00
product_005843,Garden & Outdoor,Outdoor Accessory 5843,3803,8.1,5.2,6.4,191.83,2024-01-01T00:00:00
product_005844,Home & Bedding,Comfort Item 5844,2101,8.4,4.0,6.2,96.2,2024-01-01T00:00:00
product_005845,Baby Products,Feeding Item 5845,388,4.9,5.0,5.4,53.54,2024-01-01T00:00:00
product_005846,Furniture & Decor,Decor Item 5846,6925,12.7,9.0,6.8,304.61,2024-01-01T00:00:00
product_005847,Sports & Outdoors,Fitness Item 5847,1888,8.9,6.5,5.3,130.43,2024-01-01T00:00:00
product_005848,Furniture & Decor,Accent Furniture 5848,21268,13.7,8.7,15.3,693.87,2024-01-01T00:00:00
product_005849,Watches & Gifts,Timepiece 5849,60,5.7,3.2,4.8,36.05,2024-01-01T00:00:00
product_005850,Watches & Gifts,Gift Set 5850,344,6.4,4.6,5.1,111.24,2024-01-01T00:00:00
product_005851,Pet Supplies,Feeding Set 5851,1230,6.5,4.1,6.4,56.44,2024-01-01T00:00:00
product_005852,Baby Products,Nursery Accessory 5852,990,5.5,4.1,4.7,78.42,2024-01-01T00:00:00
product_005853,Watches & Gifts,Gift Set 5853,313,4.2,4.8,4.5,28.5,2024-01-01T00:00:00
product_005854,Books & Media,Media Collection 5854,380,7.2,4.4,3.6,11.77,2024-01-01T00:00:00
product_005855,Automotive,Vehicle Accessory 5855,2211,7.0,4.1,7.5,28.27,2024-01-01T00:00:00
product_005856,Office Supplies,Office Organizer 5856,1884,8.6,3.7,7.4,27.18,2024-01-01T00:00:00
product_005857,Home & Bedding,Comfort Item 5857,1570,5.4,5.0,4.9,47.93,2024-01-01T00:00:00
product_005858,Fashion,Seasonal Wear 5858,602,6.6,4.7,5.1,64.35,2024-01-01T00:00:00
product_005859,Furniture & Decor,Accent Furniture 5859,7515,11.4,8.8,10.7,157.37,2024-01-01T00:00:00
product_005860,Office Supplies,Writing Kit 5860,2048,7.3,5.4,6.9,27.07,2024-01-01T00:00:00
product_005861,Garden & Outdoor,Outdoor Accessory 5861,2378,6.9,5.0,7.9,392.02,2024-01-01T00:00:00
product_005862,Toys & Games,Family Game 5862,665,6.1,4.7,4.3,79.42,2024-01-01T00:00:00
product_005863,Home Goods,Kitchen Item 5863,1855,7.8,6.4,6.3,74.69,2024-01-01T00:00:00
product_005864,Fashion,Fashion Accessory 5864,552,7.2,3.3,4.6,91.43,2024-01-01T00:00:00
product_005865,Automotive,Vehicle Accessory 5865,11636,15.1,8.5,12.2,132.88,2024-01-01T00:00:00
product_005866,Health & Beauty,Daily Essential 5866,253,6.6,4.8,5.0,35.03,2024-01-01T00:00:00
product_005867,Office Supplies,Office Organizer 5867,654,8.4,4.6,4.0,35.9,2024-01-01T00:00:00
product_005868,Health & Beauty,Daily Essential 5868,928,5.8,4.0,5.1,19.94,2024-01-01T00:00:00
product_005869,Fashion,Seasonal Wear 5869,225,5.4,4.5,5.7,57.55,2024-01-01T00:00:00
product_005870,Office Supplies,Writing Kit 5870,726,7.3,3.6,5.3,29.99,2024-01-01T00:00:00
product_005871,Home & Bedding,Comfort Item 5871,792,7.8,3.2,5.4,135.86,2024-01-01T00:00:00
product_005872,Furniture & Decor,Storage Unit 5872,9019,13.6,7.4,12.0,116.69,2024-01-01T00:00:00
product_005873,Automotive,Vehicle Accessory 5873,5619,12.3,4.9,9.2,98.37,2024-01-01T00:00:00
product_005874,Pet Supplies,Pet Care Item 5874,1855,5.9,4.5,5.5,54.02,2024-01-01T00:00:00
product_005875,Pet Supplies,Pet Activity Item 5875,805,6.1,3.1,4.8,48.21,2024-01-01T00:00:00
product_005876,Garden & Outdoor,Outdoor Accessory 5876,3101,9.2,5.6,6.7,298.85,2024-01-01T00:00:00
product_005877,Mobile & Telecom,Connectivity Kit 5877,583,6.5,3.5,3.6,67.84,2024-01-01T00:00:00
product_005878,Pet Supplies,Pet Activity Item 5878,1232,5.6,4.4,5.0,28.04,2024-01-01T00:00:00
product_005879,Automotive,Vehicle Accessory 5879,2581,9.2,5.1,8.5,101.01,2024-01-01T00:00:00
product_005880,Electronics & Accessories,Audio Item 5880,3138,8.7,4.1,4.7,212.05,2024-01-01T00:00:00
product_005881,Watches & Gifts,Gift Set 5881,301,7.5,2.6,3.9,43.5,2024-01-01T00:00:00
product_005882,Health & Beauty,Care Set 5882,570,5.6,3.7,5.9,34.02,2024-01-01T00:00:00
product_005883,Books & Media,Learning Guide 5883,414,5.6,3.7,6.2,26.11,2024-01-01T00:00:00
product_005884,Office Supplies,Writing Kit 5884,516,6.0,3.9,5.5,19.05,2024-01-01T00:00:00
product_005885,Pet Supplies,Feeding Set 5885,641,4.9,4.3,3.0,82.4,2024-01-01T00:00:00
product_005886,Automotive,Maintenance Kit 5886,893,5.1,5.0,3.7,81.29,2024-01-01T00:00:00
product_005887,Furniture & Decor,Storage Unit 5887,4996,12.0,6.8,9.0,166.86,2024-01-01T00:00:00
product_005888,Mobile & Telecom,Connectivity Kit 5888,886,6.0,3.9,5.2,173.5,2024-01-01T00:00:00
product_005889,Automotive,Vehicle Accessory 5889,2578,7.0,3.8,7.5,94.89,2024-01-01T00:00:00
product_005890,Watches & Gifts,Timepiece 5890,162,7.6,3.7,4.1,61.84,2024-01-01T00:00:00
product_005891,Garden & Outdoor,Outdoor Accessory 5891,2961,9.0,4.9,7.7,95.59,2024-01-01T00:00:00
product_005892,Home Goods,Household Tool 5892,1600,7.8,3.9,4.4,64.35,2024-01-01T00:00:00
product_005893,Home Goods,Organization Set 5893,2900,8.2,5.8,5.9,52.56,2024-01-01T00:00:00
product_005894,Furniture & Decor,Accent Furniture 5894,15618,17.8,9.8,10.2,138.33,2024-01-01T00:00:00
product_005895,Electronics & Accessories,Device Accessory 5895,1011,7.0,4.4,4.7,166.21,2024-01-01T00:00:00
product_005896,Home & Bedding,Bedding Set 5896,1857,6.9,6.0,6.1,78.03,2024-01-01T00:00:00
product_005897,Mobile & Telecom,Mobile Accessory 5897,362,5.3,3.6,6.6,197.37,2024-01-01T00:00:00
product_005898,Baby Products,Nursery Accessory 5898,1775,5.0,6.1,5.7,40.92,2024-01-01T00:00:00
product_005899,Automotive,Travel Item 5899,3291,9.5,5.5,9.1,170.55,2024-01-01T00:00:00
product_005900,Baby Products,Infant Care Item 5900,821,5.7,3.9,3.6,32.02,2024-01-01T00:00:00
product_005901,Furniture & Decor,Decor Item 5901,18752,16.9,5.3,16.2,264.8,2024-01-01T00:00:00
product_005902,Books & Media,Learning Guide 5902,342,6.8,3.0,4.4,29.02,2024-01-01T00:00:00
product_005903,Fashion,Seasonal Wear 5903,1137,7.0,4.8,5.8,115.81,2024-01-01T00:00:00
product_005904,Mobile & Telecom,Connectivity Kit 5904,1238,7.3,6.7,4.1,70.4,2024-01-01T00:00:00
product_005905,Home Goods,Kitchen Item 5905,2895,9.3,5.3,6.0,122.33,2024-01-01T00:00:00
product_005906,Fashion,Fashion Accessory 5906,286,7.6,4.5,5.9,49.52,2024-01-01T00:00:00
product_005907,Home Goods,Household Tool 5907,3597,8.2,5.0,6.9,53.16,2024-01-01T00:00:00
product_005908,Home Goods,Kitchen Item 5908,1319,6.0,4.9,5.9,64.56,2024-01-01T00:00:00
product_005909,Home & Bedding,Comfort Item 5909,2905,9.1,5.3,6.3,50.57,2024-01-01T00:00:00
product_005910,Books & Media,Reference Book 5910,187,5.6,3.5,4.9,42.02,2024-01-01T00:00:00
product_005911,Sports & Outdoors,Fitness Item 5911,1772,10.0,5.1,6.2,188.65,2024-01-01T00:00:00
product_005912,Home & Bedding,Bedding Set 5912,3302,8.5,4.9,7.0,39.27,2024-01-01T00:00:00
product_005913,Home & Bedding,Comfort Item 5913,2228,8.0,6.8,3.5,68.2,2024-01-01T00:00:00
product_005914,Health & Beauty,Wellness Item 5914,134,7.4,3.5,5.9,19.45,2024-01-01T00:00:00
product_005915,Office Supplies,Office Organizer 5915,625,7.6,4.0,4.7,22.99,2024-01-01T00:00:00
product_005916,Fashion,Everyday Apparel 5916,648,8.0,4.3,5.9,49.81,2024-01-01T00:00:00
product_005917,Fashion,Seasonal Wear 5917,362,5.1,4.0,4.1,19.94,2024-01-01T00:00:00
product_005918,Health & Beauty,Wellness Item 5918,204,8.5,3.7,5.4,21.84,2024-01-01T00:00:00
product_005919,Mobile & Telecom,Connectivity Kit 5919,1365,6.1,3.7,5.4,222.36,2024-01-01T00:00:00
product_005920,Office Supplies,Office Organizer 5920,1174,7.6,2.9,5.2,57.28,2024-01-01T00:00:00
product_005921,Home & Bedding,Comfort Item 5921,1296,5.6,4.4,4.2,96.37,2024-01-01T00:00:00
product_005922,Watches & Gifts,Keepsake Item 5922,494,5.0,4.3,5.0,44.77,2024-01-01T00:00:00
product_005923,Furniture & Decor,Decor Item 5923,12312,14.1,4.6,12.6,146.63,2024-01-01T00:00:00
product_005924,Fashion,Seasonal Wear 5924,802,7.6,3.4,4.3,191.37,2024-01-01T00:00:00
product_005925,Electronics & Accessories,Device Accessory 5925,1272,6.8,3.4,3.9,143.42,2024-01-01T00:00:00
product_005926,Baby Products,Infant Care Item 5926,1164,5.6,3.7,5.4,139.63,2024-01-01T00:00:00
product_005927,Electronics & Accessories,Charging Kit 5927,862,6.6,4.8,6.1,614.52,2024-01-01T00:00:00
product_005928,Sports & Outdoors,Outdoor Kit 5928,1713,7.2,6.4,4.2,162.96,2024-01-01T00:00:00
product_005929,Office Supplies,Office Organizer 5929,591,5.3,3.8,6.2,12.24,2024-01-01T00:00:00
product_005930,Watches & Gifts,Gift Set 5930,364,5.3,2.6,4.6,122.58,2024-01-01T00:00:00
product_005931,Home Goods,Organization Set 5931,1698,7.3,4.7,5.5,31.74,2024-01-01T00:00:00
product_005932,Electronics & Accessories,Audio Item 5932,1382,5.7,4.8,5.7,62.26,2024-01-01T00:00:00
product_005933,Books & Media,Learning Guide 5933,381,6.0,4.6,4.7,23.18,2024-01-01T00:00:00
product_005934,Watches & Gifts,Keepsake Item 5934,533,5.6,3.7,5.7,72.17,2024-01-01T00:00:00
product_005935,Office Supplies,Office Organizer 5935,1217,6.1,3.4,5.5,34.05,2024-01-01T00:00:00
product_005936,Home Goods,Kitchen Item 5936,1790,8.8,4.4,4.8,75.4,2024-01-01T00:00:00
product_005937,Toys & Games,Learning Toy 5937,442,6.4,4.9,4.9,38.43,2024-01-01T00:00:00
product_005938,Office Supplies,Desk Set 5938,1244,5.6,4.3,4.7,17.42,2024-01-01T00:00:00
product_005939,Home Goods,Organization Set 5939,2198,8.1,5.3,6.0,97.73,2024-01-01T00:00:00
product_005940,Baby Products,Nursery Accessory 5940,505,5.2,3.6,5.1,145.15,2024-01-01T00:00:00
product_005941,Pet Supplies,Pet Activity Item 5941,2495,9.4,5.1,6.5,15.29,2024-01-01T00:00:00
product_005942,Office Supplies,Writing Kit 5942,570,4.8,4.5,5.1,54.43,2024-01-01T00:00:00
product_005943,Watches & Gifts,Timepiece 5943,375,7.6,3.2,4.9,472.67,2024-01-01T00:00:00
product_005944,Baby Products,Nursery Accessory 5944,769,7.8,4.5,4.5,31.0,2024-01-01T00:00:00
product_005945,Office Supplies,Writing Kit 5945,854,5.1,4.2,4.6,11.95,2024-01-01T00:00:00
product_005946,Books & Media,Learning Guide 5946,198,6.0,4.0,3.8,26.31,2024-01-01T00:00:00
product_005947,Automotive,Vehicle Accessory 5947,5340,10.0,6.6,7.2,32.4,2024-01-01T00:00:00
product_005948,Pet Supplies,Pet Care Item 5948,2744,8.7,5.3,6.9,43.25,2024-01-01T00:00:00
product_005949,Electronics & Accessories,Charging Kit 5949,781,5.8,3.3,5.1,178.81,2024-01-01T00:00:00
product_005950,Fashion,Fashion Accessory 5950,668,5.7,3.2,4.4,55.1,2024-01-01T00:00:00
product_005951,Fashion,Fashion Accessory 5951,265,6.8,3.7,4.4,163.51,2024-01-01T00:00:00
product_005952,Mobile & Telecom,Connectivity Kit 5952,386,8.0,3.1,4.5,321.3,2024-01-01T00:00:00
product_005953,Fashion,Everyday Apparel 5953,948,5.1,4.1,6.4,88.87,2024-01-01T00:00:00
product_005954,Mobile & Telecom,Phone Item 5954,516,4.7,2.3,6.6,274.59,2024-01-01T00:00:00
product_005955,Watches & Gifts,Gift Set 5955,223,7.6,3.1,4.8,68.27,2024-01-01T00:00:00
product_005956,Watches & Gifts,Timepiece 5956,220,5.8,3.6,3.6,186.09,2024-01-01T00:00:00
product_005957,Automotive,Travel Item 5957,2308,7.0,2.1,5.9,88.87,2024-01-01T00:00:00
product_005958,Fashion,Seasonal Wear 5958,446,6.4,4.1,5.0,93.05,2024-01-01T00:00:00
product_005959,Sports & Outdoors,Outdoor Kit 5959,3103,10.4,5.9,7.2,46.01,2024-01-01T00:00:00
product_005960,Garden & Outdoor,Garden Tool 5960,1404,9.0,4.8,5.7,66.53,2024-01-01T00:00:00
product_005961,Health & Beauty,Wellness Item 5961,224,4.9,3.0,3.6,18.42,2024-01-01T00:00:00
product_005962,Electronics & Accessories,Audio Item 5962,677,5.6,4.2,5.1,893.43,2024-01-01T00:00:00
product_005963,Home & Bedding,Bedding Set 5963,2141,9.2,4.9,5.7,62.61,2024-01-01T00:00:00
product_005964,Mobile & Telecom,Mobile Accessory 5964,660,6.2,3.9,4.3,209.84,2024-01-01T00:00:00
product_005965,Fashion,Everyday Apparel 5965,882,5.9,4.7,3.7,99.69,2024-01-01T00:00:00
product_005966,Baby Products,Nursery Accessory 5966,496,6.9,3.8,4.6,87.6,2024-01-01T00:00:00
product_005967,Electronics & Accessories,Device Accessory 5967,367,5.9,3.6,4.9,103.88,2024-01-01T00:00:00
product_005968,Home & Bedding,Home Textile 5968,1958,5.6,4.6,6.5,88.38,2024-01-01T00:00:00
product_005969,Home & Bedding,Home Textile 5969,1395,5.5,4.4,4.3,54.25,2024-01-01T00:00:00
product_005970,Office Supplies,Desk Set 5970,792,5.0,4.3,6.5,30.68,2024-01-01T00:00:00
product_005971,Health & Beauty,Care Set 5971,800,8.6,4.9,3.7,32.17,2024-01-01T00:00:00
product_005972,Office Supplies,Office Organizer 5972,1117,6.7,4.4,6.3,49.99,2024-01-01T00:00:00
product_005973,Automotive,Maintenance Kit 5973,893,4.7,3.8,5.7,37.87,2024-01-01T00:00:00
product_005974,Sports & Outdoors,Outdoor Kit 5974,7947,13.2,6.3,10.2,37.6,2024-01-01T00:00:00
product_005975,Mobile & Telecom,Connectivity Kit 5975,327,6.9,5.6,5.3,230.97,2024-01-01T00:00:00
product_005976,Watches & Gifts,Timepiece 5976,244,5.9,4.0,4.4,105.32,2024-01-01T00:00:00
product_005977,Garden & Outdoor,Planting Set 5977,7927,9.2,8.7,9.5,89.43,2024-01-01T00:00:00
product_005978,Electronics & Accessories,Charging Kit 5978,813,6.7,4.5,5.3,162.2,2024-01-01T00:00:00
product_005979,Health & Beauty,Wellness Item 5979,350,7.2,4.5,4.6,30.74,2024-01-01T00:00:00
product_005980,Automotive,Vehicle Accessory 5980,5297,14.5,7.8,7.2,63.49,2024-01-01T00:00:00
product_005981,Baby Products,Infant Care Item 5981,1619,6.0,5.7,6.8,125.16,2024-01-01T00:00:00
product_005982,Home & Bedding,Comfort Item 5982,1251,5.5,3.8,4.9,85.47,2024-01-01T00:00:00
product_005983,Office Supplies,Office Organizer 5983,628,5.5,4.0,3.1,25.73,2024-01-01T00:00:00
product_005984,Mobile & Telecom,Mobile Accessory 5984,914,5.9,4.8,5.1,125.09,2024-01-01T00:00:00
product_005985,Mobile & Telecom,Connectivity Kit 5985,739,5.4,4.2,4.0,107.66,2024-01-01T00:00:00
product_005986,Watches & Gifts,Keepsake Item 5986,206,8.0,4.3,5.5,24.53,2024-01-01T00:00:00
product_005987,Garden & Outdoor,Garden Tool 5987,3790,11.9,4.7,8.4,131.6,2024-01-01T00:00:00
product_005988,Garden & Outdoor,Garden Tool 5988,5758,10.2,7.6,7.5,29.12,2024-01-01T00:00:00
product_005989,Office Supplies,Writing Kit 5989,564,7.2,4.7,4.6,15.09,2024-01-01T00:00:00
product_005990,Office Supplies,Desk Set 5990,1236,7.0,5.0,3.8,28.9,2024-01-01T00:00:00
product_005991,Health & Beauty,Care Set 5991,498,5.0,4.7,3.2,68.15,2024-01-01T00:00:00
product_005992,Health & Beauty,Care Set 5992,370,6.8,4.5,4.2,27.61,2024-01-01T00:00:00
product_005993,Home Goods,Organization Set 5993,1348,7.0,3.9,5.6,53.73,2024-01-01T00:00:00
product_005994,Pet Supplies,Pet Activity Item 5994,2058,9.0,4.3,5.4,54.67,2024-01-01T00:00:00
product_005995,Watches & Gifts,Gift Set 5995,132,7.4,3.0,5.4,86.42,2024-01-01T00:00:00
product_005996,Sports & Outdoors,Outdoor Kit 5996,2821,10.2,4.7,6.8,70.8,2024-01-01T00:00:00
product_005997,Health & Beauty,Daily Essential 5997,148,5.9,3.5,5.2,16.51,2024-01-01T00:00:00
product_005998,Books & Media,Media Collection 5998,222,7.1,4.8,3.9,13.7,2024-01-01T00:00:00
product_005999,Office Supplies,Writing Kit 5999,1156,7.4,5.7,4.7,20.62,2024-01-01T00:00:00
product_006000,Watches & Gifts,Timepiece 6000,208,7.1,4.2,4.7,239.42,2024-01-01T00:00:00
product_006001,Toys & Games,Family Game 6001,334,7.4,2.8,4.4,51.93,2024-01-01T00:00:00
product_006002,Books & Media,Learning Guide 6002,409,6.2,5.3,4.1,17.87,2024-01-01T00:00:00
product_006003,Pet Supplies,Feeding Set 6003,896,5.3,4.0,4.9,50.89,2024-01-01T00:00:00
product_006004,Home & Bedding,Bedding Set 6004,2224,6.5,5.5,6.2,38.08,2024-01-01T00:00:00
product_006005,Books & Media,Learning Guide 6005,450,5.2,4.7,5.4,40.92,2024-01-01T00:00:00
product_006006,Fashion,Everyday Apparel 6006,583,5.9,4.9,5.8,121.46,2024-01-01T00:00:00
product_006007,Office Supplies,Office Organizer 6007,1224,7.1,4.0,6.1,57.99,2024-01-01T00:00:00
product_006008,Health & Beauty,Daily Essential 6008,135,5.2,4.1,5.1,40.81,2024-01-01T00:00:00
product_006009,Pet Supplies,Feeding Set 6009,2087,7.8,3.6,5.8,45.68,2024-01-01T00:00:00
product_006010,Fashion,Fashion Accessory 6010,487,5.3,3.9,5.3,71.11,2024-01-01T00:00:00
product_006011,Garden & Outdoor,Garden Tool 6011,4088,9.3,6.9,9.8,47.57,2024-01-01T00:00:00
product_006012,Sports & Outdoors,Training Gear 6012,3269,8.6,5.9,7.5,65.04,2024-01-01T00:00:00
product_006013,Furniture & Decor,Accent Furniture 6013,5913,9.5,5.1,8.8,186.93,2024-01-01T00:00:00
product_006014,Sports & Outdoors,Outdoor Kit 6014,4331,10.9,5.8,7.7,89.59,2024-01-01T00:00:00
product_006015,Fashion,Fashion Accessory 6015,451,7.2,3.5,4.5,121.9,2024-01-01T00:00:00
product_006016,Garden & Outdoor,Planting Set 6016,3099,8.8,6.8,7.4,71.08,2024-01-01T00:00:00
product_006017,Health & Beauty,Wellness Item 6017,666,6.3,4.1,4.3,34.63,2024-01-01T00:00:00
product_006018,Automotive,Travel Item 6018,6564,10.5,6.1,9.1,39.08,2024-01-01T00:00:00
product_006019,Furniture & Decor,Accent Furniture 6019,6991,14.4,7.9,8.8,113.47,2024-01-01T00:00:00
product_006020,Pet Supplies,Pet Activity Item 6020,1692,6.6,5.6,6.7,62.46,2024-01-01T00:00:00
product_006021,Electronics & Accessories,Device Accessory 6021,1327,6.0,3.6,6.0,85.19,2024-01-01T00:00:00
product_006022,Pet Supplies,Pet Activity Item 6022,2209,7.5,3.2,6.3,49.92,2024-01-01T00:00:00
product_006023,Furniture & Decor,Decor Item 6023,8374,14.2,7.0,8.1,129.13,2024-01-01T00:00:00
product_006024,Baby Products,Nursery Accessory 6024,989,7.2,4.1,5.5,87.59,2024-01-01T00:00:00
product_006025,Health & Beauty,Care Set 6025,109,6.6,3.0,4.7,33.39,2024-01-01T00:00:00
product_006026,Home Goods,Household Tool 6026,2164,7.3,5.1,7.2,67.82,2024-01-01T00:00:00
product_006027,Pet Supplies,Pet Activity Item 6027,1957,7.0,3.9,6.0,32.03,2024-01-01T00:00:00
product_006028,Home Goods,Household Tool 6028,730,4.7,4.1,6.3,63.62,2024-01-01T00:00:00
product_006029,Fashion,Fashion Accessory 6029,1199,6.7,3.2,5.2,156.01,2024-01-01T00:00:00
product_006030,Sports & Outdoors,Fitness Item 6030,4660,11.0,9.6,7.9,25.55,2024-01-01T00:00:00
product_006031,Electronics & Accessories,Device Accessory 6031,1217,8.4,5.2,5.3,320.68,2024-01-01T00:00:00
product_006032,Pet Supplies,Feeding Set 6032,2324,8.0,4.2,7.6,19.87,2024-01-01T00:00:00
product_006033,Automotive,Travel Item 6033,4047,6.8,6.9,7.0,37.72,2024-01-01T00:00:00
product_006034,Office Supplies,Writing Kit 6034,492,7.2,4.4,4.5,30.3,2024-01-01T00:00:00
product_006035,Garden & Outdoor,Planting Set 6035,6628,12.2,9.2,7.7,25.95,2024-01-01T00:00:00
product_006036,Office Supplies,Desk Set 6036,574,6.1,3.2,6.3,25.68,2024-01-01T00:00:00
product_006037,Fashion,Everyday Apparel 6037,109,5.1,4.1,4.6,23.35,2024-01-01T00:00:00
product_006038,Office Supplies,Desk Set 6038,507,7.3,3.0,4.6,35.81,2024-01-01T00:00:00
product_006039,Home Goods,Household Tool 6039,1941,9.3,6.0,5.3,47.89,2024-01-01T00:00:00
product_006040,Home Goods,Kitchen Item 6040,2199,9.2,4.0,5.8,94.82,2024-01-01T00:00:00
product_006041,Fashion,Everyday Apparel 6041,139,4.8,2.8,4.8,30.79,2024-01-01T00:00:00
product_006042,Fashion,Seasonal Wear 6042,352,7.3,3.6,4.1,17.03,2024-01-01T00:00:00
product_006043,Pet Supplies,Pet Activity Item 6043,840,6.9,4.5,5.0,40.59,2024-01-01T00:00:00
product_006044,Home Goods,Household Tool 6044,1789,7.6,4.9,6.1,80.87,2024-01-01T00:00:00
product_006045,Home Goods,Household Tool 6045,1490,6.0,3.7,4.6,66.71,2024-01-01T00:00:00
product_006046,Watches & Gifts,Gift Set 6046,402,5.1,4.2,4.1,86.06,2024-01-01T00:00:00
product_006047,Fashion,Fashion Accessory 6047,1070,6.8,3.1,5.1,64.3,2024-01-01T00:00:00
product_006048,Sports & Outdoors,Training Gear 6048,7859,14.4,7.3,8.4,89.38,2024-01-01T00:00:00
product_006049,Home Goods,Household Tool 6049,1480,7.4,5.1,5.8,52.57,2024-01-01T00:00:00
product_006050,Baby Products,Feeding Item 6050,1080,5.2,3.0,4.3,21.91,2024-01-01T00:00:00
product_006051,Books & Media,Reference Book 6051,254,6.5,3.3,6.9,26.96,2024-01-01T00:00:00
product_006052,Electronics & Accessories,Device Accessory 6052,294,5.8,4.1,5.2,99.19,2024-01-01T00:00:00
product_006053,Books & Media,Learning Guide 6053,312,5.9,3.7,4.9,14.76,2024-01-01T00:00:00
product_006054,Automotive,Maintenance Kit 6054,5132,10.2,5.8,7.0,68.98,2024-01-01T00:00:00
product_006055,Fashion,Everyday Apparel 6055,286,8.5,3.2,3.7,119.09,2024-01-01T00:00:00
product_006056,Toys & Games,Activity Set 6056,644,7.2,4.7,5.8,76.82,2024-01-01T00:00:00
product_006057,Baby Products,Feeding Item 6057,996,8.2,4.0,6.0,148.64,2024-01-01T00:00:00
product_006058,Sports & Outdoors,Fitness Item 6058,3453,8.7,5.6,5.5,254.91,2024-01-01T00:00:00
product_006059,Health & Beauty,Daily Essential 6059,239,6.0,2.3,4.6,22.33,2024-01-01T00:00:00
product_006060,Sports & Outdoors,Outdoor Kit 6060,1466,7.1,3.6,4.7,74.03,2024-01-01T00:00:00
product_006061,Electronics & Accessories,Device Accessory 6061,1289,6.4,4.3,4.5,121.98,2024-01-01T00:00:00
product_006062,Fashion,Fashion Accessory 6062,277,7.1,3.5,4.3,55.46,2024-01-01T00:00:00
product_006063,Fashion,Seasonal Wear 6063,314,8.1,4.7,4.9,21.15,2024-01-01T00:00:00
product_006064,Baby Products,Infant Care Item 6064,939,6.4,5.1,4.8,71.05,2024-01-01T00:00:00
product_006065,Furniture & Decor,Storage Unit 6065,6853,11.8,6.0,6.9,112.6,2024-01-01T00:00:00
product_006066,Home Goods,Kitchen Item 6066,1312,6.9,4.4,6.2,65.49,2024-01-01T00:00:00
product_006067,Garden & Outdoor,Outdoor Accessory 6067,3309,12.6,6.0,7.4,60.9,2024-01-01T00:00:00
product_006068,Mobile & Telecom,Connectivity Kit 6068,769,6.1,4.1,4.1,126.15,2024-01-01T00:00:00
product_006069,Books & Media,Media Collection 6069,336,6.5,4.1,4.6,37.21,2024-01-01T00:00:00
product_006070,Fashion,Seasonal Wear 6070,438,5.0,4.1,4.6,51.82,2024-01-01T00:00:00
product_006071,Mobile & Telecom,Mobile Accessory 6071,2055,10.3,5.3,5.1,186.04,2024-01-01T00:00:00
product_006072,Books & Media,Reference Book 6072,684,7.0,4.9,4.0,18.29,2024-01-01T00:00:00
product_006073,Pet Supplies,Pet Activity Item 6073,1712,9.0,4.5,4.3,15.97,2024-01-01T00:00:00
product_006074,Automotive,Maintenance Kit 6074,2624,8.3,6.9,6.1,18.06,2024-01-01T00:00:00
product_006075,Sports & Outdoors,Training Gear 6075,1379,6.9,5.0,6.1,91.3,2024-01-01T00:00:00
product_006076,Books & Media,Learning Guide 6076,665,5.5,4.0,4.3,24.93,2024-01-01T00:00:00
product_006077,Home & Bedding,Comfort Item 6077,772,5.9,4.3,3.8,73.82,2024-01-01T00:00:00
product_006078,Pet Supplies,Pet Care Item 6078,679,4.9,3.0,4.7,26.44,2024-01-01T00:00:00
product_006079,Health & Beauty,Daily Essential 6079,299,7.2,5.1,5.8,39.41,2024-01-01T00:00:00
product_006080,Toys & Games,Activity Set 6080,529,5.4,3.1,4.2,55.75,2024-01-01T00:00:00
product_006081,Automotive,Maintenance Kit 6081,1471,6.7,3.6,5.6,81.8,2024-01-01T00:00:00
product_006082,Mobile & Telecom,Phone Item 6082,1111,7.7,4.1,5.0,200.58,2024-01-01T00:00:00
product_006083,Toys & Games,Learning Toy 6083,925,5.8,3.3,4.6,18.64,2024-01-01T00:00:00
product_006084,Garden & Outdoor,Outdoor Accessory 6084,3893,9.1,7.0,5.4,53.41,2024-01-01T00:00:00
product_006085,Furniture & Decor,Accent Furniture 6085,8906,10.0,10.0,10.3,62.8,2024-01-01T00:00:00
product_006086,Toys & Games,Learning Toy 6086,703,6.1,3.7,4.7,32.62,2024-01-01T00:00:00
product_006087,Office Supplies,Desk Set 6087,1299,6.4,4.3,5.4,19.18,2024-01-01T00:00:00
product_006088,Electronics & Accessories,Charging Kit 6088,611,6.4,5.1,4.7,83.86,2024-01-01T00:00:00
product_006089,Baby Products,Nursery Accessory 6089,2584,6.7,5.0,5.1,167.34,2024-01-01T00:00:00
product_006090,Health & Beauty,Wellness Item 6090,201,7.2,3.9,4.4,79.03,2024-01-01T00:00:00
product_006091,Mobile & Telecom,Phone Item 6091,824,5.8,5.1,5.5,103.45,2024-01-01T00:00:00
product_006092,Automotive,Maintenance Kit 6092,1828,9.0,3.7,5.9,161.51,2024-01-01T00:00:00
product_006093,Fashion,Seasonal Wear 6093,574,7.7,3.9,6.2,28.8,2024-01-01T00:00:00
product_006094,Toys & Games,Activity Set 6094,447,7.5,3.9,4.1,30.35,2024-01-01T00:00:00
product_006095,Automotive,Vehicle Accessory 6095,4038,6.2,5.5,7.8,69.33,2024-01-01T00:00:00
product_006096,Automotive,Travel Item 6096,3184,8.5,5.4,7.0,89.92,2024-01-01T00:00:00
product_006097,Watches & Gifts,Keepsake Item 6097,323,7.0,3.7,6.4,57.7,2024-01-01T00:00:00
product_006098,Office Supplies,Desk Set 6098,1196,7.8,4.3,4.4,22.35,2024-01-01T00:00:00
product_006099,Office Supplies,Desk Set 6099,823,7.9,3.4,4.5,34.25,2024-01-01T00:00:00
product_006100,Office Supplies,Desk Set 6100,493,6.1,3.8,3.2,22.02,2024-01-01T00:00:00
product_006101,Garden & Outdoor,Outdoor Accessory 6101,4816,10.2,8.4,7.9,39.0,2024-01-01T00:00:00
product_006102,Baby Products,Feeding Item 6102,688,7.1,2.6,5.7,55.8,2024-01-01T00:00:00
product_006103,Pet Supplies,Feeding Set 6103,1721,7.3,4.0,4.8,68.0,2024-01-01T00:00:00
product_006104,Baby Products,Nursery Accessory 6104,909,7.5,2.7,6.0,86.31,2024-01-01T00:00:00
product_006105,Sports & Outdoors,Fitness Item 6105,7858,10.6,9.0,6.4,123.89,2024-01-01T00:00:00
product_006106,Office Supplies,Writing Kit 6106,410,6.3,4.2,4.3,38.94,2024-01-01T00:00:00
product_006107,Books & Media,Reference Book 6107,169,5.7,3.8,4.8,8.51,2024-01-01T00:00:00
product_006108,Home Goods,Kitchen Item 6108,1696,7.3,4.1,6.1,66.52,2024-01-01T00:00:00
product_006109,Garden & Outdoor,Planting Set 6109,3196,7.6,6.5,8.0,50.09,2024-01-01T00:00:00
product_006110,Toys & Games,Family Game 6110,1875,9.3,6.2,5.3,68.3,2024-01-01T00:00:00
product_006111,Electronics & Accessories,Audio Item 6111,2283,7.9,6.7,6.5,181.41,2024-01-01T00:00:00
product_006112,Toys & Games,Family Game 6112,310,6.0,3.9,3.9,82.62,2024-01-01T00:00:00
product_006113,Pet Supplies,Feeding Set 6113,983,5.5,4.8,4.2,30.61,2024-01-01T00:00:00
product_006114,Health & Beauty,Wellness Item 6114,280,6.4,4.7,5.4,28.42,2024-01-01T00:00:00
product_006115,Electronics & Accessories,Device Accessory 6115,477,5.4,4.7,3.8,103.07,2024-01-01T00:00:00
product_006116,Baby Products,Feeding Item 6116,803,6.9,2.8,6.0,62.25,2024-01-01T00:00:00
product_006117,Watches & Gifts,Gift Set 6117,337,6.4,2.6,5.1,40.82,2024-01-01T00:00:00
product_006118,Home & Bedding,Bedding Set 6118,1599,5.1,5.2,5.6,105.42,2024-01-01T00:00:00
product_006119,Home & Bedding,Home Textile 6119,1154,6.3,4.9,5.7,128.6,2024-01-01T00:00:00
product_006120,Automotive,Maintenance Kit 6120,3113,7.5,4.8,6.4,104.05,2024-01-01T00:00:00
product_006121,Watches & Gifts,Timepiece 6121,493,7.4,4.1,6.7,110.51,2024-01-01T00:00:00
product_006122,Automotive,Vehicle Accessory 6122,1375,7.1,5.5,6.5,142.56,2024-01-01T00:00:00
product_006123,Pet Supplies,Pet Activity Item 6123,1012,5.6,3.5,4.5,109.83,2024-01-01T00:00:00
product_006124,Toys & Games,Learning Toy 6124,1989,8.0,4.1,6.2,26.93,2024-01-01T00:00:00
product_006125,Watches & Gifts,Keepsake Item 6125,317,7.4,3.3,4.6,59.03,2024-01-01T00:00:00
product_006126,Office Supplies,Writing Kit 6126,849,7.2,4.9,7.1,11.16,2024-01-01T00:00:00
product_006127,Furniture & Decor,Accent Furniture 6127,5809,10.5,8.2,8.6,259.68,2024-01-01T00:00:00
product_006128,Baby Products,Nursery Accessory 6128,898,7.1,3.7,5.1,44.95,2024-01-01T00:00:00
product_006129,Garden & Outdoor,Outdoor Accessory 6129,6145,11.7,4.8,9.0,60.55,2024-01-01T00:00:00
product_006130,Electronics & Accessories,Device Accessory 6130,1747,7.1,4.8,6.6,158.01,2024-01-01T00:00:00
product_006131,Baby Products,Feeding Item 6131,1125,5.5,3.6,4.2,16.48,2024-01-01T00:00:00
product_006132,Home Goods,Kitchen Item 6132,2292,7.7,5.1,7.6,67.85,2024-01-01T00:00:00
product_006133,Health & Beauty,Daily Essential 6133,89,6.2,4.4,4.6,37.63,2024-01-01T00:00:00
product_006134,Electronics & Accessories,Audio Item 6134,1682,7.4,4.7,6.3,252.75,2024-01-01T00:00:00
product_006135,Pet Supplies,Pet Activity Item 6135,2565,8.7,6.1,5.0,56.77,2024-01-01T00:00:00
product_006136,Baby Products,Nursery Accessory 6136,1619,7.2,3.2,5.2,37.66,2024-01-01T00:00:00
product_006137,Books & Media,Learning Guide 6137,394,7.6,4.2,5.3,21.17,2024-01-01T00:00:00
product_006138,Health & Beauty,Daily Essential 6138,215,6.6,3.4,5.4,53.55,2024-01-01T00:00:00
product_006139,Health & Beauty,Wellness Item 6139,661,8.0,3.5,4.3,21.43,2024-01-01T00:00:00
product_006140,Home Goods,Household Tool 6140,1808,8.3,5.5,5.4,30.82,2024-01-01T00:00:00
product_006141,Home Goods,Household Tool 6141,1425,8.0,3.8,6.3,60.22,2024-01-01T00:00:00
product_006142,Electronics & Accessories,Charging Kit 6142,1029,7.0,3.0,5.5,138.84,2024-01-01T00:00:00
product_006143,Furniture & Decor,Decor Item 6143,3661,8.2,5.2,8.9,193.08,2024-01-01T00:00:00
product_006144,Mobile & Telecom,Mobile Accessory 6144,1001,5.7,3.7,4.2,132.95,2024-01-01T00:00:00
product_006145,Home Goods,Organization Set 6145,2341,7.7,4.9,7.2,34.91,2024-01-01T00:00:00
product_006146,Furniture & Decor,Accent Furniture 6146,4088,9.9,5.5,5.8,303.01,2024-01-01T00:00:00
product_006147,Office Supplies,Office Organizer 6147,658,6.7,3.0,5.4,23.85,2024-01-01T00:00:00
product_006148,Pet Supplies,Pet Activity Item 6148,4694,12.7,8.8,7.2,51.12,2024-01-01T00:00:00
product_006149,Mobile & Telecom,Phone Item 6149,585,5.9,2.8,4.2,240.69,2024-01-01T00:00:00
product_006150,Electronics & Accessories,Audio Item 6150,651,6.9,4.3,5.0,158.73,2024-01-01T00:00:00
product_006151,Pet Supplies,Pet Care Item 6151,1508,6.5,5.4,5.7,24.78,2024-01-01T00:00:00
product_006152,Pet Supplies,Feeding Set 6152,6489,13.5,7.4,5.8,49.62,2024-01-01T00:00:00
product_006153,Automotive,Maintenance Kit 6153,6158,10.4,7.1,9.4,140.78,2024-01-01T00:00:00
product_006154,Books & Media,Media Collection 6154,141,7.0,4.9,5.9,28.38,2024-01-01T00:00:00
product_006155,Health & Beauty,Daily Essential 6155,401,5.2,4.2,6.9,36.51,2024-01-01T00:00:00
product_006156,Home Goods,Household Tool 6156,3979,11.9,5.0,9.3,76.0,2024-01-01T00:00:00
product_006157,Electronics & Accessories,Audio Item 6157,588,5.5,4.5,4.3,186.55,2024-01-01T00:00:00
product_006158,Fashion,Fashion Accessory 6158,215,5.9,4.4,6.7,127.7,2024-01-01T00:00:00
product_006159,Sports & Outdoors,Outdoor Kit 6159,2714,10.6,6.4,6.6,70.93,2024-01-01T00:00:00
product_006160,Books & Media,Media Collection 6160,682,6.2,3.5,6.5,15.1,2024-01-01T00:00:00
product_006161,Electronics & Accessories,Device Accessory 6161,465,5.2,3.4,6.1,94.52,2024-01-01T00:00:00
product_006162,Mobile & Telecom,Phone Item 6162,479,6.4,5.1,4.8,252.04,2024-01-01T00:00:00
product_006163,Mobile & Telecom,Phone Item 6163,368,7.8,3.5,5.1,60.19,2024-01-01T00:00:00
product_006164,Home Goods,Kitchen Item 6164,3690,10.1,6.5,8.0,51.88,2024-01-01T00:00:00
product_006165,Toys & Games,Activity Set 6165,694,4.2,5.0,6.6,42.3,2024-01-01T00:00:00
product_006166,Electronics & Accessories,Device Accessory 6166,746,5.9,4.9,5.0,115.87,2024-01-01T00:00:00
product_006167,Books & Media,Media Collection 6167,977,5.8,3.3,3.9,29.28,2024-01-01T00:00:00
product_006168,Sports & Outdoors,Fitness Item 6168,2022,10.7,6.0,5.3,97.11,2024-01-01T00:00:00
product_006169,Mobile & Telecom,Mobile Accessory 6169,492,5.7,4.5,4.8,144.68,2024-01-01T00:00:00
product_006170,Electronics & Accessories,Audio Item 6170,1914,8.9,4.2,6.0,69.89,2024-01-01T00:00:00
product_006171,Toys & Games,Learning Toy 6171,1342,7.5,3.6,5.9,112.78,2024-01-01T00:00:00
product_006172,Fashion,Everyday Apparel 6172,516,7.1,4.1,4.9,57.31,2024-01-01T00:00:00
product_006173,Watches & Gifts,Keepsake Item 6173,144,7.1,3.5,5.6,40.44,2024-01-01T00:00:00
product_006174,Garden & Outdoor,Planting Set 6174,4144,8.8,5.6,8.2,122.56,2024-01-01T00:00:00
product_006175,Watches & Gifts,Gift Set 6175,222,5.3,3.2,5.7,55.81,2024-01-01T00:00:00
product_006176,Books & Media,Media Collection 6176,777,6.7,4.3,4.8,28.02,2024-01-01T00:00:00
product_006177,Furniture & Decor,Storage Unit 6177,18556,19.1,11.8,16.2,244.07,2024-01-01T00:00:00
product_006178,Furniture & Decor,Storage Unit 6178,4497,8.2,6.0,7.0,248.21,2024-01-01T00:00:00
product_006179,Electronics & Accessories,Charging Kit 6179,485,5.1,4.2,5.0,45.51,2024-01-01T00:00:00
product_006180,Home Goods,Organization Set 6180,3713,10.3,7.9,6.9,71.71,2024-01-01T00:00:00
product_006181,Books & Media,Reference Book 6181,304,6.5,3.9,5.5,17.9,2024-01-01T00:00:00
product_006182,Office Supplies,Writing Kit 6182,1294,6.2,4.4,4.7,24.34,2024-01-01T00:00:00
product_006183,Garden & Outdoor,Garden Tool 6183,3863,11.5,7.3,8.0,35.84,2024-01-01T00:00:00
product_006184,Toys & Games,Family Game 6184,1604,7.5,3.7,5.8,12.51,2024-01-01T00:00:00
product_006185,Health & Beauty,Care Set 6185,509,6.5,3.6,5.4,22.09,2024-01-01T00:00:00
product_006186,Home & Bedding,Comfort Item 6186,1940,7.9,3.6,6.3,29.44,2024-01-01T00:00:00
product_006187,Watches & Gifts,Keepsake Item 6187,489,8.5,4.0,6.3,92.1,2024-01-01T00:00:00
product_006188,Watches & Gifts,Timepiece 6188,586,6.0,5.8,5.5,60.82,2024-01-01T00:00:00
product_006189,Books & Media,Media Collection 6189,658,7.4,4.3,4.8,17.8,2024-01-01T00:00:00
product_006190,Sports & Outdoors,Training Gear 6190,2492,8.5,6.1,7.3,108.74,2024-01-01T00:00:00
product_006191,Office Supplies,Writing Kit 6191,512,4.1,4.0,6.9,18.43,2024-01-01T00:00:00
product_006192,Home & Bedding,Home Textile 6192,1628,7.0,4.6,5.5,46.23,2024-01-01T00:00:00
product_006193,Garden & Outdoor,Outdoor Accessory 6193,2557,8.5,7.8,4.4,63.93,2024-01-01T00:00:00
product_006194,Mobile & Telecom,Mobile Accessory 6194,477,6.9,3.1,4.7,63.35,2024-01-01T00:00:00
product_006195,Baby Products,Infant Care Item 6195,1179,6.6,3.2,5.3,24.56,2024-01-01T00:00:00
product_006196,Home & Bedding,Bedding Set 6196,1933,7.2,3.7,4.9,190.17,2024-01-01T00:00:00
product_006197,Baby Products,Nursery Accessory 6197,1072,7.2,3.5,3.7,22.71,2024-01-01T00:00:00
product_006198,Home & Bedding,Home Textile 6198,2434,7.3,4.3,8.4,60.34,2024-01-01T00:00:00
product_006199,Home Goods,Household Tool 6199,2139,6.5,4.2,6.1,63.08,2024-01-01T00:00:00
product_006200,Furniture & Decor,Decor Item 6200,8732,13.4,8.6,9.0,185.62,2024-01-01T00:00:00
product_006201,Automotive,Travel Item 6201,2952,7.6,6.1,7.3,82.11,2024-01-01T00:00:00
product_006202,Garden & Outdoor,Outdoor Accessory 6202,2260,6.8,6.3,8.8,196.36,2024-01-01T00:00:00
product_006203,Furniture & Decor,Decor Item 6203,11931,11.3,8.4,13.2,285.4,2024-01-01T00:00:00
product_006204,Health & Beauty,Wellness Item 6204,459,6.0,3.3,4.9,20.1,2024-01-01T00:00:00
product_006205,Home & Bedding,Comfort Item 6205,1502,6.8,5.6,6.4,86.75,2024-01-01T00:00:00
product_006206,Home & Bedding,Home Textile 6206,2808,8.5,4.5,6.7,71.12,2024-01-01T00:00:00
product_006207,Pet Supplies,Pet Care Item 6207,1956,6.7,4.3,7.2,23.52,2024-01-01T00:00:00
product_006208,Sports & Outdoors,Training Gear 6208,1676,6.8,3.9,5.2,265.36,2024-01-01T00:00:00
product_006209,Fashion,Everyday Apparel 6209,279,7.2,4.9,4.8,27.53,2024-01-01T00:00:00
product_006210,Pet Supplies,Feeding Set 6210,832,7.3,4.3,5.7,71.3,2024-01-01T00:00:00
product_006211,Books & Media,Learning Guide 6211,1063,8.4,4.8,6.0,27.85,2024-01-01T00:00:00
product_006212,Garden & Outdoor,Outdoor Accessory 6212,3273,9.5,4.7,6.2,32.71,2024-01-01T00:00:00
product_006213,Automotive,Vehicle Accessory 6213,3323,10.5,4.8,5.8,80.58,2024-01-01T00:00:00
product_006214,Baby Products,Infant Care Item 6214,1667,7.6,3.9,5.7,89.19,2024-01-01T00:00:00
product_006215,Home & Bedding,Home Textile 6215,1637,9.9,3.9,5.5,57.57,2024-01-01T00:00:00
product_006216,Baby Products,Feeding Item 6216,2055,8.4,4.2,5.3,36.85,2024-01-01T00:00:00
product_006217,Mobile & Telecom,Mobile Accessory 6217,470,5.3,5.0,4.2,114.44,2024-01-01T00:00:00
product_006218,Furniture & Decor,Accent Furniture 6218,4077,12.0,6.8,10.1,165.36,2024-01-01T00:00:00
product_006219,Office Supplies,Desk Set 6219,561,6.9,4.0,4.1,36.52,2024-01-01T00:00:00
product_006220,Baby Products,Nursery Accessory 6220,713,6.7,4.4,4.5,76.47,2024-01-01T00:00:00
product_006221,Office Supplies,Office Organizer 6221,487,5.8,3.8,5.6,55.05,2024-01-01T00:00:00
product_006222,Home Goods,Kitchen Item 6222,4856,11.0,8.3,6.5,59.31,2024-01-01T00:00:00
product_006223,Watches & Gifts,Keepsake Item 6223,163,5.8,4.6,5.1,160.56,2024-01-01T00:00:00
product_006224,Automotive,Maintenance Kit 6224,3556,7.2,6.0,8.4,87.34,2024-01-01T00:00:00
product_006225,Electronics & Accessories,Device Accessory 6225,730,6.0,3.5,5.7,214.45,2024-01-01T00:00:00
product_006226,Garden & Outdoor,Planting Set 6226,4167,11.5,4.7,7.0,122.77,2024-01-01T00:00:00
product_006227,Electronics & Accessories,Audio Item 6227,1639,8.8,4.1,6.0,58.62,2024-01-01T00:00:00
product_006228,Automotive,Travel Item 6228,3026,8.2,5.8,7.8,35.66,2024-01-01T00:00:00
product_006229,Home & Bedding,Bedding Set 6229,1512,8.1,3.8,6.4,94.02,2024-01-01T00:00:00
product_006230,Automotive,Vehicle Accessory 6230,2666,7.8,6.0,5.6,85.94,2024-01-01T00:00:00
product_006231,Mobile & Telecom,Mobile Accessory 6231,418,6.0,5.1,4.1,177.43,2024-01-01T00:00:00
product_006232,Mobile & Telecom,Connectivity Kit 6232,695,6.5,3.7,4.4,195.27,2024-01-01T00:00:00
product_006233,Watches & Gifts,Timepiece 6233,203,5.5,4.4,3.0,61.92,2024-01-01T00:00:00
product_006234,Mobile & Telecom,Connectivity Kit 6234,519,5.5,4.7,3.8,186.38,2024-01-01T00:00:00
product_006235,Mobile & Telecom,Phone Item 6235,800,6.7,4.5,5.0,163.53,2024-01-01T00:00:00
product_006236,Pet Supplies,Feeding Set 6236,944,6.2,5.1,4.3,26.48,2024-01-01T00:00:00
product_006237,Books & Media,Media Collection 6237,608,5.6,4.7,4.7,26.53,2024-01-01T00:00:00
product_006238,Furniture & Decor,Decor Item 6238,5985,8.4,6.8,9.3,360.67,2024-01-01T00:00:00
product_006239,Books & Media,Media Collection 6239,592,7.0,3.7,3.0,50.74,2024-01-01T00:00:00
product_006240,Garden & Outdoor,Outdoor Accessory 6240,2687,7.3,5.4,7.3,139.53,2024-01-01T00:00:00
product_006241,Health & Beauty,Wellness Item 6241,641,4.8,3.8,3.1,20.56,2024-01-01T00:00:00
product_006242,Books & Media,Reference Book 6242,335,5.6,2.8,5.1,7.89,2024-01-01T00:00:00
product_006243,Furniture & Decor,Accent Furniture 6243,7625,14.7,7.5,9.0,641.78,2024-01-01T00:00:00
product_006244,Home & Bedding,Comfort Item 6244,1943,6.0,4.6,5.4,99.89,2024-01-01T00:00:00
product_006245,Books & Media,Reference Book 6245,295,6.8,4.9,5.1,14.8,2024-01-01T00:00:00
product_006246,Health & Beauty,Daily Essential 6246,239,8.1,2.9,4.9,28.05,2024-01-01T00:00:00
product_006247,Electronics & Accessories,Audio Item 6247,1099,6.2,3.9,4.4,175.0,2024-01-01T00:00:00
product_006248,Mobile & Telecom,Phone Item 6248,1573,6.2,4.7,5.6,133.03,2024-01-01T00:00:00
product_006249,Home & Bedding,Home Textile 6249,1171,4.4,4.2,4.1,59.54,2024-01-01T00:00:00
product_006250,Home Goods,Kitchen Item 6250,4350,10.8,6.5,7.5,55.57,2024-01-01T00:00:00
product_006251,Automotive,Travel Item 6251,2827,10.4,4.9,8.2,74.21,2024-01-01T00:00:00
product_006252,Toys & Games,Family Game 6252,327,6.0,5.7,4.3,91.38,2024-01-01T00:00:00
product_006253,Electronics & Accessories,Charging Kit 6253,656,7.0,4.7,4.1,461.88,2024-01-01T00:00:00
product_006254,Books & Media,Media Collection 6254,269,5.1,3.6,4.8,29.19,2024-01-01T00:00:00
product_006255,Garden & Outdoor,Planting Set 6255,5123,9.5,7.5,8.9,31.99,2024-01-01T00:00:00
product_006256,Health & Beauty,Daily Essential 6256,424,5.5,5.5,5.2,42.98,2024-01-01T00:00:00
product_006257,Toys & Games,Learning Toy 6257,731,5.3,3.4,6.4,59.5,2024-01-01T00:00:00
product_006258,Garden & Outdoor,Planting Set 6258,2610,8.9,5.7,6.3,87.67,2024-01-01T00:00:00
product_006259,Automotive,Vehicle Accessory 6259,3802,11.9,4.0,7.8,70.65,2024-01-01T00:00:00
product_006260,Watches & Gifts,Timepiece 6260,324,7.4,3.3,5.6,58.65,2024-01-01T00:00:00
product_006261,Pet Supplies,Feeding Set 6261,3641,11.0,6.5,4.5,52.95,2024-01-01T00:00:00
product_006262,Home & Bedding,Bedding Set 6262,1091,5.5,4.2,4.3,44.87,2024-01-01T00:00:00
product_006263,Mobile & Telecom,Connectivity Kit 6263,332,6.9,3.9,5.1,154.99,2024-01-01T00:00:00
product_006264,Furniture & Decor,Decor Item 6264,8188,11.6,8.0,7.6,109.13,2024-01-01T00:00:00
product_006265,Mobile & Telecom,Phone Item 6265,504,5.9,4.1,5.6,151.07,2024-01-01T00:00:00
product_006266,Baby Products,Nursery Accessory 6266,1624,5.8,4.8,5.6,61.52,2024-01-01T00:00:00
product_006267,Automotive,Travel Item 6267,2509,10.7,5.4,4.7,101.5,2024-01-01T00:00:00
product_006268,Automotive,Vehicle Accessory 6268,1651,7.3,4.5,7.8,81.26,2024-01-01T00:00:00
product_006269,Health & Beauty,Wellness Item 6269,489,5.3,3.9,5.3,18.21,2024-01-01T00:00:00
product_006270,Fashion,Fashion Accessory 6270,1107,6.1,4.5,4.8,35.36,2024-01-01T00:00:00
product_006271,Watches & Gifts,Timepiece 6271,725,6.3,3.6,4.6,99.8,2024-01-01T00:00:00
product_006272,Garden & Outdoor,Planting Set 6272,5722,10.9,4.2,8.4,99.53,2024-01-01T00:00:00
product_006273,Fashion,Seasonal Wear 6273,450,8.7,3.6,4.8,57.87,2024-01-01T00:00:00
product_006274,Fashion,Seasonal Wear 6274,581,7.7,3.5,5.2,93.31,2024-01-01T00:00:00
product_006275,Office Supplies,Desk Set 6275,1656,6.1,4.5,7.2,30.44,2024-01-01T00:00:00
product_006276,Books & Media,Media Collection 6276,182,4.9,4.3,4.8,32.1,2024-01-01T00:00:00
product_006277,Books & Media,Media Collection 6277,324,6.0,4.3,5.8,18.61,2024-01-01T00:00:00
product_006278,Watches & Gifts,Keepsake Item 6278,197,7.8,3.9,3.5,45.61,2024-01-01T00:00:00
product_006279,Baby Products,Nursery Accessory 6279,2088,7.0,3.9,5.4,79.15,2024-01-01T00:00:00
product_006280,Fashion,Fashion Accessory 6280,322,7.5,3.9,5.0,119.94,2024-01-01T00:00:00
product_006281,Books & Media,Reference Book 6281,95,7.0,5.0,4.7,23.13,2024-01-01T00:00:00
product_006282,Toys & Games,Activity Set 6282,1807,7.2,4.1,4.8,73.23,2024-01-01T00:00:00
product_006283,Books & Media,Reference Book 6283,190,5.6,3.7,4.3,16.68,2024-01-01T00:00:00
product_006284,Furniture & Decor,Accent Furniture 6284,11179,11.2,8.4,9.5,204.08,2024-01-01T00:00:00
product_006285,Home Goods,Organization Set 6285,1405,6.4,4.1,5.2,19.21,2024-01-01T00:00:00
product_006286,Fashion,Everyday Apparel 6286,604,6.5,4.4,6.3,61.22,2024-01-01T00:00:00
product_006287,Home Goods,Organization Set 6287,1126,6.6,4.5,5.1,49.19,2024-01-01T00:00:00
product_006288,Watches & Gifts,Gift Set 6288,451,6.8,4.0,5.1,87.77,2024-01-01T00:00:00
product_006289,Health & Beauty,Wellness Item 6289,177,7.8,3.3,4.6,28.1,2024-01-01T00:00:00
product_006290,Office Supplies,Office Organizer 6290,493,6.9,3.9,5.6,44.88,2024-01-01T00:00:00
product_006291,Home Goods,Kitchen Item 6291,3792,7.7,5.5,9.0,61.45,2024-01-01T00:00:00
product_006292,Office Supplies,Writing Kit 6292,275,5.2,2.4,5.1,24.47,2024-01-01T00:00:00
product_006293,Home & Bedding,Bedding Set 6293,1346,6.3,4.0,5.8,103.3,2024-01-01T00:00:00
product_006294,Home & Bedding,Home Textile 6294,2049,6.8,5.4,5.5,83.4,2024-01-01T00:00:00
product_006295,Automotive,Travel Item 6295,1120,8.2,3.5,5.7,123.62,2024-01-01T00:00:00
product_006296,Books & Media,Reference Book 6296,1051,6.3,4.4,4.3,10.91,2024-01-01T00:00:00
product_006297,Office Supplies,Writing Kit 6297,568,4.4,6.3,4.1,24.06,2024-01-01T00:00:00
product_006298,Pet Supplies,Pet Activity Item 6298,200,7.2,3.7,5.5,33.94,2024-01-01T00:00:00
product_006299,Automotive,Travel Item 6299,3740,10.1,6.5,7.2,88.68,2024-01-01T00:00:00
product_006300,Furniture & Decor,Storage Unit 6300,8312,12.8,8.7,10.0,322.79,2024-01-01T00:00:00
product_006301,Watches & Gifts,Keepsake Item 6301,81,7.5,2.2,5.3,90.45,2024-01-01T00:00:00
product_006302,Home Goods,Kitchen Item 6302,3425,10.6,6.0,8.0,73.64,2024-01-01T00:00:00
product_006303,Fashion,Everyday Apparel 6303,779,6.6,4.3,3.8,49.09,2024-01-01T00:00:00
product_006304,Pet Supplies,Pet Care Item 6304,1031,7.8,4.9,4.7,26.05,2024-01-01T00:00:00
product_006305,Fashion,Everyday Apparel 6305,306,5.9,3.6,4.7,89.47,2024-01-01T00:00:00
product_006306,Home & Bedding,Bedding Set 6306,3202,8.4,6.5,6.6,95.17,2024-01-01T00:00:00
product_006307,Toys & Games,Learning Toy 6307,1474,6.8,4.1,5.2,53.38,2024-01-01T00:00:00
product_006308,Health & Beauty,Daily Essential 6308,210,4.5,3.8,5.9,33.07,2024-01-01T00:00:00
product_006309,Fashion,Seasonal Wear 6309,178,6.3,2.0,5.3,62.52,2024-01-01T00:00:00
product_006310,Health & Beauty,Wellness Item 6310,1049,7.5,4.8,4.7,18.1,2024-01-01T00:00:00
product_006311,Baby Products,Feeding Item 6311,1284,7.2,5.7,5.8,31.54,2024-01-01T00:00:00
product_006312,Garden & Outdoor,Garden Tool 6312,1622,7.2,3.9,7.1,178.23,2024-01-01T00:00:00
product_006313,Home & Bedding,Bedding Set 6313,957,6.1,5.1,6.0,46.8,2024-01-01T00:00:00
product_006314,Fashion,Seasonal Wear 6314,205,6.1,4.5,4.4,39.9,2024-01-01T00:00:00
product_006315,Baby Products,Infant Care Item 6315,1251,9.0,3.6,6.5,88.29,2024-01-01T00:00:00
product_006316,Electronics & Accessories,Charging Kit 6316,310,5.2,3.9,3.5,108.09,2024-01-01T00:00:00
product_006317,Electronics & Accessories,Audio Item 6317,502,8.7,3.9,5.4,123.61,2024-01-01T00:00:00
product_006318,Fashion,Everyday Apparel 6318,980,5.6,3.8,5.2,55.01,2024-01-01T00:00:00
product_006319,Books & Media,Media Collection 6319,519,7.5,5.2,5.5,13.93,2024-01-01T00:00:00
product_006320,Mobile & Telecom,Phone Item 6320,700,7.7,2.6,4.8,179.36,2024-01-01T00:00:00
product_006321,Health & Beauty,Care Set 6321,743,7.9,3.7,5.5,13.14,2024-01-01T00:00:00
product_006322,Home & Bedding,Bedding Set 6322,2476,7.9,5.1,7.6,54.02,2024-01-01T00:00:00
product_006323,Electronics & Accessories,Device Accessory 6323,1719,8.7,3.3,6.9,54.36,2024-01-01T00:00:00
product_006324,Mobile & Telecom,Mobile Accessory 6324,307,6.1,4.8,5.1,182.0,2024-01-01T00:00:00
product_006325,Sports & Outdoors,Outdoor Kit 6325,2226,7.4,5.1,6.6,39.95,2024-01-01T00:00:00
product_006326,Electronics & Accessories,Charging Kit 6326,1857,5.2,6.4,5.9,281.19,2024-01-01T00:00:00
product_006327,Furniture & Decor,Decor Item 6327,3041,7.6,6.0,9.8,197.45,2024-01-01T00:00:00
product_006328,Watches & Gifts,Timepiece 6328,527,7.1,3.1,4.0,97.94,2024-01-01T00:00:00
product_006329,Automotive,Travel Item 6329,3085,9.1,6.4,5.7,57.81,2024-01-01T00:00:00
product_006330,Furniture & Decor,Accent Furniture 6330,16368,16.0,9.7,12.3,119.93,2024-01-01T00:00:00
product_006331,Fashion,Seasonal Wear 6331,303,6.0,4.6,5.3,105.3,2024-01-01T00:00:00
product_006332,Mobile & Telecom,Phone Item 6332,668,6.5,4.2,4.0,200.28,2024-01-01T00:00:00
product_006333,Watches & Gifts,Keepsake Item 6333,166,6.6,3.3,4.7,125.91,2024-01-01T00:00:00
product_006334,Watches & Gifts,Gift Set 6334,160,7.6,3.8,5.1,63.01,2024-01-01T00:00:00
product_006335,Toys & Games,Activity Set 6335,429,6.4,3.6,4.0,17.07,2024-01-01T00:00:00
product_006336,Health & Beauty,Wellness Item 6336,1394,7.8,4.2,5.4,34.97,2024-01-01T00:00:00
product_006337,Furniture & Decor,Decor Item 6337,8144,11.3,8.8,11.6,366.39,2024-01-01T00:00:00
product_006338,Home & Bedding,Bedding Set 6338,953,5.2,3.7,5.8,53.71,2024-01-01T00:00:00
product_006339,Electronics & Accessories,Charging Kit 6339,796,7.1,4.2,4.4,71.93,2024-01-01T00:00:00
product_006340,Sports & Outdoors,Fitness Item 6340,7262,10.7,6.0,9.3,93.76,2024-01-01T00:00:00
product_006341,Fashion,Fashion Accessory 6341,310,5.8,3.6,6.0,61.85,2024-01-01T00:00:00
product_006342,Office Supplies,Desk Set 6342,805,6.5,3.9,6.1,41.5,2024-01-01T00:00:00
product_006343,Home & Bedding,Comfort Item 6343,1564,9.0,5.6,5.6,150.85,2024-01-01T00:00:00
product_006344,Mobile & Telecom,Phone Item 6344,587,4.9,3.8,5.1,249.21,2024-01-01T00:00:00
product_006345,Mobile & Telecom,Connectivity Kit 6345,391,4.9,3.8,5.6,123.49,2024-01-01T00:00:00
product_006346,Automotive,Travel Item 6346,3761,8.5,5.3,7.6,86.54,2024-01-01T00:00:00
product_006347,Furniture & Decor,Decor Item 6347,6612,10.4,5.5,8.3,302.34,2024-01-01T00:00:00
product_006348,Sports & Outdoors,Fitness Item 6348,7333,11.3,8.8,10.5,94.21,2024-01-01T00:00:00
product_006349,Furniture & Decor,Storage Unit 6349,4295,8.2,6.6,5.9,106.89,2024-01-01T00:00:00
product_006350,Baby Products,Nursery Accessory 6350,785,5.8,3.4,5.6,131.48,2024-01-01T00:00:00
product_006351,Home Goods,Household Tool 6351,1792,7.1,4.6,3.9,26.88,2024-01-01T00:00:00
product_006352,Pet Supplies,Feeding Set 6352,1705,5.8,5.0,5.3,61.94,2024-01-01T00:00:00
product_006353,Watches & Gifts,Timepiece 6353,567,7.6,4.5,5.0,24.63,2024-01-01T00:00:00
product_006354,Electronics & Accessories,Audio Item 6354,1863,9.1,3.1,5.8,142.87,2024-01-01T00:00:00
product_006355,Office Supplies,Office Organizer 6355,947,5.8,4.2,4.9,71.56,2024-01-01T00:00:00
product_006356,Baby Products,Nursery Accessory 6356,1011,5.7,4.1,5.0,38.88,2024-01-01T00:00:00
product_006357,Fashion,Fashion Accessory 6357,130,7.6,5.3,3.6,48.5,2024-01-01T00:00:00
product_006358,Automotive,Vehicle Accessory 6358,3835,11.8,5.7,6.6,66.91,2024-01-01T00:00:00
product_006359,Office Supplies,Writing Kit 6359,994,6.7,3.9,5.0,22.41,2024-01-01T00:00:00
product_006360,Health & Beauty,Wellness Item 6360,539,7.2,4.6,5.7,8.25,2024-01-01T00:00:00
product_006361,Automotive,Travel Item 6361,3438,9.2,5.3,7.5,55.3,2024-01-01T00:00:00
product_006362,Pet Supplies,Pet Care Item 6362,1520,7.3,4.8,5.0,30.81,2024-01-01T00:00:00
product_006363,Fashion,Fashion Accessory 6363,614,8.4,4.2,5.5,29.78,2024-01-01T00:00:00
product_006364,Automotive,Travel Item 6364,2078,8.1,4.2,4.3,93.32,2024-01-01T00:00:00
product_006365,Toys & Games,Learning Toy 6365,2283,8.0,4.0,7.3,55.33,2024-01-01T00:00:00
product_006366,Electronics & Accessories,Charging Kit 6366,861,5.4,3.3,6.7,72.49,2024-01-01T00:00:00
product_006367,Health & Beauty,Daily Essential 6367,1231,7.7,6.0,4.4,16.95,2024-01-01T00:00:00
product_006368,Toys & Games,Learning Toy 6368,680,6.7,3.5,4.8,31.21,2024-01-01T00:00:00
product_006369,Mobile & Telecom,Mobile Accessory 6369,294,6.6,3.3,5.8,114.88,2024-01-01T00:00:00
product_006370,Automotive,Travel Item 6370,8183,12.0,9.4,7.9,251.74,2024-01-01T00:00:00
product_006371,Books & Media,Media Collection 6371,470,6.3,3.4,5.8,27.33,2024-01-01T00:00:00
product_006372,Mobile & Telecom,Phone Item 6372,631,7.0,5.1,4.6,316.2,2024-01-01T00:00:00
product_006373,Garden & Outdoor,Planting Set 6373,5128,7.8,6.5,9.3,96.1,2024-01-01T00:00:00
product_006374,Fashion,Fashion Accessory 6374,316,6.3,5.1,5.8,64.25,2024-01-01T00:00:00
product_006375,Health & Beauty,Daily Essential 6375,217,6.8,4.1,3.6,19.84,2024-01-01T00:00:00
product_006376,Home & Bedding,Home Textile 6376,3237,9.5,5.3,4.6,68.33,2024-01-01T00:00:00
product_006377,Health & Beauty,Daily Essential 6377,161,4.0,3.2,6.0,30.44,2024-01-01T00:00:00
product_006378,Home & Bedding,Comfort Item 6378,4077,7.1,6.2,6.6,145.61,2024-01-01T00:00:00
product_006379,Pet Supplies,Pet Care Item 6379,926,5.7,4.8,5.6,26.47,2024-01-01T00:00:00
product_006380,Baby Products,Infant Care Item 6380,574,8.2,4.1,4.3,39.78,2024-01-01T00:00:00
product_006381,Watches & Gifts,Timepiece 6381,319,5.1,3.8,5.3,126.95,2024-01-01T00:00:00
product_006382,Home & Bedding,Home Textile 6382,1987,6.6,3.9,5.5,173.37,2024-01-01T00:00:00
product_006383,Books & Media,Reference Book 6383,307,6.8,3.9,5.5,12.38,2024-01-01T00:00:00
product_006384,Automotive,Maintenance Kit 6384,6131,11.2,6.6,7.8,154.58,2024-01-01T00:00:00
product_006385,Books & Media,Reference Book 6385,1523,9.7,4.3,4.4,11.12,2024-01-01T00:00:00
product_006386,Home Goods,Household Tool 6386,978,6.0,4.5,5.0,127.15,2024-01-01T00:00:00
product_006387,Watches & Gifts,Keepsake Item 6387,428,5.8,3.8,4.0,65.71,2024-01-01T00:00:00
product_006388,Books & Media,Learning Guide 6388,304,6.7,4.7,5.0,17.57,2024-01-01T00:00:00
product_006389,Watches & Gifts,Gift Set 6389,168,5.2,2.7,5.0,60.27,2024-01-01T00:00:00
product_006390,Health & Beauty,Daily Essential 6390,241,7.2,3.5,5.8,36.28,2024-01-01T00:00:00
product_006391,Automotive,Travel Item 6391,5630,10.1,5.6,7.7,44.21,2024-01-01T00:00:00
product_006392,Books & Media,Media Collection 6392,206,8.0,3.9,5.8,30.72,2024-01-01T00:00:00
product_006393,Watches & Gifts,Gift Set 6393,690,6.2,4.0,5.3,38.83,2024-01-01T00:00:00
product_006394,Sports & Outdoors,Fitness Item 6394,3194,8.1,5.4,6.1,191.56,2024-01-01T00:00:00
product_006395,Fashion,Seasonal Wear 6395,948,4.4,4.4,5.6,54.96,2024-01-01T00:00:00
product_006396,Books & Media,Learning Guide 6396,510,7.2,5.6,5.1,17.44,2024-01-01T00:00:00
product_006397,Toys & Games,Activity Set 6397,874,5.4,3.2,4.9,90.9,2024-01-01T00:00:00
product_006398,Baby Products,Feeding Item 6398,1342,8.3,2.9,4.1,34.89,2024-01-01T00:00:00
product_006399,Health & Beauty,Daily Essential 6399,313,6.3,3.9,4.7,15.55,2024-01-01T00:00:00
product_006400,Home Goods,Household Tool 6400,2411,6.0,4.1,7.8,52.1,2024-01-01T00:00:00
product_006401,Sports & Outdoors,Training Gear 6401,6240,9.7,7.3,8.2,86.86,2024-01-01T00:00:00
product_006402,Home & Bedding,Home Textile 6402,1625,5.8,5.5,5.1,89.5,2024-01-01T00:00:00
product_006403,Books & Media,Reference Book 6403,180,7.3,3.1,5.8,31.6,2024-01-01T00:00:00
product_006404,Mobile & Telecom,Connectivity Kit 6404,889,6.5,4.4,4.8,122.12,2024-01-01T00:00:00
product_006405,Toys & Games,Family Game 6405,701,5.6,3.2,4.2,26.15,2024-01-01T00:00:00
product_006406,Books & Media,Media Collection 6406,350,6.2,4.4,5.9,39.31,2024-01-01T00:00:00
product_006407,Pet Supplies,Feeding Set 6407,1085,6.9,5.4,3.6,34.17,2024-01-01T00:00:00
product_006408,Mobile & Telecom,Mobile Accessory 6408,325,5.1,3.5,5.6,88.38,2024-01-01T00:00:00
product_006409,Home Goods,Organization Set 6409,2113,6.0,5.3,5.8,70.68,2024-01-01T00:00:00
product_006410,Home & Bedding,Home Textile 6410,776,6.8,2.5,4.2,67.01,2024-01-01T00:00:00
product_006411,Fashion,Everyday Apparel 6411,446,5.6,3.0,5.4,30.22,2024-01-01T00:00:00
product_006412,Home Goods,Organization Set 6412,1298,5.6,5.6,5.0,28.18,2024-01-01T00:00:00
product_006413,Fashion,Everyday Apparel 6413,699,8.3,4.3,4.6,47.7,2024-01-01T00:00:00
product_006414,Garden & Outdoor,Garden Tool 6414,7002,9.9,7.9,9.4,44.09,2024-01-01T00:00:00
product_006415,Watches & Gifts,Keepsake Item 6415,128,6.3,4.2,6.3,31.86,2024-01-01T00:00:00
product_006416,Mobile & Telecom,Connectivity Kit 6416,378,6.0,3.9,3.2,133.2,2024-01-01T00:00:00
product_006417,Health & Beauty,Daily Essential 6417,304,6.2,3.5,4.1,18.16,2024-01-01T00:00:00
product_006418,Sports & Outdoors,Fitness Item 6418,8401,18.2,6.8,9.5,123.84,2024-01-01T00:00:00
product_006419,Fashion,Fashion Accessory 6419,445,6.5,3.7,6.1,59.89,2024-01-01T00:00:00
product_006420,Watches & Gifts,Timepiece 6420,212,6.1,4.4,5.1,90.22,2024-01-01T00:00:00
product_006421,Health & Beauty,Daily Essential 6421,316,5.9,3.1,4.9,42.28,2024-01-01T00:00:00
product_006422,Home & Bedding,Home Textile 6422,1849,9.0,4.3,4.9,36.46,2024-01-01T00:00:00
product_006423,Mobile & Telecom,Phone Item 6423,1506,7.0,4.4,6.1,94.86,2024-01-01T00:00:00
product_006424,Furniture & Decor,Storage Unit 6424,8766,11.7,7.9,8.3,227.41,2024-01-01T00:00:00
product_006425,Pet Supplies,Pet Activity Item 6425,2006,7.3,4.9,7.8,36.97,2024-01-01T00:00:00
product_006426,Health & Beauty,Daily Essential 6426,361,7.5,2.9,4.8,43.44,2024-01-01T00:00:00
product_006427,Pet Supplies,Feeding Set 6427,695,7.7,4.4,4.3,51.94,2024-01-01T00:00:00
product_006428,Furniture & Decor,Decor Item 6428,8681,15.8,9.8,11.5,165.11,2024-01-01T00:00:00
product_006429,Sports & Outdoors,Training Gear 6429,957,8.0,4.3,5.9,133.2,2024-01-01T00:00:00
product_006430,Electronics & Accessories,Device Accessory 6430,783,6.5,3.1,4.7,60.12,2024-01-01T00:00:00
product_006431,Mobile & Telecom,Mobile Accessory 6431,557,6.2,4.3,4.7,123.15,2024-01-01T00:00:00
product_006432,Baby Products,Nursery Accessory 6432,2260,7.4,6.1,7.2,43.43,2024-01-01T00:00:00
product_006433,Sports & Outdoors,Training Gear 6433,1222,7.1,3.2,5.8,105.83,2024-01-01T00:00:00
product_006434,Furniture & Decor,Decor Item 6434,3566,10.5,5.6,7.9,170.86,2024-01-01T00:00:00
product_006435,Furniture & Decor,Storage Unit 6435,2228,8.6,5.8,3.6,272.25,2024-01-01T00:00:00
product_006436,Books & Media,Media Collection 6436,243,6.1,4.3,5.1,10.8,2024-01-01T00:00:00
product_006437,Home Goods,Organization Set 6437,1663,5.9,3.9,4.9,39.83,2024-01-01T00:00:00
product_006438,Electronics & Accessories,Audio Item 6438,2000,8.2,5.2,7.6,326.73,2024-01-01T00:00:00
product_006439,Furniture & Decor,Storage Unit 6439,5307,12.6,5.1,10.3,99.31,2024-01-01T00:00:00
product_006440,Watches & Gifts,Gift Set 6440,431,6.8,2.9,4.2,113.64,2024-01-01T00:00:00
product_006441,Electronics & Accessories,Device Accessory 6441,1148,6.5,5.3,7.2,424.57,2024-01-01T00:00:00
product_006442,Baby Products,Nursery Accessory 6442,2211,8.1,4.2,5.5,131.53,2024-01-01T00:00:00
product_006443,Office Supplies,Desk Set 6443,1509,6.8,4.8,6.3,33.33,2024-01-01T00:00:00
product_006444,Baby Products,Nursery Accessory 6444,427,8.3,3.7,6.1,135.21,2024-01-01T00:00:00
product_006445,Home & Bedding,Bedding Set 6445,2923,7.0,5.2,8.0,97.74,2024-01-01T00:00:00
product_006446,Office Supplies,Desk Set 6446,482,5.5,4.5,5.8,82.13,2024-01-01T00:00:00
product_006447,Fashion,Fashion Accessory 6447,646,6.7,3.5,4.8,57.57,2024-01-01T00:00:00
product_006448,Electronics & Accessories,Device Accessory 6448,1411,8.4,3.8,5.1,118.69,2024-01-01T00:00:00
product_006449,Office Supplies,Office Organizer 6449,572,5.1,3.8,5.7,33.64,2024-01-01T00:00:00
product_006450,Baby Products,Infant Care Item 6450,2989,5.5,7.3,5.9,89.89,2024-01-01T00:00:00
product_006451,Home Goods,Household Tool 6451,1644,8.0,5.5,4.7,40.48,2024-01-01T00:00:00
product_006452,Health & Beauty,Care Set 6452,1149,6.9,5.0,5.4,21.14,2024-01-01T00:00:00
product_006453,Mobile & Telecom,Mobile Accessory 6453,2999,11.7,5.5,7.5,168.59,2024-01-01T00:00:00
product_006454,Home & Bedding,Bedding Set 6454,1297,8.1,3.8,6.1,33.98,2024-01-01T00:00:00
product_006455,Garden & Outdoor,Planting Set 6455,9756,16.0,7.3,13.7,154.0,2024-01-01T00:00:00
product_006456,Garden & Outdoor,Outdoor Accessory 6456,4103,9.3,5.0,7.8,98.45,2024-01-01T00:00:00
product_006457,Automotive,Maintenance Kit 6457,1021,6.5,3.1,4.3,110.77,2024-01-01T00:00:00
product_006458,Home Goods,Kitchen Item 6458,3443,6.9,5.6,8.4,24.73,2024-01-01T00:00:00
product_006459,Home & Bedding,Comfort Item 6459,1859,7.3,5.0,5.3,42.52,2024-01-01T00:00:00
product_006460,Home Goods,Household Tool 6460,1941,9.1,5.1,6.8,51.35,2024-01-01T00:00:00
product_006461,Sports & Outdoors,Training Gear 6461,1777,5.6,4.5,6.7,131.92,2024-01-01T00:00:00
product_006462,Pet Supplies,Pet Activity Item 6462,1857,7.2,4.2,6.1,28.08,2024-01-01T00:00:00
product_006463,Furniture & Decor,Storage Unit 6463,13531,12.4,13.7,11.7,148.35,2024-01-01T00:00:00
product_006464,Garden & Outdoor,Outdoor Accessory 6464,6921,13.0,7.0,9.0,139.48,2024-01-01T00:00:00
product_006465,Electronics & Accessories,Charging Kit 6465,313,8.4,3.1,4.7,141.43,2024-01-01T00:00:00
product_006466,Mobile & Telecom,Connectivity Kit 6466,586,6.7,3.7,4.9,223.87,2024-01-01T00:00:00
product_006467,Fashion,Fashion Accessory 6467,792,6.0,4.6,5.4,70.11,2024-01-01T00:00:00
product_006468,Sports & Outdoors,Fitness Item 6468,1470,7.6,4.3,6.6,150.39,2024-01-01T00:00:00
product_006469,Toys & Games,Learning Toy 6469,575,6.4,2.8,4.3,28.11,2024-01-01T00:00:00
product_006470,Pet Supplies,Pet Activity Item 6470,1436,8.1,4.5,5.8,16.91,2024-01-01T00:00:00
product_006471,Watches & Gifts,Keepsake Item 6471,251,7.1,4.2,5.7,95.98,2024-01-01T00:00:00
product_006472,Sports & Outdoors,Training Gear 6472,679,6.6,3.4,5.7,52.06,2024-01-01T00:00:00
product_006473,Electronics & Accessories,Charging Kit 6473,639,6.9,3.8,5.3,169.41,2024-01-01T00:00:00
product_006474,Pet Supplies,Feeding Set 6474,1196,6.6,3.5,5.4,72.78,2024-01-01T00:00:00
product_006475,Home & Bedding,Bedding Set 6475,1258,6.1,4.3,4.5,39.7,2024-01-01T00:00:00
product_006476,Office Supplies,Office Organizer 6476,660,6.0,4.8,6.6,19.16,2024-01-01T00:00:00
product_006477,Office Supplies,Office Organizer 6477,536,4.8,2.9,4.8,80.78,2024-01-01T00:00:00
product_006478,Watches & Gifts,Timepiece 6478,544,6.1,4.7,5.5,476.13,2024-01-01T00:00:00
product_006479,Baby Products,Feeding Item 6479,1048,6.7,3.4,3.9,102.41,2024-01-01T00:00:00
product_006480,Home Goods,Organization Set 6480,3815,7.7,7.2,5.8,50.82,2024-01-01T00:00:00
product_006481,Garden & Outdoor,Planting Set 6481,7840,14.6,5.5,8.0,90.39,2024-01-01T00:00:00
product_006482,Office Supplies,Office Organizer 6482,875,7.0,4.0,5.5,27.08,2024-01-01T00:00:00
product_006483,Garden & Outdoor,Garden Tool 6483,7068,13.3,7.2,10.7,79.85,2024-01-01T00:00:00
product_006484,Baby Products,Feeding Item 6484,1060,6.2,3.8,3.8,111.67,2024-01-01T00:00:00
product_006485,Books & Media,Media Collection 6485,693,7.4,3.5,4.9,29.53,2024-01-01T00:00:00
product_006486,Garden & Outdoor,Planting Set 6486,5969,12.5,8.4,7.1,39.13,2024-01-01T00:00:00
product_006487,Toys & Games,Family Game 6487,1260,7.4,4.1,5.3,60.28,2024-01-01T00:00:00
product_006488,Mobile & Telecom,Connectivity Kit 6488,1124,7.0,4.0,3.7,110.12,2024-01-01T00:00:00
product_006489,Toys & Games,Family Game 6489,755,6.7,5.1,5.4,31.36,2024-01-01T00:00:00
product_006490,Office Supplies,Desk Set 6490,539,8.9,2.9,6.3,32.59,2024-01-01T00:00:00
product_006491,Toys & Games,Activity Set 6491,811,6.0,4.1,5.1,33.45,2024-01-01T00:00:00
product_006492,Watches & Gifts,Gift Set 6492,163,5.8,4.5,5.7,131.91,2024-01-01T00:00:00
product_006493,Mobile & Telecom,Mobile Accessory 6493,1042,8.1,3.3,4.9,106.37,2024-01-01T00:00:00
product_006494,Home & Bedding,Bedding Set 6494,526,7.4,4.0,5.1,32.48,2024-01-01T00:00:00
product_006495,Office Supplies,Office Organizer 6495,715,5.7,3.2,5.2,47.44,2024-01-01T00:00:00
product_006496,Garden & Outdoor,Planting Set 6496,2397,7.6,4.7,6.7,69.52,2024-01-01T00:00:00
product_006497,Toys & Games,Family Game 6497,776,4.9,3.6,5.0,79.2,2024-01-01T00:00:00
product_006498,Health & Beauty,Daily Essential 6498,133,6.4,2.6,4.9,24.33,2024-01-01T00:00:00
product_006499,Pet Supplies,Pet Activity Item 6499,1640,8.5,5.8,5.3,33.14,2024-01-01T00:00:00
product_006500,Books & Media,Learning Guide 6500,368,4.9,4.1,4.2,21.46,2024-01-01T00:00:00
product_006501,Baby Products,Nursery Accessory 6501,2938,8.5,6.1,6.0,58.03,2024-01-01T00:00:00
product_006502,Automotive,Vehicle Accessory 6502,1838,6.4,5.6,4.2,145.47,2024-01-01T00:00:00
product_006503,Pet Supplies,Pet Care Item 6503,1467,6.3,4.2,5.1,34.2,2024-01-01T00:00:00
product_006504,Watches & Gifts,Gift Set 6504,504,6.5,2.9,3.0,75.97,2024-01-01T00:00:00
product_006505,Garden & Outdoor,Garden Tool 6505,9876,15.4,9.5,9.9,117.91,2024-01-01T00:00:00
product_006506,Pet Supplies,Feeding Set 6506,1866,8.7,4.8,4.9,38.93,2024-01-01T00:00:00
product_006507,Automotive,Travel Item 6507,6827,13.4,7.2,11.3,342.68,2024-01-01T00:00:00
product_006508,Furniture & Decor,Storage Unit 6508,9911,8.9,9.7,11.2,120.46,2024-01-01T00:00:00
product_006509,Furniture & Decor,Decor Item 6509,12808,16.6,8.1,10.5,243.83,2024-01-01T00:00:00
product_006510,Automotive,Maintenance Kit 6510,5448,8.2,6.2,10.2,89.66,2024-01-01T00:00:00
product_006511,Pet Supplies,Feeding Set 6511,1177,8.0,3.3,4.9,41.35,2024-01-01T00:00:00
product_006512,Automotive,Maintenance Kit 6512,4289,11.6,6.6,7.9,127.42,2024-01-01T00:00:00
product_006513,Mobile & Telecom,Connectivity Kit 6513,158,6.1,3.2,6.0,150.16,2024-01-01T00:00:00
product_006514,Home & Bedding,Home Textile 6514,701,6.0,5.4,5.3,78.46,2024-01-01T00:00:00
product_006515,Electronics & Accessories,Charging Kit 6515,1881,6.2,4.2,6.0,85.86,2024-01-01T00:00:00
product_006516,Sports & Outdoors,Fitness Item 6516,1293,6.5,6.4,5.0,236.2,2024-01-01T00:00:00
product_006517,Books & Media,Reference Book 6517,388,6.3,4.2,5.1,24.19,2024-01-01T00:00:00
product_006518,Books & Media,Reference Book 6518,951,6.1,3.9,5.3,27.84,2024-01-01T00:00:00
product_006519,Pet Supplies,Pet Activity Item 6519,659,5.0,4.4,3.8,54.85,2024-01-01T00:00:00
product_006520,Baby Products,Infant Care Item 6520,1041,5.6,4.6,5.3,62.85,2024-01-01T00:00:00
product_006521,Home Goods,Household Tool 6521,2165,7.6,6.2,5.6,77.57,2024-01-01T00:00:00
product_006522,Office Supplies,Office Organizer 6522,441,6.4,3.9,4.8,28.42,2024-01-01T00:00:00
product_006523,Mobile & Telecom,Phone Item 6523,892,6.9,4.6,5.0,189.61,2024-01-01T00:00:00
product_006524,Office Supplies,Writing Kit 6524,240,4.9,3.1,4.3,57.45,2024-01-01T00:00:00
product_006525,Furniture & Decor,Storage Unit 6525,21777,17.7,11.7,9.6,167.17,2024-01-01T00:00:00
product_006526,Automotive,Vehicle Accessory 6526,5871,8.5,7.8,8.2,171.2,2024-01-01T00:00:00
product_006527,Automotive,Maintenance Kit 6527,3345,10.5,6.7,6.9,109.76,2024-01-01T00:00:00
product_006528,Office Supplies,Office Organizer 6528,467,7.0,3.1,5.5,61.86,2024-01-01T00:00:00
product_006529,Toys & Games,Learning Toy 6529,616,6.5,5.2,4.7,67.89,2024-01-01T00:00:00
product_006530,Health & Beauty,Care Set 6530,492,6.1,4.1,5.2,57.27,2024-01-01T00:00:00
product_006531,Pet Supplies,Pet Activity Item 6531,2162,5.6,5.1,6.7,34.96,2024-01-01T00:00:00
product_006532,Pet Supplies,Pet Care Item 6532,1351,5.0,5.1,4.4,52.38,2024-01-01T00:00:00
product_006533,Home Goods,Organization Set 6533,1040,7.8,3.7,5.4,23.49,2024-01-01T00:00:00
product_006534,Furniture & Decor,Storage Unit 6534,9619,13.7,7.5,11.1,330.75,2024-01-01T00:00:00
product_006535,Health & Beauty,Care Set 6535,327,5.4,3.7,4.8,36.22,2024-01-01T00:00:00
product_006536,Toys & Games,Activity Set 6536,310,6.3,3.9,6.5,18.0,2024-01-01T00:00:00
product_006537,Toys & Games,Family Game 6537,1087,6.6,4.4,4.5,43.76,2024-01-01T00:00:00
product_006538,Toys & Games,Learning Toy 6538,513,5.4,3.5,5.2,21.24,2024-01-01T00:00:00
product_006539,Furniture & Decor,Storage Unit 6539,7372,14.4,8.3,9.6,217.34,2024-01-01T00:00:00
product_006540,Office Supplies,Office Organizer 6540,1119,7.3,2.8,5.7,25.28,2024-01-01T00:00:00
product_006541,Home Goods,Kitchen Item 6541,5583,9.5,7.2,9.3,53.37,2024-01-01T00:00:00
product_006542,Garden & Outdoor,Garden Tool 6542,7854,10.1,7.1,10.5,88.9,2024-01-01T00:00:00
product_006543,Automotive,Vehicle Accessory 6543,2435,8.8,5.5,5.9,176.32,2024-01-01T00:00:00
product_006544,Books & Media,Learning Guide 6544,821,6.6,3.7,5.3,11.23,2024-01-01T00:00:00
product_006545,Baby Products,Nursery Accessory 6545,837,7.4,3.8,5.2,123.51,2024-01-01T00:00:00
product_006546,Fashion,Seasonal Wear 6546,287,5.8,3.5,5.0,54.1,2024-01-01T00:00:00
product_006547,Garden & Outdoor,Planting Set 6547,5236,9.1,3.8,6.2,40.1,2024-01-01T00:00:00
product_006548,Pet Supplies,Feeding Set 6548,1142,6.4,4.1,5.5,43.77,2024-01-01T00:00:00
product_006549,Watches & Gifts,Timepiece 6549,442,6.7,5.2,4.6,77.22,2024-01-01T00:00:00
product_006550,Home Goods,Organization Set 6550,1893,7.1,4.0,6.5,177.03,2024-01-01T00:00:00
product_006551,Home Goods,Organization Set 6551,2172,6.9,4.9,5.5,81.55,2024-01-01T00:00:00
product_006552,Pet Supplies,Pet Care Item 6552,1733,5.0,3.9,6.0,59.28,2024-01-01T00:00:00
product_006553,Health & Beauty,Care Set 6553,431,7.3,3.9,5.5,39.61,2024-01-01T00:00:00
product_006554,Watches & Gifts,Gift Set 6554,403,6.4,3.6,6.4,34.75,2024-01-01T00:00:00
product_006555,Baby Products,Feeding Item 6555,811,6.2,4.1,5.1,26.75,2024-01-01T00:00:00
product_006556,Watches & Gifts,Gift Set 6556,196,5.9,3.0,4.5,104.11,2024-01-01T00:00:00
product_006557,Automotive,Travel Item 6557,2787,7.1,5.1,7.3,76.87,2024-01-01T00:00:00
product_006558,Sports & Outdoors,Outdoor Kit 6558,5698,9.4,6.1,8.6,108.56,2024-01-01T00:00:00
product_006559,Health & Beauty,Daily Essential 6559,328,5.1,4.1,3.4,43.61,2024-01-01T00:00:00
product_006560,Electronics & Accessories,Device Accessory 6560,990,6.4,5.3,6.1,140.71,2024-01-01T00:00:00
product_006561,Toys & Games,Family Game 6561,1347,7.0,4.8,4.2,39.68,2024-01-01T00:00:00
product_006562,Mobile & Telecom,Connectivity Kit 6562,375,7.6,2.2,4.0,170.02,2024-01-01T00:00:00
product_006563,Toys & Games,Learning Toy 6563,969,5.1,3.7,4.0,30.62,2024-01-01T00:00:00
product_006564,Mobile & Telecom,Connectivity Kit 6564,602,6.1,4.5,5.2,297.61,2024-01-01T00:00:00
product_006565,Automotive,Maintenance Kit 6565,1966,7.4,3.2,5.7,70.12,2024-01-01T00:00:00
product_006566,Health & Beauty,Wellness Item 6566,426,5.5,4.5,3.9,24.88,2024-01-01T00:00:00
product_006567,Watches & Gifts,Timepiece 6567,380,4.9,4.5,4.6,95.46,2024-01-01T00:00:00
product_006568,Health & Beauty,Daily Essential 6568,292,6.4,4.4,3.8,28.1,2024-01-01T00:00:00
product_006569,Garden & Outdoor,Planting Set 6569,4893,11.4,7.6,7.2,87.82,2024-01-01T00:00:00
product_006570,Automotive,Travel Item 6570,2559,7.8,5.5,6.6,108.68,2024-01-01T00:00:00
product_006571,Baby Products,Nursery Accessory 6571,843,5.9,4.1,6.1,45.19,2024-01-01T00:00:00
product_006572,Electronics & Accessories,Charging Kit 6572,866,6.2,4.2,4.6,126.2,2024-01-01T00:00:00
product_006573,Office Supplies,Writing Kit 6573,722,5.8,4.7,5.0,41.93,2024-01-01T00:00:00
product_006574,Watches & Gifts,Gift Set 6574,215,6.0,4.1,5.0,62.42,2024-01-01T00:00:00
product_006575,Furniture & Decor,Decor Item 6575,30000,18.4,12.5,14.4,381.34,2024-01-01T00:00:00
product_006576,Mobile & Telecom,Connectivity Kit 6576,488,5.6,4.3,5.9,107.04,2024-01-01T00:00:00
product_006577,Watches & Gifts,Gift Set 6577,378,6.1,4.4,5.0,160.14,2024-01-01T00:00:00
product_006578,Office Supplies,Writing Kit 6578,796,5.6,3.7,4.8,13.39,2024-01-01T00:00:00
product_006579,Health & Beauty,Daily Essential 6579,496,6.6,3.8,4.6,11.02,2024-01-01T00:00:00
product_006580,Automotive,Vehicle Accessory 6580,4480,9.7,5.4,7.4,153.12,2024-01-01T00:00:00
product_006581,Health & Beauty,Care Set 6581,505,6.7,3.7,5.6,34.32,2024-01-01T00:00:00
product_006582,Baby Products,Nursery Accessory 6582,1533,7.7,3.9,5.8,60.27,2024-01-01T00:00:00
product_006583,Mobile & Telecom,Phone Item 6583,717,7.1,3.8,4.7,47.35,2024-01-01T00:00:00
product_006584,Office Supplies,Desk Set 6584,1587,8.4,4.4,5.5,36.06,2024-01-01T00:00:00
product_006585,Garden & Outdoor,Planting Set 6585,1959,7.4,5.4,5.2,124.41,2024-01-01T00:00:00
product_006586,Furniture & Decor,Decor Item 6586,9949,13.5,7.7,10.9,194.18,2024-01-01T00:00:00
product_006587,Baby Products,Infant Care Item 6587,1177,5.5,4.4,5.1,60.38,2024-01-01T00:00:00
product_006588,Books & Media,Reference Book 6588,685,4.6,4.2,4.1,13.58,2024-01-01T00:00:00
product_006589,Baby Products,Nursery Accessory 6589,1126,5.8,4.5,5.1,39.77,2024-01-01T00:00:00
product_006590,Watches & Gifts,Gift Set 6590,291,5.7,3.5,4.6,82.32,2024-01-01T00:00:00
product_006591,Office Supplies,Office Organizer 6591,1027,7.3,2.6,6.2,17.2,2024-01-01T00:00:00
product_006592,Garden & Outdoor,Planting Set 6592,10660,14.0,9.9,8.4,68.92,2024-01-01T00:00:00
product_006593,Automotive,Vehicle Accessory 6593,4507,11.3,5.8,6.5,168.71,2024-01-01T00:00:00
product_006594,Health & Beauty,Wellness Item 6594,527,6.9,4.0,3.7,23.11,2024-01-01T00:00:00
product_006595,Home Goods,Kitchen Item 6595,1987,6.6,4.4,6.2,113.68,2024-01-01T00:00:00
product_006596,Pet Supplies,Pet Activity Item 6596,1769,7.3,4.1,5.2,27.2,2024-01-01T00:00:00
product_006597,Electronics & Accessories,Audio Item 6597,1573,6.1,3.2,4.8,71.19,2024-01-01T00:00:00
product_006598,Furniture & Decor,Storage Unit 6598,10244,12.0,7.0,9.8,43.75,2024-01-01T00:00:00
product_006599,Mobile & Telecom,Connectivity Kit 6599,1313,7.2,5.2,6.3,49.76,2024-01-01T00:00:00
product_006600,Furniture & Decor,Accent Furniture 6600,23812,16.1,9.5,11.1,304.73,2024-01-01T00:00:00
product_006601,Home Goods,Kitchen Item 6601,2048,7.3,5.6,4.8,49.73,2024-01-01T00:00:00
product_006602,Pet Supplies,Pet Activity Item 6602,2892,7.7,6.9,5.8,33.19,2024-01-01T00:00:00
product_006603,Mobile & Telecom,Connectivity Kit 6603,277,7.7,4.8,3.4,344.68,2024-01-01T00:00:00
product_006604,Pet Supplies,Pet Activity Item 6604,2441,8.5,5.7,6.5,42.81,2024-01-01T00:00:00
product_006605,Books & Media,Reference Book 6605,416,4.8,3.2,4.8,26.45,2024-01-01T00:00:00
product_006606,Mobile & Telecom,Phone Item 6606,458,5.8,2.6,6.4,82.37,2024-01-01T00:00:00
product_006607,Garden & Outdoor,Planting Set 6607,2374,8.2,4.5,6.3,50.18,2024-01-01T00:00:00
product_006608,Books & Media,Learning Guide 6608,268,7.5,5.0,5.2,9.0,2024-01-01T00:00:00
product_006609,Mobile & Telecom,Phone Item 6609,452,7.0,3.5,4.6,183.13,2024-01-01T00:00:00
product_006610,Garden & Outdoor,Outdoor Accessory 6610,2463,8.3,4.5,5.4,22.5,2024-01-01T00:00:00
product_006611,Furniture & Decor,Decor Item 6611,13919,12.1,8.7,10.6,221.93,2024-01-01T00:00:00
product_006612,Fashion,Everyday Apparel 6612,214,6.9,2.8,4.8,89.13,2024-01-01T00:00:00
product_006613,Toys & Games,Activity Set 6613,2348,7.8,5.2,6.5,46.84,2024-01-01T00:00:00
product_006614,Toys & Games,Activity Set 6614,864,8.5,4.3,4.5,17.18,2024-01-01T00:00:00
product_006615,Pet Supplies,Feeding Set 6615,3308,10.1,6.2,7.5,67.11,2024-01-01T00:00:00
product_006616,Pet Supplies,Feeding Set 6616,1601,8.7,4.7,5.5,40.88,2024-01-01T00:00:00
product_006617,Mobile & Telecom,Connectivity Kit 6617,386,7.8,3.5,5.3,259.03,2024-01-01T00:00:00
product_006618,Books & Media,Media Collection 6618,689,7.1,5.0,5.1,28.31,2024-01-01T00:00:00
product_006619,Baby Products,Infant Care Item 6619,1662,6.3,4.1,5.0,22.15,2024-01-01T00:00:00
product_006620,Home Goods,Household Tool 6620,1152,4.9,4.1,4.0,74.33,2024-01-01T00:00:00
product_006621,Health & Beauty,Daily Essential 6621,215,8.5,4.5,4.6,21.76,2024-01-01T00:00:00
product_006622,Books & Media,Learning Guide 6622,169,6.5,4.0,5.8,18.55,2024-01-01T00:00:00
product_006623,Pet Supplies,Pet Care Item 6623,1790,7.2,5.6,4.0,66.95,2024-01-01T00:00:00
product_006624,Automotive,Maintenance Kit 6624,2620,9.6,5.2,7.7,100.32,2024-01-01T00:00:00
product_006625,Home & Bedding,Bedding Set 6625,3066,8.6,6.3,6.5,63.89,2024-01-01T00:00:00
product_006626,Toys & Games,Learning Toy 6626,1127,6.8,3.6,3.7,35.74,2024-01-01T00:00:00
product_006627,Furniture & Decor,Storage Unit 6627,15153,14.9,11.4,11.8,325.56,2024-01-01T00:00:00
product_006628,Toys & Games,Learning Toy 6628,1123,7.1,4.6,5.2,23.42,2024-01-01T00:00:00
product_006629,Garden & Outdoor,Planting Set 6629,2109,5.9,4.8,7.1,55.52,2024-01-01T00:00:00
product_006630,Books & Media,Learning Guide 6630,374,6.3,4.7,5.8,23.77,2024-01-01T00:00:00
product_006631,Office Supplies,Desk Set 6631,1634,7.1,3.5,6.4,43.3,2024-01-01T00:00:00
product_006632,Health & Beauty,Care Set 6632,148,5.6,3.9,4.7,20.16,2024-01-01T00:00:00
product_006633,Automotive,Maintenance Kit 6633,4980,10.2,7.6,11.1,57.2,2024-01-01T00:00:00
product_006634,Furniture & Decor,Accent Furniture 6634,17467,15.7,9.7,11.9,718.29,2024-01-01T00:00:00
product_006635,Automotive,Maintenance Kit 6635,3440,8.3,6.5,7.2,54.55,2024-01-01T00:00:00
product_006636,Home & Bedding,Comfort Item 6636,3016,9.1,5.1,5.7,84.39,2024-01-01T00:00:00
product_006637,Health & Beauty,Wellness Item 6637,528,7.1,3.6,4.3,25.55,2024-01-01T00:00:00
product_006638,Electronics & Accessories,Audio Item 6638,940,8.2,3.8,5.0,256.6,2024-01-01T00:00:00
product_006639,Automotive,Travel Item 6639,3721,7.7,5.5,6.2,30.3,2024-01-01T00:00:00
product_006640,Sports & Outdoors,Training Gear 6640,1227,6.6,3.7,6.0,56.8,2024-01-01T00:00:00
product_006641,Electronics & Accessories,Device Accessory 6641,451,5.4,3.0,3.8,146.05,2024-01-01T00:00:00
product_006642,Garden & Outdoor,Planting Set 6642,2683,6.0,6.6,6.5,54.31,2024-01-01T00:00:00
product_006643,Fashion,Everyday Apparel 6643,780,8.3,3.1,4.8,31.7,2024-01-01T00:00:00
product_006644,Toys & Games,Learning Toy 6644,3366,7.8,6.3,6.4,30.1,2024-01-01T00:00:00
product_006645,Automotive,Vehicle Accessory 6645,4548,11.9,8.3,7.3,115.99,2024-01-01T00:00:00
product_006646,Baby Products,Nursery Accessory 6646,1059,6.9,3.5,6.3,118.67,2024-01-01T00:00:00
product_006647,Health & Beauty,Wellness Item 6647,367,6.3,4.3,5.4,35.87,2024-01-01T00:00:00
product_006648,Mobile & Telecom,Connectivity Kit 6648,504,6.3,4.7,4.6,403.23,2024-01-01T00:00:00
product_006649,Office Supplies,Office Organizer 6649,562,6.5,4.2,5.3,42.35,2024-01-01T00:00:00
product_006650,Health & Beauty,Daily Essential 6650,698,6.0,3.6,4.5,15.96,2024-01-01T00:00:00
product_006651,Sports & Outdoors,Fitness Item 6651,1870,6.9,6.1,4.7,92.81,2024-01-01T00:00:00
product_006652,Garden & Outdoor,Planting Set 6652,4227,10.0,5.0,10.0,37.5,2024-01-01T00:00:00
product_006653,Health & Beauty,Daily Essential 6653,478,5.7,4.0,4.9,17.3,2024-01-01T00:00:00
product_006654,Watches & Gifts,Gift Set 6654,413,6.9,3.3,6.5,45.32,2024-01-01T00:00:00
product_006655,Watches & Gifts,Gift Set 6655,220,6.8,3.3,3.0,151.41,2024-01-01T00:00:00
product_006656,Pet Supplies,Pet Activity Item 6656,1497,8.4,4.9,3.6,52.13,2024-01-01T00:00:00
product_006657,Garden & Outdoor,Garden Tool 6657,2761,7.0,5.9,6.0,122.56,2024-01-01T00:00:00
product_006658,Home Goods,Household Tool 6658,1252,7.9,4.8,5.0,112.74,2024-01-01T00:00:00
product_006659,Baby Products,Feeding Item 6659,1601,8.3,4.3,6.3,35.76,2024-01-01T00:00:00
product_006660,Toys & Games,Family Game 6660,511,5.6,4.6,4.9,48.42,2024-01-01T00:00:00
product_006661,Home Goods,Kitchen Item 6661,2487,6.7,4.1,6.7,45.62,2024-01-01T00:00:00
product_006662,Fashion,Seasonal Wear 6662,114,7.0,3.1,5.2,81.74,2024-01-01T00:00:00
product_006663,Books & Media,Reference Book 6663,170,6.3,4.1,4.5,32.1,2024-01-01T00:00:00
product_006664,Fashion,Everyday Apparel 6664,459,5.5,4.8,4.4,49.45,2024-01-01T00:00:00
product_006665,Home & Bedding,Bedding Set 6665,926,7.1,4.4,4.4,118.32,2024-01-01T00:00:00
product_006666,Home & Bedding,Comfort Item 6666,1593,8.6,4.9,5.6,51.21,2024-01-01T00:00:00
product_006667,Furniture & Decor,Accent Furniture 6667,17680,15.8,10.2,12.2,424.61,2024-01-01T00:00:00
product_006668,Home Goods,Organization Set 6668,5013,8.2,5.5,7.6,85.26,2024-01-01T00:00:00
product_006669,Furniture & Decor,Accent Furniture 6669,17844,17.8,8.7,11.0,44.63,2024-01-01T00:00:00
product_006670,Electronics & Accessories,Device Accessory 6670,1739,6.3,4.3,5.8,226.88,2024-01-01T00:00:00
product_006671,Books & Media,Reference Book 6671,308,5.5,3.3,3.8,26.73,2024-01-01T00:00:00
product_006672,Books & Media,Learning Guide 6672,1323,4.0,3.5,4.8,22.75,2024-01-01T00:00:00
product_006673,Garden & Outdoor,Planting Set 6673,4891,8.3,7.9,9.6,77.82,2024-01-01T00:00:00
product_006674,Electronics & Accessories,Audio Item 6674,2070,8.1,5.0,5.4,94.61,2024-01-01T00:00:00
product_006675,Electronics & Accessories,Charging Kit 6675,813,5.2,4.0,5.5,202.37,2024-01-01T00:00:00
product_006676,Mobile & Telecom,Connectivity Kit 6676,421,6.4,2.9,3.9,75.87,2024-01-01T00:00:00
product_006677,Electronics & Accessories,Audio Item 6677,1056,8.0,3.7,4.7,210.63,2024-01-01T00:00:00
product_006678,Garden & Outdoor,Planting Set 6678,1771,8.0,4.6,5.5,95.12,2024-01-01T00:00:00
product_006679,Pet Supplies,Pet Activity Item 6679,999,5.9,4.2,5.3,56.75,2024-01-01T00:00:00
product_006680,Sports & Outdoors,Fitness Item 6680,1385,7.5,4.4,5.5,74.43,2024-01-01T00:00:00
product_006681,Home Goods,Organization Set 6681,3841,7.8,6.5,7.1,93.98,2024-01-01T00:00:00
product_006682,Mobile & Telecom,Mobile Accessory 6682,809,5.9,2.2,4.7,103.85,2024-01-01T00:00:00
product_006683,Furniture & Decor,Decor Item 6683,15134,12.7,6.5,14.9,157.18,2024-01-01T00:00:00
product_006684,Electronics & Accessories,Audio Item 6684,858,7.3,4.6,3.3,320.21,2024-01-01T00:00:00
product_006685,Home & Bedding,Comfort Item 6685,1181,5.6,4.4,4.9,40.57,2024-01-01T00:00:00
product_006686,Garden & Outdoor,Garden Tool 6686,3898,12.4,6.4,7.8,55.75,2024-01-01T00:00:00
product_006687,Sports & Outdoors,Training Gear 6687,1558,8.3,3.8,5.3,146.4,2024-01-01T00:00:00
product_006688,Furniture & Decor,Accent Furniture 6688,8589,11.1,7.5,8.6,122.01,2024-01-01T00:00:00
product_006689,Fashion,Fashion Accessory 6689,861,6.5,5.2,4.6,60.94,2024-01-01T00:00:00
product_006690,Pet Supplies,Pet Activity Item 6690,2287,8.3,5.8,7.5,141.2,2024-01-01T00:00:00
product_006691,Mobile & Telecom,Phone Item 6691,427,6.9,4.1,5.5,96.03,2024-01-01T00:00:00
product_006692,Books & Media,Media Collection 6692,521,8.0,4.5,4.9,14.28,2024-01-01T00:00:00
product_006693,Health & Beauty,Daily Essential 6693,261,5.9,4.1,4.0,34.56,2024-01-01T00:00:00
product_006694,Electronics & Accessories,Charging Kit 6694,1283,7.1,4.9,4.1,160.09,2024-01-01T00:00:00
product_006695,Office Supplies,Writing Kit 6695,758,6.6,4.5,4.9,19.94,2024-01-01T00:00:00
product_006696,Furniture & Decor,Decor Item 6696,23368,18.8,11.1,10.7,101.83,2024-01-01T00:00:00
product_006697,Books & Media,Learning Guide 6697,163,5.8,3.3,6.1,18.13,2024-01-01T00:00:00
product_006698,Fashion,Fashion Accessory 6698,394,6.8,4.5,4.9,32.17,2024-01-01T00:00:00
product_006699,Books & Media,Learning Guide 6699,205,5.4,4.3,4.6,15.98,2024-01-01T00:00:00
product_006700,Electronics & Accessories,Device Accessory 6700,670,6.3,5.1,4.1,126.83,2024-01-01T00:00:00
product_006701,Pet Supplies,Feeding Set 6701,1079,4.3,4.6,5.1,22.64,2024-01-01T00:00:00
product_006702,Automotive,Travel Item 6702,2921,7.5,5.3,6.6,31.58,2024-01-01T00:00:00
product_006703,Sports & Outdoors,Fitness Item 6703,3142,8.3,5.2,9.2,63.04,2024-01-01T00:00:00
product_006704,Baby Products,Nursery Accessory 6704,1502,7.7,5.2,4.9,40.3,2024-01-01T00:00:00
product_006705,Books & Media,Reference Book 6705,493,4.9,4.0,4.1,16.32,2024-01-01T00:00:00
product_006706,Health & Beauty,Daily Essential 6706,657,6.5,4.8,6.2,24.98,2024-01-01T00:00:00
product_006707,Home & Bedding,Home Textile 6707,3886,10.0,5.3,7.5,42.24,2024-01-01T00:00:00
product_006708,Mobile & Telecom,Phone Item 6708,346,5.8,4.2,4.8,98.91,2024-01-01T00:00:00
product_006709,Toys & Games,Learning Toy 6709,938,5.1,4.1,5.0,106.91,2024-01-01T00:00:00
product_006710,Books & Media,Learning Guide 6710,508,5.8,5.4,6.3,30.8,2024-01-01T00:00:00
product_006711,Baby Products,Nursery Accessory 6711,1162,6.8,5.4,4.8,23.98,2024-01-01T00:00:00
product_006712,Toys & Games,Learning Toy 6712,690,6.2,3.5,4.9,69.1,2024-01-01T00:00:00
product_006713,Garden & Outdoor,Garden Tool 6713,3125,11.0,5.8,6.1,33.66,2024-01-01T00:00:00
product_006714,Fashion,Everyday Apparel 6714,883,5.5,4.1,5.7,30.41,2024-01-01T00:00:00
product_006715,Fashion,Everyday Apparel 6715,401,5.2,4.3,5.2,24.52,2024-01-01T00:00:00
product_006716,Office Supplies,Office Organizer 6716,999,6.0,3.5,4.5,57.92,2024-01-01T00:00:00
product_006717,Fashion,Fashion Accessory 6717,1029,6.6,5.3,5.6,48.15,2024-01-01T00:00:00
product_006718,Watches & Gifts,Keepsake Item 6718,319,6.2,4.2,3.9,144.02,2024-01-01T00:00:00
product_006719,Home Goods,Kitchen Item 6719,1765,8.0,4.0,4.9,28.33,2024-01-01T00:00:00
product_006720,Furniture & Decor,Accent Furniture 6720,14670,18.5,9.0,13.2,89.73,2024-01-01T00:00:00
product_006721,Sports & Outdoors,Training Gear 6721,2084,8.5,7.1,6.2,58.37,2024-01-01T00:00:00
product_006722,Baby Products,Feeding Item 6722,1083,8.0,3.9,5.1,80.51,2024-01-01T00:00:00
product_006723,Home Goods,Household Tool 6723,3892,7.0,5.7,7.8,46.76,2024-01-01T00:00:00
product_006724,Office Supplies,Desk Set 6724,449,6.0,3.5,4.3,71.48,2024-01-01T00:00:00
product_006725,Sports & Outdoors,Training Gear 6725,5553,7.1,7.7,6.4,34.12,2024-01-01T00:00:00
product_006726,Toys & Games,Family Game 6726,797,5.2,3.0,6.8,26.86,2024-01-01T00:00:00
product_006727,Health & Beauty,Daily Essential 6727,593,6.0,3.8,6.5,29.54,2024-01-01T00:00:00
product_006728,Pet Supplies,Feeding Set 6728,1772,6.6,5.0,6.3,24.53,2024-01-01T00:00:00
product_006729,Furniture & Decor,Storage Unit 6729,9742,14.4,8.7,12.3,216.16,2024-01-01T00:00:00
product_006730,Baby Products,Nursery Accessory 6730,1700,7.0,4.3,6.2,85.1,2024-01-01T00:00:00
product_006731,Watches & Gifts,Keepsake Item 6731,203,6.0,3.8,5.1,87.0,2024-01-01T00:00:00
product_006732,Furniture & Decor,Accent Furniture 6732,7650,11.8,7.0,8.8,161.72,2024-01-01T00:00:00
product_006733,Electronics & Accessories,Audio Item 6733,538,6.1,4.5,4.9,213.08,2024-01-01T00:00:00
product_006734,Books & Media,Media Collection 6734,299,6.8,4.3,4.3,39.23,2024-01-01T00:00:00
product_006735,Home & Bedding,Home Textile 6735,2166,7.6,2.5,5.4,136.34,2024-01-01T00:00:00
product_006736,Home & Bedding,Home Textile 6736,1998,8.9,4.8,5.6,88.09,2024-01-01T00:00:00
product_006737,Sports & Outdoors,Outdoor Kit 6737,2181,8.0,4.0,7.3,41.32,2024-01-01T00:00:00
product_006738,Home Goods,Household Tool 6738,2503,6.6,5.0,7.1,20.77,2024-01-01T00:00:00
product_006739,Garden & Outdoor,Outdoor Accessory 6739,1334,6.7,2.9,6.3,53.43,2024-01-01T00:00:00
product_006740,Watches & Gifts,Keepsake Item 6740,109,7.0,3.7,3.9,32.35,2024-01-01T00:00:00
product_006741,Office Supplies,Desk Set 6741,848,5.0,3.5,5.0,86.62,2024-01-01T00:00:00
product_006742,Health & Beauty,Care Set 6742,663,7.2,5.3,4.2,44.2,2024-01-01T00:00:00
product_006743,Mobile & Telecom,Mobile Accessory 6743,1733,7.4,4.4,5.3,110.3,2024-01-01T00:00:00
product_006744,Home Goods,Organization Set 6744,924,5.2,4.8,4.5,72.74,2024-01-01T00:00:00
product_006745,Home Goods,Kitchen Item 6745,2506,7.7,3.9,6.3,76.63,2024-01-01T00:00:00
product_006746,Home Goods,Kitchen Item 6746,2266,9.0,4.7,6.3,179.31,2024-01-01T00:00:00
product_006747,Pet Supplies,Feeding Set 6747,1733,9.9,3.3,8.1,50.51,2024-01-01T00:00:00
product_006748,Home & Bedding,Home Textile 6748,3175,8.3,6.1,6.8,21.63,2024-01-01T00:00:00
product_006749,Furniture & Decor,Decor Item 6749,23094,17.2,11.4,13.3,107.57,2024-01-01T00:00:00
product_006750,Fashion,Fashion Accessory 6750,299,6.8,4.5,5.0,65.79,2024-01-01T00:00:00
product_006751,Home Goods,Household Tool 6751,1604,6.8,4.1,5.2,63.23,2024-01-01T00:00:00
product_006752,Home & Bedding,Bedding Set 6752,1156,6.6,3.1,3.9,91.92,2024-01-01T00:00:00
product_006753,Office Supplies,Office Organizer 6753,529,7.5,4.9,4.3,37.65,2024-01-01T00:00:00
product_006754,Garden & Outdoor,Garden Tool 6754,2219,7.7,5.7,4.8,77.25,2024-01-01T00:00:00
product_006755,Pet Supplies,Feeding Set 6755,2269,7.0,3.9,6.3,70.45,2024-01-01T00:00:00
product_006756,Watches & Gifts,Keepsake Item 6756,263,6.3,4.7,5.8,52.47,2024-01-01T00:00:00
product_006757,Office Supplies,Writing Kit 6757,720,6.1,4.7,6.0,15.34,2024-01-01T00:00:00
product_006758,Books & Media,Reference Book 6758,1127,6.9,4.1,3.1,20.18,2024-01-01T00:00:00
product_006759,Pet Supplies,Pet Activity Item 6759,880,5.8,4.3,6.1,47.87,2024-01-01T00:00:00
product_006760,Watches & Gifts,Gift Set 6760,797,6.5,4.7,4.3,73.66,2024-01-01T00:00:00
product_006761,Automotive,Travel Item 6761,2504,6.5,5.7,6.5,43.23,2024-01-01T00:00:00
product_006762,Automotive,Travel Item 6762,4676,9.7,7.2,8.8,66.57,2024-01-01T00:00:00
product_006763,Furniture & Decor,Storage Unit 6763,13666,13.9,5.9,9.5,352.71,2024-01-01T00:00:00
product_006764,Home Goods,Organization Set 6764,2071,6.5,5.3,6.9,44.09,2024-01-01T00:00:00
product_006765,Mobile & Telecom,Mobile Accessory 6765,955,6.6,3.1,5.2,207.22,2024-01-01T00:00:00
product_006766,Home & Bedding,Comfort Item 6766,1725,7.4,4.6,6.2,110.69,2024-01-01T00:00:00
product_006767,Pet Supplies,Pet Activity Item 6767,1070,8.0,3.8,4.2,38.19,2024-01-01T00:00:00
product_006768,Books & Media,Media Collection 6768,376,6.6,3.7,4.0,25.35,2024-01-01T00:00:00
product_006769,Watches & Gifts,Keepsake Item 6769,255,5.1,4.4,4.2,78.4,2024-01-01T00:00:00
product_006770,Home & Bedding,Comfort Item 6770,2686,6.2,5.8,6.1,131.34,2024-01-01T00:00:00
product_006771,Books & Media,Learning Guide 6771,277,6.8,4.3,4.6,30.83,2024-01-01T00:00:00
product_006772,Home Goods,Household Tool 6772,1224,4.7,4.0,5.1,81.37,2024-01-01T00:00:00
product_006773,Pet Supplies,Feeding Set 6773,1092,7.0,4.1,3.8,21.47,2024-01-01T00:00:00
product_006774,Furniture & Decor,Accent Furniture 6774,7709,14.6,8.0,8.9,106.62,2024-01-01T00:00:00
product_006775,Automotive,Maintenance Kit 6775,2422,9.9,4.3,6.4,47.43,2024-01-01T00:00:00
product_006776,Sports & Outdoors,Training Gear 6776,1435,8.1,5.0,5.9,153.23,2024-01-01T00:00:00
product_006777,Baby Products,Nursery Accessory 6777,1289,6.6,4.2,5.1,61.98,2024-01-01T00:00:00
product_006778,Mobile & Telecom,Mobile Accessory 6778,746,5.5,3.5,4.2,386.75,2024-01-01T00:00:00
product_006779,Furniture & Decor,Decor Item 6779,11201,11.1,7.4,11.0,323.55,2024-01-01T00:00:00
product_006780,Mobile & Telecom,Phone Item 6780,1031,5.7,5.1,5.3,89.29,2024-01-01T00:00:00
product_006781,Watches & Gifts,Timepiece 6781,228,4.5,4.1,4.6,211.53,2024-01-01T00:00:00
product_006782,Home Goods,Organization Set 6782,1557,6.7,4.3,7.6,38.67,2024-01-01T00:00:00
product_006783,Automotive,Travel Item 6783,4018,9.3,7.5,6.8,65.97,2024-01-01T00:00:00
product_006784,Watches & Gifts,Timepiece 6784,535,7.2,3.4,3.7,60.07,2024-01-01T00:00:00
product_006785,Books & Media,Reference Book 6785,675,4.6,3.4,3.8,15.93,2024-01-01T00:00:00
product_006786,Automotive,Maintenance Kit 6786,2208,7.7,5.9,5.8,222.38,2024-01-01T00:00:00
product_006787,Baby Products,Nursery Accessory 6787,861,6.1,4.3,5.8,151.81,2024-01-01T00:00:00
product_006788,Fashion,Everyday Apparel 6788,599,7.6,4.4,5.2,193.55,2024-01-01T00:00:00
product_006789,Electronics & Accessories,Device Accessory 6789,442,6.5,4.3,4.2,310.69,2024-01-01T00:00:00
product_006790,Pet Supplies,Feeding Set 6790,792,5.4,4.0,4.4,53.63,2024-01-01T00:00:00
product_006791,Furniture & Decor,Decor Item 6791,6743,11.3,5.6,9.3,226.62,2024-01-01T00:00:00
product_006792,Pet Supplies,Pet Care Item 6792,2399,6.1,7.0,7.1,62.06,2024-01-01T00:00:00
product_006793,Electronics & Accessories,Device Accessory 6793,766,7.2,2.6,4.6,205.89,2024-01-01T00:00:00
product_006794,Mobile & Telecom,Phone Item 6794,506,5.5,3.7,5.0,99.22,2024-01-01T00:00:00
product_006795,Watches & Gifts,Keepsake Item 6795,293,6.2,4.4,4.3,86.89,2024-01-01T00:00:00
product_006796,Books & Media,Reference Book 6796,656,6.7,4.6,6.2,20.13,2024-01-01T00:00:00
product_006797,Electronics & Accessories,Audio Item 6797,470,7.5,3.8,3.0,89.34,2024-01-01T00:00:00
product_006798,Mobile & Telecom,Connectivity Kit 6798,391,6.7,5.2,4.7,177.25,2024-01-01T00:00:00
product_006799,Pet Supplies,Pet Care Item 6799,2340,8.1,5.6,7.8,35.3,2024-01-01T00:00:00
product_006800,Home Goods,Organization Set 6800,2466,8.1,4.7,6.1,54.77,2024-01-01T00:00:00
product_006801,Garden & Outdoor,Planting Set 6801,17683,13.0,10.8,9.0,105.96,2024-01-01T00:00:00
product_006802,Books & Media,Learning Guide 6802,268,5.0,4.5,3.9,14.93,2024-01-01T00:00:00
product_006803,Electronics & Accessories,Charging Kit 6803,2999,7.7,3.3,5.1,87.36,2024-01-01T00:00:00
product_006804,Office Supplies,Writing Kit 6804,416,6.0,3.7,5.5,45.79,2024-01-01T00:00:00
product_006805,Toys & Games,Activity Set 6805,779,7.8,4.3,4.1,44.79,2024-01-01T00:00:00
product_006806,Office Supplies,Desk Set 6806,1658,6.0,4.3,7.0,42.4,2024-01-01T00:00:00
product_006807,Electronics & Accessories,Device Accessory 6807,2208,8.2,6.1,6.3,72.21,2024-01-01T00:00:00
product_006808,Furniture & Decor,Storage Unit 6808,16700,19.5,10.0,10.0,100.21,2024-01-01T00:00:00
product_006809,Watches & Gifts,Gift Set 6809,554,7.8,4.1,4.0,45.03,2024-01-01T00:00:00
product_006810,Fashion,Everyday Apparel 6810,273,7.7,4.7,4.5,81.43,2024-01-01T00:00:00
product_006811,Baby Products,Feeding Item 6811,2173,6.3,6.2,4.7,76.67,2024-01-01T00:00:00
product_006812,Automotive,Travel Item 6812,2579,7.5,6.7,6.4,134.64,2024-01-01T00:00:00
product_006813,Toys & Games,Learning Toy 6813,514,7.9,3.8,3.6,46.7,2024-01-01T00:00:00
product_006814,Pet Supplies,Feeding Set 6814,6987,13.4,7.3,8.9,33.26,2024-01-01T00:00:00
product_006815,Automotive,Travel Item 6815,7123,12.0,7.5,8.4,88.07,2024-01-01T00:00:00
product_006816,Office Supplies,Office Organizer 6816,1108,6.8,4.5,5.1,43.23,2024-01-01T00:00:00
product_006817,Sports & Outdoors,Fitness Item 6817,1972,7.4,3.9,5.9,73.24,2024-01-01T00:00:00
product_006818,Mobile & Telecom,Connectivity Kit 6818,670,6.3,4.2,4.4,158.39,2024-01-01T00:00:00
product_006819,Automotive,Maintenance Kit 6819,3607,8.1,7.0,8.7,286.38,2024-01-01T00:00:00
product_006820,Toys & Games,Learning Toy 6820,795,6.6,3.9,4.5,64.98,2024-01-01T00:00:00
product_006821,Sports & Outdoors,Fitness Item 6821,1593,8.4,2.9,6.3,63.8,2024-01-01T00:00:00
product_006822,Home Goods,Organization Set 6822,3477,11.0,5.7,10.3,58.74,2024-01-01T00:00:00
product_006823,Watches & Gifts,Gift Set 6823,218,5.7,4.3,3.4,82.39,2024-01-01T00:00:00
product_006824,Books & Media,Learning Guide 6824,429,7.5,3.9,5.4,32.25,2024-01-01T00:00:00
product_006825,Fashion,Fashion Accessory 6825,387,4.9,3.7,4.9,50.58,2024-01-01T00:00:00
product_006826,Electronics & Accessories,Audio Item 6826,1247,7.8,4.8,4.9,204.7,2024-01-01T00:00:00
product_006827,Watches & Gifts,Gift Set 6827,393,8.2,3.2,5.9,166.92,2024-01-01T00:00:00
product_006828,Furniture & Decor,Decor Item 6828,13034,15.8,10.8,11.0,204.97,2024-01-01T00:00:00
product_006829,Pet Supplies,Pet Activity Item 6829,1055,7.7,3.2,4.1,42.68,2024-01-01T00:00:00
product_006830,Garden & Outdoor,Garden Tool 6830,5823,10.7,6.3,8.9,86.49,2024-01-01T00:00:00
product_006831,Watches & Gifts,Gift Set 6831,486,6.4,3.3,5.9,83.63,2024-01-01T00:00:00
product_006832,Garden & Outdoor,Garden Tool 6832,4854,12.1,6.0,6.0,422.67,2024-01-01T00:00:00
product_006833,Home & Bedding,Home Textile 6833,4747,11.2,6.2,9.5,44.6,2024-01-01T00:00:00
product_006834,Mobile & Telecom,Phone Item 6834,346,6.1,4.4,4.7,146.74,2024-01-01T00:00:00
product_006835,Books & Media,Media Collection 6835,394,5.8,2.7,5.5,12.09,2024-01-01T00:00:00
product_006836,Watches & Gifts,Timepiece 6836,195,7.3,3.4,5.3,48.8,2024-01-01T00:00:00
product_006837,Baby Products,Nursery Accessory 6837,963,7.0,3.8,4.1,30.57,2024-01-01T00:00:00
product_006838,Fashion,Everyday Apparel 6838,254,7.2,4.3,6.2,26.49,2024-01-01T00:00:00
product_006839,Office Supplies,Desk Set 6839,375,6.2,3.7,3.8,31.03,2024-01-01T00:00:00
product_006840,Automotive,Vehicle Accessory 6840,2480,9.0,5.3,8.5,60.68,2024-01-01T00:00:00
product_006841,Furniture & Decor,Decor Item 6841,22737,16.9,11.0,14.4,153.04,2024-01-01T00:00:00
product_006842,Electronics & Accessories,Device Accessory 6842,1651,5.2,5.1,5.4,185.95,2024-01-01T00:00:00
product_006843,Home Goods,Kitchen Item 6843,1749,7.3,5.5,5.6,40.14,2024-01-01T00:00:00
product_006844,Books & Media,Reference Book 6844,312,5.8,2.8,3.0,22.11,2024-01-01T00:00:00
product_006845,Office Supplies,Writing Kit 6845,767,5.7,4.5,4.4,33.47,2024-01-01T00:00:00
product_006846,Books & Media,Media Collection 6846,262,7.6,5.0,5.0,13.11,2024-01-01T00:00:00
product_006847,Pet Supplies,Pet Activity Item 6847,1782,8.1,3.4,6.8,17.17,2024-01-01T00:00:00
product_006848,Books & Media,Reference Book 6848,247,6.1,4.7,5.7,30.5,2024-01-01T00:00:00
product_006849,Home & Bedding,Bedding Set 6849,1511,6.4,5.7,5.7,33.19,2024-01-01T00:00:00
product_006850,Home & Bedding,Comfort Item 6850,456,5.5,4.4,4.3,48.94,2024-01-01T00:00:00
product_006851,Toys & Games,Learning Toy 6851,1502,8.7,2.7,6.9,41.24,2024-01-01T00:00:00
product_006852,Fashion,Fashion Accessory 6852,677,6.2,3.7,5.0,16.46,2024-01-01T00:00:00
product_006853,Pet Supplies,Pet Activity Item 6853,1374,6.0,3.5,5.4,26.55,2024-01-01T00:00:00
product_006854,Garden & Outdoor,Outdoor Accessory 6854,4631,7.6,8.5,7.1,99.89,2024-01-01T00:00:00
product_006855,Automotive,Maintenance Kit 6855,3648,10.0,5.5,5.7,27.24,2024-01-01T00:00:00
product_006856,Mobile & Telecom,Connectivity Kit 6856,824,5.3,4.2,5.6,64.54,2024-01-01T00:00:00
product_006857,Books & Media,Learning Guide 6857,365,5.4,5.1,6.6,27.38,2024-01-01T00:00:00
product_006858,Books & Media,Media Collection 6858,230,6.2,3.2,5.3,22.99,2024-01-01T00:00:00
product_006859,Home & Bedding,Bedding Set 6859,5845,10.5,9.3,9.3,216.03,2024-01-01T00:00:00
product_006860,Garden & Outdoor,Garden Tool 6860,1251,6.9,3.5,4.4,49.52,2024-01-01T00:00:00
product_006861,Furniture & Decor,Storage Unit 6861,5755,12.1,8.0,8.4,107.44,2024-01-01T00:00:00
product_006862,Furniture & Decor,Accent Furniture 6862,9040,13.7,7.7,8.4,145.18,2024-01-01T00:00:00
product_006863,Automotive,Travel Item 6863,1531,6.5,5.2,3.5,231.87,2024-01-01T00:00:00
product_006864,Furniture & Decor,Accent Furniture 6864,4630,12.4,5.0,7.8,69.96,2024-01-01T00:00:00
product_006865,Home & Bedding,Bedding Set 6865,1532,6.8,5.8,6.7,101.7,2024-01-01T00:00:00
product_006866,Home & Bedding,Home Textile 6866,2166,7.2,6.1,6.2,66.22,2024-01-01T00:00:00
product_006867,Mobile & Telecom,Connectivity Kit 6867,700,5.2,4.2,6.5,158.94,2024-01-01T00:00:00
product_006868,Books & Media,Media Collection 6868,229,7.8,3.3,4.2,24.65,2024-01-01T00:00:00
product_006869,Home Goods,Household Tool 6869,4896,8.4,7.2,8.0,25.48,2024-01-01T00:00:00
product_006870,Electronics & Accessories,Device Accessory 6870,729,4.9,4.2,4.0,94.92,2024-01-01T00:00:00
product_006871,Electronics & Accessories,Device Accessory 6871,744,5.4,3.7,6.6,133.28,2024-01-01T00:00:00
product_006872,Health & Beauty,Care Set 6872,292,5.4,3.9,4.7,17.33,2024-01-01T00:00:00
product_006873,Pet Supplies,Feeding Set 6873,3355,9.7,4.6,7.5,42.95,2024-01-01T00:00:00
product_006874,Furniture & Decor,Accent Furniture 6874,8947,11.1,9.6,13.0,89.09,2024-01-01T00:00:00
product_006875,Watches & Gifts,Timepiece 6875,191,4.4,4.2,6.4,93.66,2024-01-01T00:00:00
product_006876,Pet Supplies,Pet Activity Item 6876,1735,9.0,4.4,6.5,53.19,2024-01-01T00:00:00
product_006877,Sports & Outdoors,Outdoor Kit 6877,2877,8.9,6.3,8.5,65.82,2024-01-01T00:00:00
product_006878,Office Supplies,Desk Set 6878,269,7.4,2.5,6.0,16.46,2024-01-01T00:00:00
product_006879,Fashion,Seasonal Wear 6879,219,5.7,4.9,6.6,81.18,2024-01-01T00:00:00
product_006880,Health & Beauty,Wellness Item 6880,302,6.4,3.2,4.4,20.7,2024-01-01T00:00:00
product_006881,Fashion,Fashion Accessory 6881,623,6.2,4.2,3.9,61.62,2024-01-01T00:00:00
product_006882,Mobile & Telecom,Connectivity Kit 6882,1691,6.1,4.7,5.7,144.92,2024-01-01T00:00:00
product_006883,Toys & Games,Learning Toy 6883,727,6.2,4.3,4.3,39.07,2024-01-01T00:00:00
product_006884,Furniture & Decor,Decor Item 6884,4423,10.0,5.4,11.0,283.48,2024-01-01T00:00:00
product_006885,Office Supplies,Writing Kit 6885,472,5.7,5.1,6.4,52.63,2024-01-01T00:00:00
product_006886,Sports & Outdoors,Outdoor Kit 6886,2879,9.6,5.7,6.5,53.13,2024-01-01T00:00:00
product_006887,Watches & Gifts,Keepsake Item 6887,341,6.0,3.8,4.2,90.43,2024-01-01T00:00:00
product_006888,Garden & Outdoor,Outdoor Accessory 6888,8203,16.9,7.9,6.4,62.91,2024-01-01T00:00:00
product_006889,Health & Beauty,Daily Essential 6889,322,5.4,4.3,3.8,44.09,2024-01-01T00:00:00
product_006890,Health & Beauty,Daily Essential 6890,406,7.0,5.2,4.6,13.23,2024-01-01T00:00:00
product_006891,Home Goods,Household Tool 6891,1973,8.4,4.0,5.5,25.6,2024-01-01T00:00:00
product_006892,Watches & Gifts,Keepsake Item 6892,125,6.6,3.9,5.1,35.67,2024-01-01T00:00:00
product_006893,Fashion,Everyday Apparel 6893,337,6.3,4.0,4.7,49.56,2024-01-01T00:00:00
product_006894,Sports & Outdoors,Fitness Item 6894,2092,5.3,5.1,6.9,51.54,2024-01-01T00:00:00
product_006895,Toys & Games,Activity Set 6895,1157,8.2,4.5,5.0,52.12,2024-01-01T00:00:00
product_006896,Baby Products,Feeding Item 6896,1084,7.0,2.9,5.7,47.25,2024-01-01T00:00:00
product_006897,Sports & Outdoors,Outdoor Kit 6897,2928,9.8,4.7,6.2,97.54,2024-01-01T00:00:00
product_006898,Toys & Games,Learning Toy 6898,2250,7.7,5.2,8.0,37.95,2024-01-01T00:00:00
product_006899,Garden & Outdoor,Garden Tool 6899,1916,5.4,5.2,5.0,68.84,2024-01-01T00:00:00
product_006900,Fashion,Seasonal Wear 6900,883,5.2,4.2,5.0,23.68,2024-01-01T00:00:00
product_006901,Sports & Outdoors,Outdoor Kit 6901,5298,10.1,5.1,7.4,242.4,2024-01-01T00:00:00
product_006902,Furniture & Decor,Storage Unit 6902,16913,14.3,7.8,11.8,264.99,2024-01-01T00:00:00
product_006903,Sports & Outdoors,Fitness Item 6903,3117,10.2,4.6,7.6,71.34,2024-01-01T00:00:00
product_006904,Toys & Games,Activity Set 6904,834,6.0,3.2,6.1,56.59,2024-01-01T00:00:00
product_006905,Health & Beauty,Wellness Item 6905,161,6.8,4.0,5.2,43.12,2024-01-01T00:00:00
product_006906,Furniture & Decor,Decor Item 6906,21133,19.0,12.2,12.9,123.88,2024-01-01T00:00:00
product_006907,Fashion,Everyday Apparel 6907,166,6.7,3.7,6.7,78.33,2024-01-01T00:00:00
product_006908,Books & Media,Learning Guide 6908,431,6.8,4.9,3.6,21.98,2024-01-01T00:00:00
product_006909,Automotive,Travel Item 6909,5334,10.4,7.1,7.4,71.74,2024-01-01T00:00:00
product_006910,Mobile & Telecom,Connectivity Kit 6910,644,4.8,3.3,5.3,385.06,2024-01-01T00:00:00
product_006911,Pet Supplies,Pet Care Item 6911,856,5.0,5.1,4.6,31.83,2024-01-01T00:00:00
product_006912,Office Supplies,Office Organizer 6912,222,7.0,4.3,5.4,59.04,2024-01-01T00:00:00
product_006913,Home Goods,Kitchen Item 6913,3268,7.2,6.7,6.7,46.15,2024-01-01T00:00:00
product_006914,Health & Beauty,Wellness Item 6914,307,6.5,4.9,4.3,45.08,2024-01-01T00:00:00
product_006915,Automotive,Maintenance Kit 6915,2252,7.5,5.1,5.0,97.15,2024-01-01T00:00:00
product_006916,Baby Products,Nursery Accessory 6916,1274,7.0,4.6,5.8,20.68,2024-01-01T00:00:00
product_006917,Toys & Games,Family Game 6917,761,7.6,4.8,5.0,46.56,2024-01-01T00:00:00
product_006918,Home & Bedding,Home Textile 6918,3980,8.8,5.9,7.6,81.47,2024-01-01T00:00:00
product_006919,Fashion,Seasonal Wear 6919,338,4.5,3.7,5.5,78.45,2024-01-01T00:00:00
product_006920,Baby Products,Nursery Accessory 6920,2157,8.0,3.0,7.0,118.35,2024-01-01T00:00:00
product_006921,Electronics & Accessories,Audio Item 6921,369,7.8,4.4,5.9,548.08,2024-01-01T00:00:00
product_006922,Health & Beauty,Wellness Item 6922,379,5.7,3.6,5.2,17.96,2024-01-01T00:00:00
product_006923,Automotive,Travel Item 6923,1640,6.2,4.3,6.8,25.32,2024-01-01T00:00:00
product_006924,Mobile & Telecom,Mobile Accessory 6924,481,6.2,4.3,5.3,236.58,2024-01-01T00:00:00
product_006925,Furniture & Decor,Accent Furniture 6925,8210,9.3,7.2,9.3,149.96,2024-01-01T00:00:00
product_006926,Watches & Gifts,Gift Set 6926,332,5.5,3.7,5.0,595.83,2024-01-01T00:00:00
product_006927,Automotive,Maintenance Kit 6927,3225,10.2,4.1,7.1,54.98,2024-01-01T00:00:00
product_006928,Toys & Games,Family Game 6928,1749,6.3,4.3,4.4,32.34,2024-01-01T00:00:00
product_006929,Watches & Gifts,Timepiece 6929,235,6.8,3.3,5.1,58.83,2024-01-01T00:00:00
product_006930,Fashion,Everyday Apparel 6930,405,7.4,3.9,5.0,504.95,2024-01-01T00:00:00
product_006931,Sports & Outdoors,Training Gear 6931,4859,8.6,6.1,9.4,130.89,2024-01-01T00:00:00
product_006932,Toys & Games,Family Game 6932,2530,8.5,4.7,7.1,40.13,2024-01-01T00:00:00
product_006933,Toys & Games,Learning Toy 6933,1877,7.9,4.3,5.5,20.54,2024-01-01T00:00:00
product_006934,Sports & Outdoors,Training Gear 6934,2906,8.0,7.0,7.3,36.94,2024-01-01T00:00:00
product_006935,Mobile & Telecom,Mobile Accessory 6935,366,5.6,4.6,4.1,67.63,2024-01-01T00:00:00
product_006936,Books & Media,Learning Guide 6936,284,6.9,3.5,4.7,21.99,2024-01-01T00:00:00
product_006937,Baby Products,Feeding Item 6937,808,4.3,3.7,4.5,101.51,2024-01-01T00:00:00
product_006938,Pet Supplies,Pet Activity Item 6938,1930,5.3,4.3,5.6,53.68,2024-01-01T00:00:00
product_006939,Furniture & Decor,Accent Furniture 6939,11586,14.9,10.9,17.8,281.66,2024-01-01T00:00:00
product_006940,Home Goods,Household Tool 6940,3276,11.6,4.6,10.0,25.48,2024-01-01T00:00:00
product_006941,Watches & Gifts,Timepiece 6941,567,7.6,4.4,4.5,25.24,2024-01-01T00:00:00
product_006942,Sports & Outdoors,Outdoor Kit 6942,2352,10.4,5.7,6.3,44.17,2024-01-01T00:00:00
product_006943,Baby Products,Infant Care Item 6943,1118,5.4,3.9,3.3,34.78,2024-01-01T00:00:00
product_006944,Automotive,Vehicle Accessory 6944,1622,8.1,3.0,5.4,113.6,2024-01-01T00:00:00
product_006945,Home & Bedding,Comfort Item 6945,2577,8.0,6.1,7.7,76.4,2024-01-01T00:00:00
product_006946,Pet Supplies,Pet Care Item 6946,2043,10.9,5.3,7.4,34.48,2024-01-01T00:00:00
product_006947,Watches & Gifts,Gift Set 6947,479,7.1,3.9,3.4,71.38,2024-01-01T00:00:00
product_006948,Garden & Outdoor,Planting Set 6948,17548,14.3,10.9,9.7,99.18,2024-01-01T00:00:00
product_006949,Electronics & Accessories,Audio Item 6949,1414,6.8,5.2,5.7,199.85,2024-01-01T00:00:00
product_006950,Sports & Outdoors,Training Gear 6950,2049,7.7,3.7,7.8,51.03,2024-01-01T00:00:00
product_006951,Home & Bedding,Bedding Set 6951,1419,7.7,3.5,5.0,81.02,2024-01-01T00:00:00
product_006952,Furniture & Decor,Storage Unit 6952,8201,13.3,5.1,7.2,95.55,2024-01-01T00:00:00
product_006953,Baby Products,Infant Care Item 6953,1294,6.9,4.0,4.5,109.77,2024-01-01T00:00:00
product_006954,Sports & Outdoors,Outdoor Kit 6954,1837,7.8,4.2,6.1,97.02,2024-01-01T00:00:00
product_006955,Furniture & Decor,Accent Furniture 6955,4359,9.9,5.8,7.6,142.73,2024-01-01T00:00:00
product_006956,Office Supplies,Desk Set 6956,865,5.6,4.4,5.3,14.04,2024-01-01T00:00:00
product_006957,Fashion,Everyday Apparel 6957,597,5.8,4.6,4.6,36.86,2024-01-01T00:00:00
product_006958,Garden & Outdoor,Garden Tool 6958,4376,7.1,6.2,7.2,97.1,2024-01-01T00:00:00
product_006959,Furniture & Decor,Decor Item 6959,4797,8.9,7.1,5.8,174.11,2024-01-01T00:00:00
product_006960,Sports & Outdoors,Training Gear 6960,1527,6.1,2.8,4.8,80.41,2024-01-01T00:00:00
product_006961,Mobile & Telecom,Mobile Accessory 6961,1089,6.7,3.5,5.1,356.79,2024-01-01T00:00:00
product_006962,Home & Bedding,Home Textile 6962,3149,6.0,6.2,9.1,113.38,2024-01-01T00:00:00
product_006963,Fashion,Everyday Apparel 6963,564,5.3,3.8,4.7,51.28,2024-01-01T00:00:00
product_006964,Automotive,Maintenance Kit 6964,3556,7.1,4.9,7.1,61.54,2024-01-01T00:00:00
product_006965,Health & Beauty,Wellness Item 6965,325,7.8,3.9,5.3,55.21,2024-01-01T00:00:00
product_006966,Mobile & Telecom,Mobile Accessory 6966,1127,6.8,3.7,3.7,58.95,2024-01-01T00:00:00
product_006967,Home & Bedding,Home Textile 6967,1589,7.2,5.0,6.4,37.78,2024-01-01T00:00:00
product_006968,Home Goods,Kitchen Item 6968,2091,8.8,3.6,7.2,86.1,2024-01-01T00:00:00
product_006969,Garden & Outdoor,Outdoor Accessory 6969,1202,9.6,3.7,4.0,56.21,2024-01-01T00:00:00
product_006970,Baby Products,Infant Care Item 6970,645,6.3,4.2,4.6,54.71,2024-01-01T00:00:00
product_006971,Garden & Outdoor,Garden Tool 6971,3659,7.7,2.9,7.8,52.91,2024-01-01T00:00:00
product_006972,Health & Beauty,Wellness Item 6972,212,7.5,4.9,4.1,53.88,2024-01-01T00:00:00
product_006973,Health & Beauty,Care Set 6973,591,6.8,3.7,5.7,32.6,2024-01-01T00:00:00
product_006974,Books & Media,Learning Guide 6974,445,7.1,4.1,3.3,30.64,2024-01-01T00:00:00
product_006975,Automotive,Vehicle Accessory 6975,1591,8.2,4.1,4.7,86.13,2024-01-01T00:00:00
product_006976,Pet Supplies,Pet Care Item 6976,698,6.7,4.6,3.8,30.43,2024-01-01T00:00:00
product_006977,Health & Beauty,Wellness Item 6977,402,7.5,3.6,4.1,30.93,2024-01-01T00:00:00
product_006978,Mobile & Telecom,Mobile Accessory 6978,411,9.1,5.3,4.0,94.11,2024-01-01T00:00:00
product_006979,Books & Media,Media Collection 6979,580,5.2,5.0,6.0,34.1,2024-01-01T00:00:00
product_006980,Baby Products,Feeding Item 6980,712,6.6,4.4,5.6,21.91,2024-01-01T00:00:00
product_006981,Mobile & Telecom,Connectivity Kit 6981,777,6.4,4.6,4.4,153.93,2024-01-01T00:00:00
product_006982,Home Goods,Household Tool 6982,1988,7.6,3.8,7.1,45.05,2024-01-01T00:00:00
product_006983,Watches & Gifts,Keepsake Item 6983,274,6.8,4.9,4.8,111.34,2024-01-01T00:00:00
product_006984,Fashion,Everyday Apparel 6984,695,6.4,4.4,4.5,109.22,2024-01-01T00:00:00
product_006985,Home & Bedding,Bedding Set 6985,1612,6.6,5.2,4.9,88.57,2024-01-01T00:00:00
product_006986,Automotive,Maintenance Kit 6986,3038,9.6,4.4,8.2,93.38,2024-01-01T00:00:00
product_006987,Mobile & Telecom,Phone Item 6987,374,6.6,3.1,4.1,346.45,2024-01-01T00:00:00
product_006988,Furniture & Decor,Storage Unit 6988,22299,20.4,9.6,13.2,230.56,2024-01-01T00:00:00
product_006989,Electronics & Accessories,Charging Kit 6989,656,7.5,3.6,4.1,160.9,2024-01-01T00:00:00
product_006990,Toys & Games,Learning Toy 6990,903,6.4,4.0,5.2,34.72,2024-01-01T00:00:00
product_006991,Baby Products,Infant Care Item 6991,2677,7.0,5.1,6.0,69.66,2024-01-01T00:00:00
product_006992,Watches & Gifts,Gift Set 6992,156,6.3,4.3,5.0,41.23,2024-01-01T00:00:00
product_006993,Health & Beauty,Daily Essential 6993,190,5.1,3.8,6.2,30.19,2024-01-01T00:00:00
product_006994,Books & Media,Reference Book 6994,1373,6.7,5.7,6.2,16.5,2024-01-01T00:00:00
product_006995,Automotive,Travel Item 6995,4488,11.6,3.8,8.6,110.62,2024-01-01T00:00:00
product_006996,Watches & Gifts,Keepsake Item 6996,233,6.3,5.3,3.3,168.24,2024-01-01T00:00:00
product_006997,Sports & Outdoors,Outdoor Kit 6997,1693,7.3,3.5,7.0,92.59,2024-01-01T00:00:00
product_006998,Books & Media,Reference Book 6998,766,8.6,4.7,3.5,17.91,2024-01-01T00:00:00
product_006999,Electronics & Accessories,Audio Item 6999,337,7.0,3.2,5.0,103.29,2024-01-01T00:00:00
product_007000,Home & Bedding,Home Textile 7000,535,6.8,4.1,4.8,58.17,2024-01-01T00:00:00
product_007001,Furniture & Decor,Decor Item 7001,7396,16.2,8.0,9.8,97.15,2024-01-01T00:00:00
product_007002,Toys & Games,Family Game 7002,992,5.8,3.6,5.6,49.07,2024-01-01T00:00:00
product_007003,Watches & Gifts,Keepsake Item 7003,189,6.7,4.2,4.6,111.83,2024-01-01T00:00:00
product_007004,Sports & Outdoors,Training Gear 7004,2374,9.0,5.6,6.7,76.88,2024-01-01T00:00:00
product_007005,Books & Media,Reference Book 7005,316,5.6,3.3,3.8,13.53,2024-01-01T00:00:00
product_007006,Books & Media,Learning Guide 7006,180,6.2,3.5,4.9,19.99,2024-01-01T00:00:00
product_007007,Furniture & Decor,Accent Furniture 7007,4965,9.5,6.2,10.2,129.84,2024-01-01T00:00:00
product_007008,Sports & Outdoors,Training Gear 7008,4094,7.9,5.5,7.6,101.13,2024-01-01T00:00:00
product_007009,Furniture & Decor,Accent Furniture 7009,14719,12.1,9.1,9.5,99.01,2024-01-01T00:00:00
product_007010,Mobile & Telecom,Phone Item 7010,831,6.6,2.2,5.3,138.18,2024-01-01T00:00:00
product_007011,Garden & Outdoor,Garden Tool 7011,1627,7.5,4.7,6.0,71.07,2024-01-01T00:00:00
product_007012,Watches & Gifts,Timepiece 7012,373,6.7,4.0,5.6,146.66,2024-01-01T00:00:00
product_007013,Home & Bedding,Comfort Item 7013,6122,7.3,7.1,8.4,111.62,2024-01-01T00:00:00
product_007014,Health & Beauty,Care Set 7014,308,7.9,4.6,6.2,77.8,2024-01-01T00:00:00
product_007015,Pet Supplies,Pet Care Item 7015,1660,9.7,5.8,5.3,48.59,2024-01-01T00:00:00
product_007016,Furniture & Decor,Storage Unit 7016,10811,16.4,7.1,7.4,291.82,2024-01-01T00:00:00
product_007017,Watches & Gifts,Gift Set 7017,781,5.7,4.0,4.6,144.77,2024-01-01T00:00:00
product_007018,Fashion,Fashion Accessory 7018,553,6.7,4.8,5.2,29.87,2024-01-01T00:00:00
product_007019,Mobile & Telecom,Mobile Accessory 7019,212,7.7,4.6,4.6,109.08,2024-01-01T00:00:00
product_007020,Books & Media,Reference Book 7020,372,5.4,3.5,5.3,12.24,2024-01-01T00:00:00
product_007021,Office Supplies,Writing Kit 7021,985,5.2,3.6,5.8,44.46,2024-01-01T00:00:00
product_007022,Mobile & Telecom,Phone Item 7022,1608,6.9,3.9,5.5,301.51,2024-01-01T00:00:00
product_007023,Watches & Gifts,Gift Set 7023,342,6.6,3.8,4.9,47.06,2024-01-01T00:00:00
product_007024,Home Goods,Organization Set 7024,5612,9.4,6.4,9.4,82.01,2024-01-01T00:00:00
product_007025,Pet Supplies,Feeding Set 7025,499,7.9,3.7,6.4,18.68,2024-01-01T00:00:00
product_007026,Health & Beauty,Daily Essential 7026,310,6.4,4.5,5.8,24.2,2024-01-01T00:00:00
product_007027,Health & Beauty,Wellness Item 7027,140,5.3,4.6,5.0,6.27,2024-01-01T00:00:00
product_007028,Automotive,Maintenance Kit 7028,4436,10.6,6.1,7.0,54.08,2024-01-01T00:00:00
product_007029,Automotive,Maintenance Kit 7029,4920,11.6,7.2,10.0,564.34,2024-01-01T00:00:00
product_007030,Toys & Games,Activity Set 7030,1620,7.9,3.9,6.2,46.27,2024-01-01T00:00:00
product_007031,Garden & Outdoor,Planting Set 7031,6570,10.2,6.7,7.1,89.85,2024-01-01T00:00:00
product_007032,Furniture & Decor,Decor Item 7032,9932,13.6,8.4,16.2,224.3,2024-01-01T00:00:00
product_007033,Office Supplies,Office Organizer 7033,1651,7.5,5.7,5.1,47.17,2024-01-01T00:00:00
product_007034,Baby Products,Nursery Accessory 7034,1148,5.2,3.0,6.3,85.27,2024-01-01T00:00:00
product_007035,Office Supplies,Desk Set 7035,536,7.4,3.5,5.6,50.39,2024-01-01T00:00:00
product_007036,Home Goods,Organization Set 7036,1470,5.1,4.9,6.1,122.94,2024-01-01T00:00:00
product_007037,Home & Bedding,Bedding Set 7037,2278,7.8,5.1,4.6,58.99,2024-01-01T00:00:00
product_007038,Baby Products,Feeding Item 7038,2351,5.1,5.6,7.5,20.92,2024-01-01T00:00:00
product_007039,Baby Products,Nursery Accessory 7039,2968,8.2,4.6,9.5,27.88,2024-01-01T00:00:00
product_007040,Fashion,Everyday Apparel 7040,741,6.2,4.0,4.6,20.86,2024-01-01T00:00:00
product_007041,Health & Beauty,Daily Essential 7041,279,6.7,2.3,3.8,19.83,2024-01-01T00:00:00
product_007042,Watches & Gifts,Timepiece 7042,409,6.2,4.3,4.6,81.59,2024-01-01T00:00:00
product_007043,Pet Supplies,Pet Care Item 7043,1136,6.4,3.6,3.1,20.36,2024-01-01T00:00:00
product_007044,Fashion,Seasonal Wear 7044,316,6.5,3.7,5.1,48.95,2024-01-01T00:00:00
product_007045,Sports & Outdoors,Outdoor Kit 7045,1341,5.6,2.6,3.7,54.67,2024-01-01T00:00:00
product_007046,Books & Media,Reference Book 7046,243,7.2,4.1,5.5,14.99,2024-01-01T00:00:00
product_007047,Home & Bedding,Bedding Set 7047,2213,9.9,4.4,6.3,92.1,2024-01-01T00:00:00
product_007048,Books & Media,Reference Book 7048,794,5.7,4.2,4.3,24.32,2024-01-01T00:00:00
product_007049,Toys & Games,Activity Set 7049,1692,8.1,4.0,5.9,33.17,2024-01-01T00:00:00
product_007050,Mobile & Telecom,Mobile Accessory 7050,546,6.1,4.1,5.8,175.75,2024-01-01T00:00:00
product_007051,Automotive,Travel Item 7051,2187,9.7,5.1,4.7,26.94,2024-01-01T00:00:00
product_007052,Automotive,Maintenance Kit 7052,1780,5.9,4.1,8.2,118.15,2024-01-01T00:00:00
product_007053,Home Goods,Organization Set 7053,2558,5.5,5.3,6.5,74.89,2024-01-01T00:00:00
product_007054,Home Goods,Kitchen Item 7054,832,6.8,3.3,3.9,46.82,2024-01-01T00:00:00
product_007055,Automotive,Vehicle Accessory 7055,6050,8.0,8.4,7.4,96.12,2024-01-01T00:00:00
product_007056,Furniture & Decor,Decor Item 7056,12359,16.2,9.2,10.0,133.58,2024-01-01T00:00:00
product_007057,Fashion,Everyday Apparel 7057,327,5.3,2.6,5.3,64.78,2024-01-01T00:00:00
product_007058,Electronics & Accessories,Audio Item 7058,833,5.5,4.2,4.7,51.3,2024-01-01T00:00:00
product_007059,Garden & Outdoor,Planting Set 7059,1586,7.6,3.7,5.4,84.0,2024-01-01T00:00:00
product_007060,Electronics & Accessories,Audio Item 7060,606,5.7,3.5,5.0,60.05,2024-01-01T00:00:00
product_007061,Fashion,Fashion Accessory 7061,143,7.3,4.8,5.2,214.41,2024-01-01T00:00:00
product_007062,Health & Beauty,Wellness Item 7062,826,5.2,3.7,4.5,37.28,2024-01-01T00:00:00
product_007063,Pet Supplies,Feeding Set 7063,2245,8.3,5.6,4.7,60.11,2024-01-01T00:00:00
product_007064,Pet Supplies,Pet Care Item 7064,834,6.4,4.7,5.4,69.86,2024-01-01T00:00:00
product_007065,Watches & Gifts,Gift Set 7065,301,5.6,3.6,3.0,162.61,2024-01-01T00:00:00
product_007066,Electronics & Accessories,Audio Item 7066,668,4.2,2.5,4.7,86.92,2024-01-01T00:00:00
product_007067,Home & Bedding,Home Textile 7067,1982,8.1,3.4,6.5,95.05,2024-01-01T00:00:00
product_007068,Sports & Outdoors,Fitness Item 7068,4043,9.8,6.0,7.0,98.83,2024-01-01T00:00:00
product_007069,Automotive,Vehicle Accessory 7069,3523,10.9,4.9,7.1,64.19,2024-01-01T00:00:00
product_007070,Books & Media,Media Collection 7070,331,4.5,3.2,5.6,14.73,2024-01-01T00:00:00
product_007071,Garden & Outdoor,Garden Tool 7071,2176,7.9,5.6,6.5,82.35,2024-01-01T00:00:00
product_007072,Home Goods,Household Tool 7072,2512,7.9,4.4,6.6,114.35,2024-01-01T00:00:00
product_007073,Furniture & Decor,Accent Furniture 7073,6717,12.4,8.3,8.0,381.02,2024-01-01T00:00:00
product_007074,Watches & Gifts,Keepsake Item 7074,411,6.5,4.8,5.2,32.87,2024-01-01T00:00:00
product_007075,Electronics & Accessories,Audio Item 7075,820,6.9,4.2,5.1,114.43,2024-01-01T00:00:00
product_007076,Watches & Gifts,Timepiece 7076,225,5.4,3.9,4.4,457.81,2024-01-01T00:00:00
product_007077,Baby Products,Nursery Accessory 7077,998,7.4,4.4,4.0,90.18,2024-01-01T00:00:00
product_007078,Office Supplies,Writing Kit 7078,911,4.9,3.6,5.5,25.62,2024-01-01T00:00:00
product_007079,Garden & Outdoor,Planting Set 7079,9884,15.4,9.4,9.9,66.94,2024-01-01T00:00:00
product_007080,Sports & Outdoors,Outdoor Kit 7080,1560,7.7,4.7,6.5,45.74,2024-01-01T00:00:00
product_007081,Pet Supplies,Pet Care Item 7081,859,5.7,2.6,5.2,73.36,2024-01-01T00:00:00
product_007082,Fashion,Fashion Accessory 7082,165,7.4,3.6,3.8,87.14,2024-01-01T00:00:00
product_007083,Mobile & Telecom,Connectivity Kit 7083,458,5.9,4.6,4.0,222.93,2024-01-01T00:00:00
product_007084,Fashion,Everyday Apparel 7084,446,6.9,2.8,4.0,54.52,2024-01-01T00:00:00
product_007085,Books & Media,Media Collection 7085,259,6.3,4.9,4.4,18.73,2024-01-01T00:00:00
product_007086,Sports & Outdoors,Outdoor Kit 7086,2334,11.2,6.8,7.0,215.63,2024-01-01T00:00:00
product_007087,Automotive,Maintenance Kit 7087,4693,12.3,4.3,6.6,122.96,2024-01-01T00:00:00
product_007088,Electronics & Accessories,Charging Kit 7088,864,7.0,4.6,5.7,43.63,2024-01-01T00:00:00
product_007089,Sports & Outdoors,Fitness Item 7089,2608,8.4,4.3,6.2,115.85,2024-01-01T00:00:00
product_007090,Home & Bedding,Home Textile 7090,804,6.7,4.1,6.1,117.66,2024-01-01T00:00:00
product_007091,Sports & Outdoors,Outdoor Kit 7091,2834,8.2,6.4,5.6,208.09,2024-01-01T00:00:00
product_007092,Home & Bedding,Comfort Item 7092,556,6.8,3.4,4.8,132.21,2024-01-01T00:00:00
product_007093,Books & Media,Media Collection 7093,143,5.9,5.1,4.2,37.18,2024-01-01T00:00:00
product_007094,Automotive,Travel Item 7094,4573,7.1,4.9,8.0,47.86,2024-01-01T00:00:00
product_007095,Automotive,Maintenance Kit 7095,1481,5.1,4.6,5.8,379.69,2024-01-01T00:00:00
product_007096,Electronics & Accessories,Audio Item 7096,830,5.9,3.5,5.3,135.9,2024-01-01T00:00:00
product_007097,Fashion,Seasonal Wear 7097,1277,6.6,3.4,5.4,30.63,2024-01-01T00:00:00
product_007098,Pet Supplies,Feeding Set 7098,1360,4.5,3.8,5.6,32.81,2024-01-01T00:00:00
product_007099,Pet Supplies,Feeding Set 7099,396,6.1,4.1,4.8,45.64,2024-01-01T00:00:00
product_007100,Garden & Outdoor,Outdoor Accessory 7100,3742,14.0,7.2,5.4,68.95,2024-01-01T00:00:00
product_007101,Books & Media,Media Collection 7101,120,6.2,3.4,4.2,13.02,2024-01-01T00:00:00
product_007102,Books & Media,Learning Guide 7102,284,5.7,3.9,4.9,31.22,2024-01-01T00:00:00
product_007103,Fashion,Seasonal Wear 7103,536,6.3,5.5,5.8,142.3,2024-01-01T00:00:00
product_007104,Watches & Gifts,Gift Set 7104,273,7.7,3.6,4.4,67.41,2024-01-01T00:00:00
product_007105,Books & Media,Reference Book 7105,297,5.9,3.5,3.0,17.92,2024-01-01T00:00:00
product_007106,Garden & Outdoor,Outdoor Accessory 7106,10678,13.1,8.8,11.1,29.81,2024-01-01T00:00:00
product_007107,Baby Products,Infant Care Item 7107,1538,5.9,4.8,6.0,50.58,2024-01-01T00:00:00
product_007108,Pet Supplies,Pet Care Item 7108,1472,7.6,4.7,5.8,40.53,2024-01-01T00:00:00
product_007109,Sports & Outdoors,Outdoor Kit 7109,944,6.4,4.3,5.4,57.52,2024-01-01T00:00:00
product_007110,Home Goods,Kitchen Item 7110,1498,5.2,3.5,6.3,149.85,2024-01-01T00:00:00
product_007111,Health & Beauty,Care Set 7111,406,8.0,3.9,5.3,24.1,2024-01-01T00:00:00
product_007112,Pet Supplies,Pet Activity Item 7112,1328,6.0,3.7,6.1,22.29,2024-01-01T00:00:00
product_007113,Watches & Gifts,Keepsake Item 7113,741,5.7,3.8,6.3,101.73,2024-01-01T00:00:00
product_007114,Mobile & Telecom,Phone Item 7114,1402,6.4,4.2,4.7,60.06,2024-01-01T00:00:00
product_007115,Baby Products,Feeding Item 7115,2677,9.5,5.5,5.2,55.69,2024-01-01T00:00:00
product_007116,Sports & Outdoors,Outdoor Kit 7116,781,5.8,2.7,5.7,120.71,2024-01-01T00:00:00
product_007117,Furniture & Decor,Storage Unit 7117,9353,11.4,7.3,9.3,152.39,2024-01-01T00:00:00
product_007118,Fashion,Seasonal Wear 7118,569,6.6,4.4,6.2,20.07,2024-01-01T00:00:00
product_007119,Mobile & Telecom,Mobile Accessory 7119,943,6.4,3.2,3.6,253.11,2024-01-01T00:00:00
product_007120,Baby Products,Infant Care Item 7120,1006,5.9,4.8,4.7,118.58,2024-01-01T00:00:00
product_007121,Health & Beauty,Daily Essential 7121,227,6.6,3.3,4.8,17.52,2024-01-01T00:00:00
product_007122,Toys & Games,Activity Set 7122,1361,5.7,3.1,7.2,69.63,2024-01-01T00:00:00
product_007123,Garden & Outdoor,Garden Tool 7123,1294,4.6,2.7,4.9,29.51,2024-01-01T00:00:00
product_007124,Garden & Outdoor,Outdoor Accessory 7124,2580,6.8,5.9,5.4,96.3,2024-01-01T00:00:00
product_007125,Automotive,Vehicle Accessory 7125,2552,9.0,4.1,4.6,213.07,2024-01-01T00:00:00
product_007126,Toys & Games,Family Game 7126,526,6.6,4.3,5.2,153.27,2024-01-01T00:00:00
product_007127,Pet Supplies,Pet Care Item 7127,2732,9.3,4.3,6.0,20.95,2024-01-01T00:00:00
product_007128,Electronics & Accessories,Charging Kit 7128,493,6.3,4.4,5.9,140.36,2024-01-01T00:00:00
product_007129,Watches & Gifts,Gift Set 7129,449,6.2,3.6,4.4,157.23,2024-01-01T00:00:00
product_007130,Sports & Outdoors,Outdoor Kit 7130,1888,7.5,4.5,5.5,116.63,2024-01-01T00:00:00
product_007131,Books & Media,Reference Book 7131,148,6.7,3.6,5.6,24.38,2024-01-01T00:00:00
product_007132,Baby Products,Nursery Accessory 7132,354,7.1,3.6,5.5,42.77,2024-01-01T00:00:00
product_007133,Home Goods,Household Tool 7133,2725,9.3,5.3,6.1,40.34,2024-01-01T00:00:00
product_007134,Fashion,Seasonal Wear 7134,781,7.4,3.7,4.1,174.91,2024-01-01T00:00:00
product_007135,Office Supplies,Writing Kit 7135,315,6.4,4.1,4.3,35.9,2024-01-01T00:00:00
product_007136,Furniture & Decor,Accent Furniture 7136,15780,15.9,8.5,15.6,179.66,2024-01-01T00:00:00
product_007137,Home & Bedding,Home Textile 7137,4165,12.5,4.7,9.5,90.05,2024-01-01T00:00:00
product_007138,Health & Beauty,Daily Essential 7138,262,7.0,4.8,4.5,43.08,2024-01-01T00:00:00
product_007139,Home & Bedding,Bedding Set 7139,1656,6.3,4.7,5.1,67.56,2024-01-01T00:00:00
product_007140,Mobile & Telecom,Mobile Accessory 7140,373,6.8,4.7,4.0,179.97,2024-01-01T00:00:00
product_007141,Baby Products,Infant Care Item 7141,1799,7.7,4.5,4.1,63.63,2024-01-01T00:00:00
product_007142,Books & Media,Reference Book 7142,336,6.4,4.2,4.6,24.54,2024-01-01T00:00:00
product_007143,Baby Products,Infant Care Item 7143,982,5.8,4.3,4.7,35.22,2024-01-01T00:00:00
product_007144,Mobile & Telecom,Phone Item 7144,723,5.4,4.8,6.5,273.49,2024-01-01T00:00:00
product_007145,Furniture & Decor,Accent Furniture 7145,8375,11.6,8.5,10.0,335.53,2024-01-01T00:00:00
product_007146,Garden & Outdoor,Garden Tool 7146,2327,9.0,5.5,8.3,181.01,2024-01-01T00:00:00
product_007147,Mobile & Telecom,Phone Item 7147,439,5.6,3.0,4.5,316.89,2024-01-01T00:00:00
product_007148,Home & Bedding,Comfort Item 7148,1243,7.9,4.6,5.7,71.91,2024-01-01T00:00:00
product_007149,Office Supplies,Writing Kit 7149,1734,8.1,5.6,7.5,20.48,2024-01-01T00:00:00
product_007150,Automotive,Maintenance Kit 7150,4364,11.7,5.9,7.8,79.36,2024-01-01T00:00:00
product_007151,Books & Media,Learning Guide 7151,448,5.8,2.0,4.3,23.94,2024-01-01T00:00:00
product_007152,Watches & Gifts,Gift Set 7152,685,5.8,4.6,6.0,138.27,2024-01-01T00:00:00
product_007153,Books & Media,Media Collection 7153,476,4.9,2.9,4.4,29.38,2024-01-01T00:00:00
product_007154,Toys & Games,Family Game 7154,480,6.5,5.5,5.8,59.23,2024-01-01T00:00:00
product_007155,Pet Supplies,Pet Care Item 7155,1435,6.7,4.1,4.4,59.3,2024-01-01T00:00:00
product_007156,Baby Products,Feeding Item 7156,2424,6.9,5.0,5.1,54.61,2024-01-01T00:00:00
product_007157,Electronics & Accessories,Charging Kit 7157,754,8.9,2.8,4.4,146.9,2024-01-01T00:00:00
product_007158,Home & Bedding,Home Textile 7158,2084,8.2,4.6,5.9,52.14,2024-01-01T00:00:00
product_007159,Home & Bedding,Home Textile 7159,968,5.6,3.2,4.2,93.51,2024-01-01T00:00:00
product_007160,Home & Bedding,Comfort Item 7160,1265,6.9,3.4,3.9,66.45,2024-01-01T00:00:00
product_007161,Baby Products,Infant Care Item 7161,1950,5.4,3.2,5.4,31.93,2024-01-01T00:00:00
product_007162,Toys & Games,Activity Set 7162,295,6.5,3.5,5.2,46.47,2024-01-01T00:00:00
product_007163,Baby Products,Feeding Item 7163,2786,9.0,5.9,5.6,43.88,2024-01-01T00:00:00
product_007164,Mobile & Telecom,Mobile Accessory 7164,511,8.6,3.3,5.5,489.17,2024-01-01T00:00:00
product_007165,Health & Beauty,Daily Essential 7165,171,6.2,3.9,4.3,12.93,2024-01-01T00:00:00
product_007166,Toys & Games,Learning Toy 7166,579,5.3,4.2,4.9,59.86,2024-01-01T00:00:00
product_007167,Watches & Gifts,Timepiece 7167,321,6.5,3.4,5.8,81.46,2024-01-01T00:00:00
product_007168,Office Supplies,Desk Set 7168,1266,8.2,3.4,5.9,24.07,2024-01-01T00:00:00
product_007169,Sports & Outdoors,Outdoor Kit 7169,3432,11.1,5.5,6.4,35.38,2024-01-01T00:00:00
product_007170,Home Goods,Household Tool 7170,2626,8.8,5.3,6.6,36.04,2024-01-01T00:00:00
product_007171,Fashion,Everyday Apparel 7171,744,7.2,5.4,5.1,41.29,2024-01-01T00:00:00
product_007172,Electronics & Accessories,Charging Kit 7172,1040,7.2,3.8,4.2,148.06,2024-01-01T00:00:00
product_007173,Baby Products,Feeding Item 7173,1446,8.4,4.9,5.7,114.71,2024-01-01T00:00:00
product_007174,Watches & Gifts,Timepiece 7174,396,6.5,3.0,4.3,89.85,2024-01-01T00:00:00
product_007175,Fashion,Everyday Apparel 7175,676,7.9,3.8,3.9,35.31,2024-01-01T00:00:00
product_007176,Fashion,Everyday Apparel 7176,416,7.1,3.7,6.0,78.88,2024-01-01T00:00:00
product_007177,Mobile & Telecom,Phone Item 7177,468,6.8,3.1,4.9,93.56,2024-01-01T00:00:00
product_007178,Electronics & Accessories,Audio Item 7178,1018,5.6,4.3,5.1,537.28,2024-01-01T00:00:00
product_007179,Sports & Outdoors,Outdoor Kit 7179,1755,7.2,4.5,5.2,77.46,2024-01-01T00:00:00
product_007180,Automotive,Maintenance Kit 7180,11608,12.4,7.0,10.7,48.01,2024-01-01T00:00:00
product_007181,Garden & Outdoor,Outdoor Accessory 7181,4700,10.3,5.5,7.5,82.65,2024-01-01T00:00:00
product_007182,Pet Supplies,Pet Care Item 7182,1794,6.8,3.5,5.8,57.92,2024-01-01T00:00:00
product_007183,Automotive,Travel Item 7183,6294,10.9,4.8,9.1,152.59,2024-01-01T00:00:00
product_007184,Toys & Games,Activity Set 7184,1948,6.0,3.3,7.2,36.04,2024-01-01T00:00:00
product_007185,Home & Bedding,Comfort Item 7185,1946,9.0,5.2,6.3,57.95,2024-01-01T00:00:00
product_007186,Baby Products,Infant Care Item 7186,996,5.5,4.6,5.3,89.96,2024-01-01T00:00:00
product_007187,Sports & Outdoors,Outdoor Kit 7187,4482,11.8,5.7,8.2,107.54,2024-01-01T00:00:00
product_007188,Furniture & Decor,Accent Furniture 7188,6191,11.1,8.0,7.9,216.42,2024-01-01T00:00:00
product_007189,Electronics & Accessories,Device Accessory 7189,957,7.2,5.6,4.2,153.44,2024-01-01T00:00:00
product_007190,Electronics & Accessories,Audio Item 7190,1475,6.8,2.9,5.7,36.5,2024-01-01T00:00:00
product_007191,Office Supplies,Writing Kit 7191,2120,6.9,4.0,4.7,11.97,2024-01-01T00:00:00
product_007192,Office Supplies,Writing Kit 7192,396,7.1,2.6,5.6,32.43,2024-01-01T00:00:00
product_007193,Electronics & Accessories,Audio Item 7193,1926,8.3,3.9,6.4,133.96,2024-01-01T00:00:00
product_007194,Pet Supplies,Pet Activity Item 7194,1929,7.9,2.5,6.2,62.91,2024-01-01T00:00:00
product_007195,Automotive,Maintenance Kit 7195,4481,10.0,5.0,7.2,138.45,2024-01-01T00:00:00
product_007196,Office Supplies,Writing Kit 7196,701,7.3,3.8,5.1,18.69,2024-01-01T00:00:00
product_007197,Automotive,Maintenance Kit 7197,4224,10.3,6.2,7.3,121.71,2024-01-01T00:00:00
product_007198,Fashion,Seasonal Wear 7198,193,6.4,3.8,5.2,29.46,2024-01-01T00:00:00
product_007199,Automotive,Travel Item 7199,4538,10.3,6.0,6.7,134.11,2024-01-01T00:00:00
product_007200,Fashion,Seasonal Wear 7200,249,4.9,4.2,5.3,32.17,2024-01-01T00:00:00
product_007201,Furniture & Decor,Accent Furniture 7201,5213,11.8,5.5,8.4,368.74,2024-01-01T00:00:00
product_007202,Sports & Outdoors,Training Gear 7202,828,7.2,2.4,5.1,122.36,2024-01-01T00:00:00
product_007203,Sports & Outdoors,Fitness Item 7203,3676,9.5,5.3,7.0,44.74,2024-01-01T00:00:00
product_007204,Books & Media,Learning Guide 7204,207,4.5,2.8,5.5,22.42,2024-01-01T00:00:00
product_007205,Automotive,Maintenance Kit 7205,4439,6.8,5.8,6.4,153.03,2024-01-01T00:00:00
product_007206,Garden & Outdoor,Garden Tool 7206,1986,7.2,5.4,6.3,53.83,2024-01-01T00:00:00
product_007207,Automotive,Vehicle Accessory 7207,7244,9.9,8.4,10.9,94.66,2024-01-01T00:00:00
product_007208,Health & Beauty,Care Set 7208,531,7.2,4.5,5.3,42.75,2024-01-01T00:00:00
product_007209,Automotive,Travel Item 7209,5686,10.2,6.5,8.6,73.78,2024-01-01T00:00:00
product_007210,Books & Media,Reference Book 7210,466,7.3,2.9,5.6,26.44,2024-01-01T00:00:00
product_007211,Garden & Outdoor,Garden Tool 7211,4856,13.0,4.2,8.9,143.94,2024-01-01T00:00:00
product_007212,Watches & Gifts,Keepsake Item 7212,221,4.2,3.1,5.7,76.09,2024-01-01T00:00:00
product_007213,Office Supplies,Writing Kit 7213,458,5.7,5.4,5.5,39.61,2024-01-01T00:00:00
product_007214,Pet Supplies,Pet Activity Item 7214,1112,7.0,4.4,6.1,30.03,2024-01-01T00:00:00
product_007215,Watches & Gifts,Keepsake Item 7215,445,4.6,3.0,5.4,130.03,2024-01-01T00:00:00
product_007216,Mobile & Telecom,Phone Item 7216,793,7.0,3.0,4.4,65.54,2024-01-01T00:00:00
product_007217,Home Goods,Household Tool 7217,1592,5.4,6.1,4.2,69.0,2024-01-01T00:00:00
product_007218,Furniture & Decor,Storage Unit 7218,3453,10.7,5.1,7.6,207.14,2024-01-01T00:00:00
product_007219,Furniture & Decor,Storage Unit 7219,6499,8.5,4.7,11.1,199.57,2024-01-01T00:00:00
product_007220,Garden & Outdoor,Planting Set 7220,7072,12.7,7.1,8.7,121.28,2024-01-01T00:00:00
product_007221,Garden & Outdoor,Planting Set 7221,7645,12.1,7.3,11.0,127.26,2024-01-01T00:00:00
product_007222,Books & Media,Learning Guide 7222,142,8.3,3.8,4.5,11.08,2024-01-01T00:00:00
product_007223,Home & Bedding,Bedding Set 7223,1703,8.2,4.8,7.4,118.93,2024-01-01T00:00:00
product_007224,Toys & Games,Learning Toy 7224,1650,7.1,3.7,4.8,36.39,2024-01-01T00:00:00
product_007225,Garden & Outdoor,Planting Set 7225,5243,10.2,7.5,8.2,98.61,2024-01-01T00:00:00
product_007226,Baby Products,Infant Care Item 7226,1208,5.9,2.4,3.4,40.26,2024-01-01T00:00:00
product_007227,Mobile & Telecom,Phone Item 7227,1304,6.7,3.9,4.4,76.1,2024-01-01T00:00:00
product_007228,Sports & Outdoors,Outdoor Kit 7228,1091,6.3,3.1,4.3,52.77,2024-01-01T00:00:00
product_007229,Watches & Gifts,Keepsake Item 7229,150,5.8,3.6,4.7,33.09,2024-01-01T00:00:00
product_007230,Fashion,Seasonal Wear 7230,598,5.8,4.2,5.3,181.77,2024-01-01T00:00:00
product_007231,Toys & Games,Activity Set 7231,993,6.0,3.2,3.9,135.65,2024-01-01T00:00:00
product_007232,Home Goods,Organization Set 7232,564,5.5,4.4,5.1,87.13,2024-01-01T00:00:00
product_007233,Electronics & Accessories,Charging Kit 7233,710,8.1,3.8,5.3,31.06,2024-01-01T00:00:00
product_007234,Automotive,Maintenance Kit 7234,2467,9.3,4.5,8.4,51.34,2024-01-01T00:00:00
product_007235,Mobile & Telecom,Connectivity Kit 7235,1273,6.1,4.2,5.6,109.14,2024-01-01T00:00:00
product_007236,Electronics & Accessories,Device Accessory 7236,293,8.3,3.9,4.5,174.0,2024-01-01T00:00:00
product_007237,Garden & Outdoor,Outdoor Accessory 7237,3903,12.3,5.4,6.4,113.09,2024-01-01T00:00:00
product_007238,Sports & Outdoors,Training Gear 7238,1110,7.2,3.3,5.2,203.86,2024-01-01T00:00:00
product_007239,Automotive,Vehicle Accessory 7239,1350,7.2,3.5,5.7,52.64,2024-01-01T00:00:00
product_007240,Books & Media,Reference Book 7240,784,8.0,3.8,6.4,18.74,2024-01-01T00:00:00
product_007241,Mobile & Telecom,Phone Item 7241,926,6.4,4.2,3.9,274.26,2024-01-01T00:00:00
product_007242,Automotive,Vehicle Accessory 7242,4447,8.4,6.0,8.7,142.03,2024-01-01T00:00:00
product_007243,Pet Supplies,Pet Care Item 7243,1366,6.7,4.2,6.5,44.96,2024-01-01T00:00:00
product_007244,Sports & Outdoors,Training Gear 7244,3458,11.1,4.6,8.1,88.11,2024-01-01T00:00:00
product_007245,Health & Beauty,Daily Essential 7245,145,5.9,4.4,3.5,14.5,2024-01-01T00:00:00
product_007246,Mobile & Telecom,Mobile Accessory 7246,341,5.2,4.2,5.3,44.71,2024-01-01T00:00:00
product_007247,Toys & Games,Learning Toy 7247,590,7.5,4.4,5.7,32.87,2024-01-01T00:00:00
product_007248,Pet Supplies,Pet Activity Item 7248,961,5.7,5.0,4.9,35.21,2024-01-01T00:00:00
product_007249,Books & Media,Reference Book 7249,836,6.4,4.9,4.4,26.54,2024-01-01T00:00:00
product_007250,Pet Supplies,Feeding Set 7250,1119,6.0,3.0,4.9,39.51,2024-01-01T00:00:00
product_007251,Books & Media,Reference Book 7251,1015,6.1,3.2,5.4,28.05,2024-01-01T00:00:00
product_007252,Watches & Gifts,Timepiece 7252,614,5.6,4.5,4.9,30.43,2024-01-01T00:00:00
product_007253,Home & Bedding,Bedding Set 7253,1598,8.4,4.3,5.4,62.67,2024-01-01T00:00:00
product_007254,Furniture & Decor,Storage Unit 7254,3890,10.2,5.6,5.3,106.19,2024-01-01T00:00:00
product_007255,Baby Products,Feeding Item 7255,764,6.3,3.4,5.9,70.09,2024-01-01T00:00:00
product_007256,Toys & Games,Learning Toy 7256,1157,6.6,4.5,5.5,31.16,2024-01-01T00:00:00
product_007257,Mobile & Telecom,Connectivity Kit 7257,308,5.7,5.4,3.4,185.53,2024-01-01T00:00:00
product_007258,Garden & Outdoor,Planting Set 7258,8733,15.4,6.0,10.8,134.58,2024-01-01T00:00:00
product_007259,Furniture & Decor,Accent Furniture 7259,7559,9.3,7.7,11.6,205.89,2024-01-01T00:00:00
product_007260,Electronics & Accessories,Audio Item 7260,1577,6.1,4.4,6.4,458.43,2024-01-01T00:00:00
product_007261,Toys & Games,Family Game 7261,2559,7.3,5.6,7.1,79.17,2024-01-01T00:00:00
product_007262,Home & Bedding,Bedding Set 7262,1298,7.3,3.9,5.9,169.14,2024-01-01T00:00:00
product_007263,Office Supplies,Desk Set 7263,948,6.1,5.6,6.1,14.73,2024-01-01T00:00:00
product_007264,Books & Media,Learning Guide 7264,315,7.1,4.3,5.7,23.15,2024-01-01T00:00:00
product_007265,Sports & Outdoors,Fitness Item 7265,4554,9.9,7.5,7.6,58.02,2024-01-01T00:00:00
product_007266,Automotive,Maintenance Kit 7266,1997,7.8,4.0,4.5,148.49,2024-01-01T00:00:00
product_007267,Mobile & Telecom,Mobile Accessory 7267,435,6.4,4.7,4.4,107.54,2024-01-01T00:00:00
product_007268,Sports & Outdoors,Outdoor Kit 7268,2091,7.6,5.3,4.2,244.38,2024-01-01T00:00:00
product_007269,Pet Supplies,Pet Care Item 7269,661,7.3,3.8,4.8,42.54,2024-01-01T00:00:00
product_007270,Sports & Outdoors,Training Gear 7270,4469,10.0,5.5,7.1,73.95,2024-01-01T00:00:00
product_007271,Mobile & Telecom,Connectivity Kit 7271,888,6.1,4.3,6.5,41.9,2024-01-01T00:00:00
product_007272,Health & Beauty,Care Set 7272,780,6.7,3.5,4.3,26.91,2024-01-01T00:00:00
product_007273,Home & Bedding,Bedding Set 7273,4277,11.6,6.5,8.1,104.04,2024-01-01T00:00:00
product_007274,Home Goods,Organization Set 7274,1831,8.2,5.5,7.6,74.11,2024-01-01T00:00:00
product_007275,Pet Supplies,Pet Care Item 7275,890,5.1,3.4,5.1,39.18,2024-01-01T00:00:00
product_007276,Baby Products,Nursery Accessory 7276,1026,6.5,4.6,5.8,28.74,2024-01-01T00:00:00
product_007277,Mobile & Telecom,Connectivity Kit 7277,556,7.0,3.9,5.3,306.09,2024-01-01T00:00:00
product_007278,Automotive,Travel Item 7278,1920,5.2,4.6,6.3,236.69,2024-01-01T00:00:00
product_007279,Automotive,Travel Item 7279,6837,8.6,7.5,7.5,129.49,2024-01-01T00:00:00
product_007280,Automotive,Maintenance Kit 7280,2913,9.2,5.1,6.2,69.33,2024-01-01T00:00:00
product_007281,Fashion,Fashion Accessory 7281,204,7.7,2.3,5.8,32.98,2024-01-01T00:00:00
product_007282,Automotive,Vehicle Accessory 7282,2339,6.1,5.4,6.4,112.15,2024-01-01T00:00:00
product_007283,Pet Supplies,Pet Activity Item 7283,1807,7.1,4.0,7.5,55.4,2024-01-01T00:00:00
product_007284,Home & Bedding,Comfort Item 7284,1929,7.5,4.2,4.9,74.63,2024-01-01T00:00:00
product_007285,Garden & Outdoor,Garden Tool 7285,7234,10.2,8.2,7.6,21.07,2024-01-01T00:00:00
product_007286,Office Supplies,Office Organizer 7286,1637,6.3,4.5,4.9,34.75,2024-01-01T00:00:00
product_007287,Automotive,Maintenance Kit 7287,4208,11.1,6.1,6.9,71.09,2024-01-01T00:00:00
product_007288,Pet Supplies,Feeding Set 7288,1185,7.0,3.4,4.4,29.82,2024-01-01T00:00:00
product_007289,Furniture & Decor,Decor Item 7289,6961,11.8,6.4,8.0,95.42,2024-01-01T00:00:00
product_007290,Pet Supplies,Pet Care Item 7290,1483,7.8,3.4,6.2,40.34,2024-01-01T00:00:00
product_007291,Office Supplies,Office Organizer 7291,1018,5.1,4.2,6.9,38.73,2024-01-01T00:00:00
product_007292,Books & Media,Reference Book 7292,623,5.6,3.2,5.4,14.9,2024-01-01T00:00:00
product_007293,Home Goods,Household Tool 7293,4152,8.8,6.4,7.4,44.16,2024-01-01T00:00:00
product_007294,Sports & Outdoors,Outdoor Kit 7294,6257,14.0,5.9,7.9,132.22,2024-01-01T00:00:00
product_007295,Pet Supplies,Feeding Set 7295,1063,6.5,4.6,4.2,54.54,2024-01-01T00:00:00
product_007296,Pet Supplies,Pet Care Item 7296,1073,8.0,3.7,4.8,24.68,2024-01-01T00:00:00
product_007297,Electronics & Accessories,Charging Kit 7297,1516,6.9,3.0,6.1,41.83,2024-01-01T00:00:00
product_007298,Baby Products,Infant Care Item 7298,2382,8.6,5.1,6.2,84.31,2024-01-01T00:00:00
product_007299,Office Supplies,Writing Kit 7299,363,6.4,4.1,5.7,23.67,2024-01-01T00:00:00
product_007300,Baby Products,Infant Care Item 7300,921,7.5,5.1,5.3,73.45,2024-01-01T00:00:00
product_007301,Sports & Outdoors,Training Gear 7301,3502,9.9,5.2,8.1,74.23,2024-01-01T00:00:00
product_007302,Watches & Gifts,Timepiece 7302,221,7.2,4.2,4.3,239.61,2024-01-01T00:00:00
product_007303,Automotive,Vehicle Accessory 7303,3020,8.3,5.5,6.0,179.57,2024-01-01T00:00:00
product_007304,Garden & Outdoor,Garden Tool 7304,1854,6.9,3.5,5.9,114.76,2024-01-01T00:00:00
product_007305,Sports & Outdoors,Fitness Item 7305,3565,8.3,5.4,7.7,137.37,2024-01-01T00:00:00
product_007306,Electronics & Accessories,Charging Kit 7306,975,6.0,3.4,5.3,125.49,2024-01-01T00:00:00
product_007307,Books & Media,Media Collection 7307,519,7.2,3.6,3.9,31.31,2024-01-01T00:00:00
product_007308,Home Goods,Organization Set 7308,1136,7.2,4.6,5.1,62.92,2024-01-01T00:00:00
product_007309,Baby Products,Feeding Item 7309,1021,7.0,2.8,5.0,44.99,2024-01-01T00:00:00
product_007310,Baby Products,Nursery Accessory 7310,1274,7.3,3.6,5.1,81.91,2024-01-01T00:00:00
product_007311,Fashion,Seasonal Wear 7311,952,7.3,3.6,4.4,34.81,2024-01-01T00:00:00
product_007312,Pet Supplies,Feeding Set 7312,3013,9.5,3.9,8.1,35.38,2024-01-01T00:00:00
product_007313,Baby Products,Feeding Item 7313,1556,6.4,2.9,5.2,83.02,2024-01-01T00:00:00
product_007314,Home Goods,Household Tool 7314,1541,4.9,3.8,6.9,84.15,2024-01-01T00:00:00
product_007315,Garden & Outdoor,Garden Tool 7315,6825,11.5,7.9,8.6,51.44,2024-01-01T00:00:00
product_007316,Baby Products,Nursery Accessory 7316,931,4.9,5.0,3.8,152.97,2024-01-01T00:00:00
product_007317,Office Supplies,Writing Kit 7317,678,4.0,4.2,4.7,25.17,2024-01-01T00:00:00
product_007318,Pet Supplies,Feeding Set 7318,1795,7.8,4.7,3.6,26.59,2024-01-01T00:00:00
product_007319,Fashion,Everyday Apparel 7319,550,5.4,2.8,5.6,72.44,2024-01-01T00:00:00
product_007320,Fashion,Fashion Accessory 7320,511,4.5,3.2,5.3,52.61,2024-01-01T00:00:00
product_007321,Health & Beauty,Wellness Item 7321,271,7.1,3.8,5.0,17.68,2024-01-01T00:00:00
product_007322,Electronics & Accessories,Device Accessory 7322,983,6.4,4.0,3.6,107.3,2024-01-01T00:00:00
product_007323,Toys & Games,Family Game 7323,1285,7.2,4.7,5.6,34.27,2024-01-01T00:00:00
product_007324,Pet Supplies,Feeding Set 7324,1018,7.3,4.1,3.8,62.21,2024-01-01T00:00:00
product_007325,Fashion,Seasonal Wear 7325,384,7.7,3.1,4.4,63.27,2024-01-01T00:00:00
product_007326,Mobile & Telecom,Phone Item 7326,570,6.8,4.2,6.2,166.12,2024-01-01T00:00:00
product_007327,Watches & Gifts,Timepiece 7327,529,8.1,3.4,4.5,307.4,2024-01-01T00:00:00
product_007328,Home & Bedding,Bedding Set 7328,1928,7.3,5.5,6.4,93.88,2024-01-01T00:00:00
product_007329,Garden & Outdoor,Planting Set 7329,5082,8.7,7.6,6.3,61.24,2024-01-01T00:00:00
product_007330,Health & Beauty,Wellness Item 7330,837,7.5,4.0,5.5,35.04,2024-01-01T00:00:00
product_007331,Sports & Outdoors,Training Gear 7331,1342,4.7,4.8,4.5,58.8,2024-01-01T00:00:00
product_007332,Toys & Games,Family Game 7332,789,6.8,3.3,4.2,13.41,2024-01-01T00:00:00
product_007333,Books & Media,Reference Book 7333,570,6.9,5.0,6.9,27.49,2024-01-01T00:00:00
product_007334,Mobile & Telecom,Phone Item 7334,810,6.6,3.8,5.7,196.86,2024-01-01T00:00:00
product_007335,Office Supplies,Writing Kit 7335,281,8.2,4.2,5.3,43.91,2024-01-01T00:00:00
product_007336,Books & Media,Reference Book 7336,245,7.4,4.5,5.3,18.86,2024-01-01T00:00:00
product_007337,Health & Beauty,Daily Essential 7337,309,8.0,5.1,4.9,32.65,2024-01-01T00:00:00
product_007338,Home & Bedding,Comfort Item 7338,724,4.0,3.9,5.7,122.14,2024-01-01T00:00:00
product_007339,Books & Media,Learning Guide 7339,462,6.8,3.2,4.8,11.45,2024-01-01T00:00:00
product_007340,Office Supplies,Office Organizer 7340,361,6.0,4.2,4.6,38.64,2024-01-01T00:00:00
product_007341,Garden & Outdoor,Planting Set 7341,4299,10.2,6.8,9.5,77.09,2024-01-01T00:00:00
product_007342,Pet Supplies,Pet Care Item 7342,1689,6.4,4.8,6.0,25.88,2024-01-01T00:00:00
product_007343,Furniture & Decor,Storage Unit 7343,3433,9.3,7.8,8.7,115.2,2024-01-01T00:00:00
product_007344,Toys & Games,Learning Toy 7344,1176,8.7,4.1,5.1,48.23,2024-01-01T00:00:00
product_007345,Home & Bedding,Home Textile 7345,2090,9.0,4.9,6.3,79.89,2024-01-01T00:00:00
product_007346,Garden & Outdoor,Planting Set 7346,4022,7.4,4.9,8.7,244.9,2024-01-01T00:00:00
product_007347,Sports & Outdoors,Training Gear 7347,3607,8.0,7.0,7.7,39.49,2024-01-01T00:00:00
product_007348,Pet Supplies,Pet Care Item 7348,1856,8.3,2.8,5.0,32.23,2024-01-01T00:00:00
product_007349,Sports & Outdoors,Fitness Item 7349,5598,9.2,5.9,8.8,143.16,2024-01-01T00:00:00
product_007350,Baby Products,Nursery Accessory 7350,2526,8.2,6.8,5.8,35.6,2024-01-01T00:00:00
product_007351,Garden & Outdoor,Planting Set 7351,5233,11.1,4.8,9.7,133.17,2024-01-01T00:00:00
product_007352,Toys & Games,Family Game 7352,1120,5.8,2.1,4.0,22.26,2024-01-01T00:00:00
product_007353,Automotive,Vehicle Accessory 7353,3353,9.4,5.2,7.9,104.63,2024-01-01T00:00:00
product_007354,Books & Media,Reference Book 7354,140,6.7,2.9,4.9,17.74,2024-01-01T00:00:00
product_007355,Office Supplies,Desk Set 7355,419,6.0,5.0,6.8,15.51,2024-01-01T00:00:00
product_007356,Books & Media,Reference Book 7356,302,6.8,4.3,5.9,17.41,2024-01-01T00:00:00
product_007357,Office Supplies,Writing Kit 7357,745,5.2,4.5,4.8,27.0,2024-01-01T00:00:00
product_007358,Books & Media,Reference Book 7358,287,7.2,4.2,5.1,27.2,2024-01-01T00:00:00
product_007359,Pet Supplies,Pet Activity Item 7359,534,7.1,3.9,5.3,41.91,2024-01-01T00:00:00
product_007360,Electronics & Accessories,Audio Item 7360,845,5.6,4.0,4.3,68.28,2024-01-01T00:00:00
product_007361,Home & Bedding,Home Textile 7361,1804,6.2,4.9,7.3,63.62,2024-01-01T00:00:00
product_007362,Home Goods,Kitchen Item 7362,1229,8.0,5.0,5.7,36.17,2024-01-01T00:00:00
product_007363,Watches & Gifts,Keepsake Item 7363,272,4.7,4.4,3.9,87.42,2024-01-01T00:00:00
product_007364,Sports & Outdoors,Training Gear 7364,2577,8.5,3.1,5.0,71.73,2024-01-01T00:00:00
product_007365,Pet Supplies,Feeding Set 7365,1101,6.2,4.5,3.9,26.46,2024-01-01T00:00:00
product_007366,Electronics & Accessories,Audio Item 7366,1397,9.4,4.1,4.1,173.52,2024-01-01T00:00:00
product_007367,Sports & Outdoors,Fitness Item 7367,2446,10.1,6.5,5.4,265.01,2024-01-01T00:00:00
product_007368,Furniture & Decor,Storage Unit 7368,6371,11.3,5.5,9.9,77.86,2024-01-01T00:00:00
product_007369,Home & Bedding,Comfort Item 7369,2189,5.8,5.9,7.4,46.75,2024-01-01T00:00:00
product_007370,Electronics & Accessories,Audio Item 7370,1559,7.1,3.7,5.5,566.89,2024-01-01T00:00:00
product_007371,Automotive,Maintenance Kit 7371,7327,13.1,9.1,11.1,277.73,2024-01-01T00:00:00
product_007372,Office Supplies,Desk Set 7372,735,7.9,3.5,4.7,38.37,2024-01-01T00:00:00
product_007373,Garden & Outdoor,Garden Tool 7373,6367,13.6,4.5,10.1,96.15,2024-01-01T00:00:00
product_007374,Health & Beauty,Wellness Item 7374,392,8.9,4.1,4.7,30.24,2024-01-01T00:00:00
product_007375,Baby Products,Infant Care Item 7375,1465,5.5,2.8,5.0,64.02,2024-01-01T00:00:00
product_007376,Fashion,Everyday Apparel 7376,509,5.6,4.1,3.6,36.3,2024-01-01T00:00:00
product_007377,Office Supplies,Writing Kit 7377,250,5.6,4.0,6.1,37.12,2024-01-01T00:00:00
product_007378,Fashion,Fashion Accessory 7378,1157,5.1,4.3,4.5,73.46,2024-01-01T00:00:00
product_007379,Sports & Outdoors,Outdoor Kit 7379,2340,9.8,4.9,6.9,110.99,2024-01-01T00:00:00
product_007380,Watches & Gifts,Keepsake Item 7380,519,7.2,3.1,5.3,44.42,2024-01-01T00:00:00
product_007381,Sports & Outdoors,Training Gear 7381,2614,6.7,3.2,5.8,61.04,2024-01-01T00:00:00
product_007382,Health & Beauty,Daily Essential 7382,276,4.8,4.6,4.7,40.4,2024-01-01T00:00:00
product_007383,Health & Beauty,Wellness Item 7383,270,7.5,3.5,5.7,14.36,2024-01-01T00:00:00
product_007384,Toys & Games,Activity Set 7384,947,6.1,3.4,5.1,44.05,2024-01-01T00:00:00
product_007385,Electronics & Accessories,Device Accessory 7385,449,5.7,5.3,4.9,287.18,2024-01-01T00:00:00
product_007386,Books & Media,Media Collection 7386,339,5.1,4.2,3.7,15.41,2024-01-01T00:00:00
product_007387,Books & Media,Media Collection 7387,260,7.1,3.9,5.0,17.22,2024-01-01T00:00:00
product_007388,Sports & Outdoors,Fitness Item 7388,1588,7.9,3.9,5.3,72.78,2024-01-01T00:00:00
product_007389,Home Goods,Kitchen Item 7389,1586,8.0,4.0,6.4,69.51,2024-01-01T00:00:00
product_007390,Garden & Outdoor,Outdoor Accessory 7390,4986,9.6,7.0,6.3,96.97,2024-01-01T00:00:00
product_007391,Furniture & Decor,Accent Furniture 7391,15623,17.2,11.1,11.8,171.6,2024-01-01T00:00:00
product_007392,Mobile & Telecom,Mobile Accessory 7392,857,6.3,4.8,5.2,52.36,2024-01-01T00:00:00
product_007393,Watches & Gifts,Gift Set 7393,361,5.8,4.0,4.6,151.9,2024-01-01T00:00:00
product_007394,Health & Beauty,Daily Essential 7394,319,6.7,4.3,4.8,31.52,2024-01-01T00:00:00
product_007395,Office Supplies,Desk Set 7395,221,7.3,4.8,6.7,34.33,2024-01-01T00:00:00
product_007396,Fashion,Seasonal Wear 7396,565,6.3,3.9,5.3,113.6,2024-01-01T00:00:00
product_007397,Fashion,Fashion Accessory 7397,223,8.2,4.0,3.8,126.7,2024-01-01T00:00:00
product_007398,Sports & Outdoors,Training Gear 7398,667,7.6,4.3,5.2,36.16,2024-01-01T00:00:00
product_007399,Watches & Gifts,Timepiece 7399,186,6.6,4.3,5.9,44.79,2024-01-01T00:00:00
product_007400,Health & Beauty,Care Set 7400,291,6.9,4.3,6.4,16.37,2024-01-01T00:00:00
product_007401,Automotive,Travel Item 7401,1787,6.9,6.0,6.7,80.23,2024-01-01T00:00:00
product_007402,Pet Supplies,Feeding Set 7402,2714,9.8,5.1,4.9,30.28,2024-01-01T00:00:00
product_007403,Furniture & Decor,Decor Item 7403,7011,10.0,7.3,7.2,140.84,2024-01-01T00:00:00
product_007404,Mobile & Telecom,Mobile Accessory 7404,1010,5.0,3.5,4.9,84.99,2024-01-01T00:00:00
product_007405,Mobile & Telecom,Connectivity Kit 7405,1352,6.4,2.8,4.9,139.66,2024-01-01T00:00:00
product_007406,Fashion,Everyday Apparel 7406,353,6.5,3.9,5.4,82.35,2024-01-01T00:00:00
product_007407,Mobile & Telecom,Connectivity Kit 7407,549,5.1,4.0,5.1,300.5,2024-01-01T00:00:00
product_007408,Health & Beauty,Wellness Item 7408,218,6.7,3.9,5.3,53.42,2024-01-01T00:00:00
product_007409,Automotive,Maintenance Kit 7409,11831,16.5,7.0,8.7,50.04,2024-01-01T00:00:00
product_007410,Office Supplies,Office Organizer 7410,669,6.1,4.4,5.8,39.46,2024-01-01T00:00:00
product_007411,Automotive,Maintenance Kit 7411,4214,9.1,4.7,5.9,50.84,2024-01-01T00:00:00
product_007412,Furniture & Decor,Accent Furniture 7412,6666,10.4,6.6,8.2,136.86,2024-01-01T00:00:00
product_007413,Home & Bedding,Comfort Item 7413,1623,7.3,4.5,5.9,78.68,2024-01-01T00:00:00
product_007414,Furniture & Decor,Accent Furniture 7414,12790,16.4,8.5,12.7,190.97,2024-01-01T00:00:00
product_007415,Automotive,Vehicle Accessory 7415,1944,7.1,4.6,7.3,59.86,2024-01-01T00:00:00
product_007416,Mobile & Telecom,Connectivity Kit 7416,1567,9.5,4.3,5.4,96.84,2024-01-01T00:00:00
product_007417,Electronics & Accessories,Device Accessory 7417,555,6.3,2.9,5.0,158.49,2024-01-01T00:00:00
product_007418,Electronics & Accessories,Audio Item 7418,1355,6.5,4.9,5.6,147.17,2024-01-01T00:00:00
product_007419,Baby Products,Nursery Accessory 7419,2648,9.7,3.7,7.1,52.47,2024-01-01T00:00:00
product_007420,Baby Products,Infant Care Item 7420,655,6.4,3.9,6.1,113.5,2024-01-01T00:00:00
product_007421,Electronics & Accessories,Charging Kit 7421,535,7.5,2.0,4.8,60.46,2024-01-01T00:00:00
product_007422,Pet Supplies,Pet Activity Item 7422,3983,9.5,7.2,8.3,25.27,2024-01-01T00:00:00
product_007423,Furniture & Decor,Accent Furniture 7423,8321,11.0,8.3,7.6,155.71,2024-01-01T00:00:00
product_007424,Home & Bedding,Comfort Item 7424,1126,5.4,2.7,4.4,86.09,2024-01-01T00:00:00
product_007425,Health & Beauty,Daily Essential 7425,346,7.1,3.6,5.6,31.98,2024-01-01T00:00:00
product_007426,Garden & Outdoor,Garden Tool 7426,2829,9.8,5.9,7.1,223.09,2024-01-01T00:00:00
product_007427,Furniture & Decor,Storage Unit 7427,4080,8.5,6.5,8.4,93.04,2024-01-01T00:00:00
product_007428,Automotive,Maintenance Kit 7428,3197,9.7,6.1,6.6,60.25,2024-01-01T00:00:00
product_007429,Garden & Outdoor,Planting Set 7429,1087,6.1,3.8,4.7,20.19,2024-01-01T00:00:00
product_007430,Office Supplies,Desk Set 7430,807,7.2,3.5,5.6,14.65,2024-01-01T00:00:00
product_007431,Fashion,Seasonal Wear 7431,383,6.1,4.9,4.7,69.65,2024-01-01T00:00:00
product_007432,Garden & Outdoor,Outdoor Accessory 7432,1759,6.2,3.9,3.7,121.49,2024-01-01T00:00:00
product_007433,Baby Products,Nursery Accessory 7433,2159,7.0,5.7,3.4,74.76,2024-01-01T00:00:00
product_007434,Furniture & Decor,Accent Furniture 7434,14507,13.6,8.1,12.4,128.55,2024-01-01T00:00:00
product_007435,Home & Bedding,Bedding Set 7435,4105,11.1,6.3,8.1,107.18,2024-01-01T00:00:00
product_007436,Automotive,Vehicle Accessory 7436,1690,5.9,4.8,6.5,87.77,2024-01-01T00:00:00
product_007437,Home Goods,Organization Set 7437,2182,8.7,5.6,6.4,75.01,2024-01-01T00:00:00
product_007438,Books & Media,Media Collection 7438,406,5.7,4.6,5.1,27.75,2024-01-01T00:00:00
product_007439,Watches & Gifts,Timepiece 7439,357,8.4,3.3,5.1,96.63,2024-01-01T00:00:00
product_007440,Health & Beauty,Care Set 7440,718,5.0,4.7,4.6,56.1,2024-01-01T00:00:00
product_007441,Electronics & Accessories,Audio Item 7441,1434,7.2,4.1,6.3,261.79,2024-01-01T00:00:00
product_007442,Automotive,Vehicle Accessory 7442,1957,5.2,6.0,6.4,97.76,2024-01-01T00:00:00
product_007443,Watches & Gifts,Timepiece 7443,191,5.6,5.1,5.3,227.42,2024-01-01T00:00:00
product_007444,Books & Media,Media Collection 7444,136,6.9,4.4,5.5,16.23,2024-01-01T00:00:00
product_007445,Toys & Games,Family Game 7445,873,7.0,4.5,3.0,35.1,2024-01-01T00:00:00
product_007446,Electronics & Accessories,Device Accessory 7446,1326,7.3,2.7,4.4,339.11,2024-01-01T00:00:00
product_007447,Electronics & Accessories,Device Accessory 7447,1642,7.6,2.0,5.3,251.21,2024-01-01T00:00:00
product_007448,Books & Media,Media Collection 7448,197,6.4,5.1,5.1,13.99,2024-01-01T00:00:00
product_007449,Watches & Gifts,Keepsake Item 7449,131,5.1,4.6,4.6,120.65,2024-01-01T00:00:00
product_007450,Garden & Outdoor,Garden Tool 7450,2756,9.1,3.8,7.9,90.45,2024-01-01T00:00:00
product_007451,Sports & Outdoors,Fitness Item 7451,1108,5.3,3.9,4.3,79.67,2024-01-01T00:00:00
product_007452,Watches & Gifts,Timepiece 7452,420,4.6,5.1,5.3,71.84,2024-01-01T00:00:00
product_007453,Furniture & Decor,Storage Unit 7453,16845,15.1,9.6,10.7,238.02,2024-01-01T00:00:00
product_007454,Fashion,Fashion Accessory 7454,967,5.6,3.8,4.9,47.88,2024-01-01T00:00:00
product_007455,Baby Products,Feeding Item 7455,1034,6.4,5.0,5.4,107.57,2024-01-01T00:00:00
product_007456,Watches & Gifts,Timepiece 7456,308,5.5,4.2,5.7,29.04,2024-01-01T00:00:00
product_007457,Sports & Outdoors,Outdoor Kit 7457,4389,11.0,6.0,6.8,104.73,2024-01-01T00:00:00
product_007458,Sports & Outdoors,Outdoor Kit 7458,4642,10.0,6.2,8.0,86.45,2024-01-01T00:00:00
product_007459,Electronics & Accessories,Audio Item 7459,1790,7.6,3.0,5.0,103.85,2024-01-01T00:00:00
product_007460,Office Supplies,Office Organizer 7460,1435,6.3,3.9,6.4,39.0,2024-01-01T00:00:00
product_007461,Toys & Games,Learning Toy 7461,810,4.9,4.3,5.5,30.82,2024-01-01T00:00:00
product_007462,Mobile & Telecom,Mobile Accessory 7462,323,5.8,5.0,4.2,188.22,2024-01-01T00:00:00
product_007463,Home & Bedding,Bedding Set 7463,938,5.3,4.9,4.6,35.11,2024-01-01T00:00:00
product_007464,Home Goods,Organization Set 7464,4324,9.7,6.0,8.2,115.11,2024-01-01T00:00:00
product_007465,Home Goods,Organization Set 7465,1247,5.7,4.9,6.4,64.28,2024-01-01T00:00:00
product_007466,Garden & Outdoor,Outdoor Accessory 7466,2669,8.2,7.1,6.8,36.22,2024-01-01T00:00:00
product_007467,Furniture & Decor,Decor Item 7467,9978,13.0,6.4,8.0,199.6,2024-01-01T00:00:00
product_007468,Pet Supplies,Pet Care Item 7468,1234,5.0,3.5,4.0,36.95,2024-01-01T00:00:00
product_007469,Pet Supplies,Pet Care Item 7469,2024,7.7,4.5,4.9,61.74,2024-01-01T00:00:00
product_007470,Automotive,Vehicle Accessory 7470,1041,8.4,4.5,5.6,81.63,2024-01-01T00:00:00
product_007471,Fashion,Fashion Accessory 7471,658,7.3,3.3,5.1,63.04,2024-01-01T00:00:00
product_007472,Toys & Games,Activity Set 7472,1051,5.9,4.5,5.4,40.16,2024-01-01T00:00:00
product_007473,Books & Media,Reference Book 7473,369,6.9,3.8,4.7,9.89,2024-01-01T00:00:00
product_007474,Mobile & Telecom,Phone Item 7474,1021,4.5,4.6,3.4,82.95,2024-01-01T00:00:00
product_007475,Home & Bedding,Comfort Item 7475,1494,9.3,5.0,5.7,20.16,2024-01-01T00:00:00
product_007476,Office Supplies,Desk Set 7476,430,5.6,4.6,5.5,18.78,2024-01-01T00:00:00
product_007477,Pet Supplies,Feeding Set 7477,924,5.1,4.3,5.7,31.71,2024-01-01T00:00:00
product_007478,Health & Beauty,Daily Essential 7478,237,6.2,5.1,3.9,52.16,2024-01-01T00:00:00
product_007479,Baby Products,Infant Care Item 7479,779,4.0,4.9,5.2,40.89,2024-01-01T00:00:00
product_007480,Fashion,Seasonal Wear 7480,322,4.5,3.3,4.4,107.53,2024-01-01T00:00:00
product_007481,Watches & Gifts,Keepsake Item 7481,219,5.5,4.8,5.1,113.58,2024-01-01T00:00:00
product_007482,Garden & Outdoor,Planting Set 7482,1348,8.5,3.8,5.8,92.63,2024-01-01T00:00:00
product_007483,Sports & Outdoors,Outdoor Kit 7483,1046,6.6,3.7,5.1,53.82,2024-01-01T00:00:00
product_007484,Home Goods,Household Tool 7484,2843,9.6,4.3,6.5,88.08,2024-01-01T00:00:00
product_007485,Toys & Games,Activity Set 7485,1323,6.3,5.0,5.2,32.13,2024-01-01T00:00:00
product_007486,Health & Beauty,Care Set 7486,352,7.2,4.2,5.9,33.7,2024-01-01T00:00:00
product_007487,Books & Media,Media Collection 7487,593,6.8,4.0,3.5,18.6,2024-01-01T00:00:00
product_007488,Watches & Gifts,Gift Set 7488,201,7.6,4.3,5.5,216.76,2024-01-01T00:00:00
product_007489,Baby Products,Nursery Accessory 7489,700,4.4,5.2,5.6,39.65,2024-01-01T00:00:00
product_007490,Home Goods,Household Tool 7490,6365,13.4,4.8,9.1,27.49,2024-01-01T00:00:00
product_007491,Health & Beauty,Wellness Item 7491,228,6.1,3.5,4.7,77.4,2024-01-01T00:00:00
product_007492,Home & Bedding,Home Textile 7492,1107,5.5,3.4,4.4,68.81,2024-01-01T00:00:00
product_007493,Office Supplies,Desk Set 7493,490,4.7,4.1,5.2,22.82,2024-01-01T00:00:00
product_007494,Baby Products,Feeding Item 7494,1849,9.1,3.8,5.2,71.38,2024-01-01T00:00:00
product_007495,Furniture & Decor,Accent Furniture 7495,5364,9.2,6.6,8.5,131.93,2024-01-01T00:00:00
product_007496,Toys & Games,Family Game 7496,565,6.5,4.2,4.4,12.26,2024-01-01T00:00:00
product_007497,Toys & Games,Activity Set 7497,716,4.1,3.6,4.3,17.93,2024-01-01T00:00:00
product_007498,Home & Bedding,Bedding Set 7498,2214,8.8,7.2,5.0,107.58,2024-01-01T00:00:00
product_007499,Electronics & Accessories,Charging Kit 7499,923,6.9,4.3,3.0,273.66,2024-01-01T00:00:00
product_007500,Health & Beauty,Daily Essential 7500,845,7.7,4.5,5.0,18.51,2024-01-01T00:00:00
product_007501,Electronics & Accessories,Charging Kit 7501,1008,6.0,4.3,4.8,52.87,2024-01-01T00:00:00
product_007502,Electronics & Accessories,Audio Item 7502,1265,7.3,4.1,4.5,112.84,2024-01-01T00:00:00
product_007503,Fashion,Fashion Accessory 7503,444,5.7,4.0,3.4,138.94,2024-01-01T00:00:00
product_007504,Watches & Gifts,Keepsake Item 7504,1095,5.7,4.5,5.1,113.37,2024-01-01T00:00:00
product_007505,Electronics & Accessories,Charging Kit 7505,1731,7.3,3.9,6.1,263.5,2024-01-01T00:00:00
product_007506,Fashion,Fashion Accessory 7506,492,5.5,4.3,3.3,101.86,2024-01-01T00:00:00
product_007507,Baby Products,Feeding Item 7507,644,6.7,4.3,4.1,64.51,2024-01-01T00:00:00
product_007508,Fashion,Seasonal Wear 7508,503,7.7,4.8,4.6,85.36,2024-01-01T00:00:00
product_007509,Furniture & Decor,Decor Item 7509,10119,9.1,7.4,10.5,132.16,2024-01-01T00:00:00
product_007510,Garden & Outdoor,Garden Tool 7510,2423,6.9,5.3,5.5,74.3,2024-01-01T00:00:00
product_007511,Home & Bedding,Home Textile 7511,1913,7.5,6.1,5.9,42.62,2024-01-01T00:00:00
product_007512,Furniture & Decor,Decor Item 7512,5336,8.7,7.7,6.4,127.71,2024-01-01T00:00:00
product_007513,Baby Products,Feeding Item 7513,888,6.7,3.2,5.2,50.82,2024-01-01T00:00:00
product_007514,Watches & Gifts,Timepiece 7514,555,6.0,3.6,4.8,321.06,2024-01-01T00:00:00
product_007515,Watches & Gifts,Keepsake Item 7515,145,6.5,3.8,5.0,357.4,2024-01-01T00:00:00
product_007516,Home Goods,Kitchen Item 7516,1403,8.3,3.6,5.5,51.21,2024-01-01T00:00:00
product_007517,Books & Media,Media Collection 7517,928,6.3,3.4,3.8,31.16,2024-01-01T00:00:00
product_007518,Mobile & Telecom,Mobile Accessory 7518,877,6.5,4.8,3.0,220.33,2024-01-01T00:00:00
product_007519,Toys & Games,Activity Set 7519,540,7.3,3.2,4.7,18.66,2024-01-01T00:00:00
product_007520,Toys & Games,Family Game 7520,1749,6.1,5.3,6.5,67.36,2024-01-01T00:00:00
product_007521,Automotive,Vehicle Accessory 7521,6916,10.3,7.3,7.5,34.5,2024-01-01T00:00:00
product_007522,Baby Products,Feeding Item 7522,1621,7.3,5.4,7.2,45.62,2024-01-01T00:00:00
product_007523,Health & Beauty,Wellness Item 7523,567,7.0,4.1,5.7,21.37,2024-01-01T00:00:00
product_007524,Furniture & Decor,Decor Item 7524,19914,15.4,9.0,14.5,124.53,2024-01-01T00:00:00
product_007525,Automotive,Maintenance Kit 7525,4790,12.6,6.8,7.3,135.57,2024-01-01T00:00:00
product_007526,Watches & Gifts,Timepiece 7526,310,5.5,4.1,4.0,130.06,2024-01-01T00:00:00
product_007527,Home & Bedding,Comfort Item 7527,1644,5.8,3.8,6.2,86.74,2024-01-01T00:00:00
product_007528,Pet Supplies,Feeding Set 7528,647,6.2,4.0,5.9,30.04,2024-01-01T00:00:00
product_007529,Toys & Games,Learning Toy 7529,512,6.6,2.7,5.4,41.29,2024-01-01T00:00:00
product_007530,Watches & Gifts,Keepsake Item 7530,279,6.0,4.0,5.3,70.05,2024-01-01T00:00:00
product_007531,Electronics & Accessories,Device Accessory 7531,506,5.3,4.1,4.8,129.82,2024-01-01T00:00:00
product_007532,Home Goods,Kitchen Item 7532,4936,9.3,4.8,7.5,28.64,2024-01-01T00:00:00
product_007533,Home Goods,Organization Set 7533,1639,5.8,4.3,5.3,59.03,2024-01-01T00:00:00
product_007534,Baby Products,Infant Care Item 7534,1107,4.6,4.2,4.6,63.15,2024-01-01T00:00:00
product_007535,Sports & Outdoors,Outdoor Kit 7535,1191,4.4,5.5,4.7,78.23,2024-01-01T00:00:00
product_007536,Toys & Games,Activity Set 7536,1128,7.2,4.0,4.5,114.12,2024-01-01T00:00:00
product_007537,Baby Products,Feeding Item 7537,1262,6.4,2.8,4.9,48.04,2024-01-01T00:00:00
product_007538,Watches & Gifts,Keepsake Item 7538,161,9.1,4.6,6.0,21.74,2024-01-01T00:00:00
product_007539,Watches & Gifts,Keepsake Item 7539,286,7.9,5.9,5.0,21.83,2024-01-01T00:00:00
product_007540,Baby Products,Nursery Accessory 7540,704,5.4,4.3,5.4,73.09,2024-01-01T00:00:00
product_007541,Health & Beauty,Care Set 7541,332,7.0,4.1,4.0,15.58,2024-01-01T00:00:00
product_007542,Electronics & Accessories,Charging Kit 7542,2041,8.7,4.4,6.0,102.23,2024-01-01T00:00:00
product_007543,Watches & Gifts,Gift Set 7543,215,6.0,2.9,4.4,51.6,2024-01-01T00:00:00
product_007544,Home & Bedding,Comfort Item 7544,1442,6.3,5.3,3.8,77.62,2024-01-01T00:00:00
product_007545,Automotive,Travel Item 7545,1890,7.7,4.7,6.6,81.93,2024-01-01T00:00:00
product_007546,Watches & Gifts,Timepiece 7546,222,5.2,3.6,3.8,166.47,2024-01-01T00:00:00
product_007547,Furniture & Decor,Storage Unit 7547,30000,18.0,11.5,17.2,190.97,2024-01-01T00:00:00
product_007548,Home Goods,Household Tool 7548,3496,9.6,5.5,7.1,26.38,2024-01-01T00:00:00
product_007549,Electronics & Accessories,Device Accessory 7549,663,4.9,5.3,4.9,64.6,2024-01-01T00:00:00
product_007550,Office Supplies,Office Organizer 7550,871,7.7,4.1,4.8,17.06,2024-01-01T00:00:00
product_007551,Mobile & Telecom,Phone Item 7551,491,6.0,2.8,4.2,104.33,2024-01-01T00:00:00
product_007552,Mobile & Telecom,Connectivity Kit 7552,1129,7.9,4.6,5.4,69.3,2024-01-01T00:00:00
product_007553,Office Supplies,Office Organizer 7553,315,8.3,3.5,6.5,40.82,2024-01-01T00:00:00
product_007554,Books & Media,Media Collection 7554,419,5.0,4.9,4.8,22.56,2024-01-01T00:00:00
product_007555,Automotive,Vehicle Accessory 7555,6688,10.0,9.3,8.6,90.76,2024-01-01T00:00:00
product_007556,Pet Supplies,Feeding Set 7556,1557,7.7,4.2,5.5,45.91,2024-01-01T00:00:00
product_007557,Toys & Games,Learning Toy 7557,884,5.6,4.5,6.0,68.09,2024-01-01T00:00:00
product_007558,Health & Beauty,Daily Essential 7558,515,5.3,3.0,5.2,24.31,2024-01-01T00:00:00
product_007559,Baby Products,Nursery Accessory 7559,2233,5.9,5.3,7.4,80.52,2024-01-01T00:00:00
product_007560,Garden & Outdoor,Planting Set 7560,2243,7.9,5.9,5.4,41.92,2024-01-01T00:00:00
product_007561,Toys & Games,Family Game 7561,751,6.8,4.3,6.4,23.75,2024-01-01T00:00:00
product_007562,Sports & Outdoors,Outdoor Kit 7562,1617,8.0,5.6,6.2,81.54,2024-01-01T00:00:00
product_007563,Health & Beauty,Wellness Item 7563,296,7.0,3.5,5.2,22.68,2024-01-01T00:00:00
product_007564,Baby Products,Nursery Accessory 7564,1021,7.1,3.8,3.9,52.56,2024-01-01T00:00:00
product_007565,Sports & Outdoors,Training Gear 7565,3187,9.0,5.5,8.2,62.12,2024-01-01T00:00:00
product_007566,Fashion,Everyday Apparel 7566,956,6.2,4.9,6.4,74.72,2024-01-01T00:00:00
product_007567,Home & Bedding,Home Textile 7567,1227,5.2,4.1,5.1,105.24,2024-01-01T00:00:00
product_007568,Health & Beauty,Wellness Item 7568,225,6.1,3.1,3.7,18.57,2024-01-01T00:00:00
product_007569,Mobile & Telecom,Mobile Accessory 7569,1217,7.1,2.9,5.4,92.95,2024-01-01T00:00:00
product_007570,Furniture & Decor,Decor Item 7570,8252,12.0,8.6,9.0,177.7,2024-01-01T00:00:00
product_007571,Garden & Outdoor,Outdoor Accessory 7571,2688,6.1,5.9,7.0,93.82,2024-01-01T00:00:00
product_007572,Fashion,Seasonal Wear 7572,423,7.9,4.2,3.3,94.15,2024-01-01T00:00:00
product_007573,Home Goods,Organization Set 7573,1629,7.9,3.8,5.8,52.58,2024-01-01T00:00:00
product_007574,Health & Beauty,Wellness Item 7574,254,7.4,4.2,5.8,32.69,2024-01-01T00:00:00
product_007575,Furniture & Decor,Storage Unit 7575,11210,15.4,7.2,13.8,377.2,2024-01-01T00:00:00
product_007576,Sports & Outdoors,Fitness Item 7576,1177,7.3,4.1,4.1,32.64,2024-01-01T00:00:00
product_007577,Electronics & Accessories,Device Accessory 7577,956,6.1,4.5,4.3,155.57,2024-01-01T00:00:00
product_007578,Books & Media,Media Collection 7578,936,5.5,5.2,3.7,19.98,2024-01-01T00:00:00
product_007579,Home Goods,Household Tool 7579,2331,7.7,3.7,4.9,29.91,2024-01-01T00:00:00
product_007580,Baby Products,Infant Care Item 7580,1594,7.4,4.5,5.5,67.42,2024-01-01T00:00:00
product_007581,Office Supplies,Writing Kit 7581,1198,6.8,4.7,6.0,29.22,2024-01-01T00:00:00
product_007582,Garden & Outdoor,Outdoor Accessory 7582,4234,7.7,6.6,6.7,146.04,2024-01-01T00:00:00
product_007583,Mobile & Telecom,Mobile Accessory 7583,1452,7.6,4.0,6.3,108.4,2024-01-01T00:00:00
product_007584,Furniture & Decor,Accent Furniture 7584,5183,13.6,6.7,10.0,152.08,2024-01-01T00:00:00
product_007585,Garden & Outdoor,Planting Set 7585,7681,13.3,7.4,9.7,144.48,2024-01-01T00:00:00
product_007586,Home Goods,Organization Set 7586,3227,10.0,7.0,5.4,65.85,2024-01-01T00:00:00
product_007587,Health & Beauty,Wellness Item 7587,304,6.1,4.5,5.5,27.95,2024-01-01T00:00:00
product_007588,Office Supplies,Writing Kit 7588,1593,7.5,4.8,5.0,33.79,2024-01-01T00:00:00
product_007589,Health & Beauty,Wellness Item 7589,591,6.1,4.7,4.5,43.31,2024-01-01T00:00:00
product_007590,Mobile & Telecom,Phone Item 7590,335,5.7,5.1,4.4,138.55,2024-01-01T00:00:00
product_007591,Mobile & Telecom,Phone Item 7591,854,5.8,3.0,6.0,87.08,2024-01-01T00:00:00
product_007592,Garden & Outdoor,Garden Tool 7592,6124,10.2,8.0,9.4,44.8,2024-01-01T00:00:00
product_007593,Baby Products,Infant Care Item 7593,1101,6.3,5.0,4.5,37.02,2024-01-01T00:00:00
product_007594,Garden & Outdoor,Outdoor Accessory 7594,4000,7.6,9.2,7.7,56.4,2024-01-01T00:00:00
product_007595,Watches & Gifts,Keepsake Item 7595,283,5.6,3.8,5.3,36.14,2024-01-01T00:00:00
product_007596,Pet Supplies,Feeding Set 7596,1056,5.8,5.8,4.9,29.7,2024-01-01T00:00:00
product_007597,Home Goods,Organization Set 7597,1857,5.7,6.1,6.5,56.09,2024-01-01T00:00:00
product_007598,Health & Beauty,Daily Essential 7598,1038,6.1,4.0,3.6,41.0,2024-01-01T00:00:00
product_007599,Home Goods,Kitchen Item 7599,1316,5.4,4.2,5.3,60.11,2024-01-01T00:00:00
product_007600,Fashion,Seasonal Wear 7600,186,8.2,3.9,4.9,50.2,2024-01-01T00:00:00
product_007601,Home & Bedding,Comfort Item 7601,2014,8.1,4.3,4.8,41.36,2024-01-01T00:00:00
product_007602,Books & Media,Media Collection 7602,652,5.7,4.1,4.7,29.33,2024-01-01T00:00:00
product_007603,Mobile & Telecom,Connectivity Kit 7603,429,6.2,3.5,6.0,230.4,2024-01-01T00:00:00
product_007604,Health & Beauty,Care Set 7604,315,6.9,4.8,6.4,22.59,2024-01-01T00:00:00
product_007605,Sports & Outdoors,Fitness Item 7605,1854,9.7,3.9,7.6,85.76,2024-01-01T00:00:00
product_007606,Toys & Games,Learning Toy 7606,434,7.3,3.6,4.8,22.23,2024-01-01T00:00:00
product_007607,Garden & Outdoor,Outdoor Accessory 7607,5153,13.0,6.2,7.5,260.71,2024-01-01T00:00:00
product_007608,Watches & Gifts,Timepiece 7608,206,5.1,3.4,5.5,28.07,2024-01-01T00:00:00
product_007609,Fashion,Seasonal Wear 7609,500,7.1,4.7,5.8,44.31,2024-01-01T00:00:00
product_007610,Watches & Gifts,Keepsake Item 7610,443,5.3,4.8,4.5,27.48,2024-01-01T00:00:00
product_007611,Garden & Outdoor,Garden Tool 7611,2981,7.5,6.6,6.6,41.3,2024-01-01T00:00:00
product_007612,Fashion,Seasonal Wear 7612,599,5.0,4.2,4.8,58.12,2024-01-01T00:00:00
product_007613,Home Goods,Household Tool 7613,1365,7.6,5.2,5.4,53.97,2024-01-01T00:00:00
product_007614,Toys & Games,Learning Toy 7614,982,7.2,5.1,4.9,23.07,2024-01-01T00:00:00
product_007615,Sports & Outdoors,Outdoor Kit 7615,896,9.0,4.9,3.2,32.52,2024-01-01T00:00:00
product_007616,Baby Products,Feeding Item 7616,1243,8.4,3.5,5.6,77.82,2024-01-01T00:00:00
product_007617,Home Goods,Household Tool 7617,2020,10.4,5.3,6.3,16.37,2024-01-01T00:00:00
product_007618,Watches & Gifts,Gift Set 7618,319,5.5,4.1,4.7,78.49,2024-01-01T00:00:00
product_007619,Health & Beauty,Wellness Item 7619,623,6.3,5.6,4.8,38.32,2024-01-01T00:00:00
product_007620,Books & Media,Learning Guide 7620,698,7.1,4.0,5.3,26.93,2024-01-01T00:00:00
product_007621,Health & Beauty,Care Set 7621,167,6.2,3.1,6.9,17.5,2024-01-01T00:00:00
product_007622,Health & Beauty,Wellness Item 7622,828,7.5,5.2,5.7,20.04,2024-01-01T00:00:00
product_007623,Electronics & Accessories,Device Accessory 7623,503,8.3,4.2,4.4,160.15,2024-01-01T00:00:00
product_007624,Books & Media,Learning Guide 7624,310,7.6,4.7,5.5,53.87,2024-01-01T00:00:00
product_007625,Home & Bedding,Home Textile 7625,2529,7.3,4.3,6.4,98.73,2024-01-01T00:00:00
product_007626,Health & Beauty,Daily Essential 7626,638,6.7,3.8,5.5,41.48,2024-01-01T00:00:00
product_007627,Pet Supplies,Pet Activity Item 7627,3691,8.9,5.8,6.3,25.26,2024-01-01T00:00:00
product_007628,Watches & Gifts,Gift Set 7628,562,6.4,2.4,4.7,160.89,2024-01-01T00:00:00
product_007629,Baby Products,Nursery Accessory 7629,1046,7.9,4.1,4.7,79.85,2024-01-01T00:00:00
product_007630,Fashion,Fashion Accessory 7630,179,8.7,4.2,5.8,27.99,2024-01-01T00:00:00
product_007631,Office Supplies,Desk Set 7631,860,5.6,4.3,5.0,19.71,2024-01-01T00:00:00
product_007632,Watches & Gifts,Gift Set 7632,272,5.8,3.8,4.7,33.81,2024-01-01T00:00:00
product_007633,Baby Products,Feeding Item 7633,1499,7.0,5.4,5.9,43.93,2024-01-01T00:00:00
product_007634,Home Goods,Household Tool 7634,2251,7.1,4.2,7.7,42.71,2024-01-01T00:00:00
product_007635,Watches & Gifts,Timepiece 7635,488,8.0,3.1,4.7,136.8,2024-01-01T00:00:00
product_007636,Sports & Outdoors,Fitness Item 7636,2331,6.7,6.4,5.5,104.06,2024-01-01T00:00:00
product_007637,Electronics & Accessories,Charging Kit 7637,689,6.5,3.8,4.8,77.37,2024-01-01T00:00:00
product_007638,Books & Media,Media Collection 7638,783,6.7,3.6,5.1,50.38,2024-01-01T00:00:00
product_007639,Garden & Outdoor,Planting Set 7639,2745,9.4,7.2,6.2,41.63,2024-01-01T00:00:00
product_007640,Furniture & Decor,Decor Item 7640,6061,15.1,5.8,11.1,473.69,2024-01-01T00:00:00
product_007641,Electronics & Accessories,Charging Kit 7641,949,6.4,3.5,5.1,105.31,2024-01-01T00:00:00
product_007642,Mobile & Telecom,Connectivity Kit 7642,456,6.2,4.0,4.9,98.9,2024-01-01T00:00:00
product_007643,Pet Supplies,Pet Activity Item 7643,842,6.9,3.4,5.4,46.8,2024-01-01T00:00:00
product_007644,Pet Supplies,Feeding Set 7644,3105,7.0,5.3,5.5,31.24,2024-01-01T00:00:00
product_007645,Pet Supplies,Feeding Set 7645,1160,7.2,4.3,4.1,77.33,2024-01-01T00:00:00
product_007646,Home Goods,Household Tool 7646,2074,8.3,5.1,6.5,88.52,2024-01-01T00:00:00
product_007647,Toys & Games,Activity Set 7647,1582,7.6,5.3,4.3,26.39,2024-01-01T00:00:00
product_007648,Books & Media,Media Collection 7648,1234,7.3,4.6,4.4,20.2,2024-01-01T00:00:00
product_007649,Sports & Outdoors,Outdoor Kit 7649,1924,6.1,4.4,6.1,61.96,2024-01-01T00:00:00
product_007650,Watches & Gifts,Timepiece 7650,160,5.0,3.4,5.2,141.38,2024-01-01T00:00:00
product_007651,Books & Media,Media Collection 7651,661,4.7,3.2,6.2,33.79,2024-01-01T00:00:00
product_007652,Baby Products,Infant Care Item 7652,2683,7.4,4.5,6.4,58.62,2024-01-01T00:00:00
product_007653,Automotive,Maintenance Kit 7653,2556,9.5,6.1,7.2,104.5,2024-01-01T00:00:00
product_007654,Books & Media,Learning Guide 7654,314,7.4,4.2,5.5,19.82,2024-01-01T00:00:00
product_007655,Watches & Gifts,Keepsake Item 7655,239,7.3,2.9,5.1,148.03,2024-01-01T00:00:00
product_007656,Toys & Games,Family Game 7656,934,6.2,3.1,6.1,24.09,2024-01-01T00:00:00
product_007657,Home & Bedding,Home Textile 7657,2566,10.6,5.5,6.0,39.07,2024-01-01T00:00:00
product_007658,Home & Bedding,Bedding Set 7658,877,5.5,5.5,5.1,74.55,2024-01-01T00:00:00
product_007659,Furniture & Decor,Decor Item 7659,3639,8.2,4.3,7.7,346.36,2024-01-01T00:00:00
product_007660,Pet Supplies,Pet Activity Item 7660,1575,4.0,4.2,4.9,24.28,2024-01-01T00:00:00
product_007661,Watches & Gifts,Keepsake Item 7661,532,5.6,3.4,4.3,61.45,2024-01-01T00:00:00
product_007662,Office Supplies,Writing Kit 7662,1204,6.3,4.1,4.1,40.15,2024-01-01T00:00:00
product_007663,Sports & Outdoors,Fitness Item 7663,2999,9.9,5.2,5.5,113.69,2024-01-01T00:00:00
product_007664,Home Goods,Organization Set 7664,757,6.9,3.7,6.1,41.82,2024-01-01T00:00:00
product_007665,Toys & Games,Family Game 7665,348,7.6,3.1,3.1,73.33,2024-01-01T00:00:00
product_007666,Fashion,Seasonal Wear 7666,215,6.3,3.4,4.3,44.15,2024-01-01T00:00:00
product_007667,Baby Products,Nursery Accessory 7667,1189,5.9,5.2,5.5,40.42,2024-01-01T00:00:00
product_007668,Pet Supplies,Pet Activity Item 7668,688,5.8,5.4,5.1,39.27,2024-01-01T00:00:00
product_007669,Watches & Gifts,Keepsake Item 7669,113,6.0,3.5,4.5,69.69,2024-01-01T00:00:00
product_007670,Furniture & Decor,Storage Unit 7670,15679,12.9,10.5,12.5,349.8,2024-01-01T00:00:00
product_007671,Sports & Outdoors,Training Gear 7671,2395,8.7,4.7,5.1,37.26,2024-01-01T00:00:00
product_007672,Fashion,Fashion Accessory 7672,744,6.6,5.2,5.4,75.2,2024-01-01T00:00:00
product_007673,Mobile & Telecom,Mobile Accessory 7673,465,5.8,3.1,4.8,79.86,2024-01-01T00:00:00
product_007674,Home & Bedding,Home Textile 7674,3844,11.7,7.5,7.5,53.78,2024-01-01T00:00:00
product_007675,Books & Media,Reference Book 7675,302,6.5,3.8,5.6,19.14,2024-01-01T00:00:00
product_007676,Electronics & Accessories,Audio Item 7676,1570,8.0,3.6,6.0,193.4,2024-01-01T00:00:00
product_007677,Fashion,Fashion Accessory 7677,752,7.2,2.9,5.6,104.0,2024-01-01T00:00:00
product_007678,Home & Bedding,Bedding Set 7678,1703,8.2,5.7,5.0,42.71,2024-01-01T00:00:00
product_007679,Garden & Outdoor,Planting Set 7679,4145,7.9,6.9,8.0,73.73,2024-01-01T00:00:00
product_007680,Baby Products,Feeding Item 7680,1318,5.9,4.1,4.5,128.05,2024-01-01T00:00:00
product_007681,Electronics & Accessories,Audio Item 7681,974,7.5,3.4,5.5,231.36,2024-01-01T00:00:00
product_007682,Home & Bedding,Comfort Item 7682,1548,7.2,3.9,5.3,232.26,2024-01-01T00:00:00
product_007683,Sports & Outdoors,Fitness Item 7683,3365,7.1,6.3,11.0,66.39,2024-01-01T00:00:00
product_007684,Home Goods,Kitchen Item 7684,2201,8.9,5.0,8.2,48.86,2024-01-01T00:00:00
product_007685,Garden & Outdoor,Outdoor Accessory 7685,12058,13.5,8.8,10.0,48.65,2024-01-01T00:00:00
product_007686,Watches & Gifts,Timepiece 7686,419,4.9,5.2,5.7,177.52,2024-01-01T00:00:00
product_007687,Mobile & Telecom,Connectivity Kit 7687,425,7.1,3.6,5.7,242.5,2024-01-01T00:00:00
product_007688,Home Goods,Household Tool 7688,1115,6.9,4.0,5.1,108.05,2024-01-01T00:00:00
product_007689,Office Supplies,Desk Set 7689,2010,8.0,5.1,4.4,36.06,2024-01-01T00:00:00
product_007690,Books & Media,Media Collection 7690,584,5.5,3.3,3.8,36.11,2024-01-01T00:00:00
product_007691,Furniture & Decor,Storage Unit 7691,4830,12.0,5.7,7.6,83.08,2024-01-01T00:00:00
product_007692,Electronics & Accessories,Device Accessory 7692,1765,8.6,5.0,5.7,157.63,2024-01-01T00:00:00
product_007693,Mobile & Telecom,Mobile Accessory 7693,455,5.9,4.0,5.3,249.52,2024-01-01T00:00:00
product_007694,Pet Supplies,Feeding Set 7694,1940,7.7,5.0,7.0,37.92,2024-01-01T00:00:00
product_007695,Watches & Gifts,Keepsake Item 7695,398,5.4,5.0,5.4,42.99,2024-01-01T00:00:00
product_007696,Home Goods,Kitchen Item 7696,3117,8.4,4.6,6.8,55.93,2024-01-01T00:00:00
product_007697,Mobile & Telecom,Mobile Accessory 7697,1458,7.3,2.6,6.9,173.11,2024-01-01T00:00:00
product_007698,Books & Media,Media Collection 7698,464,6.6,4.0,4.8,23.44,2024-01-01T00:00:00
product_007699,Electronics & Accessories,Audio Item 7699,463,6.0,4.2,5.3,63.6,2024-01-01T00:00:00
product_007700,Books & Media,Media Collection 7700,306,8.1,4.7,5.1,42.06,2024-01-01T00:00:00
product_007701,Furniture & Decor,Storage Unit 7701,12088,18.7,10.1,6.5,499.94,2024-01-01T00:00:00
product_007702,Toys & Games,Family Game 7702,817,4.4,3.0,4.8,22.62,2024-01-01T00:00:00
product_007703,Automotive,Vehicle Accessory 7703,5573,13.0,7.8,9.3,289.89,2024-01-01T00:00:00
product_007704,Home Goods,Organization Set 7704,4721,9.6,7.4,7.0,133.79,2024-01-01T00:00:00
product_007705,Home Goods,Household Tool 7705,1661,7.6,4.3,5.1,45.72,2024-01-01T00:00:00
product_007706,Pet Supplies,Pet Activity Item 7706,2385,6.4,5.4,5.4,37.97,2024-01-01T00:00:00
product_007707,Home & Bedding,Home Textile 7707,2543,8.7,6.1,5.4,100.25,2024-01-01T00:00:00
product_007708,Baby Products,Nursery Accessory 7708,735,6.5,4.8,5.1,95.98,2024-01-01T00:00:00
product_007709,Books & Media,Learning Guide 7709,754,5.6,5.4,4.6,22.7,2024-01-01T00:00:00
product_007710,Books & Media,Reference Book 7710,813,6.8,4.3,5.6,35.16,2024-01-01T00:00:00
product_007711,Pet Supplies,Pet Care Item 7711,1143,6.9,3.2,3.5,21.36,2024-01-01T00:00:00
product_007712,Furniture & Decor,Storage Unit 7712,12530,18.4,6.9,7.8,130.14,2024-01-01T00:00:00
product_007713,Furniture & Decor,Decor Item 7713,17486,15.9,7.2,10.8,249.04,2024-01-01T00:00:00
product_007714,Books & Media,Learning Guide 7714,313,6.2,5.0,5.0,32.5,2024-01-01T00:00:00
product_007715,Home Goods,Organization Set 7715,1516,6.4,5.2,5.2,56.76,2024-01-01T00:00:00
product_007716,Office Supplies,Desk Set 7716,1539,7.1,4.9,5.2,39.92,2024-01-01T00:00:00
product_007717,Furniture & Decor,Accent Furniture 7717,5225,7.7,7.6,9.4,199.38,2024-01-01T00:00:00
product_007718,Home & Bedding,Comfort Item 7718,1302,6.0,4.4,5.4,100.63,2024-01-01T00:00:00
product_007719,Automotive,Travel Item 7719,2439,6.9,2.7,5.8,130.65,2024-01-01T00:00:00
product_007720,Home & Bedding,Comfort Item 7720,2505,7.2,5.0,5.4,78.77,2024-01-01T00:00:00
product_007721,Pet Supplies,Pet Care Item 7721,1073,5.4,3.3,4.3,33.49,2024-01-01T00:00:00
product_007722,Pet Supplies,Feeding Set 7722,1014,5.6,3.1,3.3,26.54,2024-01-01T00:00:00
product_007723,Mobile & Telecom,Connectivity Kit 7723,215,5.7,4.0,5.1,89.61,2024-01-01T00:00:00
product_007724,Pet Supplies,Pet Care Item 7724,1412,8.2,3.2,6.0,30.31,2024-01-01T00:00:00
product_007725,Automotive,Maintenance Kit 7725,1352,5.9,3.8,3.9,84.39,2024-01-01T00:00:00
product_007726,Electronics & Accessories,Audio Item 7726,1303,6.7,4.2,4.7,212.94,2024-01-01T00:00:00
product_007727,Office Supplies,Office Organizer 7727,380,5.8,4.3,5.9,35.63,2024-01-01T00:00:00
product_007728,Books & Media,Learning Guide 7728,794,7.5,3.6,5.4,15.03,2024-01-01T00:00:00
product_007729,Furniture & Decor,Accent Furniture 7729,7564,11.4,9.7,9.3,200.05,2024-01-01T00:00:00
product_007730,Baby Products,Infant Care Item 7730,787,7.5,4.4,6.9,43.54,2024-01-01T00:00:00
product_007731,Pet Supplies,Pet Activity Item 7731,1564,6.5,6.0,6.5,110.68,2024-01-01T00:00:00
product_007732,Garden & Outdoor,Outdoor Accessory 7732,5149,10.2,4.3,9.0,83.02,2024-01-01T00:00:00
product_007733,Automotive,Maintenance Kit 7733,2337,6.9,5.3,5.9,167.71,2024-01-01T00:00:00
product_007734,Office Supplies,Office Organizer 7734,755,6.2,4.2,4.9,26.92,2024-01-01T00:00:00
product_007735,Electronics & Accessories,Audio Item 7735,468,6.7,4.1,5.4,17.4,2024-01-01T00:00:00
product_007736,Mobile & Telecom,Connectivity Kit 7736,879,8.5,3.8,4.3,456.93,2024-01-01T00:00:00
product_007737,Furniture & Decor,Storage Unit 7737,5441,9.1,5.3,10.0,133.84,2024-01-01T00:00:00
product_007738,Baby Products,Nursery Accessory 7738,6806,11.0,7.9,9.6,40.84,2024-01-01T00:00:00
product_007739,Baby Products,Infant Care Item 7739,283,6.7,3.9,6.7,72.39,2024-01-01T00:00:00
product_007740,Furniture & Decor,Storage Unit 7740,9470,11.5,7.6,13.6,116.43,2024-01-01T00:00:00
product_007741,Toys & Games,Activity Set 7741,335,6.1,2.6,4.6,41.64,2024-01-01T00:00:00
product_007742,Garden & Outdoor,Garden Tool 7742,7862,13.5,5.5,9.0,95.92,2024-01-01T00:00:00
product_007743,Mobile & Telecom,Phone Item 7743,921,5.7,3.3,5.8,105.3,2024-01-01T00:00:00
product_007744,Office Supplies,Office Organizer 7744,892,7.1,3.7,5.9,26.25,2024-01-01T00:00:00
product_007745,Fashion,Seasonal Wear 7745,448,6.0,4.4,4.6,39.28,2024-01-01T00:00:00
product_007746,Pet Supplies,Pet Activity Item 7746,1672,6.7,5.7,6.7,28.09,2024-01-01T00:00:00
product_007747,Fashion,Everyday Apparel 7747,392,5.3,3.5,4.4,75.8,2024-01-01T00:00:00
product_007748,Health & Beauty,Care Set 7748,289,6.1,2.6,5.6,25.41,2024-01-01T00:00:00
product_007749,Office Supplies,Desk Set 7749,423,6.9,3.7,5.0,69.68,2024-01-01T00:00:00
product_007750,Garden & Outdoor,Outdoor Accessory 7750,4915,7.6,7.3,6.9,71.51,2024-01-01T00:00:00
product_007751,Baby Products,Nursery Accessory 7751,831,6.5,3.2,4.8,123.32,2024-01-01T00:00:00
product_007752,Electronics & Accessories,Audio Item 7752,1450,6.5,3.9,5.6,270.65,2024-01-01T00:00:00
product_007753,Fashion,Fashion Accessory 7753,309,6.8,3.8,3.9,91.85,2024-01-01T00:00:00
product_007754,Office Supplies,Office Organizer 7754,454,5.8,3.8,4.6,16.26,2024-01-01T00:00:00
product_007755,Pet Supplies,Pet Care Item 7755,821,5.2,4.8,5.4,49.3,2024-01-01T00:00:00
product_007756,Watches & Gifts,Gift Set 7756,506,6.0,5.5,4.7,64.8,2024-01-01T00:00:00
product_007757,Sports & Outdoors,Fitness Item 7757,5224,7.5,7.3,7.8,109.13,2024-01-01T00:00:00
product_007758,Mobile & Telecom,Mobile Accessory 7758,230,5.8,3.7,6.0,67.86,2024-01-01T00:00:00
product_007759,Electronics & Accessories,Audio Item 7759,799,5.0,4.3,4.9,385.95,2024-01-01T00:00:00
product_007760,Garden & Outdoor,Garden Tool 7760,4986,12.1,7.1,10.2,176.61,2024-01-01T00:00:00
product_007761,Watches & Gifts,Keepsake Item 7761,187,6.1,3.6,4.2,42.81,2024-01-01T00:00:00
product_007762,Home Goods,Organization Set 7762,1959,9.6,3.9,5.6,179.81,2024-01-01T00:00:00
product_007763,Baby Products,Nursery Accessory 7763,2963,7.9,5.4,7.4,135.52,2024-01-01T00:00:00
product_007764,Furniture & Decor,Storage Unit 7764,3741,9.6,6.9,6.6,236.43,2024-01-01T00:00:00
product_007765,Furniture & Decor,Accent Furniture 7765,8767,11.8,6.1,11.2,71.22,2024-01-01T00:00:00
product_007766,Toys & Games,Learning Toy 7766,1123,7.5,4.1,6.1,56.24,2024-01-01T00:00:00
product_007767,Garden & Outdoor,Outdoor Accessory 7767,1475,7.0,3.7,6.2,121.87,2024-01-01T00:00:00
product_007768,Automotive,Travel Item 7768,7467,14.2,7.4,9.9,29.76,2024-01-01T00:00:00
product_007769,Automotive,Vehicle Accessory 7769,2586,9.1,6.3,8.9,105.32,2024-01-01T00:00:00
product_007770,Home & Bedding,Comfort Item 7770,1045,5.4,3.8,6.0,76.55,2024-01-01T00:00:00
product_007771,Fashion,Seasonal Wear 7771,339,4.0,4.4,5.0,67.11,2024-01-01T00:00:00
product_007772,Home Goods,Household Tool 7772,1875,8.0,4.2,7.0,221.15,2024-01-01T00:00:00
product_007773,Watches & Gifts,Keepsake Item 7773,177,4.9,4.2,4.4,190.6,2024-01-01T00:00:00
product_007774,Watches & Gifts,Timepiece 7774,228,5.4,2.9,4.3,76.84,2024-01-01T00:00:00
product_007775,Mobile & Telecom,Mobile Accessory 7775,312,5.3,2.4,6.3,119.83,2024-01-01T00:00:00
product_007776,Watches & Gifts,Keepsake Item 7776,390,5.8,3.1,3.3,72.68,2024-01-01T00:00:00
product_007777,Fashion,Fashion Accessory 7777,694,6.1,4.8,5.9,46.76,2024-01-01T00:00:00
product_007778,Sports & Outdoors,Training Gear 7778,4137,11.0,6.1,7.9,85.41,2024-01-01T00:00:00
product_007779,Office Supplies,Writing Kit 7779,479,6.1,3.7,3.0,29.06,2024-01-01T00:00:00
product_007780,Toys & Games,Learning Toy 7780,673,4.6,3.2,5.6,33.9,2024-01-01T00:00:00
product_007781,Sports & Outdoors,Fitness Item 7781,1859,7.9,5.7,4.6,96.46,2024-01-01T00:00:00
product_007782,Pet Supplies,Pet Activity Item 7782,2873,10.6,6.5,5.8,33.78,2024-01-01T00:00:00
product_007783,Pet Supplies,Pet Activity Item 7783,2171,6.9,4.9,4.6,58.7,2024-01-01T00:00:00
product_007784,Sports & Outdoors,Fitness Item 7784,1159,5.8,4.2,5.2,62.48,2024-01-01T00:00:00
product_007785,Books & Media,Learning Guide 7785,652,7.9,4.0,4.4,11.43,2024-01-01T00:00:00
product_007786,Books & Media,Learning Guide 7786,487,7.2,3.6,5.3,47.02,2024-01-01T00:00:00
product_007787,Pet Supplies,Pet Care Item 7787,2016,8.5,3.5,6.6,63.95,2024-01-01T00:00:00
product_007788,Fashion,Fashion Accessory 7788,428,5.0,4.1,5.4,58.89,2024-01-01T00:00:00
product_007789,Health & Beauty,Care Set 7789,337,5.1,3.5,4.6,14.9,2024-01-01T00:00:00
product_007790,Watches & Gifts,Timepiece 7790,170,4.7,4.1,5.5,614.18,2024-01-01T00:00:00
product_007791,Office Supplies,Office Organizer 7791,1687,6.7,4.0,5.5,50.08,2024-01-01T00:00:00
product_007792,Watches & Gifts,Gift Set 7792,172,6.8,3.7,5.9,64.13,2024-01-01T00:00:00
product_007793,Fashion,Fashion Accessory 7793,501,7.2,2.0,4.0,26.91,2024-01-01T00:00:00
product_007794,Home Goods,Organization Set 7794,2095,8.6,6.0,6.6,44.65,2024-01-01T00:00:00
product_007795,Electronics & Accessories,Device Accessory 7795,751,8.2,4.2,5.2,148.18,2024-01-01T00:00:00
product_007796,Automotive,Maintenance Kit 7796,1230,8.5,5.0,3.9,181.62,2024-01-01T00:00:00
product_007797,Furniture & Decor,Decor Item 7797,9728,12.8,9.0,10.4,291.22,2024-01-01T00:00:00
product_007798,Automotive,Maintenance Kit 7798,2057,8.5,4.4,6.2,40.39,2024-01-01T00:00:00
product_007799,Automotive,Travel Item 7799,2851,9.0,4.8,6.3,152.41,2024-01-01T00:00:00
product_007800,Electronics & Accessories,Device Accessory 7800,1586,7.7,3.3,6.2,277.85,2024-01-01T00:00:00
product_007801,Garden & Outdoor,Planting Set 7801,2348,8.5,3.8,6.7,147.21,2024-01-01T00:00:00
product_007802,Office Supplies,Writing Kit 7802,1420,6.8,4.3,4.3,29.23,2024-01-01T00:00:00
product_007803,Garden & Outdoor,Planting Set 7803,2614,9.8,7.9,6.2,76.33,2024-01-01T00:00:00
product_007804,Automotive,Travel Item 7804,2360,9.1,4.9,7.4,204.91,2024-01-01T00:00:00
product_007805,Home & Bedding,Comfort Item 7805,1855,7.4,4.0,5.3,61.78,2024-01-01T00:00:00
product_007806,Home Goods,Organization Set 7806,1677,7.6,4.0,4.8,38.21,2024-01-01T00:00:00
product_007807,Mobile & Telecom,Phone Item 7807,754,5.9,4.3,5.7,125.87,2024-01-01T00:00:00
product_007808,Fashion,Fashion Accessory 7808,567,6.4,3.6,3.0,136.19,2024-01-01T00:00:00
product_007809,Baby Products,Nursery Accessory 7809,1215,6.7,3.7,5.2,79.66,2024-01-01T00:00:00
product_007810,Home & Bedding,Home Textile 7810,958,4.9,3.7,5.5,44.65,2024-01-01T00:00:00
product_007811,Mobile & Telecom,Mobile Accessory 7811,1259,6.7,4.2,5.6,78.4,2024-01-01T00:00:00
product_007812,Health & Beauty,Care Set 7812,670,6.9,3.4,4.9,17.36,2024-01-01T00:00:00
product_007813,Pet Supplies,Pet Activity Item 7813,844,5.3,4.8,4.9,18.95,2024-01-01T00:00:00
product_007814,Sports & Outdoors,Training Gear 7814,1081,7.2,4.7,5.2,28.72,2024-01-01T00:00:00
product_007815,Automotive,Vehicle Accessory 7815,1001,6.5,4.6,4.7,76.51,2024-01-01T00:00:00
product_007816,Sports & Outdoors,Outdoor Kit 7816,3985,11.9,5.8,8.0,36.85,2024-01-01T00:00:00
product_007817,Baby Products,Infant Care Item 7817,517,7.2,4.0,4.6,102.7,2024-01-01T00:00:00
product_007818,Home & Bedding,Bedding Set 7818,3032,7.8,4.6,9.2,58.72,2024-01-01T00:00:00
product_007819,Health & Beauty,Care Set 7819,282,6.4,3.9,4.7,19.71,2024-01-01T00:00:00
product_007820,Office Supplies,Writing Kit 7820,740,6.6,5.0,4.6,46.35,2024-01-01T00:00:00
product_007821,Garden & Outdoor,Planting Set 7821,2435,7.1,5.6,7.6,89.87,2024-01-01T00:00:00
product_007822,Watches & Gifts,Gift Set 7822,593,5.8,4.6,5.4,53.61,2024-01-01T00:00:00
product_007823,Books & Media,Reference Book 7823,208,5.1,3.9,4.6,40.5,2024-01-01T00:00:00
product_007824,Baby Products,Nursery Accessory 7824,642,7.6,3.6,5.6,133.19,2024-01-01T00:00:00
product_007825,Books & Media,Learning Guide 7825,356,6.7,2.5,4.6,20.3,2024-01-01T00:00:00
product_007826,Office Supplies,Writing Kit 7826,1767,6.9,3.8,5.5,43.48,2024-01-01T00:00:00
product_007827,Furniture & Decor,Decor Item 7827,12626,13.7,9.6,14.1,453.0,2024-01-01T00:00:00
product_007828,Electronics & Accessories,Charging Kit 7828,502,6.2,5.6,4.6,143.24,2024-01-01T00:00:00
product_007829,Office Supplies,Desk Set 7829,582,6.8,4.8,4.8,95.98,2024-01-01T00:00:00
product_007830,Sports & Outdoors,Outdoor Kit 7830,4924,10.5,5.9,4.0,34.49,2024-01-01T00:00:00
product_007831,Home Goods,Household Tool 7831,5466,8.4,7.1,6.7,33.91,2024-01-01T00:00:00
product_007832,Mobile & Telecom,Connectivity Kit 7832,1027,7.4,4.9,3.6,125.89,2024-01-01T00:00:00
product_007833,Garden & Outdoor,Planting Set 7833,1499,7.0,3.3,6.0,72.72,2024-01-01T00:00:00
product_007834,Watches & Gifts,Timepiece 7834,321,6.0,4.2,4.8,99.04,2024-01-01T00:00:00
product_007835,Books & Media,Learning Guide 7835,560,7.0,2.8,5.3,20.77,2024-01-01T00:00:00
product_007836,Fashion,Fashion Accessory 7836,322,7.8,4.2,4.8,46.97,2024-01-01T00:00:00
product_007837,Toys & Games,Family Game 7837,1709,6.5,3.4,5.9,49.69,2024-01-01T00:00:00
product_007838,Office Supplies,Desk Set 7838,290,6.0,4.3,4.4,31.77,2024-01-01T00:00:00
product_007839,Watches & Gifts,Keepsake Item 7839,125,6.9,2.2,5.4,145.11,2024-01-01T00:00:00
product_007840,Garden & Outdoor,Outdoor Accessory 7840,3400,10.5,6.7,7.4,63.64,2024-01-01T00:00:00
product_007841,Sports & Outdoors,Fitness Item 7841,1875,6.8,5.2,6.2,112.75,2024-01-01T00:00:00
product_007842,Books & Media,Learning Guide 7842,956,5.6,5.1,6.6,20.12,2024-01-01T00:00:00
product_007843,Watches & Gifts,Gift Set 7843,291,6.5,4.0,5.2,125.9,2024-01-01T00:00:00
product_007844,Electronics & Accessories,Device Accessory 7844,733,6.0,5.2,5.2,129.05,2024-01-01T00:00:00
product_007845,Pet Supplies,Pet Activity Item 7845,1296,6.3,5.2,6.1,45.53,2024-01-01T00:00:00
product_007846,Automotive,Vehicle Accessory 7846,1406,7.3,5.2,5.5,142.57,2024-01-01T00:00:00
product_007847,Sports & Outdoors,Training Gear 7847,6858,10.8,9.0,8.5,48.28,2024-01-01T00:00:00
product_007848,Baby Products,Nursery Accessory 7848,1362,5.5,4.4,5.5,36.43,2024-01-01T00:00:00
product_007849,Automotive,Vehicle Accessory 7849,1499,7.9,4.1,5.7,113.6,2024-01-01T00:00:00
product_007850,Sports & Outdoors,Fitness Item 7850,2913,7.8,5.8,5.3,44.72,2024-01-01T00:00:00
product_007851,Home & Bedding,Home Textile 7851,2703,6.7,4.0,6.6,53.46,2024-01-01T00:00:00
product_007852,Health & Beauty,Care Set 7852,359,4.5,3.6,4.2,24.76,2024-01-01T00:00:00
product_007853,Automotive,Vehicle Accessory 7853,2786,10.6,5.3,6.9,80.53,2024-01-01T00:00:00
product_007854,Mobile & Telecom,Connectivity Kit 7854,831,5.3,2.9,4.9,122.47,2024-01-01T00:00:00
product_007855,Baby Products,Infant Care Item 7855,4866,11.2,7.7,7.7,75.23,2024-01-01T00:00:00
product_007856,Watches & Gifts,Keepsake Item 7856,347,6.2,3.1,4.9,203.44,2024-01-01T00:00:00
product_007857,Furniture & Decor,Accent Furniture 7857,6508,13.3,5.7,8.8,207.62,2024-01-01T00:00:00
product_007858,Mobile & Telecom,Phone Item 7858,1071,5.9,3.8,5.2,112.32,2024-01-01T00:00:00
product_007859,Electronics & Accessories,Audio Item 7859,866,5.4,3.6,5.2,85.92,2024-01-01T00:00:00
product_007860,Mobile & Telecom,Phone Item 7860,1302,8.3,4.4,5.9,162.62,2024-01-01T00:00:00
product_007861,Fashion,Seasonal Wear 7861,520,7.8,2.8,3.5,44.48,2024-01-01T00:00:00
product_007862,Watches & Gifts,Gift Set 7862,288,8.0,4.2,5.0,96.67,2024-01-01T00:00:00
product_007863,Watches & Gifts,Keepsake Item 7863,733,7.2,4.1,5.7,88.08,2024-01-01T00:00:00
product_007864,Home & Bedding,Bedding Set 7864,1850,6.2,5.6,5.3,77.6,2024-01-01T00:00:00
product_007865,Watches & Gifts,Timepiece 7865,432,5.5,4.0,4.9,165.74,2024-01-01T00:00:00
product_007866,Home Goods,Kitchen Item 7866,3155,7.2,5.0,6.9,65.2,2024-01-01T00:00:00
product_007867,Home Goods,Organization Set 7867,1411,5.5,4.1,5.8,40.48,2024-01-01T00:00:00
product_007868,Watches & Gifts,Gift Set 7868,148,6.3,5.1,4.4,74.63,2024-01-01T00:00:00
product_007869,Health & Beauty,Daily Essential 7869,1036,7.9,2.9,5.4,66.75,2024-01-01T00:00:00
product_007870,Home Goods,Household Tool 7870,2087,7.2,4.6,5.9,25.33,2024-01-01T00:00:00
product_007871,Home Goods,Household Tool 7871,8077,11.1,8.4,8.4,47.74,2024-01-01T00:00:00
product_007872,Baby Products,Feeding Item 7872,559,7.6,3.8,7.5,75.09,2024-01-01T00:00:00
product_007873,Mobile & Telecom,Mobile Accessory 7873,373,6.0,3.9,4.7,226.82,2024-01-01T00:00:00
product_007874,Sports & Outdoors,Fitness Item 7874,1342,7.0,4.1,5.0,34.02,2024-01-01T00:00:00
product_007875,Fashion,Seasonal Wear 7875,317,6.0,4.1,3.7,47.51,2024-01-01T00:00:00
product_007876,Watches & Gifts,Timepiece 7876,353,7.0,4.8,4.1,58.02,2024-01-01T00:00:00
product_007877,Furniture & Decor,Storage Unit 7877,12813,11.3,8.5,12.1,130.7,2024-01-01T00:00:00
product_007878,Baby Products,Nursery Accessory 7878,1212,7.2,4.0,5.3,56.49,2024-01-01T00:00:00
product_007879,Fashion,Everyday Apparel 7879,1028,8.3,4.1,5.3,24.86,2024-01-01T00:00:00
product_007880,Office Supplies,Office Organizer 7880,419,7.3,4.8,6.1,33.5,2024-01-01T00:00:00
product_007881,Furniture & Decor,Storage Unit 7881,7914,13.2,8.3,9.4,359.66,2024-01-01T00:00:00
product_007882,Toys & Games,Learning Toy 7882,862,6.8,4.5,6.0,84.55,2024-01-01T00:00:00
product_007883,Office Supplies,Office Organizer 7883,982,5.6,4.7,5.7,23.06,2024-01-01T00:00:00
product_007884,Fashion,Seasonal Wear 7884,211,7.0,4.2,6.7,63.81,2024-01-01T00:00:00
product_007885,Home & Bedding,Bedding Set 7885,4641,10.9,5.4,9.4,300.2,2024-01-01T00:00:00
product_007886,Baby Products,Feeding Item 7886,1681,6.5,4.4,6.8,22.75,2024-01-01T00:00:00
product_007887,Health & Beauty,Wellness Item 7887,294,5.9,3.1,6.3,34.17,2024-01-01T00:00:00
product_007888,Home Goods,Kitchen Item 7888,848,7.0,5.8,4.7,75.37,2024-01-01T00:00:00
product_007889,Health & Beauty,Care Set 7889,459,4.7,4.1,6.0,15.58,2024-01-01T00:00:00
product_007890,Office Supplies,Desk Set 7890,742,5.5,4.8,5.9,10.84,2024-01-01T00:00:00
product_007891,Sports & Outdoors,Training Gear 7891,1602,8.4,3.2,4.3,118.28,2024-01-01T00:00:00
product_007892,Sports & Outdoors,Fitness Item 7892,2592,6.4,4.6,7.5,84.37,2024-01-01T00:00:00
product_007893,Home & Bedding,Comfort Item 7893,1100,4.9,3.3,5.1,181.74,2024-01-01T00:00:00
product_007894,Watches & Gifts,Timepiece 7894,161,7.3,4.2,4.3,169.6,2024-01-01T00:00:00
product_007895,Electronics & Accessories,Audio Item 7895,1322,5.6,4.2,4.0,334.5,2024-01-01T00:00:00
product_007896,Garden & Outdoor,Garden Tool 7896,1587,7.2,4.3,5.7,32.24,2024-01-01T00:00:00
product_007897,Garden & Outdoor,Planting Set 7897,3316,7.2,6.3,8.7,68.53,2024-01-01T00:00:00
product_007898,Baby Products,Nursery Accessory 7898,483,7.5,3.1,4.7,52.8,2024-01-01T00:00:00
product_007899,Health & Beauty,Wellness Item 7899,423,6.5,4.7,5.0,21.77,2024-01-01T00:00:00
product_007900,Furniture & Decor,Accent Furniture 7900,21562,21.7,13.6,15.5,184.51,2024-01-01T00:00:00
product_007901,Furniture & Decor,Decor Item 7901,9126,10.8,10.4,7.0,221.78,2024-01-01T00:00:00
product_007902,Office Supplies,Desk Set 7902,980,7.3,4.7,3.7,37.75,2024-01-01T00:00:00
product_007903,Toys & Games,Learning Toy 7903,1169,6.4,2.2,5.9,23.0,2024-01-01T00:00:00
product_007904,Mobile & Telecom,Mobile Accessory 7904,856,7.1,3.4,5.8,258.4,2024-01-01T00:00:00
product_007905,Electronics & Accessories,Device Accessory 7905,2873,9.5,4.5,6.3,73.7,2024-01-01T00:00:00
product_007906,Home & Bedding,Comfort Item 7906,1258,6.6,4.2,4.1,22.98,2024-01-01T00:00:00
product_007907,Automotive,Travel Item 7907,1860,7.2,3.8,6.9,87.6,2024-01-01T00:00:00
product_007908,Home & Bedding,Bedding Set 7908,2580,4.9,4.8,8.3,80.75,2024-01-01T00:00:00
product_007909,Pet Supplies,Pet Care Item 7909,583,6.6,4.1,4.1,30.76,2024-01-01T00:00:00
product_007910,Home Goods,Kitchen Item 7910,3212,11.2,4.9,3.6,94.58,2024-01-01T00:00:00
product_007911,Pet Supplies,Pet Care Item 7911,3576,6.3,6.8,7.4,29.27,2024-01-01T00:00:00
product_007912,Toys & Games,Activity Set 7912,2358,10.2,5.3,6.4,82.57,2024-01-01T00:00:00
product_007913,Toys & Games,Activity Set 7913,2251,6.4,6.1,4.2,31.79,2024-01-01T00:00:00
product_007914,Office Supplies,Office Organizer 7914,920,7.0,3.3,4.9,28.15,2024-01-01T00:00:00
product_007915,Sports & Outdoors,Outdoor Kit 7915,2032,5.4,4.9,7.2,41.61,2024-01-01T00:00:00
product_007916,Electronics & Accessories,Device Accessory 7916,759,6.8,4.4,5.8,132.33,2024-01-01T00:00:00
product_007917,Office Supplies,Office Organizer 7917,133,4.8,3.9,3.2,41.98,2024-01-01T00:00:00
product_007918,Home Goods,Kitchen Item 7918,1591,8.3,5.6,5.7,100.81,2024-01-01T00:00:00
product_007919,Health & Beauty,Daily Essential 7919,382,4.8,4.1,4.9,14.91,2024-01-01T00:00:00
product_007920,Home & Bedding,Bedding Set 7920,1219,6.8,6.2,6.3,148.95,2024-01-01T00:00:00
product_007921,Pet Supplies,Pet Activity Item 7921,1505,9.5,4.7,5.9,87.17,2024-01-01T00:00:00
product_007922,Furniture & Decor,Accent Furniture 7922,7641,12.7,7.7,8.3,324.21,2024-01-01T00:00:00
product_007923,Electronics & Accessories,Device Accessory 7923,780,6.4,4.7,4.8,78.64,2024-01-01T00:00:00
product_007924,Watches & Gifts,Timepiece 7924,1915,7.4,4.8,5.5,92.49,2024-01-01T00:00:00
product_007925,Toys & Games,Family Game 7925,538,6.4,3.7,6.2,12.78,2024-01-01T00:00:00
product_007926,Toys & Games,Activity Set 7926,486,8.1,3.0,6.2,52.49,2024-01-01T00:00:00
product_007927,Pet Supplies,Pet Care Item 7927,5428,9.4,7.8,9.4,17.87,2024-01-01T00:00:00
product_007928,Garden & Outdoor,Planting Set 7928,3574,7.9,6.8,7.2,19.58,2024-01-01T00:00:00
product_007929,Home & Bedding,Comfort Item 7929,1249,6.4,4.0,4.4,119.51,2024-01-01T00:00:00
product_007930,Books & Media,Learning Guide 7930,248,7.0,3.4,4.8,30.96,2024-01-01T00:00:00
product_007931,Furniture & Decor,Decor Item 7931,6261,9.4,7.1,10.1,132.98,2024-01-01T00:00:00
product_007932,Watches & Gifts,Gift Set 7932,312,5.5,4.7,6.1,28.56,2024-01-01T00:00:00
product_007933,Watches & Gifts,Timepiece 7933,180,6.2,3.8,3.4,101.8,2024-01-01T00:00:00
product_007934,Baby Products,Nursery Accessory 7934,551,7.6,3.3,5.1,43.03,2024-01-01T00:00:00
product_007935,Watches & Gifts,Gift Set 7935,314,6.5,4.1,4.6,94.36,2024-01-01T00:00:00
product_007936,Toys & Games,Activity Set 7936,762,5.9,3.9,4.5,17.13,2024-01-01T00:00:00
product_007937,Health & Beauty,Wellness Item 7937,773,7.2,3.9,5.5,41.11,2024-01-01T00:00:00
product_007938,Pet Supplies,Pet Activity Item 7938,431,6.6,2.5,5.0,51.06,2024-01-01T00:00:00
product_007939,Pet Supplies,Pet Activity Item 7939,2514,6.1,5.8,6.1,52.09,2024-01-01T00:00:00
product_007940,Baby Products,Feeding Item 7940,2496,9.6,5.5,5.7,75.24,2024-01-01T00:00:00
product_007941,Home Goods,Household Tool 7941,791,4.3,3.4,4.3,41.73,2024-01-01T00:00:00
product_007942,Office Supplies,Writing Kit 7942,1303,6.1,5.1,5.2,38.71,2024-01-01T00:00:00
product_007943,Books & Media,Learning Guide 7943,247,8.3,3.5,4.8,23.74,2024-01-01T00:00:00
product_007944,Toys & Games,Learning Toy 7944,519,5.8,4.0,5.1,46.6,2024-01-01T00:00:00
product_007945,Pet Supplies,Feeding Set 7945,2106,8.1,4.1,6.4,36.13,2024-01-01T00:00:00
product_007946,Toys & Games,Family Game 7946,1918,6.9,5.3,6.3,28.45,2024-01-01T00:00:00
product_007947,Fashion,Seasonal Wear 7947,256,6.4,2.6,6.9,114.23,2024-01-01T00:00:00
product_007948,Sports & Outdoors,Outdoor Kit 7948,2720,8.4,6.2,6.0,140.28,2024-01-01T00:00:00
product_007949,Home & Bedding,Bedding Set 7949,2661,12.0,5.8,5.3,66.7,2024-01-01T00:00:00
product_007950,Home & Bedding,Home Textile 7950,1225,5.8,4.4,4.9,82.05,2024-01-01T00:00:00
product_007951,Books & Media,Media Collection 7951,409,6.4,3.6,5.2,36.59,2024-01-01T00:00:00
product_007952,Baby Products,Nursery Accessory 7952,2700,7.5,2.9,6.2,162.2,2024-01-01T00:00:00
product_007953,Pet Supplies,Pet Activity Item 7953,1831,6.1,5.3,6.8,76.91,2024-01-01T00:00:00
product_007954,Fashion,Seasonal Wear 7954,552,6.4,4.3,4.2,99.25,2024-01-01T00:00:00
product_007955,Furniture & Decor,Storage Unit 7955,11292,11.7,7.2,11.3,206.05,2024-01-01T00:00:00
product_007956,Mobile & Telecom,Connectivity Kit 7956,820,6.6,3.0,5.2,31.56,2024-01-01T00:00:00
product_007957,Baby Products,Nursery Accessory 7957,716,7.1,3.4,5.0,94.3,2024-01-01T00:00:00
product_007958,Health & Beauty,Daily Essential 7958,203,5.7,3.5,5.0,28.04,2024-01-01T00:00:00
product_007959,Office Supplies,Writing Kit 7959,972,7.2,4.4,5.2,35.38,2024-01-01T00:00:00
product_007960,Garden & Outdoor,Outdoor Accessory 7960,4904,10.1,5.4,7.6,37.38,2024-01-01T00:00:00
product_007961,Electronics & Accessories,Device Accessory 7961,333,5.8,5.7,4.2,159.0,2024-01-01T00:00:00
product_007962,Fashion,Fashion Accessory 7962,289,7.3,3.3,4.1,174.97,2024-01-01T00:00:00
product_007963,Mobile & Telecom,Connectivity Kit 7963,573,6.2,4.5,5.6,189.19,2024-01-01T00:00:00
product_007964,Mobile & Telecom,Mobile Accessory 7964,2748,9.5,4.8,6.4,132.97,2024-01-01T00:00:00
product_007965,Pet Supplies,Feeding Set 7965,1869,9.1,6.2,5.9,62.12,2024-01-01T00:00:00
product_007966,Health & Beauty,Daily Essential 7966,288,6.8,3.9,5.5,24.52,2024-01-01T00:00:00
product_007967,Office Supplies,Office Organizer 7967,1016,7.4,3.9,6.0,25.45,2024-01-01T00:00:00
product_007968,Home Goods,Organization Set 7968,1434,8.3,4.6,6.2,21.22,2024-01-01T00:00:00
product_007969,Baby Products,Nursery Accessory 7969,945,5.8,3.9,5.9,71.66,2024-01-01T00:00:00
product_007970,Furniture & Decor,Storage Unit 7970,1527,7.6,4.3,5.4,115.42,2024-01-01T00:00:00
product_007971,Furniture & Decor,Decor Item 7971,16752,16.8,10.6,11.1,191.31,2024-01-01T00:00:00
product_007972,Baby Products,Feeding Item 7972,2813,8.7,3.9,6.6,62.3,2024-01-01T00:00:00
product_007973,Books & Media,Learning Guide 7973,556,6.4,4.7,5.6,15.32,2024-01-01T00:00:00
product_007974,Garden & Outdoor,Outdoor Accessory 7974,4570,9.3,5.9,7.6,39.11,2024-01-01T00:00:00
product_007975,Home Goods,Kitchen Item 7975,1043,6.7,4.7,4.0,76.52,2024-01-01T00:00:00
product_007976,Home Goods,Organization Set 7976,3212,5.3,7.3,7.3,63.41,2024-01-01T00:00:00
product_007977,Fashion,Seasonal Wear 7977,720,7.0,3.4,6.6,135.7,2024-01-01T00:00:00
product_007978,Books & Media,Media Collection 7978,343,7.2,3.7,5.6,14.75,2024-01-01T00:00:00
product_007979,Toys & Games,Activity Set 7979,1098,5.9,4.0,4.8,29.27,2024-01-01T00:00:00
product_007980,Office Supplies,Writing Kit 7980,520,6.9,4.2,6.0,22.26,2024-01-01T00:00:00
product_007981,Health & Beauty,Daily Essential 7981,340,6.7,5.3,4.8,43.29,2024-01-01T00:00:00
product_007982,Sports & Outdoors,Fitness Item 7982,670,5.9,3.3,6.5,93.76,2024-01-01T00:00:00
product_007983,Home Goods,Kitchen Item 7983,2040,7.3,4.8,7.2,32.3,2024-01-01T00:00:00
product_007984,Garden & Outdoor,Planting Set 7984,1627,7.2,4.9,5.8,64.86,2024-01-01T00:00:00
product_007985,Electronics & Accessories,Device Accessory 7985,564,4.8,3.7,5.1,197.5,2024-01-01T00:00:00
product_007986,Home & Bedding,Bedding Set 7986,2161,6.8,5.6,6.8,82.88,2024-01-01T00:00:00
product_007987,Fashion,Seasonal Wear 7987,527,6.7,3.6,4.6,109.4,2024-01-01T00:00:00
product_007988,Toys & Games,Activity Set 7988,764,5.9,4.5,5.4,39.36,2024-01-01T00:00:00
product_007989,Electronics & Accessories,Audio Item 7989,646,6.2,2.3,5.8,76.88,2024-01-01T00:00:00
product_007990,Watches & Gifts,Timepiece 7990,216,6.3,4.4,5.5,13.64,2024-01-01T00:00:00
product_007991,Home & Bedding,Home Textile 7991,1113,5.5,4.6,4.5,28.05,2024-01-01T00:00:00
product_007992,Office Supplies,Desk Set 7992,359,6.4,2.8,5.5,25.64,2024-01-01T00:00:00
product_007993,Mobile & Telecom,Mobile Accessory 7993,1029,5.6,3.8,5.7,145.32,2024-01-01T00:00:00
product_007994,Furniture & Decor,Decor Item 7994,3470,8.3,3.7,8.0,490.42,2024-01-01T00:00:00
product_007995,Electronics & Accessories,Charging Kit 7995,597,6.3,3.6,4.6,251.44,2024-01-01T00:00:00
product_007996,Home Goods,Kitchen Item 7996,1212,5.9,4.2,5.2,48.44,2024-01-01T00:00:00
product_007997,Home & Bedding,Bedding Set 7997,1614,7.5,6.5,5.4,66.93,2024-01-01T00:00:00
product_007998,Home Goods,Organization Set 7998,3604,9.0,6.0,6.7,67.33,2024-01-01T00:00:00
product_007999,Health & Beauty,Wellness Item 7999,423,7.1,3.8,4.4,33.93,2024-01-01T00:00:00
product_008000,Home & Bedding,Comfort Item 8000,4520,6.8,6.9,8.1,44.21,2024-01-01T00:00:00
