review_id,order_id,review_score,review_creation_date,review_answer_timestamp,review_sentiment_label,satisfaction_risk_flag,scenario_name
review_0000001,order_0000002,5,2025-09-19T00:00:00,2025-09-21T20:00:00,positive,False,baseline
review_0000002,order_0000004,5,2024-05-06T00:00:00,2024-05-06T21:00:00,positive,False,baseline
review_0000003,order_0000005,5,2026-07-24T00:00:00,2026-07-26T12:00:00,positive,False,baseline
review_0000004,order_0000006,4,2024-12-24T00:00:00,2024-12-25T11:00:00,positive,False,baseline
review_0000005,order_0000007,5,2026-08-24T00:00:00,2026-08-26T12:00:00,positive,False,baseline
review_0000006,order_0000011,3,2025-07-12T00:00:00,2025-07-13T17:00:00,neutral,False,baseline
review_0000007,order_0000014,3,2025-06-14T00:00:00,2025-06-15T02:00:00,neutral,False,baseline
review_0000008,order_0000015,3,2024-03-20T00:00:00,2024-03-21T12:00:00,neutral,False,baseline
review_0000009,order_0000016,1,2025-03-24T00:00:00,2025-03-25T19:00:00,negative,True,baseline
review_0000010,order_0000018,4,2026-10-03T00:00:00,2026-10-05T21:00:00,positive,False,baseline
review_0000011,order_0000020,5,2025-12-09T00:00:00,2025-12-11T11:00:00,positive,False,baseline
review_0000012,order_0000022,5,2026-10-15T00:00:00,2026-10-17T11:00:00,positive,False,baseline
review_0000013,order_0000024,4,2025-06-20T00:00:00,2025-06-22T07:00:00,positive,False,baseline
review_0000014,order_0000025,2,2024-07-13T00:00:00,2024-07-15T00:00:00,negative,True,baseline
review_0000015,order_0000026,5,2025-12-25T00:00:00,2025-12-27T18:00:00,positive,False,baseline
review_0000016,order_0000027,4,2026-03-15T00:00:00,2026-03-15T13:00:00,positive,False,baseline
review_0000017,order_0000028,4,2025-05-24T00:00:00,2025-05-24T11:00:00,positive,False,baseline
review_0000018,order_0000029,4,2025-01-22T00:00:00,2025-01-22T17:00:00,positive,False,baseline
review_0000019,order_0000031,4,2026-02-12T00:00:00,2026-02-14T17:00:00,positive,False,baseline
review_0000020,order_0000032,4,2024-10-01T00:00:00,2024-10-01T08:00:00,positive,False,baseline
review_0000021,order_0000033,4,2025-04-06T00:00:00,2025-04-08T07:00:00,positive,False,baseline
review_0000022,order_0000035,3,2026-03-25T00:00:00,2026-03-27T02:00:00,neutral,False,baseline
review_0000023,order_0000036,3,2026-12-19T00:00:00,2026-12-21T16:00:00,neutral,False,baseline
review_0000024,order_0000037,4,2024-12-24T00:00:00,2024-12-25T15:00:00,positive,False,baseline
review_0000025,order_0000038,5,2024-08-09T00:00:00,2024-08-10T06:00:00,positive,False,baseline
review_0000026,order_0000039,4,2024-04-24T00:00:00,2024-04-26T06:00:00,positive,False,baseline
review_0000027,order_0000040,5,2024-08-10T00:00:00,2024-08-11T11:00:00,positive,False,baseline
review_0000028,order_0000041,5,2025-05-27T00:00:00,2025-05-29T16:00:00,positive,False,baseline
review_0000029,order_0000043,4,2025-05-03T00:00:00,2025-05-04T21:00:00,positive,False,baseline
review_0000030,order_0000045,3,2024-04-06T00:00:00,2024-04-07T12:00:00,neutral,False,baseline
review_0000031,order_0000046,4,2025-01-20T00:00:00,2025-01-20T22:00:00,positive,False,baseline
review_0000032,order_0000048,4,2025-01-01T00:00:00,2025-01-02T03:00:00,positive,False,baseline
review_0000033,order_0000049,4,2025-01-04T00:00:00,2025-01-05T09:00:00,positive,False,baseline
review_0000034,order_0000050,2,2026-09-06T00:00:00,2026-09-06T22:00:00,negative,True,baseline
review_0000035,order_0000051,4,2025-01-10T00:00:00,2025-01-10T23:00:00,positive,False,baseline
review_0000036,order_0000052,4,2026-12-02T00:00:00,2026-12-02T18:00:00,positive,False,baseline
review_0000037,order_0000054,3,2025-05-30T00:00:00,2025-06-01T21:00:00,neutral,False,baseline
review_0000038,order_0000055,5,2026-04-30T00:00:00,2026-05-02T18:00:00,positive,False,baseline
review_0000039,order_0000058,3,2024-01-28T00:00:00,2024-01-28T09:00:00,neutral,False,baseline
review_0000040,order_0000059,3,2026-11-06T00:00:00,2026-11-07T17:00:00,neutral,False,baseline
review_0000041,order_0000061,5,2025-08-24T00:00:00,2025-08-24T08:00:00,positive,False,baseline
review_0000042,order_0000062,4,2024-06-05T00:00:00,2024-06-05T20:00:00,positive,False,baseline
review_0000043,order_0000064,3,2024-08-02T00:00:00,2024-08-04T19:00:00,neutral,False,baseline
review_0000044,order_0000066,3,2025-01-26T00:00:00,2025-01-26T11:00:00,neutral,False,baseline
review_0000045,order_0000067,4,2025-01-11T00:00:00,2025-01-12T08:00:00,positive,False,baseline
review_0000046,order_0000068,5,2025-11-11T00:00:00,2025-11-11T09:00:00,positive,False,baseline
review_0000047,order_0000069,5,2025-04-16T00:00:00,2025-04-18T16:00:00,positive,False,baseline
review_0000048,order_0000071,4,2025-12-26T00:00:00,2025-12-28T18:00:00,positive,False,baseline
review_0000049,order_0000074,3,2025-11-02T00:00:00,2025-11-03T23:00:00,neutral,False,baseline
review_0000050,order_0000075,4,2026-12-21T00:00:00,2026-12-23T14:00:00,positive,False,baseline
review_0000051,order_0000077,4,2025-01-12T00:00:00,2025-01-12T23:00:00,positive,False,baseline
review_0000052,order_0000080,5,2025-01-05T00:00:00,2025-01-05T20:00:00,positive,False,baseline
review_0000053,order_0000081,5,2024-06-18T00:00:00,2024-06-18T17:00:00,positive,False,baseline
review_0000054,order_0000082,5,2026-07-16T00:00:00,2026-07-19T00:00:00,positive,False,baseline
review_0000055,order_0000084,4,2024-07-25T00:00:00,2024-07-27T19:00:00,positive,False,baseline
review_0000056,order_0000086,4,2024-05-10T00:00:00,2024-05-12T15:00:00,positive,False,baseline
review_0000057,order_0000087,4,2025-02-04T00:00:00,2025-02-05T00:00:00,positive,False,baseline
review_0000058,order_0000089,4,2026-04-18T00:00:00,2026-04-20T12:00:00,positive,False,baseline
review_0000059,order_0000090,4,2025-12-11T00:00:00,2025-12-14T00:00:00,positive,False,baseline
review_0000060,order_0000091,3,2025-10-05T00:00:00,2025-10-06T04:00:00,neutral,False,baseline
review_0000061,order_0000092,4,2024-10-20T00:00:00,2024-10-20T20:00:00,positive,False,baseline
review_0000062,order_0000093,4,2026-10-06T00:00:00,2026-10-07T09:00:00,positive,False,baseline
review_0000063,order_0000095,4,2026-07-15T00:00:00,2026-07-16T12:00:00,positive,False,baseline
review_0000064,order_0000096,3,2025-03-22T00:00:00,2025-03-24T10:00:00,neutral,False,baseline
review_0000065,order_0000097,5,2025-02-25T00:00:00,2025-02-26T09:00:00,positive,False,baseline
review_0000066,order_0000098,5,2024-07-18T00:00:00,2024-07-19T11:00:00,positive,False,baseline
review_0000067,order_0000100,3,2025-12-07T00:00:00,2025-12-09T15:00:00,neutral,False,baseline
review_0000068,order_0000102,5,2024-08-23T00:00:00,2024-08-24T16:00:00,positive,False,baseline
review_0000069,order_0000103,5,2026-12-10T00:00:00,2026-12-12T12:00:00,positive,False,baseline
review_0000070,order_0000104,4,2025-06-26T00:00:00,2025-06-27T03:00:00,positive,False,baseline
review_0000071,order_0000109,4,2025-12-14T00:00:00,2025-12-14T21:00:00,positive,False,baseline
review_0000072,order_0000110,4,2024-01-24T00:00:00,2024-01-26T23:00:00,positive,False,baseline
review_0000073,order_0000111,4,2026-07-24T00:00:00,2026-07-26T18:00:00,positive,False,baseline
review_0000074,order_0000112,4,2024-02-16T00:00:00,2024-02-18T13:00:00,positive,False,baseline
review_0000075,order_0000113,3,2024-01-14T00:00:00,2024-01-16T21:00:00,neutral,False,baseline
review_0000076,order_0000116,5,2026-05-09T00:00:00,2026-05-10T14:00:00,positive,False,baseline
review_0000077,order_0000117,4,2024-03-28T00:00:00,2024-03-29T03:00:00,positive,False,baseline
review_0000078,order_0000118,3,2026-05-28T00:00:00,2026-05-29T08:00:00,neutral,False,baseline
review_0000079,order_0000119,2,2026-09-26T00:00:00,2026-09-28T03:00:00,negative,True,baseline
review_0000080,order_0000121,4,2026-07-27T00:00:00,2026-07-29T20:00:00,positive,False,baseline
review_0000081,order_0000122,3,2024-04-27T00:00:00,2024-04-29T01:00:00,neutral,False,baseline
review_0000082,order_0000123,4,2024-07-31T00:00:00,2024-08-01T18:00:00,positive,False,baseline
review_0000083,order_0000124,4,2026-01-17T00:00:00,2026-01-18T23:00:00,positive,False,baseline
review_0000084,order_0000126,5,2026-09-06T00:00:00,2026-09-08T01:00:00,positive,False,baseline
review_0000085,order_0000127,4,2025-07-01T00:00:00,2025-07-03T16:00:00,positive,False,baseline
review_0000086,order_0000129,4,2026-12-26T00:00:00,2026-12-26T08:00:00,positive,False,baseline
review_0000087,order_0000131,5,2026-11-18T00:00:00,2026-11-18T21:00:00,positive,False,baseline
review_0000088,order_0000133,4,2026-07-09T00:00:00,2026-07-12T00:00:00,positive,False,baseline
review_0000089,order_0000134,4,2024-08-11T00:00:00,2024-08-12T17:00:00,positive,False,baseline
review_0000090,order_0000135,5,2026-12-23T00:00:00,2026-12-24T08:00:00,positive,False,baseline
review_0000091,order_0000139,4,2024-02-21T00:00:00,2024-02-22T18:00:00,positive,False,baseline
review_0000092,order_0000140,4,2025-11-12T00:00:00,2025-11-14T08:00:00,positive,False,baseline
review_0000093,order_0000141,5,2025-12-31T00:00:00,2026-01-01T20:00:00,positive,False,baseline
review_0000094,order_0000143,5,2024-05-08T00:00:00,2024-05-08T09:00:00,positive,False,baseline
review_0000095,order_0000144,5,2025-06-04T00:00:00,2025-06-06T16:00:00,positive,False,baseline
review_0000096,order_0000145,5,2024-02-11T00:00:00,2024-02-11T20:00:00,positive,False,baseline
review_0000097,order_0000146,3,2024-04-02T00:00:00,2024-04-04T09:00:00,neutral,False,baseline
review_0000098,order_0000147,4,2024-11-22T00:00:00,2024-11-24T06:00:00,positive,False,baseline
review_0000099,order_0000148,5,2024-10-18T00:00:00,2024-10-19T05:00:00,positive,False,baseline
review_0000100,order_0000149,4,2026-09-11T00:00:00,2026-09-12T04:00:00,positive,False,baseline
review_0000101,order_0000150,4,2026-01-08T00:00:00,2026-01-09T13:00:00,positive,False,baseline
review_0000102,order_0000153,4,2026-01-06T00:00:00,2026-01-07T12:00:00,positive,False,baseline
review_0000103,order_0000154,3,2026-07-21T00:00:00,2026-07-23T12:00:00,neutral,False,baseline
review_0000104,order_0000155,3,2025-01-13T00:00:00,2025-01-15T03:00:00,neutral,False,baseline
review_0000105,order_0000156,4,2026-12-10T00:00:00,2026-12-12T03:00:00,positive,False,baseline
review_0000106,order_0000158,4,2024-12-30T00:00:00,2024-12-31T05:00:00,positive,False,baseline
review_0000107,order_0000159,4,2025-12-09T00:00:00,2025-12-10T00:00:00,positive,False,baseline
review_0000108,order_0000160,4,2025-12-21T00:00:00,2025-12-23T12:00:00,positive,False,baseline
review_0000109,order_0000163,5,2025-10-15T00:00:00,2025-10-16T12:00:00,positive,False,baseline
review_0000110,order_0000164,3,2026-08-21T00:00:00,2026-08-23T22:00:00,neutral,False,baseline
review_0000111,order_0000167,5,2026-06-28T00:00:00,2026-06-30T11:00:00,positive,False,baseline
review_0000112,order_0000168,3,2025-01-23T00:00:00,2025-01-23T17:00:00,neutral,False,baseline
review_0000113,order_0000169,4,2025-02-19T00:00:00,2025-02-20T09:00:00,positive,False,baseline
review_0000114,order_0000171,3,2025-09-20T00:00:00,2025-09-22T03:00:00,neutral,False,baseline
review_0000115,order_0000172,5,2026-05-29T00:00:00,2026-05-31T01:00:00,positive,False,baseline
review_0000116,order_0000173,4,2025-02-11T00:00:00,2025-02-12T08:00:00,positive,False,baseline
review_0000117,order_0000174,4,2026-09-24T00:00:00,2026-09-25T03:00:00,positive,False,baseline
review_0000118,order_0000175,5,2026-11-21T00:00:00,2026-11-23T23:00:00,positive,False,baseline
review_0000119,order_0000176,4,2025-12-13T00:00:00,2025-12-15T09:00:00,positive,False,baseline
review_0000120,order_0000177,4,2024-06-16T00:00:00,2024-06-16T23:00:00,positive,False,baseline
review_0000121,order_0000179,4,2024-08-27T00:00:00,2024-08-29T18:00:00,positive,False,baseline
review_0000122,order_0000182,3,2026-06-09T00:00:00,2026-06-10T08:00:00,neutral,False,baseline
review_0000123,order_0000183,3,2025-09-06T00:00:00,2025-09-08T18:00:00,neutral,False,baseline
review_0000124,order_0000184,5,2026-06-15T00:00:00,2026-06-16T22:00:00,positive,False,baseline
review_0000125,order_0000185,4,2025-10-17T00:00:00,2025-10-18T05:00:00,positive,False,baseline
review_0000126,order_0000186,3,2026-08-25T00:00:00,2026-08-25T11:00:00,neutral,False,baseline
review_0000127,order_0000188,4,2025-08-19T00:00:00,2025-08-20T14:00:00,positive,False,baseline
review_0000128,order_0000189,5,2024-08-12T00:00:00,2024-08-13T19:00:00,positive,False,baseline
review_0000129,order_0000190,4,2025-02-09T00:00:00,2025-02-10T21:00:00,positive,False,baseline
review_0000130,order_0000191,4,2025-07-24T00:00:00,2025-07-24T13:00:00,positive,False,baseline
review_0000131,order_0000193,4,2025-03-18T00:00:00,2025-03-18T13:00:00,positive,False,baseline
review_0000132,order_0000195,5,2024-05-31T00:00:00,2024-06-02T09:00:00,positive,False,baseline
review_0000133,order_0000196,5,2024-12-21T00:00:00,2024-12-22T21:00:00,positive,False,baseline
review_0000134,order_0000197,4,2024-11-23T00:00:00,2024-11-24T15:00:00,positive,False,baseline
review_0000135,order_0000198,5,2025-12-10T00:00:00,2025-12-10T11:00:00,positive,False,baseline
review_0000136,order_0000199,4,2024-08-03T00:00:00,2024-08-04T23:00:00,positive,False,baseline
review_0000137,order_0000204,5,2024-10-03T00:00:00,2024-10-05T16:00:00,positive,False,baseline
review_0000138,order_0000205,5,2025-10-24T00:00:00,2025-10-25T08:00:00,positive,False,baseline
review_0000139,order_0000206,5,2024-08-11T00:00:00,2024-08-11T23:00:00,positive,False,baseline
review_0000140,order_0000207,2,2026-02-06T00:00:00,2026-02-07T13:00:00,negative,True,baseline
review_0000141,order_0000209,5,2025-01-18T00:00:00,2025-01-19T10:00:00,positive,False,baseline
review_0000142,order_0000210,4,2026-11-05T00:00:00,2026-11-06T05:00:00,positive,False,baseline
review_0000143,order_0000211,3,2024-08-17T00:00:00,2024-08-17T09:00:00,neutral,False,baseline
review_0000144,order_0000213,3,2024-11-10T00:00:00,2024-11-12T02:00:00,neutral,False,baseline
review_0000145,order_0000214,5,2025-12-10T00:00:00,2025-12-12T02:00:00,positive,False,baseline
review_0000146,order_0000215,4,2025-07-27T00:00:00,2025-07-29T03:00:00,positive,False,baseline
review_0000147,order_0000216,3,2026-10-15T00:00:00,2026-10-15T13:00:00,neutral,False,baseline
review_0000148,order_0000217,4,2024-02-01T00:00:00,2024-02-01T18:00:00,positive,False,baseline
review_0000149,order_0000220,4,2024-09-30T00:00:00,2024-09-30T21:00:00,positive,False,baseline
review_0000150,order_0000222,3,2026-06-07T00:00:00,2026-06-09T14:00:00,neutral,False,baseline
review_0000151,order_0000223,4,2024-10-22T00:00:00,2024-10-24T19:00:00,positive,False,baseline
review_0000152,order_0000225,3,2026-01-02T00:00:00,2026-01-03T00:00:00,neutral,False,baseline
review_0000153,order_0000227,4,2026-01-03T00:00:00,2026-01-04T14:00:00,positive,False,baseline
review_0000154,order_0000229,5,2026-06-22T00:00:00,2026-06-23T18:00:00,positive,False,baseline
review_0000155,order_0000230,4,2024-03-11T00:00:00,2024-03-12T03:00:00,positive,False,baseline
review_0000156,order_0000231,4,2026-01-28T00:00:00,2026-01-29T07:00:00,positive,False,baseline
review_0000157,order_0000232,4,2026-03-24T00:00:00,2026-03-24T11:00:00,positive,False,baseline
review_0000158,order_0000233,4,2026-01-04T00:00:00,2026-01-06T05:00:00,positive,False,baseline
review_0000159,order_0000235,3,2024-01-29T00:00:00,2024-01-29T09:00:00,neutral,False,baseline
review_0000160,order_0000236,4,2024-05-09T00:00:00,2024-05-09T23:00:00,positive,False,baseline
review_0000161,order_0000238,4,2025-02-25T00:00:00,2025-02-26T01:00:00,positive,False,baseline
review_0000162,order_0000240,5,2026-04-02T00:00:00,2026-04-02T17:00:00,positive,False,baseline
review_0000163,order_0000242,5,2024-10-09T00:00:00,2024-10-10T11:00:00,positive,False,baseline
review_0000164,order_0000243,5,2026-12-26T00:00:00,2026-12-26T14:00:00,positive,False,baseline
review_0000165,order_0000244,4,2025-12-17T00:00:00,2025-12-17T15:00:00,positive,False,baseline
review_0000166,order_0000248,3,2026-11-10T00:00:00,2026-11-11T10:00:00,neutral,False,baseline
review_0000167,order_0000249,5,2026-03-28T00:00:00,2026-03-29T11:00:00,positive,False,baseline
review_0000168,order_0000250,3,2024-06-01T00:00:00,2024-06-03T13:00:00,neutral,False,baseline
review_0000169,order_0000251,4,2024-11-29T00:00:00,2024-11-30T02:00:00,positive,False,baseline
review_0000170,order_0000252,5,2026-09-23T00:00:00,2026-09-25T10:00:00,positive,False,baseline
review_0000171,order_0000253,5,2025-11-27T00:00:00,2025-11-27T09:00:00,positive,False,baseline
review_0000172,order_0000254,5,2025-06-20T00:00:00,2025-06-23T00:00:00,positive,False,baseline
review_0000173,order_0000256,4,2025-11-28T00:00:00,2025-11-30T06:00:00,positive,False,baseline
review_0000174,order_0000258,5,2026-03-02T00:00:00,2026-03-02T11:00:00,positive,False,baseline
review_0000175,order_0000259,4,2026-03-21T00:00:00,2026-03-21T22:00:00,positive,False,baseline
review_0000176,order_0000261,3,2025-05-25T00:00:00,2025-05-26T08:00:00,neutral,False,baseline
review_0000177,order_0000265,4,2026-06-09T00:00:00,2026-06-12T00:00:00,positive,False,baseline
review_0000178,order_0000268,4,2025-07-11T00:00:00,2025-07-13T21:00:00,positive,False,baseline
review_0000179,order_0000269,4,2025-09-07T00:00:00,2025-09-09T21:00:00,positive,False,baseline
review_0000180,order_0000271,3,2024-09-10T00:00:00,2024-09-11T02:00:00,neutral,False,baseline
review_0000181,order_0000273,4,2026-12-11T00:00:00,2026-12-13T09:00:00,positive,False,baseline
review_0000182,order_0000274,5,2025-11-16T00:00:00,2025-11-19T00:00:00,positive,False,baseline
review_0000183,order_0000275,3,2024-03-07T00:00:00,2024-03-07T17:00:00,neutral,False,baseline
review_0000184,order_0000276,5,2025-11-24T00:00:00,2025-11-24T10:00:00,positive,False,baseline
review_0000185,order_0000279,3,2025-04-03T00:00:00,2025-04-05T10:00:00,neutral,False,baseline
review_0000186,order_0000280,3,2025-04-10T00:00:00,2025-04-10T14:00:00,neutral,False,baseline
review_0000187,order_0000281,4,2025-01-24T00:00:00,2025-01-25T09:00:00,positive,False,baseline
review_0000188,order_0000282,4,2025-08-10T00:00:00,2025-08-12T15:00:00,positive,False,baseline
review_0000189,order_0000285,4,2026-05-29T00:00:00,2026-05-29T21:00:00,positive,False,baseline
review_0000190,order_0000286,4,2025-06-11T00:00:00,2025-06-12T13:00:00,positive,False,baseline
review_0000191,order_0000287,5,2024-10-23T00:00:00,2024-10-25T18:00:00,positive,False,baseline
review_0000192,order_0000289,5,2025-02-01T00:00:00,2025-02-02T13:00:00,positive,False,baseline
review_0000193,order_0000290,4,2025-11-19T00:00:00,2025-11-21T02:00:00,positive,False,baseline
review_0000194,order_0000291,4,2026-10-07T00:00:00,2026-10-07T09:00:00,positive,False,baseline
review_0000195,order_0000292,4,2024-06-17T00:00:00,2024-06-18T22:00:00,positive,False,baseline
review_0000196,order_0000293,3,2025-03-05T00:00:00,2025-03-06T21:00:00,neutral,False,baseline
review_0000197,order_0000294,3,2025-09-23T00:00:00,2025-09-23T11:00:00,neutral,False,baseline
review_0000198,order_0000295,3,2024-02-03T00:00:00,2024-02-04T20:00:00,neutral,False,baseline
review_0000199,order_0000296,3,2024-02-02T00:00:00,2024-02-02T08:00:00,neutral,False,baseline
review_0000200,order_0000297,4,2024-09-19T00:00:00,2024-09-21T16:00:00,positive,False,baseline
review_0000201,order_0000298,3,2025-08-10T00:00:00,2025-08-12T03:00:00,neutral,False,baseline
review_0000202,order_0000299,5,2026-05-25T00:00:00,2026-05-27T17:00:00,positive,False,baseline
review_0000203,order_0000303,3,2025-12-14T00:00:00,2025-12-17T00:00:00,neutral,False,baseline
review_0000204,order_0000304,5,2024-05-16T00:00:00,2024-05-18T09:00:00,positive,False,baseline
review_0000205,order_0000307,4,2026-01-07T00:00:00,2026-01-07T16:00:00,positive,False,baseline
review_0000206,order_0000309,5,2025-08-31T00:00:00,2025-09-02T13:00:00,positive,False,baseline
review_0000207,order_0000310,4,2025-08-29T00:00:00,2025-08-29T19:00:00,positive,False,baseline
review_0000208,order_0000311,5,2026-12-20T00:00:00,2026-12-20T12:00:00,positive,False,baseline
review_0000209,order_0000312,4,2024-08-01T00:00:00,2024-08-03T23:00:00,positive,False,baseline
review_0000210,order_0000313,5,2026-10-11T00:00:00,2026-10-13T20:00:00,positive,False,baseline
review_0000211,order_0000315,4,2024-05-31T00:00:00,2024-06-01T12:00:00,positive,False,baseline
review_0000212,order_0000318,5,2026-12-29T00:00:00,2026-12-31T08:00:00,positive,False,baseline
review_0000213,order_0000319,5,2025-10-13T00:00:00,2025-10-13T22:00:00,positive,False,baseline
review_0000214,order_0000320,4,2025-10-15T00:00:00,2025-10-17T11:00:00,positive,False,baseline
review_0000215,order_0000321,4,2025-05-20T00:00:00,2025-05-21T05:00:00,positive,False,baseline
review_0000216,order_0000322,3,2025-09-25T00:00:00,2025-09-27T00:00:00,neutral,False,baseline
review_0000217,order_0000323,4,2024-11-18T00:00:00,2024-11-19T08:00:00,positive,False,baseline
review_0000218,order_0000324,4,2024-06-24T00:00:00,2024-06-25T04:00:00,positive,False,baseline
review_0000219,order_0000325,2,2026-04-30T00:00:00,2026-05-01T10:00:00,negative,True,baseline
review_0000220,order_0000329,3,2025-03-19T00:00:00,2025-03-19T20:00:00,neutral,False,baseline
review_0000221,order_0000330,3,2025-07-07T00:00:00,2025-07-09T12:00:00,neutral,False,baseline
review_0000222,order_0000332,5,2024-05-21T00:00:00,2024-05-22T22:00:00,positive,False,baseline
review_0000223,order_0000333,4,2024-08-03T00:00:00,2024-08-03T14:00:00,positive,False,baseline
review_0000224,order_0000335,4,2025-11-08T00:00:00,2025-11-10T19:00:00,positive,False,baseline
review_0000225,order_0000336,5,2025-12-21T00:00:00,2025-12-21T08:00:00,positive,False,baseline
review_0000226,order_0000337,4,2024-06-15T00:00:00,2024-06-17T19:00:00,positive,False,baseline
review_0000227,order_0000338,2,2025-02-04T00:00:00,2025-02-05T10:00:00,negative,True,baseline
review_0000228,order_0000339,5,2026-11-11T00:00:00,2026-11-13T05:00:00,positive,False,baseline
review_0000229,order_0000341,4,2024-05-29T00:00:00,2024-05-30T04:00:00,positive,False,baseline
review_0000230,order_0000342,5,2025-04-14T00:00:00,2025-04-16T13:00:00,positive,False,baseline
review_0000231,order_0000343,4,2026-08-25T00:00:00,2026-08-25T15:00:00,positive,False,baseline
review_0000232,order_0000344,5,2024-11-12T00:00:00,2024-11-12T17:00:00,positive,False,baseline
review_0000233,order_0000345,2,2024-10-26T00:00:00,2024-10-27T19:00:00,negative,True,baseline
review_0000234,order_0000351,4,2025-06-03T00:00:00,2025-06-04T20:00:00,positive,False,baseline
review_0000235,order_0000352,4,2026-06-08T00:00:00,2026-06-09T16:00:00,positive,False,baseline
review_0000236,order_0000355,3,2025-11-25T00:00:00,2025-11-27T17:00:00,neutral,False,baseline
review_0000237,order_0000356,5,2025-02-21T00:00:00,2025-02-23T22:00:00,positive,False,baseline
review_0000238,order_0000357,5,2025-08-23T00:00:00,2025-08-25T15:00:00,positive,False,baseline
review_0000239,order_0000360,4,2024-09-14T00:00:00,2024-09-16T06:00:00,positive,False,baseline
review_0000240,order_0000361,5,2024-10-16T00:00:00,2024-10-17T02:00:00,positive,False,baseline
review_0000241,order_0000365,5,2024-04-12T00:00:00,2024-04-13T14:00:00,positive,False,baseline
review_0000242,order_0000366,4,2024-03-24T00:00:00,2024-03-25T06:00:00,positive,False,baseline
review_0000243,order_0000369,4,2026-04-19T00:00:00,2026-04-20T16:00:00,positive,False,baseline
review_0000244,order_0000372,4,2025-06-20T00:00:00,2025-06-20T18:00:00,positive,False,baseline
review_0000245,order_0000373,5,2024-04-04T00:00:00,2024-04-06T07:00:00,positive,False,baseline
review_0000246,order_0000374,4,2024-03-18T00:00:00,2024-03-18T18:00:00,positive,False,baseline
review_0000247,order_0000377,4,2024-07-18T00:00:00,2024-07-20T11:00:00,positive,False,baseline
review_0000248,order_0000378,3,2026-03-09T00:00:00,2026-03-11T14:00:00,neutral,False,baseline
review_0000249,order_0000380,4,2026-06-08T00:00:00,2026-06-09T06:00:00,positive,False,baseline
review_0000250,order_0000382,4,2025-02-23T00:00:00,2025-02-24T13:00:00,positive,False,baseline
review_0000251,order_0000384,5,2024-02-13T00:00:00,2024-02-13T17:00:00,positive,False,baseline
review_0000252,order_0000385,4,2026-01-01T00:00:00,2026-01-02T03:00:00,positive,False,baseline
review_0000253,order_0000389,4,2024-01-22T00:00:00,2024-01-25T00:00:00,positive,False,baseline
review_0000254,order_0000391,4,2024-02-06T00:00:00,2024-02-07T09:00:00,positive,False,baseline
review_0000255,order_0000393,4,2024-04-04T00:00:00,2024-04-06T04:00:00,positive,False,baseline
review_0000256,order_0000396,4,2024-11-04T00:00:00,2024-11-06T15:00:00,positive,False,baseline
review_0000257,order_0000397,2,2026-03-04T00:00:00,2026-03-05T02:00:00,negative,True,baseline
review_0000258,order_0000398,3,2024-07-24T00:00:00,2024-07-25T15:00:00,neutral,False,baseline
review_0000259,order_0000400,4,2024-08-01T00:00:00,2024-08-02T14:00:00,positive,False,baseline
review_0000260,order_0000401,5,2024-11-13T00:00:00,2024-11-15T19:00:00,positive,False,baseline
review_0000261,order_0000402,1,2024-09-27T00:00:00,2024-09-28T20:00:00,negative,True,baseline
review_0000262,order_0000403,3,2026-10-27T00:00:00,2026-10-29T08:00:00,neutral,False,baseline
review_0000263,order_0000405,4,2024-08-09T00:00:00,2024-08-11T02:00:00,positive,False,baseline
review_0000264,order_0000406,5,2026-05-16T00:00:00,2026-05-18T07:00:00,positive,False,baseline
review_0000265,order_0000408,3,2026-07-27T00:00:00,2026-07-29T21:00:00,neutral,False,baseline
review_0000266,order_0000409,5,2025-02-21T00:00:00,2025-02-21T12:00:00,positive,False,baseline
review_0000267,order_0000410,4,2025-07-20T00:00:00,2025-07-20T18:00:00,positive,False,baseline
review_0000268,order_0000416,4,2024-01-21T00:00:00,2024-01-23T03:00:00,positive,False,baseline
review_0000269,order_0000417,4,2026-03-23T00:00:00,2026-03-24T20:00:00,positive,False,baseline
review_0000270,order_0000419,5,2024-03-04T00:00:00,2024-03-06T05:00:00,positive,False,baseline
review_0000271,order_0000420,3,2026-06-09T00:00:00,2026-06-09T16:00:00,neutral,False,baseline
review_0000272,order_0000421,4,2025-06-08T00:00:00,2025-06-10T14:00:00,positive,False,baseline
review_0000273,order_0000422,4,2026-07-09T00:00:00,2026-07-11T10:00:00,positive,False,baseline
review_0000274,order_0000423,1,2024-08-20T00:00:00,2024-08-20T18:00:00,negative,True,baseline
review_0000275,order_0000424,2,2024-07-24T00:00:00,2024-07-24T16:00:00,negative,True,baseline
review_0000276,order_0000425,4,2026-12-27T00:00:00,2026-12-27T18:00:00,positive,False,baseline
review_0000277,order_0000426,5,2025-04-12T00:00:00,2025-04-14T15:00:00,positive,False,baseline
review_0000278,order_0000427,4,2025-11-27T00:00:00,2025-11-29T13:00:00,positive,False,baseline
review_0000279,order_0000428,4,2024-06-29T00:00:00,2024-07-01T18:00:00,positive,False,baseline
review_0000280,order_0000429,2,2024-04-06T00:00:00,2024-04-06T17:00:00,negative,True,baseline
review_0000281,order_0000430,5,2026-05-11T00:00:00,2026-05-11T08:00:00,positive,False,baseline
review_0000282,order_0000431,3,2024-04-29T00:00:00,2024-04-29T11:00:00,neutral,False,baseline
review_0000283,order_0000433,5,2025-12-22T00:00:00,2025-12-22T19:00:00,positive,False,baseline
review_0000284,order_0000434,3,2024-09-07T00:00:00,2024-09-09T02:00:00,neutral,False,baseline
review_0000285,order_0000435,5,2025-03-28T00:00:00,2025-03-30T09:00:00,positive,False,baseline
review_0000286,order_0000436,5,2025-09-27T00:00:00,2025-09-29T06:00:00,positive,False,baseline
review_0000287,order_0000437,5,2026-11-07T00:00:00,2026-11-08T23:00:00,positive,False,baseline
review_0000288,order_0000438,2,2024-10-31T00:00:00,2024-11-01T17:00:00,negative,True,baseline
review_0000289,order_0000439,4,2025-02-24T00:00:00,2025-02-24T13:00:00,positive,False,baseline
review_0000290,order_0000443,4,2026-04-02T00:00:00,2026-04-04T12:00:00,positive,False,baseline
review_0000291,order_0000447,5,2024-02-10T00:00:00,2024-02-10T21:00:00,positive,False,baseline
review_0000292,order_0000448,4,2025-06-14T00:00:00,2025-06-14T08:00:00,positive,False,baseline
review_0000293,order_0000449,5,2026-10-28T00:00:00,2026-10-30T13:00:00,positive,False,baseline
review_0000294,order_0000451,5,2026-12-03T00:00:00,2026-12-05T11:00:00,positive,False,baseline
review_0000295,order_0000452,3,2024-11-24T00:00:00,2024-11-26T01:00:00,neutral,False,baseline
review_0000296,order_0000454,3,2025-05-27T00:00:00,2025-05-29T18:00:00,neutral,False,baseline
review_0000297,order_0000455,5,2024-06-10T00:00:00,2024-06-11T03:00:00,positive,False,baseline
review_0000298,order_0000456,4,2025-01-03T00:00:00,2025-01-05T00:00:00,positive,False,baseline
review_0000299,order_0000457,2,2024-08-22T00:00:00,2024-08-23T03:00:00,negative,True,baseline
review_0000300,order_0000458,5,2024-05-01T00:00:00,2024-05-01T13:00:00,positive,False,baseline
review_0000301,order_0000461,5,2025-02-05T00:00:00,2025-02-05T16:00:00,positive,False,baseline
review_0000302,order_0000462,4,2024-02-11T00:00:00,2024-02-12T13:00:00,positive,False,baseline
review_0000303,order_0000463,5,2024-06-13T00:00:00,2024-06-14T08:00:00,positive,False,baseline
review_0000304,order_0000466,4,2026-01-20T00:00:00,2026-01-20T13:00:00,positive,False,baseline
review_0000305,order_0000468,4,2024-09-08T00:00:00,2024-09-09T23:00:00,positive,False,baseline
review_0000306,order_0000469,4,2026-01-09T00:00:00,2026-01-09T20:00:00,positive,False,baseline
review_0000307,order_0000470,4,2026-10-30T00:00:00,2026-11-01T07:00:00,positive,False,baseline
review_0000308,order_0000472,5,2025-03-22T00:00:00,2025-03-24T23:00:00,positive,False,baseline
review_0000309,order_0000474,4,2026-07-17T00:00:00,2026-07-17T21:00:00,positive,False,baseline
review_0000310,order_0000475,3,2025-08-18T00:00:00,2025-08-19T17:00:00,neutral,False,baseline
review_0000311,order_0000476,4,2024-07-30T00:00:00,2024-08-01T19:00:00,positive,False,baseline
review_0000312,order_0000477,4,2024-06-25T00:00:00,2024-06-25T22:00:00,positive,False,baseline
review_0000313,order_0000478,5,2026-05-24T00:00:00,2026-05-25T02:00:00,positive,False,baseline
review_0000314,order_0000480,4,2026-01-28T00:00:00,2026-01-29T07:00:00,positive,False,baseline
review_0000315,order_0000481,3,2026-04-06T00:00:00,2026-04-06T16:00:00,neutral,False,baseline
review_0000316,order_0000484,3,2024-04-13T00:00:00,2024-04-15T05:00:00,neutral,False,baseline
review_0000317,order_0000487,5,2026-02-06T00:00:00,2026-02-07T06:00:00,positive,False,baseline
review_0000318,order_0000488,5,2025-09-04T00:00:00,2025-09-07T00:00:00,positive,False,baseline
review_0000319,order_0000489,4,2024-10-19T00:00:00,2024-10-19T23:00:00,positive,False,baseline
review_0000320,order_0000490,4,2026-09-24T00:00:00,2026-09-26T05:00:00,positive,False,baseline
review_0000321,order_0000491,4,2025-12-23T00:00:00,2025-12-24T15:00:00,positive,False,baseline
review_0000322,order_0000493,4,2026-09-22T00:00:00,2026-09-22T13:00:00,positive,False,baseline
review_0000323,order_0000495,4,2024-07-21T00:00:00,2024-07-21T23:00:00,positive,False,baseline
review_0000324,order_0000497,4,2026-05-21T00:00:00,2026-05-23T00:00:00,positive,False,baseline
review_0000325,order_0000498,5,2025-07-05T00:00:00,2025-07-05T14:00:00,positive,False,baseline
review_0000326,order_0000499,3,2026-06-05T00:00:00,2026-06-06T13:00:00,neutral,False,baseline
review_0000327,order_0000500,3,2024-08-01T00:00:00,2024-08-02T00:00:00,neutral,False,baseline
review_0000328,order_0000503,3,2026-07-06T00:00:00,2026-07-07T14:00:00,neutral,False,baseline
review_0000329,order_0000507,5,2026-09-25T00:00:00,2026-09-26T14:00:00,positive,False,baseline
review_0000330,order_0000508,5,2026-12-17T00:00:00,2026-12-19T13:00:00,positive,False,baseline
review_0000331,order_0000509,5,2025-11-17T00:00:00,2025-11-17T18:00:00,positive,False,baseline
review_0000332,order_0000510,4,2025-06-19T00:00:00,2025-06-21T05:00:00,positive,False,baseline
review_0000333,order_0000512,3,2026-11-19T00:00:00,2026-11-19T18:00:00,neutral,False,baseline
review_0000334,order_0000513,3,2024-03-25T00:00:00,2024-03-26T07:00:00,neutral,False,baseline
review_0000335,order_0000514,3,2024-10-30T00:00:00,2024-10-31T16:00:00,neutral,False,baseline
review_0000336,order_0000515,5,2024-09-13T00:00:00,2024-09-15T21:00:00,positive,False,baseline
review_0000337,order_0000516,4,2024-08-20T00:00:00,2024-08-22T22:00:00,positive,False,baseline
review_0000338,order_0000517,2,2026-12-08T00:00:00,2026-12-09T00:00:00,negative,True,baseline
review_0000339,order_0000518,4,2024-10-14T00:00:00,2024-10-16T04:00:00,positive,False,baseline
review_0000340,order_0000519,5,2026-05-31T00:00:00,2026-06-01T12:00:00,positive,False,baseline
review_0000341,order_0000520,4,2024-12-06T00:00:00,2024-12-08T00:00:00,positive,False,baseline
review_0000342,order_0000521,4,2025-12-12T00:00:00,2025-12-13T07:00:00,positive,False,baseline
review_0000343,order_0000522,3,2024-04-22T00:00:00,2024-04-22T08:00:00,neutral,False,baseline
review_0000344,order_0000523,2,2024-01-21T00:00:00,2024-01-22T05:00:00,negative,True,baseline
review_0000345,order_0000524,4,2025-12-28T00:00:00,2025-12-29T00:00:00,positive,False,baseline
review_0000346,order_0000526,5,2025-02-22T00:00:00,2025-02-23T10:00:00,positive,False,baseline
review_0000347,order_0000527,3,2025-10-05T00:00:00,2025-10-07T20:00:00,neutral,False,baseline
review_0000348,order_0000531,3,2026-08-18T00:00:00,2026-08-20T00:00:00,neutral,False,baseline
review_0000349,order_0000532,3,2025-11-07T00:00:00,2025-11-07T11:00:00,neutral,False,baseline
review_0000350,order_0000534,5,2026-09-03T00:00:00,2026-09-03T09:00:00,positive,False,baseline
review_0000351,order_0000535,5,2024-10-20T00:00:00,2024-10-21T23:00:00,positive,False,baseline
review_0000352,order_0000537,4,2024-07-01T00:00:00,2024-07-01T19:00:00,positive,False,baseline
review_0000353,order_0000540,3,2024-04-15T00:00:00,2024-04-16T13:00:00,neutral,False,baseline
review_0000354,order_0000541,4,2024-03-20T00:00:00,2024-03-21T01:00:00,positive,False,baseline
review_0000355,order_0000542,3,2026-12-25T00:00:00,2026-12-26T01:00:00,neutral,False,baseline
review_0000356,order_0000543,5,2024-12-02T00:00:00,2024-12-02T10:00:00,positive,False,baseline
review_0000357,order_0000546,3,2025-03-22T00:00:00,2025-03-23T06:00:00,neutral,False,baseline
review_0000358,order_0000549,5,2024-06-25T00:00:00,2024-06-27T23:00:00,positive,False,baseline
review_0000359,order_0000551,4,2025-03-30T00:00:00,2025-03-30T20:00:00,positive,False,baseline
review_0000360,order_0000552,5,2025-03-04T00:00:00,2025-03-06T06:00:00,positive,False,baseline
review_0000361,order_0000554,4,2024-05-12T00:00:00,2024-05-14T01:00:00,positive,False,baseline
review_0000362,order_0000555,3,2024-08-18T00:00:00,2024-08-19T05:00:00,neutral,False,baseline
review_0000363,order_0000556,3,2024-05-09T00:00:00,2024-05-09T12:00:00,neutral,False,baseline
review_0000364,order_0000557,4,2026-11-16T00:00:00,2026-11-17T05:00:00,positive,False,baseline
review_0000365,order_0000558,4,2025-01-27T00:00:00,2025-01-28T10:00:00,positive,False,baseline
review_0000366,order_0000559,2,2024-11-14T00:00:00,2024-11-15T02:00:00,negative,True,baseline
review_0000367,order_0000560,4,2026-07-17T00:00:00,2026-07-20T00:00:00,positive,False,baseline
review_0000368,order_0000561,3,2024-12-02T00:00:00,2024-12-03T02:00:00,neutral,False,baseline
review_0000369,order_0000563,4,2025-12-13T00:00:00,2025-12-13T19:00:00,positive,False,baseline
review_0000370,order_0000565,4,2025-07-30T00:00:00,2025-07-30T08:00:00,positive,False,baseline
review_0000371,order_0000566,4,2025-11-26T00:00:00,2025-11-28T00:00:00,positive,False,baseline
review_0000372,order_0000568,4,2025-03-17T00:00:00,2025-03-18T16:00:00,positive,False,baseline
review_0000373,order_0000569,4,2026-12-08T00:00:00,2026-12-10T01:00:00,positive,False,baseline
review_0000374,order_0000570,4,2025-07-07T00:00:00,2025-07-09T17:00:00,positive,False,baseline
review_0000375,order_0000573,1,2026-06-07T00:00:00,2026-06-08T15:00:00,negative,True,baseline
review_0000376,order_0000574,3,2024-12-23T00:00:00,2024-12-25T13:00:00,neutral,False,baseline
review_0000377,order_0000576,5,2024-11-26T00:00:00,2024-11-27T21:00:00,positive,False,baseline
review_0000378,order_0000579,5,2025-11-04T00:00:00,2025-11-06T10:00:00,positive,False,baseline
review_0000379,order_0000580,4,2025-04-23T00:00:00,2025-04-24T22:00:00,positive,False,baseline
review_0000380,order_0000582,4,2026-12-10T00:00:00,2026-12-12T11:00:00,positive,False,baseline
review_0000381,order_0000583,5,2026-04-20T00:00:00,2026-04-22T19:00:00,positive,False,baseline
review_0000382,order_0000584,3,2025-05-28T00:00:00,2025-05-30T12:00:00,neutral,False,baseline
review_0000383,order_0000585,2,2025-09-05T00:00:00,2025-09-06T19:00:00,negative,True,baseline
review_0000384,order_0000588,5,2026-11-11T00:00:00,2026-11-12T08:00:00,positive,False,baseline
review_0000385,order_0000589,5,2025-05-02T00:00:00,2025-05-02T14:00:00,positive,False,baseline
review_0000386,order_0000590,5,2025-05-24T00:00:00,2025-05-26T02:00:00,positive,False,baseline
review_0000387,order_0000593,5,2024-05-07T00:00:00,2024-05-07T14:00:00,positive,False,baseline
review_0000388,order_0000595,4,2026-02-16T00:00:00,2026-02-18T21:00:00,positive,False,baseline
review_0000389,order_0000596,4,2026-04-12T00:00:00,2026-04-14T07:00:00,positive,False,baseline
review_0000390,order_0000597,5,2025-11-15T00:00:00,2025-11-17T02:00:00,positive,False,baseline
review_0000391,order_0000598,2,2026-02-19T00:00:00,2026-02-19T10:00:00,negative,True,baseline
review_0000392,order_0000601,4,2025-02-04T00:00:00,2025-02-06T08:00:00,positive,False,baseline
review_0000393,order_0000603,5,2025-02-23T00:00:00,2025-02-24T16:00:00,positive,False,baseline
review_0000394,order_0000604,5,2026-01-12T00:00:00,2026-01-14T08:00:00,positive,False,baseline
review_0000395,order_0000605,5,2025-04-06T00:00:00,2025-04-06T19:00:00,positive,False,baseline
review_0000396,order_0000606,3,2024-08-25T00:00:00,2024-08-27T17:00:00,neutral,False,baseline
review_0000397,order_0000609,4,2024-09-23T00:00:00,2024-09-24T08:00:00,positive,False,baseline
review_0000398,order_0000611,5,2024-01-19T00:00:00,2024-01-20T06:00:00,positive,False,baseline
review_0000399,order_0000612,3,2025-10-21T00:00:00,2025-10-22T12:00:00,neutral,False,baseline
review_0000400,order_0000613,5,2026-01-20T00:00:00,2026-01-21T10:00:00,positive,False,baseline
review_0000401,order_0000614,3,2025-10-20T00:00:00,2025-10-22T03:00:00,neutral,False,baseline
review_0000402,order_0000615,3,2024-11-15T00:00:00,2024-11-18T00:00:00,neutral,False,baseline
review_0000403,order_0000617,3,2024-08-16T00:00:00,2024-08-17T00:00:00,neutral,False,baseline
review_0000404,order_0000618,2,2025-06-08T00:00:00,2025-06-08T10:00:00,negative,True,baseline
review_0000405,order_0000621,3,2026-03-13T00:00:00,2026-03-13T08:00:00,neutral,False,baseline
review_0000406,order_0000623,4,2025-04-06T00:00:00,2025-04-08T17:00:00,positive,False,baseline
review_0000407,order_0000624,5,2024-12-16T00:00:00,2024-12-17T11:00:00,positive,False,baseline
review_0000408,order_0000625,4,2025-09-09T00:00:00,2025-09-10T20:00:00,positive,False,baseline
review_0000409,order_0000626,4,2024-04-16T00:00:00,2024-04-18T14:00:00,positive,False,baseline
review_0000410,order_0000627,5,2025-08-16T00:00:00,2025-08-18T10:00:00,positive,False,baseline
review_0000411,order_0000630,2,2026-04-21T00:00:00,2026-04-21T14:00:00,negative,True,baseline
review_0000412,order_0000631,5,2024-04-01T00:00:00,2024-04-01T09:00:00,positive,False,baseline
review_0000413,order_0000632,4,2026-02-25T00:00:00,2026-02-25T22:00:00,positive,False,baseline
review_0000414,order_0000633,4,2024-06-10T00:00:00,2024-06-12T05:00:00,positive,False,baseline
review_0000415,order_0000634,4,2026-07-02T00:00:00,2026-07-02T23:00:00,positive,False,baseline
review_0000416,order_0000635,5,2024-07-23T00:00:00,2024-07-25T23:00:00,positive,False,baseline
review_0000417,order_0000636,3,2025-03-28T00:00:00,2025-03-28T10:00:00,neutral,False,baseline
review_0000418,order_0000637,3,2024-06-03T00:00:00,2024-06-03T12:00:00,neutral,False,baseline
review_0000419,order_0000638,5,2024-08-05T00:00:00,2024-08-06T21:00:00,positive,False,baseline
review_0000420,order_0000640,5,2025-07-30T00:00:00,2025-07-30T13:00:00,positive,False,baseline
review_0000421,order_0000642,4,2026-08-17T00:00:00,2026-08-19T00:00:00,positive,False,baseline
review_0000422,order_0000643,3,2025-09-14T00:00:00,2025-09-15T12:00:00,neutral,False,baseline
review_0000423,order_0000644,3,2026-07-05T00:00:00,2026-07-06T09:00:00,neutral,False,baseline
review_0000424,order_0000646,5,2026-11-10T00:00:00,2026-11-11T21:00:00,positive,False,baseline
review_0000425,order_0000647,5,2024-04-09T00:00:00,2024-04-10T13:00:00,positive,False,baseline
review_0000426,order_0000649,5,2025-09-12T00:00:00,2025-09-13T18:00:00,positive,False,baseline
review_0000427,order_0000650,4,2026-08-22T00:00:00,2026-08-22T10:00:00,positive,False,baseline
review_0000428,order_0000652,4,2024-02-25T00:00:00,2024-02-26T03:00:00,positive,False,baseline
review_0000429,order_0000654,4,2026-05-14T00:00:00,2026-05-16T06:00:00,positive,False,baseline
review_0000430,order_0000656,4,2025-07-22T00:00:00,2025-07-22T08:00:00,positive,False,baseline
review_0000431,order_0000657,4,2025-08-07T00:00:00,2025-08-08T02:00:00,positive,False,baseline
review_0000432,order_0000658,5,2024-05-12T00:00:00,2024-05-13T20:00:00,positive,False,baseline
review_0000433,order_0000659,5,2024-11-10T00:00:00,2024-11-10T09:00:00,positive,False,baseline
review_0000434,order_0000660,5,2025-11-25T00:00:00,2025-11-25T22:00:00,positive,False,baseline
review_0000435,order_0000661,3,2026-07-26T00:00:00,2026-07-27T08:00:00,neutral,False,baseline
review_0000436,order_0000662,3,2025-10-23T00:00:00,2025-10-24T09:00:00,neutral,False,baseline
review_0000437,order_0000664,4,2026-10-24T00:00:00,2026-10-25T15:00:00,positive,False,baseline
review_0000438,order_0000669,4,2024-12-23T00:00:00,2024-12-25T08:00:00,positive,False,baseline
review_0000439,order_0000670,3,2025-08-29T00:00:00,2025-08-31T17:00:00,neutral,False,baseline
review_0000440,order_0000673,3,2025-05-15T00:00:00,2025-05-17T12:00:00,neutral,False,baseline
review_0000441,order_0000674,4,2024-01-18T00:00:00,2024-01-20T08:00:00,positive,False,baseline
review_0000442,order_0000676,5,2026-11-14T00:00:00,2026-11-14T09:00:00,positive,False,baseline
review_0000443,order_0000677,3,2024-04-22T00:00:00,2024-04-24T11:00:00,neutral,False,baseline
review_0000444,order_0000678,4,2026-05-04T00:00:00,2026-05-06T21:00:00,positive,False,baseline
review_0000445,order_0000679,5,2024-12-11T00:00:00,2024-12-13T22:00:00,positive,False,baseline
review_0000446,order_0000680,3,2025-06-18T00:00:00,2025-06-20T18:00:00,neutral,False,baseline
review_0000447,order_0000681,4,2024-02-24T00:00:00,2024-02-26T02:00:00,positive,False,baseline
review_0000448,order_0000682,3,2025-05-20T00:00:00,2025-05-20T13:00:00,neutral,False,baseline
review_0000449,order_0000683,3,2026-05-12T00:00:00,2026-05-12T17:00:00,neutral,False,baseline
review_0000450,order_0000684,4,2025-08-28T00:00:00,2025-08-28T11:00:00,positive,False,baseline
review_0000451,order_0000685,5,2025-05-30T00:00:00,2025-05-31T18:00:00,positive,False,baseline
review_0000452,order_0000686,5,2024-10-12T00:00:00,2024-10-14T02:00:00,positive,False,baseline
review_0000453,order_0000687,4,2024-04-19T00:00:00,2024-04-20T09:00:00,positive,False,baseline
review_0000454,order_0000688,3,2025-01-10T00:00:00,2025-01-11T00:00:00,neutral,False,baseline
review_0000455,order_0000689,4,2024-10-01T00:00:00,2024-10-01T21:00:00,positive,False,baseline
review_0000456,order_0000691,5,2024-04-26T00:00:00,2024-04-27T22:00:00,positive,False,baseline
review_0000457,order_0000693,3,2026-11-01T00:00:00,2026-11-03T23:00:00,neutral,False,baseline
review_0000458,order_0000695,4,2025-10-21T00:00:00,2025-10-23T18:00:00,positive,False,baseline
review_0000459,order_0000696,3,2026-01-10T00:00:00,2026-01-11T06:00:00,neutral,False,baseline
review_0000460,order_0000701,4,2026-10-15T00:00:00,2026-10-17T09:00:00,positive,False,baseline
review_0000461,order_0000703,3,2024-06-20T00:00:00,2024-06-20T14:00:00,neutral,False,baseline
review_0000462,order_0000704,4,2025-07-17T00:00:00,2025-07-19T05:00:00,positive,False,baseline
review_0000463,order_0000706,4,2024-04-07T00:00:00,2024-04-07T09:00:00,positive,False,baseline
review_0000464,order_0000708,5,2025-11-08T00:00:00,2025-11-10T12:00:00,positive,False,baseline
review_0000465,order_0000709,4,2024-03-25T00:00:00,2024-03-26T07:00:00,positive,False,baseline
review_0000466,order_0000710,5,2024-06-03T00:00:00,2024-06-05T20:00:00,positive,False,baseline
review_0000467,order_0000711,4,2025-02-18T00:00:00,2025-02-19T14:00:00,positive,False,baseline
review_0000468,order_0000712,4,2025-11-18T00:00:00,2025-11-19T22:00:00,positive,False,baseline
review_0000469,order_0000713,2,2026-12-09T00:00:00,2026-12-11T15:00:00,negative,True,baseline
review_0000470,order_0000714,4,2026-02-23T00:00:00,2026-02-25T17:00:00,positive,False,baseline
review_0000471,order_0000715,3,2024-11-27T00:00:00,2024-11-29T23:00:00,neutral,False,baseline
review_0000472,order_0000717,4,2024-07-30T00:00:00,2024-07-31T17:00:00,positive,False,baseline
review_0000473,order_0000718,5,2026-03-13T00:00:00,2026-03-13T22:00:00,positive,False,baseline
review_0000474,order_0000720,4,2025-11-27T00:00:00,2025-11-28T09:00:00,positive,False,baseline
review_0000475,order_0000721,4,2025-08-02T00:00:00,2025-08-03T04:00:00,positive,False,baseline
review_0000476,order_0000722,5,2024-03-04T00:00:00,2024-03-04T23:00:00,positive,False,baseline
review_0000477,order_0000723,5,2024-03-03T00:00:00,2024-03-04T21:00:00,positive,False,baseline
review_0000478,order_0000724,5,2026-09-01T00:00:00,2026-09-03T19:00:00,positive,False,baseline
review_0000479,order_0000725,5,2025-03-01T00:00:00,2025-03-03T20:00:00,positive,False,baseline
review_0000480,order_0000727,3,2026-09-12T00:00:00,2026-09-14T08:00:00,neutral,False,baseline
review_0000481,order_0000729,4,2026-10-28T00:00:00,2026-10-30T23:00:00,positive,False,baseline
review_0000482,order_0000730,5,2026-07-15T00:00:00,2026-07-16T11:00:00,positive,False,baseline
review_0000483,order_0000731,4,2025-03-22T00:00:00,2025-03-23T03:00:00,positive,False,baseline
review_0000484,order_0000733,5,2025-10-27T00:00:00,2025-10-28T19:00:00,positive,False,baseline
review_0000485,order_0000734,4,2026-04-25T00:00:00,2026-04-27T13:00:00,positive,False,baseline
review_0000486,order_0000735,4,2024-12-24T00:00:00,2024-12-25T23:00:00,positive,False,baseline
review_0000487,order_0000736,4,2026-07-07T00:00:00,2026-07-07T17:00:00,positive,False,baseline
review_0000488,order_0000739,5,2025-10-09T00:00:00,2025-10-09T22:00:00,positive,False,baseline
review_0000489,order_0000740,5,2026-01-31T00:00:00,2026-02-01T10:00:00,positive,False,baseline
review_0000490,order_0000741,4,2025-03-26T00:00:00,2025-03-27T11:00:00,positive,False,baseline
review_0000491,order_0000742,5,2024-06-05T00:00:00,2024-06-07T16:00:00,positive,False,baseline
review_0000492,order_0000743,4,2024-05-17T00:00:00,2024-05-19T13:00:00,positive,False,baseline
review_0000493,order_0000745,5,2025-07-28T00:00:00,2025-07-28T11:00:00,positive,False,baseline
review_0000494,order_0000748,2,2024-05-17T00:00:00,2024-05-18T02:00:00,negative,True,baseline
review_0000495,order_0000750,4,2025-10-28T00:00:00,2025-10-30T11:00:00,positive,False,baseline
review_0000496,order_0000751,3,2025-09-10T00:00:00,2025-09-10T15:00:00,neutral,False,baseline
review_0000497,order_0000754,4,2026-03-14T00:00:00,2026-03-16T20:00:00,positive,False,baseline
review_0000498,order_0000757,4,2026-12-21T00:00:00,2026-12-22T05:00:00,positive,False,baseline
review_0000499,order_0000758,4,2024-02-23T00:00:00,2024-02-25T22:00:00,positive,False,baseline
review_0000500,order_0000759,4,2024-08-31T00:00:00,2024-09-02T07:00:00,positive,False,baseline
review_0000501,order_0000760,5,2025-09-18T00:00:00,2025-09-20T07:00:00,positive,False,baseline
review_0000502,order_0000762,5,2025-01-20T00:00:00,2025-01-21T05:00:00,positive,False,baseline
review_0000503,order_0000763,5,2026-04-18T00:00:00,2026-04-20T02:00:00,positive,False,baseline
review_0000504,order_0000764,4,2025-05-02T00:00:00,2025-05-02T18:00:00,positive,False,baseline
review_0000505,order_0000765,4,2026-12-13T00:00:00,2026-12-15T01:00:00,positive,False,baseline
review_0000506,order_0000767,4,2025-03-08T00:00:00,2025-03-09T21:00:00,positive,False,baseline
review_0000507,order_0000768,4,2025-06-06T00:00:00,2025-06-06T08:00:00,positive,False,baseline
review_0000508,order_0000769,4,2026-08-29T00:00:00,2026-08-31T23:00:00,positive,False,baseline
review_0000509,order_0000770,4,2025-10-13T00:00:00,2025-10-14T08:00:00,positive,False,baseline
review_0000510,order_0000771,4,2026-04-10T00:00:00,2026-04-10T16:00:00,positive,False,baseline
review_0000511,order_0000774,5,2024-03-08T00:00:00,2024-03-08T11:00:00,positive,False,baseline
review_0000512,order_0000776,5,2024-04-30T00:00:00,2024-04-30T17:00:00,positive,False,baseline
review_0000513,order_0000777,4,2024-12-31T00:00:00,2024-12-31T11:00:00,positive,False,baseline
review_0000514,order_0000778,4,2026-05-12T00:00:00,2026-05-14T23:00:00,positive,False,baseline
review_0000515,order_0000779,3,2024-02-26T00:00:00,2024-02-26T20:00:00,neutral,False,baseline
review_0000516,order_0000781,5,2026-05-27T00:00:00,2026-05-28T23:00:00,positive,False,baseline
review_0000517,order_0000782,4,2025-02-27T00:00:00,2025-03-01T00:00:00,positive,False,baseline
review_0000518,order_0000784,5,2025-06-20T00:00:00,2025-06-21T19:00:00,positive,False,baseline
review_0000519,order_0000785,4,2025-12-16T00:00:00,2025-12-18T03:00:00,positive,False,baseline
review_0000520,order_0000787,2,2025-01-17T00:00:00,2025-01-17T19:00:00,negative,True,baseline
review_0000521,order_0000788,4,2025-11-01T00:00:00,2025-11-03T09:00:00,positive,False,baseline
review_0000522,order_0000790,4,2026-07-07T00:00:00,2026-07-09T16:00:00,positive,False,baseline
review_0000523,order_0000792,2,2024-08-17T00:00:00,2024-08-18T18:00:00,negative,True,baseline
review_0000524,order_0000795,4,2026-08-11T00:00:00,2026-08-11T12:00:00,positive,False,baseline
review_0000525,order_0000796,4,2025-05-15T00:00:00,2025-05-16T04:00:00,positive,False,baseline
review_0000526,order_0000797,4,2026-02-08T00:00:00,2026-02-10T15:00:00,positive,False,baseline
review_0000527,order_0000798,5,2025-08-02T00:00:00,2025-08-03T03:00:00,positive,False,baseline
review_0000528,order_0000799,3,2025-11-05T00:00:00,2025-11-06T15:00:00,neutral,False,baseline
review_0000529,order_0000800,5,2024-09-30T00:00:00,2024-09-30T15:00:00,positive,False,baseline
review_0000530,order_0000801,4,2026-08-16T00:00:00,2026-08-18T20:00:00,positive,False,baseline
review_0000531,order_0000803,5,2026-12-16T00:00:00,2026-12-16T12:00:00,positive,False,baseline
review_0000532,order_0000805,5,2026-02-03T00:00:00,2026-02-05T01:00:00,positive,False,baseline
review_0000533,order_0000807,3,2024-09-14T00:00:00,2024-09-15T15:00:00,neutral,False,baseline
review_0000534,order_0000808,5,2025-09-03T00:00:00,2025-09-05T03:00:00,positive,False,baseline
review_0000535,order_0000811,4,2026-08-11T00:00:00,2026-08-12T11:00:00,positive,False,baseline
review_0000536,order_0000812,4,2025-11-26T00:00:00,2025-11-27T08:00:00,positive,False,baseline
review_0000537,order_0000813,5,2025-12-08T00:00:00,2025-12-10T16:00:00,positive,False,baseline
review_0000538,order_0000814,4,2026-08-23T00:00:00,2026-08-23T11:00:00,positive,False,baseline
review_0000539,order_0000815,3,2025-11-16T00:00:00,2025-11-17T15:00:00,neutral,False,baseline
review_0000540,order_0000817,4,2025-03-18T00:00:00,2025-03-19T02:00:00,positive,False,baseline
review_0000541,order_0000818,3,2026-12-12T00:00:00,2026-12-13T00:00:00,neutral,False,baseline
review_0000542,order_0000821,3,2025-02-08T00:00:00,2025-02-09T16:00:00,neutral,False,baseline
review_0000543,order_0000823,4,2025-05-24T00:00:00,2025-05-26T20:00:00,positive,False,baseline
review_0000544,order_0000826,5,2026-08-25T00:00:00,2026-08-27T06:00:00,positive,False,baseline
review_0000545,order_0000828,5,2024-01-27T00:00:00,2024-01-27T23:00:00,positive,False,baseline
review_0000546,order_0000829,3,2026-07-08T00:00:00,2026-07-08T11:00:00,neutral,False,baseline
review_0000547,order_0000830,3,2026-10-17T00:00:00,2026-10-19T21:00:00,neutral,False,baseline
review_0000548,order_0000831,3,2025-01-15T00:00:00,2025-01-16T08:00:00,neutral,False,baseline
review_0000549,order_0000832,2,2024-01-26T00:00:00,2024-01-28T14:00:00,negative,True,baseline
review_0000550,order_0000835,4,2025-10-23T00:00:00,2025-10-23T08:00:00,positive,False,baseline
review_0000551,order_0000836,3,2024-10-09T00:00:00,2024-10-10T07:00:00,neutral,False,baseline
review_0000552,order_0000837,5,2025-08-04T00:00:00,2025-08-05T05:00:00,positive,False,baseline
review_0000553,order_0000838,2,2024-05-13T00:00:00,2024-05-15T23:00:00,negative,True,baseline
review_0000554,order_0000839,5,2025-04-24T00:00:00,2025-04-25T03:00:00,positive,False,baseline
review_0000555,order_0000840,3,2025-03-27T00:00:00,2025-03-27T17:00:00,neutral,False,baseline
review_0000556,order_0000841,4,2026-02-14T00:00:00,2026-02-14T18:00:00,positive,False,baseline
review_0000557,order_0000842,4,2026-09-21T00:00:00,2026-09-22T11:00:00,positive,False,baseline
review_0000558,order_0000843,3,2024-09-19T00:00:00,2024-09-20T17:00:00,neutral,False,baseline
review_0000559,order_0000844,5,2024-05-15T00:00:00,2024-05-16T02:00:00,positive,False,baseline
review_0000560,order_0000846,4,2026-05-23T00:00:00,2026-05-24T13:00:00,positive,False,baseline
review_0000561,order_0000848,4,2026-08-05T00:00:00,2026-08-05T11:00:00,positive,False,baseline
review_0000562,order_0000851,5,2025-10-22T00:00:00,2025-10-24T03:00:00,positive,False,baseline
review_0000563,order_0000852,4,2026-07-01T00:00:00,2026-07-02T03:00:00,positive,False,baseline
review_0000564,order_0000854,5,2025-02-07T00:00:00,2025-02-07T21:00:00,positive,False,baseline
review_0000565,order_0000857,4,2025-02-21T00:00:00,2025-02-22T20:00:00,positive,False,baseline
review_0000566,order_0000858,4,2025-11-27T00:00:00,2025-11-28T15:00:00,positive,False,baseline
review_0000567,order_0000859,3,2025-01-15T00:00:00,2025-01-16T22:00:00,neutral,False,baseline
review_0000568,order_0000860,5,2024-12-24T00:00:00,2024-12-26T01:00:00,positive,False,baseline
review_0000569,order_0000861,4,2025-02-28T00:00:00,2025-03-01T03:00:00,positive,False,baseline
review_0000570,order_0000862,3,2026-04-05T00:00:00,2026-04-05T21:00:00,neutral,False,baseline
review_0000571,order_0000863,2,2025-12-23T00:00:00,2025-12-23T21:00:00,negative,True,baseline
review_0000572,order_0000864,4,2024-08-15T00:00:00,2024-08-16T10:00:00,positive,False,baseline
review_0000573,order_0000865,5,2026-10-25T00:00:00,2026-10-26T16:00:00,positive,False,baseline
review_0000574,order_0000866,4,2024-12-21T00:00:00,2024-12-21T22:00:00,positive,False,baseline
review_0000575,order_0000867,5,2026-12-09T00:00:00,2026-12-10T21:00:00,positive,False,baseline
review_0000576,order_0000869,4,2024-10-04T00:00:00,2024-10-05T21:00:00,positive,False,baseline
review_0000577,order_0000872,5,2024-04-10T00:00:00,2024-04-11T23:00:00,positive,False,baseline
review_0000578,order_0000873,4,2026-12-04T00:00:00,2026-12-06T04:00:00,positive,False,baseline
review_0000579,order_0000874,4,2026-02-01T00:00:00,2026-02-03T11:00:00,positive,False,baseline
review_0000580,order_0000875,4,2026-08-22T00:00:00,2026-08-23T01:00:00,positive,False,baseline
review_0000581,order_0000876,4,2024-03-18T00:00:00,2024-03-18T21:00:00,positive,False,baseline
review_0000582,order_0000877,4,2026-07-08T00:00:00,2026-07-10T10:00:00,positive,False,baseline
review_0000583,order_0000878,4,2026-07-19T00:00:00,2026-07-20T06:00:00,positive,False,baseline
review_0000584,order_0000879,5,2026-11-16T00:00:00,2026-11-18T16:00:00,positive,False,baseline
review_0000585,order_0000880,3,2025-10-17T00:00:00,2025-10-18T05:00:00,neutral,False,baseline
review_0000586,order_0000881,5,2025-06-05T00:00:00,2025-06-06T11:00:00,positive,False,baseline
review_0000587,order_0000882,5,2024-04-04T00:00:00,2024-04-04T10:00:00,positive,False,baseline
review_0000588,order_0000883,3,2026-04-04T00:00:00,2026-04-04T23:00:00,neutral,False,baseline
review_0000589,order_0000885,4,2024-04-07T00:00:00,2024-04-07T18:00:00,positive,False,baseline
review_0000590,order_0000886,4,2024-01-19T00:00:00,2024-01-20T13:00:00,positive,False,baseline
review_0000591,order_0000887,5,2025-06-23T00:00:00,2025-06-25T05:00:00,positive,False,baseline
review_0000592,order_0000890,4,2024-09-18T00:00:00,2024-09-20T05:00:00,positive,False,baseline
review_0000593,order_0000891,4,2026-10-31T00:00:00,2026-11-01T20:00:00,positive,False,baseline
review_0000594,order_0000892,5,2025-12-24T00:00:00,2025-12-26T18:00:00,positive,False,baseline
review_0000595,order_0000893,5,2024-04-10T00:00:00,2024-04-11T08:00:00,positive,False,baseline
review_0000596,order_0000894,5,2026-04-24T00:00:00,2026-04-26T07:00:00,positive,False,baseline
review_0000597,order_0000895,4,2026-01-19T00:00:00,2026-01-19T22:00:00,positive,False,baseline
review_0000598,order_0000897,1,2025-03-23T00:00:00,2025-03-25T18:00:00,negative,True,baseline
review_0000599,order_0000898,2,2024-03-20T00:00:00,2024-03-21T11:00:00,negative,True,baseline
review_0000600,order_0000901,3,2025-04-13T00:00:00,2025-04-14T19:00:00,neutral,False,baseline
review_0000601,order_0000903,4,2025-07-10T00:00:00,2025-07-12T07:00:00,positive,False,baseline
review_0000602,order_0000904,5,2026-06-03T00:00:00,2026-06-04T19:00:00,positive,False,baseline
review_0000603,order_0000905,5,2025-12-31T00:00:00,2026-01-02T01:00:00,positive,False,baseline
review_0000604,order_0000906,5,2025-02-22T00:00:00,2025-02-23T22:00:00,positive,False,baseline
review_0000605,order_0000909,3,2025-11-26T00:00:00,2025-11-27T15:00:00,neutral,False,baseline
review_0000606,order_0000911,4,2025-06-30T00:00:00,2025-07-01T06:00:00,positive,False,baseline
review_0000607,order_0000912,3,2024-07-10T00:00:00,2024-07-11T20:00:00,neutral,False,baseline
review_0000608,order_0000914,5,2026-04-25T00:00:00,2026-04-27T02:00:00,positive,False,baseline
review_0000609,order_0000916,3,2026-01-15T00:00:00,2026-01-16T21:00:00,neutral,False,baseline
review_0000610,order_0000917,4,2025-02-14T00:00:00,2025-02-16T07:00:00,positive,False,baseline
review_0000611,order_0000918,5,2024-06-16T00:00:00,2024-06-17T14:00:00,positive,False,baseline
review_0000612,order_0000919,4,2025-06-22T00:00:00,2025-06-23T04:00:00,positive,False,baseline
review_0000613,order_0000920,4,2026-10-06T00:00:00,2026-10-06T20:00:00,positive,False,baseline
review_0000614,order_0000921,5,2026-09-11T00:00:00,2026-09-11T17:00:00,positive,False,baseline
review_0000615,order_0000922,5,2025-08-14T00:00:00,2025-08-14T16:00:00,positive,False,baseline
review_0000616,order_0000923,5,2026-07-04T00:00:00,2026-07-05T00:00:00,positive,False,baseline
review_0000617,order_0000924,5,2025-06-07T00:00:00,2025-06-08T00:00:00,positive,False,baseline
review_0000618,order_0000927,4,2026-02-05T00:00:00,2026-02-06T03:00:00,positive,False,baseline
review_0000619,order_0000929,5,2024-05-15T00:00:00,2024-05-16T23:00:00,positive,False,baseline
review_0000620,order_0000930,3,2026-10-19T00:00:00,2026-10-21T10:00:00,neutral,False,baseline
review_0000621,order_0000931,4,2025-01-10T00:00:00,2025-01-12T18:00:00,positive,False,baseline
review_0000622,order_0000932,1,2024-07-16T00:00:00,2024-07-18T20:00:00,negative,True,baseline
review_0000623,order_0000933,3,2024-03-08T00:00:00,2024-03-09T22:00:00,neutral,False,baseline
review_0000624,order_0000935,5,2026-08-12T00:00:00,2026-08-15T00:00:00,positive,False,baseline
review_0000625,order_0000936,5,2026-07-14T00:00:00,2026-07-15T04:00:00,positive,False,baseline
review_0000626,order_0000937,4,2024-08-21T00:00:00,2024-08-23T17:00:00,positive,False,baseline
review_0000627,order_0000939,4,2025-06-24T00:00:00,2025-06-24T23:00:00,positive,False,baseline
review_0000628,order_0000941,4,2024-07-26T00:00:00,2024-07-28T07:00:00,positive,False,baseline
review_0000629,order_0000944,5,2025-08-06T00:00:00,2025-08-08T03:00:00,positive,False,baseline
review_0000630,order_0000946,3,2026-08-11T00:00:00,2026-08-12T12:00:00,neutral,False,baseline
review_0000631,order_0000948,5,2024-09-23T00:00:00,2024-09-25T23:00:00,positive,False,baseline
review_0000632,order_0000950,4,2026-04-28T00:00:00,2026-04-28T21:00:00,positive,False,baseline
review_0000633,order_0000951,5,2026-12-27T00:00:00,2026-12-29T11:00:00,positive,False,baseline
review_0000634,order_0000952,4,2025-10-19T00:00:00,2025-10-19T12:00:00,positive,False,baseline
review_0000635,order_0000956,4,2025-09-11T00:00:00,2025-09-13T16:00:00,positive,False,baseline
review_0000636,order_0000957,5,2024-11-28T00:00:00,2024-11-28T09:00:00,positive,False,baseline
review_0000637,order_0000958,4,2025-01-30T00:00:00,2025-02-01T22:00:00,positive,False,baseline
review_0000638,order_0000959,5,2026-11-20T00:00:00,2026-11-20T17:00:00,positive,False,baseline
review_0000639,order_0000962,4,2025-12-09T00:00:00,2025-12-09T12:00:00,positive,False,baseline
review_0000640,order_0000963,3,2026-03-09T00:00:00,2026-03-10T00:00:00,neutral,False,baseline
review_0000641,order_0000965,5,2025-01-19T00:00:00,2025-01-19T18:00:00,positive,False,baseline
review_0000642,order_0000966,2,2025-04-04T00:00:00,2025-04-06T03:00:00,negative,True,baseline
review_0000643,order_0000967,4,2025-04-12T00:00:00,2025-04-12T16:00:00,positive,False,baseline
review_0000644,order_0000968,5,2026-05-21T00:00:00,2026-05-23T01:00:00,positive,False,baseline
review_0000645,order_0000969,4,2026-09-19T00:00:00,2026-09-19T10:00:00,positive,False,baseline
review_0000646,order_0000970,3,2024-03-17T00:00:00,2024-03-18T02:00:00,neutral,False,baseline
review_0000647,order_0000971,4,2026-10-19T00:00:00,2026-10-20T06:00:00,positive,False,baseline
review_0000648,order_0000973,4,2026-10-14T00:00:00,2026-10-16T06:00:00,positive,False,baseline
review_0000649,order_0000974,4,2025-09-23T00:00:00,2025-09-24T18:00:00,positive,False,baseline
review_0000650,order_0000975,4,2025-10-26T00:00:00,2025-10-26T14:00:00,positive,False,baseline
review_0000651,order_0000976,1,2026-11-29T00:00:00,2026-11-29T20:00:00,negative,True,baseline
review_0000652,order_0000977,5,2025-12-24T00:00:00,2025-12-26T19:00:00,positive,False,baseline
review_0000653,order_0000980,4,2026-08-06T00:00:00,2026-08-06T18:00:00,positive,False,baseline
review_0000654,order_0000981,4,2026-08-13T00:00:00,2026-08-13T18:00:00,positive,False,baseline
review_0000655,order_0000985,3,2026-07-13T00:00:00,2026-07-15T10:00:00,neutral,False,baseline
review_0000656,order_0000986,4,2025-10-15T00:00:00,2025-10-16T04:00:00,positive,False,baseline
review_0000657,order_0000987,4,2024-12-06T00:00:00,2024-12-08T14:00:00,positive,False,baseline
review_0000658,order_0000988,4,2026-01-25T00:00:00,2026-01-26T16:00:00,positive,False,baseline
review_0000659,order_0000993,3,2025-10-24T00:00:00,2025-10-25T03:00:00,neutral,False,baseline
review_0000660,order_0000994,5,2024-12-09T00:00:00,2024-12-10T17:00:00,positive,False,baseline
review_0000661,order_0000995,3,2024-04-05T00:00:00,2024-04-06T09:00:00,neutral,False,baseline
review_0000662,order_0000996,4,2025-10-30T00:00:00,2025-10-30T13:00:00,positive,False,baseline
review_0000663,order_0000997,3,2025-06-23T00:00:00,2025-06-25T05:00:00,neutral,False,baseline
review_0000664,order_0001002,4,2025-04-04T00:00:00,2025-04-05T05:00:00,positive,False,baseline
review_0000665,order_0001006,3,2025-04-23T00:00:00,2025-04-23T11:00:00,neutral,False,baseline
review_0000666,order_0001007,4,2025-11-21T00:00:00,2025-11-21T22:00:00,positive,False,baseline
review_0000667,order_0001008,5,2026-06-28T00:00:00,2026-06-30T12:00:00,positive,False,baseline
review_0000668,order_0001009,5,2024-05-08T00:00:00,2024-05-08T10:00:00,positive,False,baseline
review_0000669,order_0001010,4,2024-04-14T00:00:00,2024-04-14T15:00:00,positive,False,baseline
review_0000670,order_0001011,4,2024-11-16T00:00:00,2024-11-17T00:00:00,positive,False,baseline
review_0000671,order_0001012,2,2024-08-02T00:00:00,2024-08-02T17:00:00,negative,True,baseline
review_0000672,order_0001013,1,2024-01-25T00:00:00,2024-01-27T04:00:00,negative,True,baseline
review_0000673,order_0001014,3,2026-01-19T00:00:00,2026-01-21T21:00:00,neutral,False,baseline
review_0000674,order_0001015,3,2026-12-27T00:00:00,2026-12-28T16:00:00,neutral,False,baseline
review_0000675,order_0001017,4,2025-10-07T00:00:00,2025-10-09T13:00:00,positive,False,baseline
review_0000676,order_0001019,4,2025-05-16T00:00:00,2025-05-17T04:00:00,positive,False,baseline
review_0000677,order_0001020,4,2026-02-23T00:00:00,2026-02-24T07:00:00,positive,False,baseline
review_0000678,order_0001022,4,2024-05-03T00:00:00,2024-05-03T13:00:00,positive,False,baseline
review_0000679,order_0001023,5,2024-09-14T00:00:00,2024-09-15T12:00:00,positive,False,baseline
review_0000680,order_0001024,4,2024-11-17T00:00:00,2024-11-17T17:00:00,positive,False,baseline
review_0000681,order_0001026,4,2024-08-15T00:00:00,2024-08-16T13:00:00,positive,False,baseline
review_0000682,order_0001028,3,2025-11-29T00:00:00,2025-12-01T05:00:00,neutral,False,baseline
review_0000683,order_0001030,4,2026-05-24T00:00:00,2026-05-26T19:00:00,positive,False,baseline
review_0000684,order_0001031,4,2025-01-26T00:00:00,2025-01-28T15:00:00,positive,False,baseline
review_0000685,order_0001032,4,2026-07-31T00:00:00,2026-08-02T01:00:00,positive,False,baseline
review_0000686,order_0001033,5,2026-12-02T00:00:00,2026-12-03T12:00:00,positive,False,baseline
review_0000687,order_0001034,3,2025-09-24T00:00:00,2025-09-26T06:00:00,neutral,False,baseline
review_0000688,order_0001036,5,2025-07-16T00:00:00,2025-07-16T14:00:00,positive,False,baseline
review_0000689,order_0001037,4,2026-04-04T00:00:00,2026-04-04T18:00:00,positive,False,baseline
review_0000690,order_0001038,4,2025-06-11T00:00:00,2025-06-12T05:00:00,positive,False,baseline
review_0000691,order_0001040,5,2024-07-16T00:00:00,2024-07-17T13:00:00,positive,False,baseline
review_0000692,order_0001043,5,2024-07-14T00:00:00,2024-07-15T00:00:00,positive,False,baseline
review_0000693,order_0001049,4,2026-07-21T00:00:00,2026-07-23T02:00:00,positive,False,baseline
review_0000694,order_0001050,4,2024-11-29T00:00:00,2024-11-29T21:00:00,positive,False,baseline
review_0000695,order_0001051,4,2024-12-25T00:00:00,2024-12-25T17:00:00,positive,False,baseline
review_0000696,order_0001053,4,2024-05-20T00:00:00,2024-05-21T16:00:00,positive,False,baseline
review_0000697,order_0001054,4,2026-12-12T00:00:00,2026-12-13T23:00:00,positive,False,baseline
review_0000698,order_0001056,5,2026-10-31T00:00:00,2026-11-01T01:00:00,positive,False,baseline
review_0000699,order_0001058,3,2025-03-10T00:00:00,2025-03-10T12:00:00,neutral,False,baseline
review_0000700,order_0001059,5,2024-03-10T00:00:00,2024-03-11T00:00:00,positive,False,baseline
review_0000701,order_0001061,4,2024-10-11T00:00:00,2024-10-12T10:00:00,positive,False,baseline
review_0000702,order_0001062,3,2025-10-04T00:00:00,2025-10-04T12:00:00,neutral,False,baseline
review_0000703,order_0001063,5,2026-01-07T00:00:00,2026-01-08T20:00:00,positive,False,baseline
review_0000704,order_0001064,4,2025-05-19T00:00:00,2025-05-19T20:00:00,positive,False,baseline
review_0000705,order_0001066,5,2026-07-07T00:00:00,2026-07-09T06:00:00,positive,False,baseline
review_0000706,order_0001069,5,2025-08-13T00:00:00,2025-08-15T20:00:00,positive,False,baseline
review_0000707,order_0001071,4,2026-04-06T00:00:00,2026-04-06T21:00:00,positive,False,baseline
review_0000708,order_0001073,4,2025-08-28T00:00:00,2025-08-30T20:00:00,positive,False,baseline
review_0000709,order_0001074,4,2025-04-16T00:00:00,2025-04-17T05:00:00,positive,False,baseline
review_0000710,order_0001075,4,2025-05-09T00:00:00,2025-05-10T05:00:00,positive,False,baseline
review_0000711,order_0001076,4,2026-05-27T00:00:00,2026-05-28T22:00:00,positive,False,baseline
review_0000712,order_0001077,4,2025-11-29T00:00:00,2025-12-01T20:00:00,positive,False,baseline
review_0000713,order_0001078,3,2024-07-12T00:00:00,2024-07-12T19:00:00,neutral,False,baseline
review_0000714,order_0001079,3,2024-10-22T00:00:00,2024-10-22T19:00:00,neutral,False,baseline
review_0000715,order_0001081,4,2026-08-19T00:00:00,2026-08-19T22:00:00,positive,False,baseline
review_0000716,order_0001083,4,2024-02-01T00:00:00,2024-02-03T09:00:00,positive,False,baseline
review_0000717,order_0001085,4,2024-09-02T00:00:00,2024-09-04T17:00:00,positive,False,baseline
review_0000718,order_0001086,4,2024-08-13T00:00:00,2024-08-15T22:00:00,positive,False,baseline
review_0000719,order_0001088,4,2026-12-04T00:00:00,2026-12-05T01:00:00,positive,False,baseline
review_0000720,order_0001089,4,2025-03-09T00:00:00,2025-03-10T17:00:00,positive,False,baseline
review_0000721,order_0001090,4,2025-09-07T00:00:00,2025-09-08T17:00:00,positive,False,baseline
review_0000722,order_0001093,5,2026-08-02T00:00:00,2026-08-04T15:00:00,positive,False,baseline
review_0000723,order_0001094,4,2025-12-21T00:00:00,2025-12-21T11:00:00,positive,False,baseline
review_0000724,order_0001095,5,2026-03-29T00:00:00,2026-03-31T20:00:00,positive,False,baseline
review_0000725,order_0001096,5,2026-09-07T00:00:00,2026-09-08T06:00:00,positive,False,baseline
review_0000726,order_0001097,4,2026-12-27T00:00:00,2026-12-29T14:00:00,positive,False,baseline
review_0000727,order_0001098,5,2026-07-26T00:00:00,2026-07-28T03:00:00,positive,False,baseline
review_0000728,order_0001099,5,2026-10-24T00:00:00,2026-10-26T15:00:00,positive,False,baseline
review_0000729,order_0001100,4,2025-08-03T00:00:00,2025-08-04T10:00:00,positive,False,baseline
review_0000730,order_0001101,4,2025-07-13T00:00:00,2025-07-13T13:00:00,positive,False,baseline
review_0000731,order_0001104,5,2024-11-20T00:00:00,2024-11-21T10:00:00,positive,False,baseline
review_0000732,order_0001105,4,2024-10-28T00:00:00,2024-10-30T14:00:00,positive,False,baseline
review_0000733,order_0001106,5,2024-05-21T00:00:00,2024-05-22T13:00:00,positive,False,baseline
review_0000734,order_0001111,4,2024-03-11T00:00:00,2024-03-12T05:00:00,positive,False,baseline
review_0000735,order_0001112,4,2025-02-28T00:00:00,2025-03-01T16:00:00,positive,False,baseline
review_0000736,order_0001113,5,2024-03-17T00:00:00,2024-03-19T17:00:00,positive,False,baseline
review_0000737,order_0001115,4,2025-09-26T00:00:00,2025-09-27T08:00:00,positive,False,baseline
review_0000738,order_0001116,4,2025-09-30T00:00:00,2025-10-02T19:00:00,positive,False,baseline
review_0000739,order_0001117,5,2026-10-22T00:00:00,2026-10-24T14:00:00,positive,False,baseline
review_0000740,order_0001118,5,2024-04-02T00:00:00,2024-04-04T09:00:00,positive,False,baseline
review_0000741,order_0001119,4,2024-07-03T00:00:00,2024-07-05T18:00:00,positive,False,baseline
review_0000742,order_0001120,4,2025-07-06T00:00:00,2025-07-07T05:00:00,positive,False,baseline
review_0000743,order_0001121,5,2026-08-12T00:00:00,2026-08-13T19:00:00,positive,False,baseline
review_0000744,order_0001124,4,2024-04-06T00:00:00,2024-04-07T10:00:00,positive,False,baseline
review_0000745,order_0001125,4,2024-06-14T00:00:00,2024-06-14T18:00:00,positive,False,baseline
review_0000746,order_0001127,4,2025-07-18T00:00:00,2025-07-20T01:00:00,positive,False,baseline
review_0000747,order_0001128,4,2025-10-13T00:00:00,2025-10-14T22:00:00,positive,False,baseline
review_0000748,order_0001129,3,2025-11-17T00:00:00,2025-11-18T00:00:00,neutral,False,baseline
review_0000749,order_0001130,5,2025-08-28T00:00:00,2025-08-28T18:00:00,positive,False,baseline
review_0000750,order_0001133,4,2024-09-08T00:00:00,2024-09-10T04:00:00,positive,False,baseline
review_0000751,order_0001134,4,2026-06-29T00:00:00,2026-07-01T15:00:00,positive,False,baseline
review_0000752,order_0001135,4,2024-01-13T00:00:00,2024-01-14T22:00:00,positive,False,baseline
review_0000753,order_0001137,4,2026-01-19T00:00:00,2026-01-19T18:00:00,positive,False,baseline
review_0000754,order_0001138,4,2024-01-21T00:00:00,2024-01-22T11:00:00,positive,False,baseline
review_0000755,order_0001139,3,2024-01-29T00:00:00,2024-02-01T00:00:00,neutral,False,baseline
review_0000756,order_0001140,4,2024-01-16T00:00:00,2024-01-18T06:00:00,positive,False,baseline
review_0000757,order_0001141,5,2025-09-02T00:00:00,2025-09-03T07:00:00,positive,False,baseline
review_0000758,order_0001142,5,2025-05-13T00:00:00,2025-05-15T04:00:00,positive,False,baseline
review_0000759,order_0001144,3,2024-06-09T00:00:00,2024-06-11T01:00:00,neutral,False,baseline
review_0000760,order_0001147,4,2025-04-09T00:00:00,2025-04-09T14:00:00,positive,False,baseline
review_0000761,order_0001148,4,2026-12-20T00:00:00,2026-12-20T22:00:00,positive,False,baseline
review_0000762,order_0001150,4,2025-10-29T00:00:00,2025-10-31T03:00:00,positive,False,baseline
review_0000763,order_0001151,4,2026-12-06T00:00:00,2026-12-07T08:00:00,positive,False,baseline
review_0000764,order_0001153,3,2024-07-04T00:00:00,2024-07-05T11:00:00,neutral,False,baseline
review_0000765,order_0001155,4,2025-05-22T00:00:00,2025-05-23T15:00:00,positive,False,baseline
review_0000766,order_0001156,1,2026-01-17T00:00:00,2026-01-18T00:00:00,negative,True,baseline
review_0000767,order_0001157,2,2026-02-11T00:00:00,2026-02-11T10:00:00,negative,True,baseline
review_0000768,order_0001158,5,2026-05-25T00:00:00,2026-05-26T07:00:00,positive,False,baseline
review_0000769,order_0001160,4,2025-10-24T00:00:00,2025-10-26T03:00:00,positive,False,baseline
review_0000770,order_0001161,3,2026-02-25T00:00:00,2026-02-26T16:00:00,neutral,False,baseline
review_0000771,order_0001162,4,2025-01-28T00:00:00,2025-01-28T18:00:00,positive,False,baseline
review_0000772,order_0001163,4,2026-05-29T00:00:00,2026-05-30T03:00:00,positive,False,baseline
review_0000773,order_0001164,2,2026-06-19T00:00:00,2026-06-21T04:00:00,negative,True,baseline
review_0000774,order_0001165,4,2025-12-05T00:00:00,2025-12-06T02:00:00,positive,False,baseline
review_0000775,order_0001166,4,2024-06-28T00:00:00,2024-06-29T00:00:00,positive,False,baseline
review_0000776,order_0001169,4,2024-02-03T00:00:00,2024-02-03T19:00:00,positive,False,baseline
review_0000777,order_0001171,3,2024-11-04T00:00:00,2024-11-06T20:00:00,neutral,False,baseline
review_0000778,order_0001172,4,2026-11-02T00:00:00,2026-11-02T21:00:00,positive,False,baseline
review_0000779,order_0001173,5,2025-10-03T00:00:00,2025-10-04T14:00:00,positive,False,baseline
review_0000780,order_0001175,4,2024-02-03T00:00:00,2024-02-05T00:00:00,positive,False,baseline
review_0000781,order_0001177,3,2025-04-21T00:00:00,2025-04-23T00:00:00,neutral,False,baseline
review_0000782,order_0001178,4,2024-10-31T00:00:00,2024-11-02T22:00:00,positive,False,baseline
review_0000783,order_0001179,4,2026-04-23T00:00:00,2026-04-25T00:00:00,positive,False,baseline
review_0000784,order_0001180,3,2025-12-29T00:00:00,2025-12-31T02:00:00,neutral,False,baseline
review_0000785,order_0001181,5,2024-10-25T00:00:00,2024-10-27T18:00:00,positive,False,baseline
review_0000786,order_0001182,3,2026-05-04T00:00:00,2026-05-07T00:00:00,neutral,False,baseline
review_0000787,order_0001183,3,2026-01-10T00:00:00,2026-01-12T07:00:00,neutral,False,baseline
review_0000788,order_0001184,5,2025-12-19T00:00:00,2025-12-19T10:00:00,positive,False,baseline
review_0000789,order_0001185,4,2024-09-01T00:00:00,2024-09-01T19:00:00,positive,False,baseline
review_0000790,order_0001186,4,2024-03-12T00:00:00,2024-03-12T18:00:00,positive,False,baseline
review_0000791,order_0001189,4,2024-12-12T00:00:00,2024-12-13T16:00:00,positive,False,baseline
review_0000792,order_0001192,4,2026-06-20T00:00:00,2026-06-22T03:00:00,positive,False,baseline
review_0000793,order_0001193,5,2026-11-28T00:00:00,2026-11-29T02:00:00,positive,False,baseline
review_0000794,order_0001194,4,2024-06-24T00:00:00,2024-06-26T15:00:00,positive,False,baseline
review_0000795,order_0001195,2,2024-08-05T00:00:00,2024-08-07T20:00:00,negative,True,baseline
review_0000796,order_0001201,5,2024-12-10T00:00:00,2024-12-11T04:00:00,positive,False,baseline
review_0000797,order_0001202,4,2024-12-11T00:00:00,2024-12-11T12:00:00,positive,False,baseline
review_0000798,order_0001203,4,2026-07-08T00:00:00,2026-07-09T13:00:00,positive,False,baseline
review_0000799,order_0001204,4,2026-03-07T00:00:00,2026-03-08T20:00:00,positive,False,baseline
review_0000800,order_0001205,5,2026-09-08T00:00:00,2026-09-08T14:00:00,positive,False,baseline
review_0000801,order_0001206,4,2025-07-12T00:00:00,2025-07-14T16:00:00,positive,False,baseline
review_0000802,order_0001207,3,2024-05-02T00:00:00,2024-05-03T15:00:00,neutral,False,baseline
review_0000803,order_0001209,4,2025-10-28T00:00:00,2025-10-29T04:00:00,positive,False,baseline
review_0000804,order_0001212,4,2026-10-13T00:00:00,2026-10-13T16:00:00,positive,False,baseline
review_0000805,order_0001213,4,2025-12-12T00:00:00,2025-12-13T12:00:00,positive,False,baseline
review_0000806,order_0001214,3,2024-03-21T00:00:00,2024-03-22T00:00:00,neutral,False,baseline
review_0000807,order_0001215,2,2024-12-05T00:00:00,2024-12-06T21:00:00,negative,True,baseline
review_0000808,order_0001216,4,2026-10-27T00:00:00,2026-10-27T12:00:00,positive,False,baseline
review_0000809,order_0001217,4,2026-10-03T00:00:00,2026-10-03T20:00:00,positive,False,baseline
review_0000810,order_0001218,4,2024-06-16T00:00:00,2024-06-18T18:00:00,positive,False,baseline
review_0000811,order_0001219,4,2026-12-05T00:00:00,2026-12-07T08:00:00,positive,False,baseline
review_0000812,order_0001220,5,2024-02-17T00:00:00,2024-02-19T10:00:00,positive,False,baseline
review_0000813,order_0001222,3,2024-05-16T00:00:00,2024-05-16T12:00:00,neutral,False,baseline
review_0000814,order_0001224,4,2024-08-16T00:00:00,2024-08-17T16:00:00,positive,False,baseline
review_0000815,order_0001225,3,2025-12-30T00:00:00,2025-12-30T13:00:00,neutral,False,baseline
review_0000816,order_0001227,3,2026-10-31T00:00:00,2026-11-02T21:00:00,neutral,False,baseline
review_0000817,order_0001228,3,2024-05-04T00:00:00,2024-05-05T05:00:00,neutral,False,baseline
review_0000818,order_0001229,4,2026-03-13T00:00:00,2026-03-14T01:00:00,positive,False,baseline
review_0000819,order_0001230,4,2026-12-10T00:00:00,2026-12-11T08:00:00,positive,False,baseline
review_0000820,order_0001233,3,2024-11-03T00:00:00,2024-11-05T06:00:00,neutral,False,baseline
review_0000821,order_0001238,4,2025-03-16T00:00:00,2025-03-17T15:00:00,positive,False,baseline
review_0000822,order_0001243,4,2024-11-19T00:00:00,2024-11-20T20:00:00,positive,False,baseline
review_0000823,order_0001246,5,2024-09-15T00:00:00,2024-09-16T20:00:00,positive,False,baseline
review_0000824,order_0001248,5,2024-05-28T00:00:00,2024-05-29T09:00:00,positive,False,baseline
review_0000825,order_0001249,4,2024-09-26T00:00:00,2024-09-28T01:00:00,positive,False,baseline
review_0000826,order_0001252,5,2025-12-21T00:00:00,2025-12-22T03:00:00,positive,False,baseline
review_0000827,order_0001258,4,2026-04-26T00:00:00,2026-04-26T10:00:00,positive,False,baseline
review_0000828,order_0001259,2,2026-12-15T00:00:00,2026-12-16T01:00:00,negative,True,baseline
review_0000829,order_0001260,3,2026-10-02T00:00:00,2026-10-03T04:00:00,neutral,False,baseline
review_0000830,order_0001261,3,2025-12-17T00:00:00,2025-12-19T22:00:00,neutral,False,baseline
review_0000831,order_0001262,4,2024-04-17T00:00:00,2024-04-17T14:00:00,positive,False,baseline
review_0000832,order_0001263,5,2025-01-17T00:00:00,2025-01-19T16:00:00,positive,False,baseline
review_0000833,order_0001265,5,2024-10-03T00:00:00,2024-10-05T02:00:00,positive,False,baseline
review_0000834,order_0001266,4,2026-01-28T00:00:00,2026-01-30T21:00:00,positive,False,baseline
review_0000835,order_0001267,3,2025-10-28T00:00:00,2025-10-29T17:00:00,neutral,False,baseline
review_0000836,order_0001268,5,2025-04-13T00:00:00,2025-04-14T00:00:00,positive,False,baseline
review_0000837,order_0001269,5,2025-09-03T00:00:00,2025-09-04T00:00:00,positive,False,baseline
review_0000838,order_0001271,4,2026-10-21T00:00:00,2026-10-22T10:00:00,positive,False,baseline
review_0000839,order_0001273,4,2026-12-19T00:00:00,2026-12-21T16:00:00,positive,False,baseline
review_0000840,order_0001275,4,2025-11-30T00:00:00,2025-12-01T14:00:00,positive,False,baseline
review_0000841,order_0001276,4,2025-03-29T00:00:00,2025-03-30T21:00:00,positive,False,baseline
review_0000842,order_0001277,5,2026-06-17T00:00:00,2026-06-19T02:00:00,positive,False,baseline
review_0000843,order_0001278,5,2026-06-25T00:00:00,2026-06-27T16:00:00,positive,False,baseline
review_0000844,order_0001279,4,2026-10-20T00:00:00,2026-10-20T10:00:00,positive,False,baseline
review_0000845,order_0001280,4,2026-08-27T00:00:00,2026-08-27T12:00:00,positive,False,baseline
review_0000846,order_0001282,4,2025-09-02T00:00:00,2025-09-04T23:00:00,positive,False,baseline
review_0000847,order_0001283,5,2025-11-19T00:00:00,2025-11-21T14:00:00,positive,False,baseline
review_0000848,order_0001285,5,2025-09-21T00:00:00,2025-09-23T17:00:00,positive,False,baseline
review_0000849,order_0001286,5,2025-02-16T00:00:00,2025-02-18T18:00:00,positive,False,baseline
review_0000850,order_0001287,4,2024-12-22T00:00:00,2024-12-22T23:00:00,positive,False,baseline
review_0000851,order_0001289,4,2026-04-05T00:00:00,2026-04-06T15:00:00,positive,False,baseline
review_0000852,order_0001290,4,2026-06-28T00:00:00,2026-06-30T15:00:00,positive,False,baseline
review_0000853,order_0001292,5,2025-08-18T00:00:00,2025-08-18T18:00:00,positive,False,baseline
review_0000854,order_0001297,4,2026-02-06T00:00:00,2026-02-08T22:00:00,positive,False,baseline
review_0000855,order_0001298,4,2026-03-29T00:00:00,2026-03-29T19:00:00,positive,False,baseline
review_0000856,order_0001300,4,2025-06-19T00:00:00,2025-06-20T22:00:00,positive,False,baseline
review_0000857,order_0001301,4,2026-02-07T00:00:00,2026-02-09T00:00:00,positive,False,baseline
review_0000858,order_0001302,5,2026-08-03T00:00:00,2026-08-04T12:00:00,positive,False,baseline
review_0000859,order_0001303,5,2025-09-12T00:00:00,2025-09-13T08:00:00,positive,False,baseline
review_0000860,order_0001305,5,2026-04-24T00:00:00,2026-04-26T09:00:00,positive,False,baseline
review_0000861,order_0001307,3,2026-11-13T00:00:00,2026-11-14T04:00:00,neutral,False,baseline
review_0000862,order_0001308,5,2025-02-28T00:00:00,2025-03-01T15:00:00,positive,False,baseline
review_0000863,order_0001309,3,2026-01-14T00:00:00,2026-01-15T06:00:00,neutral,False,baseline
review_0000864,order_0001310,3,2025-01-30T00:00:00,2025-01-31T13:00:00,neutral,False,baseline
review_0000865,order_0001312,5,2025-01-30T00:00:00,2025-02-01T11:00:00,positive,False,baseline
review_0000866,order_0001314,3,2024-02-13T00:00:00,2024-02-15T06:00:00,neutral,False,baseline
review_0000867,order_0001315,4,2026-09-08T00:00:00,2026-09-09T06:00:00,positive,False,baseline
review_0000868,order_0001317,4,2026-05-21T00:00:00,2026-05-21T17:00:00,positive,False,baseline
review_0000869,order_0001320,3,2026-12-28T00:00:00,2026-12-29T23:00:00,neutral,False,baseline
review_0000870,order_0001321,2,2026-01-06T00:00:00,2026-01-06T14:00:00,negative,True,baseline
review_0000871,order_0001322,4,2024-02-12T00:00:00,2024-02-13T06:00:00,positive,False,baseline
review_0000872,order_0001324,4,2024-07-26T00:00:00,2024-07-27T01:00:00,positive,False,baseline
review_0000873,order_0001326,5,2026-04-06T00:00:00,2026-04-08T20:00:00,positive,False,baseline
review_0000874,order_0001329,3,2026-10-08T00:00:00,2026-10-10T20:00:00,neutral,False,baseline
review_0000875,order_0001330,5,2024-07-03T00:00:00,2024-07-03T09:00:00,positive,False,baseline
review_0000876,order_0001331,3,2026-10-22T00:00:00,2026-10-24T18:00:00,neutral,False,baseline
review_0000877,order_0001332,4,2026-11-16T00:00:00,2026-11-18T08:00:00,positive,False,baseline
review_0000878,order_0001334,5,2024-03-10T00:00:00,2024-03-12T02:00:00,positive,False,baseline
review_0000879,order_0001335,5,2025-02-28T00:00:00,2025-03-02T00:00:00,positive,False,baseline
review_0000880,order_0001336,5,2025-09-27T00:00:00,2025-09-29T09:00:00,positive,False,baseline
review_0000881,order_0001337,4,2026-05-23T00:00:00,2026-05-25T03:00:00,positive,False,baseline
review_0000882,order_0001339,4,2024-10-01T00:00:00,2024-10-02T07:00:00,positive,False,baseline
review_0000883,order_0001340,3,2026-08-11T00:00:00,2026-08-12T06:00:00,neutral,False,baseline
review_0000884,order_0001342,2,2025-07-08T00:00:00,2025-07-09T07:00:00,negative,True,baseline
review_0000885,order_0001343,4,2024-09-12T00:00:00,2024-09-14T07:00:00,positive,False,baseline
review_0000886,order_0001346,3,2026-12-13T00:00:00,2026-12-14T15:00:00,neutral,False,baseline
review_0000887,order_0001347,4,2024-12-26T00:00:00,2024-12-26T10:00:00,positive,False,baseline
review_0000888,order_0001349,3,2026-12-03T00:00:00,2026-12-05T20:00:00,neutral,False,baseline
review_0000889,order_0001351,3,2026-07-19T00:00:00,2026-07-19T12:00:00,neutral,False,baseline
review_0000890,order_0001352,4,2025-07-15T00:00:00,2025-07-16T08:00:00,positive,False,baseline
review_0000891,order_0001354,4,2025-01-03T00:00:00,2025-01-05T01:00:00,positive,False,baseline
review_0000892,order_0001355,4,2026-07-28T00:00:00,2026-07-30T16:00:00,positive,False,baseline
review_0000893,order_0001357,4,2025-03-18T00:00:00,2025-03-19T22:00:00,positive,False,baseline
review_0000894,order_0001358,4,2025-05-09T00:00:00,2025-05-11T13:00:00,positive,False,baseline
review_0000895,order_0001360,4,2024-05-10T00:00:00,2024-05-10T10:00:00,positive,False,baseline
review_0000896,order_0001361,4,2026-03-29T00:00:00,2026-03-30T04:00:00,positive,False,baseline
review_0000897,order_0001363,4,2026-09-07T00:00:00,2026-09-07T10:00:00,positive,False,baseline
review_0000898,order_0001364,4,2024-08-27T00:00:00,2024-08-28T19:00:00,positive,False,baseline
review_0000899,order_0001365,5,2024-11-04T00:00:00,2024-11-06T18:00:00,positive,False,baseline
review_0000900,order_0001367,3,2026-06-25T00:00:00,2026-06-25T11:00:00,neutral,False,baseline
review_0000901,order_0001370,4,2024-10-31T00:00:00,2024-11-01T13:00:00,positive,False,baseline
review_0000902,order_0001371,5,2026-10-08T00:00:00,2026-10-09T10:00:00,positive,False,baseline
review_0000903,order_0001373,4,2025-07-12T00:00:00,2025-07-13T00:00:00,positive,False,baseline
review_0000904,order_0001377,4,2026-04-03T00:00:00,2026-04-04T13:00:00,positive,False,baseline
review_0000905,order_0001378,4,2024-05-31T00:00:00,2024-06-01T11:00:00,positive,False,baseline
review_0000906,order_0001379,5,2026-11-14T00:00:00,2026-11-14T17:00:00,positive,False,baseline
review_0000907,order_0001381,3,2025-03-03T00:00:00,2025-03-06T00:00:00,neutral,False,baseline
review_0000908,order_0001382,5,2024-08-31T00:00:00,2024-08-31T10:00:00,positive,False,baseline
review_0000909,order_0001383,4,2026-10-13T00:00:00,2026-10-14T01:00:00,positive,False,baseline
review_0000910,order_0001385,4,2025-04-22T00:00:00,2025-04-23T14:00:00,positive,False,baseline
review_0000911,order_0001386,4,2025-06-12T00:00:00,2025-06-13T03:00:00,positive,False,baseline
review_0000912,order_0001387,5,2025-06-30T00:00:00,2025-07-02T01:00:00,positive,False,baseline
review_0000913,order_0001390,5,2025-04-12T00:00:00,2025-04-12T13:00:00,positive,False,baseline
review_0000914,order_0001391,5,2024-04-27T00:00:00,2024-04-29T03:00:00,positive,False,baseline
review_0000915,order_0001394,5,2026-08-13T00:00:00,2026-08-15T07:00:00,positive,False,baseline
review_0000916,order_0001395,4,2026-05-25T00:00:00,2026-05-26T21:00:00,positive,False,baseline
review_0000917,order_0001396,3,2024-07-20T00:00:00,2024-07-21T04:00:00,neutral,False,baseline
review_0000918,order_0001397,4,2024-09-10T00:00:00,2024-09-11T18:00:00,positive,False,baseline
review_0000919,order_0001398,4,2024-02-18T00:00:00,2024-02-20T00:00:00,positive,False,baseline
review_0000920,order_0001402,4,2025-09-20T00:00:00,2025-09-21T12:00:00,positive,False,baseline
review_0000921,order_0001403,3,2025-08-07T00:00:00,2025-08-08T23:00:00,neutral,False,baseline
review_0000922,order_0001404,5,2026-01-16T00:00:00,2026-01-16T12:00:00,positive,False,baseline
review_0000923,order_0001405,5,2025-09-04T00:00:00,2025-09-04T08:00:00,positive,False,baseline
review_0000924,order_0001407,4,2025-09-13T00:00:00,2025-09-15T22:00:00,positive,False,baseline
review_0000925,order_0001408,5,2024-09-06T00:00:00,2024-09-08T07:00:00,positive,False,baseline
review_0000926,order_0001409,5,2026-09-10T00:00:00,2026-09-11T09:00:00,positive,False,baseline
review_0000927,order_0001410,4,2026-10-11T00:00:00,2026-10-12T17:00:00,positive,False,baseline
review_0000928,order_0001414,5,2024-11-29T00:00:00,2024-11-29T09:00:00,positive,False,baseline
review_0000929,order_0001415,3,2025-09-26T00:00:00,2025-09-28T16:00:00,neutral,False,baseline
review_0000930,order_0001417,4,2025-10-03T00:00:00,2025-10-04T10:00:00,positive,False,baseline
review_0000931,order_0001419,5,2025-02-27T00:00:00,2025-02-28T22:00:00,positive,False,baseline
review_0000932,order_0001420,3,2025-11-20T00:00:00,2025-11-22T07:00:00,neutral,False,baseline
review_0000933,order_0001423,3,2025-04-13T00:00:00,2025-04-15T06:00:00,neutral,False,baseline
review_0000934,order_0001425,3,2026-03-19T00:00:00,2026-03-21T14:00:00,neutral,False,baseline
review_0000935,order_0001426,5,2024-06-29T00:00:00,2024-07-01T16:00:00,positive,False,baseline
review_0000936,order_0001428,4,2026-10-22T00:00:00,2026-10-23T15:00:00,positive,False,baseline
review_0000937,order_0001429,4,2024-12-09T00:00:00,2024-12-10T18:00:00,positive,False,baseline
review_0000938,order_0001431,4,2024-09-02T00:00:00,2024-09-02T12:00:00,positive,False,baseline
review_0000939,order_0001432,3,2025-08-13T00:00:00,2025-08-15T06:00:00,neutral,False,baseline
review_0000940,order_0001433,4,2025-11-03T00:00:00,2025-11-05T20:00:00,positive,False,baseline
review_0000941,order_0001437,5,2024-09-21T00:00:00,2024-09-21T18:00:00,positive,False,baseline
review_0000942,order_0001440,3,2025-02-08T00:00:00,2025-02-10T04:00:00,neutral,False,baseline
review_0000943,order_0001443,3,2026-11-14T00:00:00,2026-11-15T07:00:00,neutral,False,baseline
review_0000944,order_0001445,4,2026-12-21T00:00:00,2026-12-21T23:00:00,positive,False,baseline
review_0000945,order_0001447,3,2024-02-10T00:00:00,2024-02-12T02:00:00,neutral,False,baseline
review_0000946,order_0001449,4,2025-02-01T00:00:00,2025-02-03T04:00:00,positive,False,baseline
review_0000947,order_0001450,5,2025-01-09T00:00:00,2025-01-11T16:00:00,positive,False,baseline
review_0000948,order_0001451,5,2025-01-16T00:00:00,2025-01-18T16:00:00,positive,False,baseline
review_0000949,order_0001453,5,2025-05-02T00:00:00,2025-05-02T17:00:00,positive,False,baseline
review_0000950,order_0001456,4,2025-12-02T00:00:00,2025-12-03T22:00:00,positive,False,baseline
review_0000951,order_0001457,4,2026-10-23T00:00:00,2026-10-23T12:00:00,positive,False,baseline
review_0000952,order_0001458,4,2026-01-23T00:00:00,2026-01-25T15:00:00,positive,False,baseline
review_0000953,order_0001459,4,2025-02-26T00:00:00,2025-02-27T22:00:00,positive,False,baseline
review_0000954,order_0001462,4,2026-10-12T00:00:00,2026-10-12T12:00:00,positive,False,baseline
review_0000955,order_0001463,5,2026-02-12T00:00:00,2026-02-13T02:00:00,positive,False,baseline
review_0000956,order_0001464,4,2026-01-22T00:00:00,2026-01-22T22:00:00,positive,False,baseline
review_0000957,order_0001466,3,2024-12-05T00:00:00,2024-12-05T18:00:00,neutral,False,baseline
review_0000958,order_0001467,4,2024-12-18T00:00:00,2024-12-18T22:00:00,positive,False,baseline
review_0000959,order_0001468,3,2025-10-11T00:00:00,2025-10-12T17:00:00,neutral,False,baseline
review_0000960,order_0001470,3,2025-09-19T00:00:00,2025-09-21T03:00:00,neutral,False,baseline
review_0000961,order_0001471,4,2026-12-02T00:00:00,2026-12-02T11:00:00,positive,False,baseline
review_0000962,order_0001472,3,2025-05-12T00:00:00,2025-05-14T13:00:00,neutral,False,baseline
review_0000963,order_0001473,4,2026-08-22T00:00:00,2026-08-22T08:00:00,positive,False,baseline
review_0000964,order_0001474,5,2024-04-03T00:00:00,2024-04-04T23:00:00,positive,False,baseline
review_0000965,order_0001475,4,2026-11-05T00:00:00,2026-11-07T17:00:00,positive,False,baseline
review_0000966,order_0001476,3,2026-10-22T00:00:00,2026-10-24T11:00:00,neutral,False,baseline
review_0000967,order_0001477,4,2026-09-14T00:00:00,2026-09-14T15:00:00,positive,False,baseline
review_0000968,order_0001479,4,2025-08-05T00:00:00,2025-08-07T18:00:00,positive,False,baseline
review_0000969,order_0001480,5,2025-07-29T00:00:00,2025-07-31T01:00:00,positive,False,baseline
review_0000970,order_0001483,5,2024-09-24T00:00:00,2024-09-25T15:00:00,positive,False,baseline
review_0000971,order_0001484,5,2025-02-10T00:00:00,2025-02-11T22:00:00,positive,False,baseline
review_0000972,order_0001487,5,2026-11-25T00:00:00,2026-11-26T09:00:00,positive,False,baseline
review_0000973,order_0001489,5,2024-05-03T00:00:00,2024-05-03T11:00:00,positive,False,baseline
review_0000974,order_0001490,5,2026-10-21T00:00:00,2026-10-22T11:00:00,positive,False,baseline
review_0000975,order_0001493,4,2025-01-01T00:00:00,2025-01-01T08:00:00,positive,False,baseline
review_0000976,order_0001498,2,2026-06-25T00:00:00,2026-06-25T21:00:00,negative,True,baseline
review_0000977,order_0001499,4,2025-08-28T00:00:00,2025-08-29T10:00:00,positive,False,baseline
review_0000978,order_0001500,3,2026-03-22T00:00:00,2026-03-23T12:00:00,neutral,False,baseline
review_0000979,order_0001501,2,2024-12-22T00:00:00,2024-12-24T02:00:00,negative,True,baseline
review_0000980,order_0001502,5,2026-12-23T00:00:00,2026-12-24T04:00:00,positive,False,baseline
review_0000981,order_0001503,4,2026-01-16T00:00:00,2026-01-16T12:00:00,positive,False,baseline
review_0000982,order_0001505,4,2024-04-13T00:00:00,2024-04-15T13:00:00,positive,False,baseline
review_0000983,order_0001506,5,2026-07-21T00:00:00,2026-07-22T06:00:00,positive,False,baseline
review_0000984,order_0001507,4,2025-10-30T00:00:00,2025-10-31T20:00:00,positive,False,baseline
review_0000985,order_0001509,4,2025-12-26T00:00:00,2025-12-27T20:00:00,positive,False,baseline
review_0000986,order_0001510,3,2026-06-19T00:00:00,2026-06-20T12:00:00,neutral,False,baseline
review_0000987,order_0001511,4,2024-12-03T00:00:00,2024-12-05T18:00:00,positive,False,baseline
review_0000988,order_0001512,4,2024-05-07T00:00:00,2024-05-08T12:00:00,positive,False,baseline
review_0000989,order_0001513,4,2024-02-02T00:00:00,2024-02-04T18:00:00,positive,False,baseline
review_0000990,order_0001514,4,2024-07-18T00:00:00,2024-07-18T17:00:00,positive,False,baseline
review_0000991,order_0001517,4,2024-05-22T00:00:00,2024-05-23T10:00:00,positive,False,baseline
review_0000992,order_0001518,4,2025-05-21T00:00:00,2025-05-23T02:00:00,positive,False,baseline
review_0000993,order_0001519,4,2025-10-19T00:00:00,2025-10-20T03:00:00,positive,False,baseline
review_0000994,order_0001520,3,2025-05-30T00:00:00,2025-06-01T22:00:00,neutral,False,baseline
review_0000995,order_0001521,4,2025-01-02T00:00:00,2025-01-03T21:00:00,positive,False,baseline
review_0000996,order_0001523,4,2026-06-19T00:00:00,2026-06-19T14:00:00,positive,False,baseline
review_0000997,order_0001527,4,2026-06-10T00:00:00,2026-06-11T18:00:00,positive,False,baseline
review_0000998,order_0001528,4,2026-05-01T00:00:00,2026-05-02T05:00:00,positive,False,baseline
review_0000999,order_0001529,3,2024-12-15T00:00:00,2024-12-16T11:00:00,neutral,False,baseline
review_0001000,order_0001531,4,2024-03-24T00:00:00,2024-03-25T15:00:00,positive,False,baseline
review_0001001,order_0001532,5,2024-10-22T00:00:00,2024-10-22T08:00:00,positive,False,baseline
review_0001002,order_0001533,2,2025-04-09T00:00:00,2025-04-11T07:00:00,negative,True,baseline
review_0001003,order_0001534,5,2026-06-22T00:00:00,2026-06-24T20:00:00,positive,False,baseline
review_0001004,order_0001535,2,2026-07-29T00:00:00,2026-07-30T11:00:00,negative,True,baseline
review_0001005,order_0001536,4,2026-07-27T00:00:00,2026-07-30T00:00:00,positive,False,baseline
review_0001006,order_0001537,4,2025-11-10T00:00:00,2025-11-11T17:00:00,positive,False,baseline
review_0001007,order_0001538,4,2025-11-24T00:00:00,2025-11-26T10:00:00,positive,False,baseline
review_0001008,order_0001540,4,2026-05-19T00:00:00,2026-05-22T00:00:00,positive,False,baseline
review_0001009,order_0001541,5,2025-07-28T00:00:00,2025-07-31T00:00:00,positive,False,baseline
review_0001010,order_0001542,4,2025-03-06T00:00:00,2025-03-08T16:00:00,positive,False,baseline
review_0001011,order_0001544,3,2025-02-15T00:00:00,2025-02-16T04:00:00,neutral,False,baseline
review_0001012,order_0001545,3,2026-08-16T00:00:00,2026-08-16T20:00:00,neutral,False,baseline
review_0001013,order_0001546,4,2025-01-14T00:00:00,2025-01-16T03:00:00,positive,False,baseline
review_0001014,order_0001547,5,2026-10-23T00:00:00,2026-10-25T19:00:00,positive,False,baseline
review_0001015,order_0001548,5,2026-11-04T00:00:00,2026-11-05T13:00:00,positive,False,baseline
review_0001016,order_0001549,4,2025-07-18T00:00:00,2025-07-20T03:00:00,positive,False,baseline
review_0001017,order_0001552,4,2025-03-29T00:00:00,2025-03-30T19:00:00,positive,False,baseline
review_0001018,order_0001553,5,2025-01-02T00:00:00,2025-01-03T04:00:00,positive,False,baseline
review_0001019,order_0001554,3,2026-12-26T00:00:00,2026-12-27T18:00:00,neutral,False,baseline
review_0001020,order_0001556,5,2026-11-04T00:00:00,2026-11-06T00:00:00,positive,False,baseline
review_0001021,order_0001558,4,2025-07-11T00:00:00,2025-07-13T07:00:00,positive,False,baseline
review_0001022,order_0001560,5,2024-07-16T00:00:00,2024-07-18T21:00:00,positive,False,baseline
review_0001023,order_0001561,4,2024-11-26T00:00:00,2024-11-27T02:00:00,positive,False,baseline
review_0001024,order_0001564,3,2024-03-02T00:00:00,2024-03-03T02:00:00,neutral,False,baseline
review_0001025,order_0001566,3,2026-06-10T00:00:00,2026-06-11T14:00:00,neutral,False,baseline
review_0001026,order_0001567,4,2026-10-31T00:00:00,2026-11-02T12:00:00,positive,False,baseline
review_0001027,order_0001570,4,2025-09-07T00:00:00,2025-09-08T05:00:00,positive,False,baseline
review_0001028,order_0001572,5,2024-04-27T00:00:00,2024-04-27T17:00:00,positive,False,baseline
review_0001029,order_0001574,5,2026-05-05T00:00:00,2026-05-07T03:00:00,positive,False,baseline
review_0001030,order_0001575,4,2026-11-12T00:00:00,2026-11-12T23:00:00,positive,False,baseline
review_0001031,order_0001576,5,2025-08-14T00:00:00,2025-08-15T22:00:00,positive,False,baseline
review_0001032,order_0001579,5,2024-11-09T00:00:00,2024-11-11T21:00:00,positive,False,baseline
review_0001033,order_0001580,4,2024-02-23T00:00:00,2024-02-23T08:00:00,positive,False,baseline
review_0001034,order_0001582,5,2024-11-24T00:00:00,2024-11-24T18:00:00,positive,False,baseline
review_0001035,order_0001583,4,2026-06-19T00:00:00,2026-06-20T05:00:00,positive,False,baseline
review_0001036,order_0001584,4,2026-04-14T00:00:00,2026-04-16T04:00:00,positive,False,baseline
review_0001037,order_0001585,3,2026-02-03T00:00:00,2026-02-03T16:00:00,neutral,False,baseline
review_0001038,order_0001586,3,2024-07-18T00:00:00,2024-07-18T11:00:00,neutral,False,baseline
review_0001039,order_0001587,5,2026-01-01T00:00:00,2026-01-02T03:00:00,positive,False,baseline
review_0001040,order_0001588,4,2026-12-15T00:00:00,2026-12-17T05:00:00,positive,False,baseline
review_0001041,order_0001590,5,2025-08-30T00:00:00,2025-09-01T08:00:00,positive,False,baseline
review_0001042,order_0001591,5,2025-03-29T00:00:00,2025-03-29T23:00:00,positive,False,baseline
review_0001043,order_0001592,3,2026-02-01T00:00:00,2026-02-03T20:00:00,neutral,False,baseline
review_0001044,order_0001593,4,2024-03-24T00:00:00,2024-03-25T13:00:00,positive,False,baseline
review_0001045,order_0001594,5,2026-09-09T00:00:00,2026-09-09T10:00:00,positive,False,baseline
review_0001046,order_0001596,3,2025-11-14T00:00:00,2025-11-14T21:00:00,neutral,False,baseline
review_0001047,order_0001597,4,2025-07-31T00:00:00,2025-08-01T19:00:00,positive,False,baseline
review_0001048,order_0001598,4,2024-05-30T00:00:00,2024-05-31T02:00:00,positive,False,baseline
review_0001049,order_0001599,4,2025-08-14T00:00:00,2025-08-14T14:00:00,positive,False,baseline
review_0001050,order_0001600,4,2026-02-23T00:00:00,2026-02-23T08:00:00,positive,False,baseline
review_0001051,order_0001602,5,2024-10-20T00:00:00,2024-10-22T01:00:00,positive,False,baseline
review_0001052,order_0001603,2,2024-11-03T00:00:00,2024-11-05T02:00:00,negative,True,baseline
review_0001053,order_0001605,4,2026-04-01T00:00:00,2026-04-02T10:00:00,positive,False,baseline
review_0001054,order_0001606,3,2024-09-25T00:00:00,2024-09-25T20:00:00,neutral,False,baseline
review_0001055,order_0001607,4,2026-10-25T00:00:00,2026-10-25T18:00:00,positive,False,baseline
review_0001056,order_0001608,4,2026-11-23T00:00:00,2026-11-25T10:00:00,positive,False,baseline
review_0001057,order_0001609,4,2024-01-30T00:00:00,2024-02-01T03:00:00,positive,False,baseline
review_0001058,order_0001610,5,2026-08-03T00:00:00,2026-08-03T09:00:00,positive,False,baseline
review_0001059,order_0001611,5,2025-06-23T00:00:00,2025-06-23T18:00:00,positive,False,baseline
review_0001060,order_0001612,3,2026-11-06T00:00:00,2026-11-08T05:00:00,neutral,False,baseline
review_0001061,order_0001613,2,2024-08-18T00:00:00,2024-08-18T23:00:00,negative,True,baseline
review_0001062,order_0001616,3,2026-12-03T00:00:00,2026-12-05T01:00:00,neutral,False,baseline
review_0001063,order_0001617,4,2025-02-04T00:00:00,2025-02-05T00:00:00,positive,False,baseline
review_0001064,order_0001618,3,2025-01-27T00:00:00,2025-01-28T21:00:00,neutral,False,baseline
review_0001065,order_0001620,4,2026-01-08T00:00:00,2026-01-10T08:00:00,positive,False,baseline
review_0001066,order_0001623,4,2024-09-16T00:00:00,2024-09-18T07:00:00,positive,False,baseline
review_0001067,order_0001624,5,2024-02-18T00:00:00,2024-02-20T07:00:00,positive,False,baseline
review_0001068,order_0001625,3,2026-10-21T00:00:00,2026-10-24T00:00:00,neutral,False,baseline
review_0001069,order_0001629,5,2024-12-07T00:00:00,2024-12-08T00:00:00,positive,False,baseline
review_0001070,order_0001632,5,2024-03-12T00:00:00,2024-03-13T16:00:00,positive,False,baseline
review_0001071,order_0001634,5,2025-05-19T00:00:00,2025-05-20T06:00:00,positive,False,baseline
review_0001072,order_0001636,2,2026-06-15T00:00:00,2026-06-17T04:00:00,negative,True,baseline
review_0001073,order_0001637,4,2026-02-07T00:00:00,2026-02-09T11:00:00,positive,False,baseline
review_0001074,order_0001638,5,2024-10-24T00:00:00,2024-10-24T19:00:00,positive,False,baseline
review_0001075,order_0001639,5,2024-03-14T00:00:00,2024-03-15T16:00:00,positive,False,baseline
review_0001076,order_0001640,3,2025-10-17T00:00:00,2025-10-18T05:00:00,neutral,False,baseline
review_0001077,order_0001641,4,2025-05-12T00:00:00,2025-05-14T04:00:00,positive,False,baseline
review_0001078,order_0001642,5,2026-08-28T00:00:00,2026-08-28T17:00:00,positive,False,baseline
review_0001079,order_0001643,2,2026-01-02T00:00:00,2026-01-04T13:00:00,negative,True,baseline
review_0001080,order_0001644,4,2024-07-15T00:00:00,2024-07-15T15:00:00,positive,False,baseline
review_0001081,order_0001645,4,2024-01-22T00:00:00,2024-01-24T20:00:00,positive,False,baseline
review_0001082,order_0001647,5,2026-11-15T00:00:00,2026-11-17T19:00:00,positive,False,baseline
review_0001083,order_0001648,4,2026-09-24T00:00:00,2026-09-26T18:00:00,positive,False,baseline
review_0001084,order_0001650,4,2026-05-13T00:00:00,2026-05-14T12:00:00,positive,False,baseline
review_0001085,order_0001651,4,2026-11-08T00:00:00,2026-11-09T15:00:00,positive,False,baseline
review_0001086,order_0001654,4,2025-12-08T00:00:00,2025-12-09T20:00:00,positive,False,baseline
review_0001087,order_0001656,5,2024-05-31T00:00:00,2024-06-02T23:00:00,positive,False,baseline
review_0001088,order_0001657,4,2024-12-05T00:00:00,2024-12-06T12:00:00,positive,False,baseline
review_0001089,order_0001658,5,2024-08-03T00:00:00,2024-08-04T19:00:00,positive,False,baseline
review_0001090,order_0001659,3,2024-02-19T00:00:00,2024-02-19T19:00:00,neutral,False,baseline
review_0001091,order_0001661,3,2026-01-06T00:00:00,2026-01-08T20:00:00,neutral,False,baseline
review_0001092,order_0001662,4,2025-10-12T00:00:00,2025-10-14T23:00:00,positive,False,baseline
review_0001093,order_0001663,5,2024-02-28T00:00:00,2024-03-01T23:00:00,positive,False,baseline
review_0001094,order_0001667,4,2025-02-02T00:00:00,2025-02-03T10:00:00,positive,False,baseline
review_0001095,order_0001669,4,2026-12-13T00:00:00,2026-12-14T14:00:00,positive,False,baseline
review_0001096,order_0001670,3,2026-05-05T00:00:00,2026-05-07T21:00:00,neutral,False,baseline
review_0001097,order_0001671,4,2025-05-13T00:00:00,2025-05-14T11:00:00,positive,False,baseline
review_0001098,order_0001672,4,2024-01-12T00:00:00,2024-01-13T03:00:00,positive,False,baseline
review_0001099,order_0001675,5,2026-06-13T00:00:00,2026-06-13T23:00:00,positive,False,baseline
review_0001100,order_0001679,4,2026-12-15T00:00:00,2026-12-17T02:00:00,positive,False,baseline
review_0001101,order_0001681,3,2025-03-03T00:00:00,2025-03-04T05:00:00,neutral,False,baseline
review_0001102,order_0001685,4,2024-02-16T00:00:00,2024-02-17T18:00:00,positive,False,baseline
review_0001103,order_0001687,3,2024-12-30T00:00:00,2024-12-30T14:00:00,neutral,False,baseline
review_0001104,order_0001688,5,2025-04-18T00:00:00,2025-04-20T12:00:00,positive,False,baseline
review_0001105,order_0001689,4,2024-11-03T00:00:00,2024-11-05T09:00:00,positive,False,baseline
review_0001106,order_0001691,4,2026-05-26T00:00:00,2026-05-28T20:00:00,positive,False,baseline
review_0001107,order_0001692,5,2026-04-24T00:00:00,2026-04-26T05:00:00,positive,False,baseline
review_0001108,order_0001693,5,2026-12-23T00:00:00,2026-12-25T20:00:00,positive,False,baseline
review_0001109,order_0001695,4,2024-12-21T00:00:00,2024-12-22T22:00:00,positive,False,baseline
review_0001110,order_0001696,4,2025-02-11T00:00:00,2025-02-12T06:00:00,positive,False,baseline
review_0001111,order_0001697,5,2026-01-07T00:00:00,2026-01-08T16:00:00,positive,False,baseline
review_0001112,order_0001699,4,2026-11-26T00:00:00,2026-11-26T17:00:00,positive,False,baseline
review_0001113,order_0001701,4,2024-11-12T00:00:00,2024-11-14T04:00:00,positive,False,baseline
review_0001114,order_0001702,3,2025-04-17T00:00:00,2025-04-18T15:00:00,neutral,False,baseline
review_0001115,order_0001703,3,2024-02-29T00:00:00,2024-03-01T01:00:00,neutral,False,baseline
review_0001116,order_0001704,4,2026-04-20T00:00:00,2026-04-21T14:00:00,positive,False,baseline
review_0001117,order_0001705,3,2024-05-05T00:00:00,2024-05-07T12:00:00,neutral,False,baseline
review_0001118,order_0001706,5,2026-07-06T00:00:00,2026-07-08T01:00:00,positive,False,baseline
review_0001119,order_0001708,4,2026-04-03T00:00:00,2026-04-05T05:00:00,positive,False,baseline
review_0001120,order_0001709,4,2025-10-23T00:00:00,2025-10-23T21:00:00,positive,False,baseline
review_0001121,order_0001711,5,2025-10-27T00:00:00,2025-10-29T20:00:00,positive,False,baseline
review_0001122,order_0001712,5,2025-03-17T00:00:00,2025-03-17T17:00:00,positive,False,baseline
review_0001123,order_0001713,4,2024-05-12T00:00:00,2024-05-13T13:00:00,positive,False,baseline
review_0001124,order_0001714,5,2025-01-14T00:00:00,2025-01-14T23:00:00,positive,False,baseline
review_0001125,order_0001718,4,2025-10-09T00:00:00,2025-10-10T02:00:00,positive,False,baseline
review_0001126,order_0001720,4,2024-11-10T00:00:00,2024-11-12T20:00:00,positive,False,baseline
review_0001127,order_0001723,5,2024-11-17T00:00:00,2024-11-18T05:00:00,positive,False,baseline
review_0001128,order_0001726,5,2026-09-02T00:00:00,2026-09-03T11:00:00,positive,False,baseline
review_0001129,order_0001728,4,2026-02-28T00:00:00,2026-03-01T11:00:00,positive,False,baseline
review_0001130,order_0001729,4,2026-11-03T00:00:00,2026-11-04T07:00:00,positive,False,baseline
review_0001131,order_0001730,5,2024-06-18T00:00:00,2024-06-19T06:00:00,positive,False,baseline
review_0001132,order_0001731,4,2026-01-18T00:00:00,2026-01-20T13:00:00,positive,False,baseline
review_0001133,order_0001732,3,2026-04-13T00:00:00,2026-04-14T21:00:00,neutral,False,baseline
review_0001134,order_0001734,5,2026-05-02T00:00:00,2026-05-05T00:00:00,positive,False,baseline
review_0001135,order_0001737,5,2024-01-13T00:00:00,2024-01-15T17:00:00,positive,False,baseline
review_0001136,order_0001738,4,2026-02-20T00:00:00,2026-02-20T16:00:00,positive,False,baseline
review_0001137,order_0001740,3,2025-09-28T00:00:00,2025-09-28T12:00:00,neutral,False,baseline
review_0001138,order_0001741,4,2026-08-29T00:00:00,2026-08-31T09:00:00,positive,False,baseline
review_0001139,order_0001743,3,2026-05-04T00:00:00,2026-05-06T20:00:00,neutral,False,baseline
review_0001140,order_0001746,4,2026-03-29T00:00:00,2026-04-01T00:00:00,positive,False,baseline
review_0001141,order_0001747,4,2025-07-30T00:00:00,2025-08-01T12:00:00,positive,False,baseline
review_0001142,order_0001750,3,2025-06-03T00:00:00,2025-06-03T20:00:00,neutral,False,baseline
review_0001143,order_0001751,3,2025-11-05T00:00:00,2025-11-06T16:00:00,neutral,False,baseline
review_0001144,order_0001752,5,2026-05-08T00:00:00,2026-05-08T08:00:00,positive,False,baseline
review_0001145,order_0001755,5,2026-03-19T00:00:00,2026-03-20T22:00:00,positive,False,baseline
review_0001146,order_0001756,5,2025-08-11T00:00:00,2025-08-11T16:00:00,positive,False,baseline
review_0001147,order_0001757,4,2026-04-12T00:00:00,2026-04-14T03:00:00,positive,False,baseline
review_0001148,order_0001758,2,2025-08-01T00:00:00,2025-08-03T14:00:00,negative,True,baseline
review_0001149,order_0001759,4,2025-02-07T00:00:00,2025-02-07T18:00:00,positive,False,baseline
review_0001150,order_0001760,3,2025-12-08T00:00:00,2025-12-10T12:00:00,neutral,False,baseline
review_0001151,order_0001761,5,2024-12-10T00:00:00,2024-12-10T23:00:00,positive,False,baseline
review_0001152,order_0001762,4,2024-03-22T00:00:00,2024-03-24T05:00:00,positive,False,baseline
review_0001153,order_0001763,4,2026-11-18T00:00:00,2026-11-19T10:00:00,positive,False,baseline
review_0001154,order_0001764,5,2025-07-11T00:00:00,2025-07-11T16:00:00,positive,False,baseline
review_0001155,order_0001765,5,2025-04-20T00:00:00,2025-04-21T10:00:00,positive,False,baseline
review_0001156,order_0001766,4,2025-08-21T00:00:00,2025-08-22T02:00:00,positive,False,baseline
review_0001157,order_0001767,3,2026-10-31T00:00:00,2026-10-31T10:00:00,neutral,False,baseline
review_0001158,order_0001768,4,2024-11-06T00:00:00,2024-11-06T23:00:00,positive,False,baseline
review_0001159,order_0001770,4,2025-06-20T00:00:00,2025-06-22T09:00:00,positive,False,baseline
review_0001160,order_0001771,4,2025-11-06T00:00:00,2025-11-08T14:00:00,positive,False,baseline
review_0001161,order_0001778,4,2024-04-16T00:00:00,2024-04-18T13:00:00,positive,False,baseline
review_0001162,order_0001779,5,2026-10-18T00:00:00,2026-10-20T18:00:00,positive,False,baseline
review_0001163,order_0001780,4,2026-08-06T00:00:00,2026-08-08T18:00:00,positive,False,baseline
review_0001164,order_0001781,3,2025-07-22T00:00:00,2025-07-23T17:00:00,neutral,False,baseline
review_0001165,order_0001782,4,2025-06-15T00:00:00,2025-06-15T22:00:00,positive,False,baseline
review_0001166,order_0001784,3,2025-01-07T00:00:00,2025-01-09T08:00:00,neutral,False,baseline
review_0001167,order_0001786,3,2024-05-05T00:00:00,2024-05-06T17:00:00,neutral,False,baseline
review_0001168,order_0001787,4,2025-12-07T00:00:00,2025-12-07T20:00:00,positive,False,baseline
review_0001169,order_0001788,4,2025-06-25T00:00:00,2025-06-27T11:00:00,positive,False,baseline
review_0001170,order_0001789,3,2026-02-21T00:00:00,2026-02-23T07:00:00,neutral,False,baseline
review_0001171,order_0001790,4,2026-05-02T00:00:00,2026-05-02T20:00:00,positive,False,baseline
review_0001172,order_0001793,3,2025-01-24T00:00:00,2025-01-24T19:00:00,neutral,False,baseline
review_0001173,order_0001794,4,2025-04-21T00:00:00,2025-04-23T19:00:00,positive,False,baseline
review_0001174,order_0001797,1,2026-12-30T00:00:00,2026-12-31T23:59:00,negative,True,baseline
review_0001175,order_0001799,5,2026-05-26T00:00:00,2026-05-26T22:00:00,positive,False,baseline
review_0001176,order_0001801,4,2026-01-23T00:00:00,2026-01-25T16:00:00,positive,False,baseline
review_0001177,order_0001802,5,2024-01-29T00:00:00,2024-01-29T13:00:00,positive,False,baseline
review_0001178,order_0001803,5,2025-05-11T00:00:00,2025-05-13T14:00:00,positive,False,baseline
review_0001179,order_0001804,4,2025-12-13T00:00:00,2025-12-13T17:00:00,positive,False,baseline
review_0001180,order_0001806,5,2025-05-13T00:00:00,2025-05-14T11:00:00,positive,False,baseline
review_0001181,order_0001807,4,2025-08-19T00:00:00,2025-08-21T06:00:00,positive,False,baseline
review_0001182,order_0001808,4,2026-06-16T00:00:00,2026-06-16T11:00:00,positive,False,baseline
review_0001183,order_0001810,5,2024-06-11T00:00:00,2024-06-13T20:00:00,positive,False,baseline
review_0001184,order_0001811,5,2024-01-30T00:00:00,2024-02-01T02:00:00,positive,False,baseline
review_0001185,order_0001812,4,2025-08-09T00:00:00,2025-08-11T11:00:00,positive,False,baseline
review_0001186,order_0001813,4,2026-11-19T00:00:00,2026-11-19T12:00:00,positive,False,baseline
review_0001187,order_0001814,4,2025-06-13T00:00:00,2025-06-13T20:00:00,positive,False,baseline
review_0001188,order_0001815,4,2026-08-03T00:00:00,2026-08-04T22:00:00,positive,False,baseline
review_0001189,order_0001816,5,2024-12-26T00:00:00,2024-12-27T12:00:00,positive,False,baseline
review_0001190,order_0001817,4,2025-05-18T00:00:00,2025-05-18T16:00:00,positive,False,baseline
review_0001191,order_0001818,5,2025-07-07T00:00:00,2025-07-09T11:00:00,positive,False,baseline
review_0001192,order_0001820,4,2024-09-26T00:00:00,2024-09-28T20:00:00,positive,False,baseline
review_0001193,order_0001822,5,2026-06-23T00:00:00,2026-06-23T14:00:00,positive,False,baseline
review_0001194,order_0001823,4,2024-03-27T00:00:00,2024-03-27T23:00:00,positive,False,baseline
review_0001195,order_0001825,4,2024-10-22T00:00:00,2024-10-22T20:00:00,positive,False,baseline
review_0001196,order_0001828,4,2025-06-15T00:00:00,2025-06-15T22:00:00,positive,False,baseline
review_0001197,order_0001829,5,2025-02-07T00:00:00,2025-02-08T07:00:00,positive,False,baseline
review_0001198,order_0001830,4,2025-08-26T00:00:00,2025-08-28T10:00:00,positive,False,baseline
review_0001199,order_0001831,4,2026-11-01T00:00:00,2026-11-01T10:00:00,positive,False,baseline
review_0001200,order_0001832,3,2025-08-12T00:00:00,2025-08-13T04:00:00,neutral,False,baseline
review_0001201,order_0001833,3,2026-04-24T00:00:00,2026-04-26T04:00:00,neutral,False,baseline
review_0001202,order_0001834,4,2025-09-21T00:00:00,2025-09-22T16:00:00,positive,False,baseline
review_0001203,order_0001835,4,2025-07-02T00:00:00,2025-07-03T22:00:00,positive,False,baseline
review_0001204,order_0001836,4,2026-12-31T00:00:00,2026-12-31T22:00:00,positive,False,baseline
review_0001205,order_0001837,4,2025-05-08T00:00:00,2025-05-08T15:00:00,positive,False,baseline
review_0001206,order_0001839,4,2024-08-05T00:00:00,2024-08-06T00:00:00,positive,False,baseline
review_0001207,order_0001840,5,2025-05-07T00:00:00,2025-05-07T23:00:00,positive,False,baseline
review_0001208,order_0001844,4,2024-08-16T00:00:00,2024-08-18T19:00:00,positive,False,baseline
review_0001209,order_0001845,5,2024-11-17T00:00:00,2024-11-18T11:00:00,positive,False,baseline
review_0001210,order_0001848,4,2024-04-17T00:00:00,2024-04-19T02:00:00,positive,False,baseline
review_0001211,order_0001849,4,2024-11-20T00:00:00,2024-11-21T12:00:00,positive,False,baseline
review_0001212,order_0001850,5,2025-09-16T00:00:00,2025-09-18T16:00:00,positive,False,baseline
review_0001213,order_0001851,3,2024-09-24T00:00:00,2024-09-24T20:00:00,neutral,False,baseline
review_0001214,order_0001854,4,2025-02-08T00:00:00,2025-02-10T06:00:00,positive,False,baseline
review_0001215,order_0001855,3,2026-06-27T00:00:00,2026-06-28T09:00:00,neutral,False,baseline
review_0001216,order_0001856,3,2024-10-06T00:00:00,2024-10-07T22:00:00,neutral,False,baseline
review_0001217,order_0001857,4,2025-07-15T00:00:00,2025-07-17T15:00:00,positive,False,baseline
review_0001218,order_0001858,5,2025-11-23T00:00:00,2025-11-23T16:00:00,positive,False,baseline
review_0001219,order_0001859,5,2025-03-05T00:00:00,2025-03-06T21:00:00,positive,False,baseline
review_0001220,order_0001860,4,2026-04-13T00:00:00,2026-04-14T03:00:00,positive,False,baseline
review_0001221,order_0001861,4,2024-10-19T00:00:00,2024-10-19T18:00:00,positive,False,baseline
review_0001222,order_0001862,4,2024-08-19T00:00:00,2024-08-19T18:00:00,positive,False,baseline
review_0001223,order_0001865,4,2024-02-26T00:00:00,2024-02-28T13:00:00,positive,False,baseline
review_0001224,order_0001866,3,2026-11-30T00:00:00,2026-12-01T08:00:00,neutral,False,baseline
review_0001225,order_0001867,5,2026-06-24T00:00:00,2026-06-24T12:00:00,positive,False,baseline
review_0001226,order_0001871,5,2026-10-31T00:00:00,2026-11-02T08:00:00,positive,False,baseline
review_0001227,order_0001872,2,2024-03-13T00:00:00,2024-03-15T01:00:00,negative,True,baseline
review_0001228,order_0001875,3,2025-12-22T00:00:00,2025-12-24T15:00:00,neutral,False,baseline
review_0001229,order_0001876,5,2025-06-08T00:00:00,2025-06-08T15:00:00,positive,False,baseline
review_0001230,order_0001877,4,2026-01-24T00:00:00,2026-01-26T02:00:00,positive,False,baseline
review_0001231,order_0001880,5,2025-03-22T00:00:00,2025-03-24T10:00:00,positive,False,baseline
review_0001232,order_0001881,3,2026-09-19T00:00:00,2026-09-20T13:00:00,neutral,False,baseline
review_0001233,order_0001883,3,2026-11-17T00:00:00,2026-11-18T20:00:00,neutral,False,baseline
review_0001234,order_0001884,1,2025-01-27T00:00:00,2025-01-29T16:00:00,negative,True,baseline
review_0001235,order_0001885,4,2024-10-09T00:00:00,2024-10-10T03:00:00,positive,False,baseline
review_0001236,order_0001887,4,2026-10-22T00:00:00,2026-10-24T14:00:00,positive,False,baseline
review_0001237,order_0001888,3,2024-08-27T00:00:00,2024-08-28T00:00:00,neutral,False,baseline
review_0001238,order_0001889,3,2026-04-03T00:00:00,2026-04-03T22:00:00,neutral,False,baseline
review_0001239,order_0001893,4,2024-09-09T00:00:00,2024-09-11T14:00:00,positive,False,baseline
review_0001240,order_0001895,5,2025-07-29T00:00:00,2025-07-29T09:00:00,positive,False,baseline
review_0001241,order_0001898,5,2025-03-31T00:00:00,2025-03-31T16:00:00,positive,False,baseline
review_0001242,order_0001899,4,2025-06-21T00:00:00,2025-06-22T17:00:00,positive,False,baseline
review_0001243,order_0001901,4,2025-02-05T00:00:00,2025-02-07T15:00:00,positive,False,baseline
review_0001244,order_0001902,3,2025-02-14T00:00:00,2025-02-16T06:00:00,neutral,False,baseline
review_0001245,order_0001903,5,2024-12-04T00:00:00,2024-12-06T08:00:00,positive,False,baseline
review_0001246,order_0001904,2,2024-11-30T00:00:00,2024-12-01T08:00:00,negative,True,baseline
review_0001247,order_0001907,4,2025-11-11T00:00:00,2025-11-12T07:00:00,positive,False,baseline
review_0001248,order_0001908,4,2025-04-07T00:00:00,2025-04-07T20:00:00,positive,False,baseline
review_0001249,order_0001909,4,2025-02-16T00:00:00,2025-02-16T08:00:00,positive,False,baseline
review_0001250,order_0001910,5,2024-11-08T00:00:00,2024-11-10T12:00:00,positive,False,baseline
review_0001251,order_0001911,4,2024-07-07T00:00:00,2024-07-07T23:00:00,positive,False,baseline
review_0001252,order_0001916,5,2025-01-06T00:00:00,2025-01-06T13:00:00,positive,False,baseline
review_0001253,order_0001917,3,2026-03-15T00:00:00,2026-03-16T08:00:00,neutral,False,baseline
review_0001254,order_0001921,4,2026-07-10T00:00:00,2026-07-11T16:00:00,positive,False,baseline
review_0001255,order_0001922,1,2024-10-18T00:00:00,2024-10-20T08:00:00,negative,True,baseline
review_0001256,order_0001923,5,2026-10-04T00:00:00,2026-10-04T15:00:00,positive,False,baseline
review_0001257,order_0001924,4,2026-07-15T00:00:00,2026-07-15T10:00:00,positive,False,baseline
review_0001258,order_0001925,4,2024-08-13T00:00:00,2024-08-15T11:00:00,positive,False,baseline
review_0001259,order_0001928,4,2026-11-01T00:00:00,2026-11-02T22:00:00,positive,False,baseline
review_0001260,order_0001929,4,2025-10-14T00:00:00,2025-10-15T03:00:00,positive,False,baseline
review_0001261,order_0001930,4,2024-03-27T00:00:00,2024-03-27T17:00:00,positive,False,baseline
review_0001262,order_0001932,3,2025-01-14T00:00:00,2025-01-16T02:00:00,neutral,False,baseline
review_0001263,order_0001933,4,2024-09-16T00:00:00,2024-09-17T13:00:00,positive,False,baseline
review_0001264,order_0001934,4,2026-04-09T00:00:00,2026-04-09T22:00:00,positive,False,baseline
review_0001265,order_0001936,4,2026-07-25T00:00:00,2026-07-25T09:00:00,positive,False,baseline
review_0001266,order_0001939,5,2026-12-02T00:00:00,2026-12-03T04:00:00,positive,False,baseline
review_0001267,order_0001940,5,2026-03-21T00:00:00,2026-03-21T18:00:00,positive,False,baseline
review_0001268,order_0001942,5,2024-11-06T00:00:00,2024-11-07T19:00:00,positive,False,baseline
review_0001269,order_0001945,2,2026-11-23T00:00:00,2026-11-24T23:00:00,negative,True,baseline
review_0001270,order_0001947,5,2024-09-02T00:00:00,2024-09-03T11:00:00,positive,False,baseline
review_0001271,order_0001948,4,2024-03-08T00:00:00,2024-03-09T01:00:00,positive,False,baseline
review_0001272,order_0001950,4,2026-01-02T00:00:00,2026-01-02T19:00:00,positive,False,baseline
review_0001273,order_0001951,3,2026-12-26T00:00:00,2026-12-26T13:00:00,neutral,False,baseline
review_0001274,order_0001953,5,2025-12-15T00:00:00,2025-12-16T10:00:00,positive,False,baseline
review_0001275,order_0001955,5,2024-04-21T00:00:00,2024-04-21T23:00:00,positive,False,baseline
review_0001276,order_0001956,4,2025-12-23T00:00:00,2025-12-24T06:00:00,positive,False,baseline
review_0001277,order_0001958,4,2025-03-05T00:00:00,2025-03-06T14:00:00,positive,False,baseline
review_0001278,order_0001960,4,2024-12-05T00:00:00,2024-12-06T18:00:00,positive,False,baseline
review_0001279,order_0001961,4,2026-03-24T00:00:00,2026-03-26T01:00:00,positive,False,baseline
review_0001280,order_0001963,5,2026-11-16T00:00:00,2026-11-17T07:00:00,positive,False,baseline
review_0001281,order_0001964,3,2024-04-27T00:00:00,2024-04-29T02:00:00,neutral,False,baseline
review_0001282,order_0001966,5,2025-10-03T00:00:00,2025-10-03T14:00:00,positive,False,baseline
review_0001283,order_0001967,5,2025-08-30T00:00:00,2025-08-31T04:00:00,positive,False,baseline
review_0001284,order_0001968,3,2024-12-31T00:00:00,2025-01-02T02:00:00,neutral,False,baseline
review_0001285,order_0001970,5,2025-03-05T00:00:00,2025-03-06T08:00:00,positive,False,baseline
review_0001286,order_0001971,4,2025-02-08T00:00:00,2025-02-10T09:00:00,positive,False,baseline
review_0001287,order_0001973,3,2024-06-21T00:00:00,2024-06-22T05:00:00,neutral,False,baseline
review_0001288,order_0001974,4,2026-02-19T00:00:00,2026-02-21T13:00:00,positive,False,baseline
review_0001289,order_0001975,2,2024-04-07T00:00:00,2024-04-08T19:00:00,negative,True,baseline
review_0001290,order_0001976,4,2024-06-30T00:00:00,2024-07-02T02:00:00,positive,False,baseline
review_0001291,order_0001977,4,2026-05-25T00:00:00,2026-05-27T17:00:00,positive,False,baseline
review_0001292,order_0001979,4,2025-06-09T00:00:00,2025-06-10T15:00:00,positive,False,baseline
review_0001293,order_0001980,5,2025-04-23T00:00:00,2025-04-23T23:00:00,positive,False,baseline
review_0001294,order_0001983,5,2025-11-13T00:00:00,2025-11-14T09:00:00,positive,False,baseline
review_0001295,order_0001984,4,2025-08-09T00:00:00,2025-08-09T15:00:00,positive,False,baseline
review_0001296,order_0001986,3,2026-03-09T00:00:00,2026-03-10T22:00:00,neutral,False,baseline
review_0001297,order_0001987,2,2025-12-06T00:00:00,2025-12-08T23:00:00,negative,True,baseline
review_0001298,order_0001988,4,2025-09-26T00:00:00,2025-09-27T00:00:00,positive,False,baseline
review_0001299,order_0001990,3,2024-03-15T00:00:00,2024-03-16T16:00:00,neutral,False,baseline
review_0001300,order_0001992,5,2026-07-09T00:00:00,2026-07-11T15:00:00,positive,False,baseline
review_0001301,order_0001993,3,2025-03-18T00:00:00,2025-03-18T23:00:00,neutral,False,baseline
review_0001302,order_0001995,5,2025-03-17T00:00:00,2025-03-17T14:00:00,positive,False,baseline
review_0001303,order_0001997,4,2024-05-18T00:00:00,2024-05-18T08:00:00,positive,False,baseline
review_0001304,order_0001998,4,2025-03-17T00:00:00,2025-03-19T23:00:00,positive,False,baseline
review_0001305,order_0001999,2,2025-03-17T00:00:00,2025-03-17T10:00:00,negative,True,baseline
review_0001306,order_0002001,3,2025-07-22T00:00:00,2025-07-23T13:00:00,neutral,False,baseline
review_0001307,order_0002002,5,2024-10-13T00:00:00,2024-10-14T17:00:00,positive,False,baseline
review_0001308,order_0002006,5,2025-12-14T00:00:00,2025-12-14T20:00:00,positive,False,baseline
review_0001309,order_0002007,3,2024-02-12T00:00:00,2024-02-13T07:00:00,neutral,False,baseline
review_0001310,order_0002008,3,2025-06-28T00:00:00,2025-06-28T22:00:00,neutral,False,baseline
review_0001311,order_0002009,4,2026-10-22T00:00:00,2026-10-24T13:00:00,positive,False,baseline
review_0001312,order_0002010,4,2025-04-30T00:00:00,2025-05-02T16:00:00,positive,False,baseline
review_0001313,order_0002011,5,2024-03-01T00:00:00,2024-03-03T13:00:00,positive,False,baseline
review_0001314,order_0002012,4,2024-04-04T00:00:00,2024-04-05T00:00:00,positive,False,baseline
review_0001315,order_0002013,4,2025-06-18T00:00:00,2025-06-18T08:00:00,positive,False,baseline
review_0001316,order_0002016,3,2024-07-24T00:00:00,2024-07-24T15:00:00,neutral,False,baseline
review_0001317,order_0002019,4,2025-02-13T00:00:00,2025-02-14T12:00:00,positive,False,baseline
review_0001318,order_0002021,4,2026-03-25T00:00:00,2026-03-26T22:00:00,positive,False,baseline
review_0001319,order_0002022,5,2026-11-04T00:00:00,2026-11-06T15:00:00,positive,False,baseline
review_0001320,order_0002023,5,2024-04-26T00:00:00,2024-04-28T12:00:00,positive,False,baseline
review_0001321,order_0002025,3,2024-10-19T00:00:00,2024-10-20T11:00:00,neutral,False,baseline
review_0001322,order_0002026,4,2025-01-02T00:00:00,2025-01-03T19:00:00,positive,False,baseline
review_0001323,order_0002027,5,2025-07-28T00:00:00,2025-07-30T08:00:00,positive,False,baseline
review_0001324,order_0002029,3,2024-01-17T00:00:00,2024-01-19T05:00:00,neutral,False,baseline
review_0001325,order_0002030,5,2026-09-13T00:00:00,2026-09-13T10:00:00,positive,False,baseline
review_0001326,order_0002031,5,2024-07-06T00:00:00,2024-07-07T12:00:00,positive,False,baseline
review_0001327,order_0002032,5,2024-12-01T00:00:00,2024-12-03T12:00:00,positive,False,baseline
review_0001328,order_0002035,5,2024-10-18T00:00:00,2024-10-20T00:00:00,positive,False,baseline
review_0001329,order_0002037,4,2026-05-29T00:00:00,2026-05-30T07:00:00,positive,False,baseline
review_0001330,order_0002038,4,2026-01-02T00:00:00,2026-01-02T21:00:00,positive,False,baseline
review_0001331,order_0002039,4,2026-04-21T00:00:00,2026-04-22T22:00:00,positive,False,baseline
review_0001332,order_0002040,4,2025-06-20T00:00:00,2025-06-20T15:00:00,positive,False,baseline
review_0001333,order_0002042,5,2025-11-06T00:00:00,2025-11-08T20:00:00,positive,False,baseline
review_0001334,order_0002043,4,2024-12-12T00:00:00,2024-12-13T06:00:00,positive,False,baseline
review_0001335,order_0002044,4,2024-07-22T00:00:00,2024-07-23T18:00:00,positive,False,baseline
review_0001336,order_0002045,5,2026-11-23T00:00:00,2026-11-25T02:00:00,positive,False,baseline
review_0001337,order_0002046,3,2025-01-08T00:00:00,2025-01-09T21:00:00,neutral,False,baseline
review_0001338,order_0002047,4,2024-03-14T00:00:00,2024-03-16T10:00:00,positive,False,baseline
review_0001339,order_0002048,4,2026-11-19T00:00:00,2026-11-21T04:00:00,positive,False,baseline
review_0001340,order_0002049,4,2025-08-07T00:00:00,2025-08-07T20:00:00,positive,False,baseline
review_0001341,order_0002050,2,2025-12-28T00:00:00,2025-12-30T04:00:00,negative,True,baseline
review_0001342,order_0002054,4,2025-06-16T00:00:00,2025-06-17T10:00:00,positive,False,baseline
review_0001343,order_0002055,4,2025-01-29T00:00:00,2025-01-30T17:00:00,positive,False,baseline
review_0001344,order_0002059,4,2024-06-11T00:00:00,2024-06-11T20:00:00,positive,False,baseline
review_0001345,order_0002060,2,2026-01-10T00:00:00,2026-01-13T00:00:00,negative,True,baseline
review_0001346,order_0002061,5,2024-06-16T00:00:00,2024-06-16T19:00:00,positive,False,baseline
review_0001347,order_0002063,5,2025-03-30T00:00:00,2025-04-01T13:00:00,positive,False,baseline
review_0001348,order_0002064,4,2025-06-01T00:00:00,2025-06-03T09:00:00,positive,False,baseline
review_0001349,order_0002065,4,2024-02-18T00:00:00,2024-02-20T21:00:00,positive,False,baseline
review_0001350,order_0002066,4,2026-05-02T00:00:00,2026-05-03T11:00:00,positive,False,baseline
review_0001351,order_0002068,4,2026-07-22T00:00:00,2026-07-23T16:00:00,positive,False,baseline
review_0001352,order_0002070,5,2026-10-22T00:00:00,2026-10-23T12:00:00,positive,False,baseline
review_0001353,order_0002072,5,2026-02-28T00:00:00,2026-03-02T02:00:00,positive,False,baseline
review_0001354,order_0002073,3,2026-05-16T00:00:00,2026-05-18T10:00:00,neutral,False,baseline
review_0001355,order_0002074,3,2025-03-25T00:00:00,2025-03-26T04:00:00,neutral,False,baseline
review_0001356,order_0002075,3,2024-06-15T00:00:00,2024-06-15T18:00:00,neutral,False,baseline
review_0001357,order_0002077,4,2024-12-28T00:00:00,2024-12-28T19:00:00,positive,False,baseline
review_0001358,order_0002081,4,2025-05-12T00:00:00,2025-05-13T05:00:00,positive,False,baseline
review_0001359,order_0002082,4,2024-02-29T00:00:00,2024-02-29T20:00:00,positive,False,baseline
review_0001360,order_0002083,5,2026-07-28T00:00:00,2026-07-28T13:00:00,positive,False,baseline
review_0001361,order_0002084,4,2026-04-20T00:00:00,2026-04-21T19:00:00,positive,False,baseline
review_0001362,order_0002085,5,2025-07-13T00:00:00,2025-07-13T19:00:00,positive,False,baseline
review_0001363,order_0002086,2,2025-12-22T00:00:00,2025-12-22T17:00:00,negative,True,baseline
review_0001364,order_0002087,2,2025-11-30T00:00:00,2025-11-30T12:00:00,negative,True,baseline
review_0001365,order_0002088,4,2025-11-09T00:00:00,2025-11-09T10:00:00,positive,False,baseline
review_0001366,order_0002089,2,2024-03-24T00:00:00,2024-03-24T12:00:00,negative,True,baseline
review_0001367,order_0002090,5,2025-12-12T00:00:00,2025-12-12T16:00:00,positive,False,baseline
review_0001368,order_0002093,4,2025-06-23T00:00:00,2025-06-24T06:00:00,positive,False,baseline
review_0001369,order_0002094,4,2024-10-15T00:00:00,2024-10-16T07:00:00,positive,False,baseline
review_0001370,order_0002095,4,2024-08-01T00:00:00,2024-08-01T18:00:00,positive,False,baseline
review_0001371,order_0002097,4,2025-01-08T00:00:00,2025-01-10T23:00:00,positive,False,baseline
review_0001372,order_0002098,4,2024-12-16T00:00:00,2024-12-16T11:00:00,positive,False,baseline
review_0001373,order_0002099,5,2026-11-21T00:00:00,2026-11-23T13:00:00,positive,False,baseline
review_0001374,order_0002100,4,2024-01-20T00:00:00,2024-01-22T02:00:00,positive,False,baseline
review_0001375,order_0002101,5,2024-02-05T00:00:00,2024-02-07T22:00:00,positive,False,baseline
review_0001376,order_0002104,4,2024-07-17T00:00:00,2024-07-19T04:00:00,positive,False,baseline
review_0001377,order_0002105,4,2025-02-25T00:00:00,2025-02-27T04:00:00,positive,False,baseline
review_0001378,order_0002106,2,2025-05-05T00:00:00,2025-05-07T05:00:00,negative,True,baseline
review_0001379,order_0002107,4,2025-11-30T00:00:00,2025-12-01T18:00:00,positive,False,baseline
review_0001380,order_0002108,3,2025-12-01T00:00:00,2025-12-03T06:00:00,neutral,False,baseline
review_0001381,order_0002111,5,2024-07-15T00:00:00,2024-07-15T23:00:00,positive,False,baseline
review_0001382,order_0002113,3,2024-08-24T00:00:00,2024-08-24T19:00:00,neutral,False,baseline
review_0001383,order_0002114,4,2024-08-25T00:00:00,2024-08-27T15:00:00,positive,False,baseline
review_0001384,order_0002116,5,2024-11-28T00:00:00,2024-11-29T22:00:00,positive,False,baseline
review_0001385,order_0002117,3,2026-01-02T00:00:00,2026-01-03T13:00:00,neutral,False,baseline
review_0001386,order_0002121,5,2026-05-05T00:00:00,2026-05-05T18:00:00,positive,False,baseline
review_0001387,order_0002123,3,2025-07-02T00:00:00,2025-07-03T04:00:00,neutral,False,baseline
review_0001388,order_0002124,4,2025-11-14T00:00:00,2025-11-15T21:00:00,positive,False,baseline
review_0001389,order_0002125,3,2026-03-03T00:00:00,2026-03-05T04:00:00,neutral,False,baseline
review_0001390,order_0002126,4,2025-10-15T00:00:00,2025-10-15T08:00:00,positive,False,baseline
review_0001391,order_0002128,4,2024-09-18T00:00:00,2024-09-20T05:00:00,positive,False,baseline
review_0001392,order_0002130,4,2026-06-28T00:00:00,2026-06-30T20:00:00,positive,False,baseline
review_0001393,order_0002133,3,2024-02-20T00:00:00,2024-02-20T13:00:00,neutral,False,baseline
review_0001394,order_0002135,4,2025-01-22T00:00:00,2025-01-23T13:00:00,positive,False,baseline
review_0001395,order_0002136,4,2024-05-04T00:00:00,2024-05-05T02:00:00,positive,False,baseline
review_0001396,order_0002137,4,2026-08-05T00:00:00,2026-08-07T00:00:00,positive,False,baseline
review_0001397,order_0002140,5,2024-02-18T00:00:00,2024-02-19T00:00:00,positive,False,baseline
review_0001398,order_0002141,5,2024-11-18T00:00:00,2024-11-19T20:00:00,positive,False,baseline
review_0001399,order_0002144,4,2025-01-10T00:00:00,2025-01-11T14:00:00,positive,False,baseline
review_0001400,order_0002145,3,2026-02-03T00:00:00,2026-02-05T20:00:00,neutral,False,baseline
review_0001401,order_0002146,2,2026-02-28T00:00:00,2026-03-02T23:00:00,negative,True,baseline
review_0001402,order_0002149,3,2024-10-11T00:00:00,2024-10-11T14:00:00,neutral,False,baseline
review_0001403,order_0002151,3,2026-06-29T00:00:00,2026-06-30T05:00:00,neutral,False,baseline
review_0001404,order_0002152,2,2026-04-03T00:00:00,2026-04-03T11:00:00,negative,True,baseline
review_0001405,order_0002155,5,2025-08-07T00:00:00,2025-08-08T08:00:00,positive,False,baseline
review_0001406,order_0002156,4,2026-09-23T00:00:00,2026-09-23T14:00:00,positive,False,baseline
review_0001407,order_0002157,2,2024-01-30T00:00:00,2024-01-30T14:00:00,negative,True,baseline
review_0001408,order_0002159,5,2026-02-01T00:00:00,2026-02-03T18:00:00,positive,False,baseline
review_0001409,order_0002160,4,2025-04-05T00:00:00,2025-04-07T04:00:00,positive,False,baseline
review_0001410,order_0002162,4,2024-11-18T00:00:00,2024-11-20T07:00:00,positive,False,baseline
review_0001411,order_0002165,5,2026-02-07T00:00:00,2026-02-07T20:00:00,positive,False,baseline
review_0001412,order_0002166,5,2025-06-03T00:00:00,2025-06-03T09:00:00,positive,False,baseline
review_0001413,order_0002167,3,2026-04-30T00:00:00,2026-04-30T14:00:00,neutral,False,baseline
review_0001414,order_0002169,3,2025-09-16T00:00:00,2025-09-18T00:00:00,neutral,False,baseline
review_0001415,order_0002171,4,2025-11-01T00:00:00,2025-11-02T13:00:00,positive,False,baseline
review_0001416,order_0002172,5,2024-12-04T00:00:00,2024-12-05T18:00:00,positive,False,baseline
review_0001417,order_0002173,4,2025-11-16T00:00:00,2025-11-16T23:00:00,positive,False,baseline
review_0001418,order_0002175,4,2024-02-08T00:00:00,2024-02-10T00:00:00,positive,False,baseline
review_0001419,order_0002176,5,2025-07-22T00:00:00,2025-07-23T15:00:00,positive,False,baseline
review_0001420,order_0002177,4,2026-12-29T00:00:00,2026-12-29T22:00:00,positive,False,baseline
review_0001421,order_0002179,4,2025-05-25T00:00:00,2025-05-25T16:00:00,positive,False,baseline
review_0001422,order_0002181,5,2024-12-10T00:00:00,2024-12-12T11:00:00,positive,False,baseline
review_0001423,order_0002182,5,2025-11-12T00:00:00,2025-11-14T16:00:00,positive,False,baseline
review_0001424,order_0002183,3,2026-10-10T00:00:00,2026-10-12T18:00:00,neutral,False,baseline
review_0001425,order_0002184,2,2025-12-09T00:00:00,2025-12-11T00:00:00,negative,True,baseline
review_0001426,order_0002188,4,2025-06-13T00:00:00,2025-06-14T01:00:00,positive,False,baseline
review_0001427,order_0002189,2,2024-12-21T00:00:00,2024-12-22T16:00:00,negative,True,baseline
review_0001428,order_0002190,3,2024-08-21T00:00:00,2024-08-23T04:00:00,neutral,False,baseline
review_0001429,order_0002191,4,2024-07-31T00:00:00,2024-08-01T17:00:00,positive,False,baseline
review_0001430,order_0002192,4,2026-10-30T00:00:00,2026-11-01T03:00:00,positive,False,baseline
review_0001431,order_0002193,5,2025-02-06T00:00:00,2025-02-06T13:00:00,positive,False,baseline
review_0001432,order_0002194,2,2024-04-21T00:00:00,2024-04-22T06:00:00,negative,True,baseline
review_0001433,order_0002195,4,2025-08-23T00:00:00,2025-08-24T01:00:00,positive,False,baseline
review_0001434,order_0002196,4,2025-08-16T00:00:00,2025-08-17T02:00:00,positive,False,baseline
review_0001435,order_0002197,4,2025-04-06T00:00:00,2025-04-08T04:00:00,positive,False,baseline
review_0001436,order_0002198,4,2026-09-19T00:00:00,2026-09-21T06:00:00,positive,False,baseline
review_0001437,order_0002200,4,2026-06-12T00:00:00,2026-06-13T17:00:00,positive,False,baseline
review_0001438,order_0002201,4,2025-05-13T00:00:00,2025-05-15T06:00:00,positive,False,baseline
review_0001439,order_0002202,5,2025-12-16T00:00:00,2025-12-18T03:00:00,positive,False,baseline
review_0001440,order_0002204,3,2024-06-19T00:00:00,2024-06-21T15:00:00,neutral,False,baseline
review_0001441,order_0002206,2,2024-04-02T00:00:00,2024-04-03T06:00:00,negative,True,baseline
review_0001442,order_0002207,4,2024-08-23T00:00:00,2024-08-24T16:00:00,positive,False,baseline
review_0001443,order_0002208,5,2024-12-12T00:00:00,2024-12-14T02:00:00,positive,False,baseline
review_0001444,order_0002209,5,2026-05-25T00:00:00,2026-05-27T07:00:00,positive,False,baseline
review_0001445,order_0002213,5,2024-09-26T00:00:00,2024-09-27T13:00:00,positive,False,baseline
review_0001446,order_0002214,2,2026-04-17T00:00:00,2026-04-18T11:00:00,negative,True,baseline
review_0001447,order_0002216,4,2026-02-09T00:00:00,2026-02-12T00:00:00,positive,False,baseline
review_0001448,order_0002217,4,2024-11-16T00:00:00,2024-11-17T13:00:00,positive,False,baseline
review_0001449,order_0002218,5,2025-12-05T00:00:00,2025-12-07T23:00:00,positive,False,baseline
review_0001450,order_0002221,4,2026-09-21T00:00:00,2026-09-21T19:00:00,positive,False,baseline
review_0001451,order_0002222,1,2025-12-15T00:00:00,2025-12-17T07:00:00,negative,True,baseline
review_0001452,order_0002223,4,2024-01-28T00:00:00,2024-01-29T03:00:00,positive,False,baseline
review_0001453,order_0002227,4,2024-05-24T00:00:00,2024-05-26T13:00:00,positive,False,baseline
review_0001454,order_0002229,3,2024-05-23T00:00:00,2024-05-25T00:00:00,neutral,False,baseline
review_0001455,order_0002230,3,2026-01-05T00:00:00,2026-01-06T07:00:00,neutral,False,baseline
review_0001456,order_0002231,1,2024-11-02T00:00:00,2024-11-03T02:00:00,negative,True,baseline
review_0001457,order_0002236,3,2024-11-25T00:00:00,2024-11-27T04:00:00,neutral,False,baseline
review_0001458,order_0002237,4,2026-06-11T00:00:00,2026-06-12T09:00:00,positive,False,baseline
review_0001459,order_0002239,5,2025-12-30T00:00:00,2025-12-30T13:00:00,positive,False,baseline
review_0001460,order_0002241,5,2026-06-20T00:00:00,2026-06-20T20:00:00,positive,False,baseline
review_0001461,order_0002242,2,2026-02-10T00:00:00,2026-02-10T09:00:00,negative,True,baseline
review_0001462,order_0002244,3,2024-07-08T00:00:00,2024-07-08T15:00:00,neutral,False,baseline
review_0001463,order_0002248,4,2026-03-02T00:00:00,2026-03-04T05:00:00,positive,False,baseline
review_0001464,order_0002249,4,2024-02-09T00:00:00,2024-02-09T14:00:00,positive,False,baseline
review_0001465,order_0002250,5,2024-05-23T00:00:00,2024-05-25T14:00:00,positive,False,baseline
review_0001466,order_0002251,5,2026-12-18T00:00:00,2026-12-18T20:00:00,positive,False,baseline
review_0001467,order_0002252,5,2024-07-01T00:00:00,2024-07-01T13:00:00,positive,False,baseline
review_0001468,order_0002254,5,2024-06-10T00:00:00,2024-06-11T19:00:00,positive,False,baseline
review_0001469,order_0002255,4,2026-07-25T00:00:00,2026-07-25T21:00:00,positive,False,baseline
review_0001470,order_0002256,5,2025-09-03T00:00:00,2025-09-06T00:00:00,positive,False,baseline
review_0001471,order_0002257,4,2025-10-10T00:00:00,2025-10-12T10:00:00,positive,False,baseline
review_0001472,order_0002258,3,2026-03-27T00:00:00,2026-03-27T22:00:00,neutral,False,baseline
review_0001473,order_0002259,3,2026-11-22T00:00:00,2026-11-24T12:00:00,neutral,False,baseline
review_0001474,order_0002260,5,2024-04-10T00:00:00,2024-04-11T02:00:00,positive,False,baseline
review_0001475,order_0002261,5,2025-04-15T00:00:00,2025-04-15T11:00:00,positive,False,baseline
review_0001476,order_0002262,2,2024-12-18T00:00:00,2024-12-20T08:00:00,negative,True,baseline
review_0001477,order_0002263,5,2024-07-19T00:00:00,2024-07-19T18:00:00,positive,False,baseline
review_0001478,order_0002264,4,2025-03-04T00:00:00,2025-03-05T09:00:00,positive,False,baseline
review_0001479,order_0002265,4,2026-09-29T00:00:00,2026-09-30T17:00:00,positive,False,baseline
review_0001480,order_0002268,5,2024-10-21T00:00:00,2024-10-22T18:00:00,positive,False,baseline
review_0001481,order_0002272,4,2025-11-28T00:00:00,2025-11-28T16:00:00,positive,False,baseline
review_0001482,order_0002273,3,2025-04-26T00:00:00,2025-04-26T20:00:00,neutral,False,baseline
review_0001483,order_0002275,2,2025-07-25T00:00:00,2025-07-27T02:00:00,negative,True,baseline
review_0001484,order_0002276,5,2026-09-22T00:00:00,2026-09-22T23:00:00,positive,False,baseline
review_0001485,order_0002277,4,2026-01-22T00:00:00,2026-01-24T19:00:00,positive,False,baseline
review_0001486,order_0002278,4,2026-11-12T00:00:00,2026-11-12T14:00:00,positive,False,baseline
review_0001487,order_0002279,4,2025-11-19T00:00:00,2025-11-21T03:00:00,positive,False,baseline
review_0001488,order_0002281,3,2026-03-26T00:00:00,2026-03-28T09:00:00,neutral,False,baseline
review_0001489,order_0002282,5,2026-07-29T00:00:00,2026-07-29T17:00:00,positive,False,baseline
review_0001490,order_0002283,4,2026-03-29T00:00:00,2026-03-30T13:00:00,positive,False,baseline
review_0001491,order_0002284,3,2024-08-02T00:00:00,2024-08-03T07:00:00,neutral,False,baseline
review_0001492,order_0002285,5,2026-10-14T00:00:00,2026-10-15T08:00:00,positive,False,baseline
review_0001493,order_0002286,5,2025-01-12T00:00:00,2025-01-12T15:00:00,positive,False,baseline
review_0001494,order_0002288,4,2026-07-14T00:00:00,2026-07-14T21:00:00,positive,False,baseline
review_0001495,order_0002291,3,2024-05-23T00:00:00,2024-05-24T09:00:00,neutral,False,baseline
review_0001496,order_0002293,5,2025-09-24T00:00:00,2025-09-25T15:00:00,positive,False,baseline
review_0001497,order_0002297,4,2025-06-28T00:00:00,2025-06-28T12:00:00,positive,False,baseline
review_0001498,order_0002298,4,2025-07-07T00:00:00,2025-07-07T13:00:00,positive,False,baseline
review_0001499,order_0002300,4,2025-09-14T00:00:00,2025-09-15T16:00:00,positive,False,baseline
review_0001500,order_0002301,4,2025-08-17T00:00:00,2025-08-18T19:00:00,positive,False,baseline
review_0001501,order_0002302,4,2025-07-27T00:00:00,2025-07-29T15:00:00,positive,False,baseline
review_0001502,order_0002303,5,2026-01-21T00:00:00,2026-01-21T12:00:00,positive,False,baseline
review_0001503,order_0002304,4,2026-03-19T00:00:00,2026-03-21T15:00:00,positive,False,baseline
review_0001504,order_0002305,4,2026-01-13T00:00:00,2026-01-13T09:00:00,positive,False,baseline
review_0001505,order_0002306,4,2026-12-22T00:00:00,2026-12-23T03:00:00,positive,False,baseline
review_0001506,order_0002307,5,2024-06-02T00:00:00,2024-06-03T05:00:00,positive,False,baseline
review_0001507,order_0002309,4,2025-08-16T00:00:00,2025-08-17T13:00:00,positive,False,baseline
review_0001508,order_0002313,4,2024-05-18T00:00:00,2024-05-19T12:00:00,positive,False,baseline
review_0001509,order_0002314,3,2024-04-07T00:00:00,2024-04-09T01:00:00,neutral,False,baseline
review_0001510,order_0002315,3,2025-03-25T00:00:00,2025-03-26T11:00:00,neutral,False,baseline
review_0001511,order_0002316,3,2025-01-28T00:00:00,2025-01-28T20:00:00,neutral,False,baseline
review_0001512,order_0002317,5,2025-06-22T00:00:00,2025-06-24T16:00:00,positive,False,baseline
review_0001513,order_0002319,5,2026-11-04T00:00:00,2026-11-06T01:00:00,positive,False,baseline
review_0001514,order_0002321,4,2026-01-20T00:00:00,2026-01-20T09:00:00,positive,False,baseline
review_0001515,order_0002323,5,2024-06-29T00:00:00,2024-06-30T18:00:00,positive,False,baseline
review_0001516,order_0002324,4,2025-11-25T00:00:00,2025-11-26T18:00:00,positive,False,baseline
review_0001517,order_0002328,4,2025-07-23T00:00:00,2025-07-24T15:00:00,positive,False,baseline
review_0001518,order_0002329,5,2024-12-23T00:00:00,2024-12-24T04:00:00,positive,False,baseline
review_0001519,order_0002332,5,2025-11-01T00:00:00,2025-11-03T11:00:00,positive,False,baseline
review_0001520,order_0002333,3,2025-12-19T00:00:00,2025-12-21T22:00:00,neutral,False,baseline
review_0001521,order_0002334,5,2025-09-19T00:00:00,2025-09-20T18:00:00,positive,False,baseline
review_0001522,order_0002335,4,2024-09-09T00:00:00,2024-09-11T19:00:00,positive,False,baseline
review_0001523,order_0002338,5,2024-07-02T00:00:00,2024-07-03T14:00:00,positive,False,baseline
review_0001524,order_0002342,4,2025-04-08T00:00:00,2025-04-09T08:00:00,positive,False,baseline
review_0001525,order_0002343,5,2026-04-07T00:00:00,2026-04-09T19:00:00,positive,False,baseline
review_0001526,order_0002344,4,2024-02-02T00:00:00,2024-02-03T16:00:00,positive,False,baseline
review_0001527,order_0002345,4,2025-01-21T00:00:00,2025-01-23T03:00:00,positive,False,baseline
review_0001528,order_0002346,5,2024-05-01T00:00:00,2024-05-01T21:00:00,positive,False,baseline
review_0001529,order_0002347,4,2025-10-06T00:00:00,2025-10-07T08:00:00,positive,False,baseline
review_0001530,order_0002348,4,2026-07-01T00:00:00,2026-07-01T14:00:00,positive,False,baseline
review_0001531,order_0002349,5,2025-05-15T00:00:00,2025-05-16T16:00:00,positive,False,baseline
review_0001532,order_0002350,4,2026-03-01T00:00:00,2026-03-02T15:00:00,positive,False,baseline
review_0001533,order_0002351,5,2025-07-11T00:00:00,2025-07-11T18:00:00,positive,False,baseline
review_0001534,order_0002352,3,2024-10-01T00:00:00,2024-10-01T10:00:00,neutral,False,baseline
review_0001535,order_0002353,5,2026-02-09T00:00:00,2026-02-11T07:00:00,positive,False,baseline
review_0001536,order_0002354,4,2026-01-02T00:00:00,2026-01-04T19:00:00,positive,False,baseline
review_0001537,order_0002361,5,2024-10-12T00:00:00,2024-10-14T04:00:00,positive,False,baseline
review_0001538,order_0002362,4,2026-08-22T00:00:00,2026-08-23T07:00:00,positive,False,baseline
review_0001539,order_0002363,5,2024-08-04T00:00:00,2024-08-04T11:00:00,positive,False,baseline
review_0001540,order_0002364,4,2024-12-11T00:00:00,2024-12-13T03:00:00,positive,False,baseline
review_0001541,order_0002366,4,2025-05-16T00:00:00,2025-05-17T14:00:00,positive,False,baseline
review_0001542,order_0002367,4,2024-08-05T00:00:00,2024-08-07T11:00:00,positive,False,baseline
review_0001543,order_0002368,5,2025-08-13T00:00:00,2025-08-15T23:00:00,positive,False,baseline
review_0001544,order_0002370,4,2026-06-03T00:00:00,2026-06-04T09:00:00,positive,False,baseline
review_0001545,order_0002372,5,2024-11-01T00:00:00,2024-11-01T12:00:00,positive,False,baseline
review_0001546,order_0002373,4,2024-02-03T00:00:00,2024-02-04T23:00:00,positive,False,baseline
review_0001547,order_0002374,4,2025-09-24T00:00:00,2025-09-25T09:00:00,positive,False,baseline
review_0001548,order_0002375,3,2024-12-01T00:00:00,2024-12-01T13:00:00,neutral,False,baseline
review_0001549,order_0002376,4,2026-02-13T00:00:00,2026-02-13T23:00:00,positive,False,baseline
review_0001550,order_0002377,4,2025-10-19T00:00:00,2025-10-20T17:00:00,positive,False,baseline
review_0001551,order_0002378,4,2026-09-29T00:00:00,2026-09-29T17:00:00,positive,False,baseline
review_0001552,order_0002379,2,2025-08-21T00:00:00,2025-08-21T23:00:00,negative,True,baseline
review_0001553,order_0002380,4,2026-11-15T00:00:00,2026-11-16T08:00:00,positive,False,baseline
review_0001554,order_0002381,4,2026-04-06T00:00:00,2026-04-07T12:00:00,positive,False,baseline
review_0001555,order_0002382,4,2024-11-04T00:00:00,2024-11-04T21:00:00,positive,False,baseline
review_0001556,order_0002383,3,2025-07-30T00:00:00,2025-07-30T21:00:00,neutral,False,baseline
review_0001557,order_0002384,4,2025-04-09T00:00:00,2025-04-11T17:00:00,positive,False,baseline
review_0001558,order_0002385,4,2025-07-23T00:00:00,2025-07-23T22:00:00,positive,False,baseline
review_0001559,order_0002386,4,2025-02-05T00:00:00,2025-02-07T19:00:00,positive,False,baseline
review_0001560,order_0002387,4,2026-10-03T00:00:00,2026-10-04T19:00:00,positive,False,baseline
review_0001561,order_0002391,4,2026-12-05T00:00:00,2026-12-06T23:00:00,positive,False,baseline
review_0001562,order_0002393,4,2025-11-16T00:00:00,2025-11-17T11:00:00,positive,False,baseline
review_0001563,order_0002394,3,2025-11-01T00:00:00,2025-11-02T12:00:00,neutral,False,baseline
review_0001564,order_0002395,4,2025-12-21T00:00:00,2025-12-23T05:00:00,positive,False,baseline
review_0001565,order_0002396,3,2026-01-08T00:00:00,2026-01-09T07:00:00,neutral,False,baseline
review_0001566,order_0002398,5,2025-09-20T00:00:00,2025-09-20T13:00:00,positive,False,baseline
review_0001567,order_0002399,5,2025-04-11T00:00:00,2025-04-14T00:00:00,positive,False,baseline
review_0001568,order_0002402,4,2025-12-24T00:00:00,2025-12-24T21:00:00,positive,False,baseline
review_0001569,order_0002404,4,2024-08-22T00:00:00,2024-08-22T19:00:00,positive,False,baseline
review_0001570,order_0002406,5,2026-08-18T00:00:00,2026-08-18T12:00:00,positive,False,baseline
review_0001571,order_0002409,3,2024-11-18T00:00:00,2024-11-19T01:00:00,neutral,False,baseline
review_0001572,order_0002410,5,2024-08-06T00:00:00,2024-08-07T16:00:00,positive,False,baseline
review_0001573,order_0002411,5,2025-08-25T00:00:00,2025-08-26T17:00:00,positive,False,baseline
review_0001574,order_0002412,4,2025-10-07T00:00:00,2025-10-08T23:00:00,positive,False,baseline
review_0001575,order_0002417,5,2025-06-11T00:00:00,2025-06-12T17:00:00,positive,False,baseline
review_0001576,order_0002418,5,2025-09-22T00:00:00,2025-09-23T13:00:00,positive,False,baseline
review_0001577,order_0002421,4,2024-10-24T00:00:00,2024-10-26T02:00:00,positive,False,baseline
review_0001578,order_0002424,4,2024-09-28T00:00:00,2024-09-28T14:00:00,positive,False,baseline
review_0001579,order_0002426,5,2026-12-07T00:00:00,2026-12-07T14:00:00,positive,False,baseline
review_0001580,order_0002427,4,2026-02-07T00:00:00,2026-02-07T10:00:00,positive,False,baseline
review_0001581,order_0002428,4,2025-11-21T00:00:00,2025-11-23T14:00:00,positive,False,baseline
review_0001582,order_0002429,4,2024-07-06T00:00:00,2024-07-08T13:00:00,positive,False,baseline
review_0001583,order_0002430,4,2026-11-13T00:00:00,2026-11-14T17:00:00,positive,False,baseline
review_0001584,order_0002431,4,2024-09-26T00:00:00,2024-09-28T13:00:00,positive,False,baseline
review_0001585,order_0002434,4,2024-09-10T00:00:00,2024-09-11T05:00:00,positive,False,baseline
review_0001586,order_0002436,5,2024-12-13T00:00:00,2024-12-13T10:00:00,positive,False,baseline
review_0001587,order_0002437,4,2026-08-18T00:00:00,2026-08-19T07:00:00,positive,False,baseline
review_0001588,order_0002438,4,2025-10-31T00:00:00,2025-10-31T09:00:00,positive,False,baseline
review_0001589,order_0002439,4,2024-10-08T00:00:00,2024-10-10T07:00:00,positive,False,baseline
review_0001590,order_0002441,5,2025-03-17T00:00:00,2025-03-18T12:00:00,positive,False,baseline
review_0001591,order_0002444,4,2026-01-25T00:00:00,2026-01-25T21:00:00,positive,False,baseline
review_0001592,order_0002445,5,2024-08-17T00:00:00,2024-08-17T10:00:00,positive,False,baseline
review_0001593,order_0002446,2,2024-07-02T00:00:00,2024-07-04T03:00:00,negative,True,baseline
review_0001594,order_0002449,5,2025-11-16T00:00:00,2025-11-17T17:00:00,positive,False,baseline
review_0001595,order_0002450,3,2024-12-14T00:00:00,2024-12-14T11:00:00,neutral,False,baseline
review_0001596,order_0002453,5,2026-08-15T00:00:00,2026-08-17T08:00:00,positive,False,baseline
review_0001597,order_0002454,3,2025-01-22T00:00:00,2025-01-22T10:00:00,neutral,False,baseline
review_0001598,order_0002455,4,2026-10-29T00:00:00,2026-10-31T19:00:00,positive,False,baseline
review_0001599,order_0002456,4,2024-08-20T00:00:00,2024-08-21T18:00:00,positive,False,baseline
review_0001600,order_0002457,4,2026-11-27T00:00:00,2026-11-29T04:00:00,positive,False,baseline
review_0001601,order_0002460,5,2024-12-07T00:00:00,2024-12-09T07:00:00,positive,False,baseline
review_0001602,order_0002461,5,2025-10-26T00:00:00,2025-10-27T08:00:00,positive,False,baseline
review_0001603,order_0002465,5,2024-04-06T00:00:00,2024-04-08T02:00:00,positive,False,baseline
review_0001604,order_0002466,5,2024-09-22T00:00:00,2024-09-23T01:00:00,positive,False,baseline
review_0001605,order_0002468,5,2024-11-08T00:00:00,2024-11-09T01:00:00,positive,False,baseline
review_0001606,order_0002471,4,2026-04-07T00:00:00,2026-04-09T12:00:00,positive,False,baseline
review_0001607,order_0002472,4,2026-06-29T00:00:00,2026-06-30T18:00:00,positive,False,baseline
review_0001608,order_0002474,4,2026-05-28T00:00:00,2026-05-30T15:00:00,positive,False,baseline
review_0001609,order_0002475,3,2024-10-29T00:00:00,2024-10-30T06:00:00,neutral,False,baseline
review_0001610,order_0002476,4,2026-02-20T00:00:00,2026-02-21T23:00:00,positive,False,baseline
review_0001611,order_0002477,4,2026-08-31T00:00:00,2026-09-01T06:00:00,positive,False,baseline
review_0001612,order_0002478,5,2024-09-28T00:00:00,2024-09-29T08:00:00,positive,False,baseline
review_0001613,order_0002479,4,2024-10-16T00:00:00,2024-10-17T18:00:00,positive,False,baseline
review_0001614,order_0002480,5,2024-10-04T00:00:00,2024-10-06T10:00:00,positive,False,baseline
review_0001615,order_0002481,3,2024-09-26T00:00:00,2024-09-28T21:00:00,neutral,False,baseline
review_0001616,order_0002482,4,2024-05-13T00:00:00,2024-05-15T05:00:00,positive,False,baseline
review_0001617,order_0002484,4,2026-11-07T00:00:00,2026-11-09T12:00:00,positive,False,baseline
review_0001618,order_0002485,3,2025-01-30T00:00:00,2025-01-31T04:00:00,neutral,False,baseline
review_0001619,order_0002486,4,2026-06-07T00:00:00,2026-06-08T03:00:00,positive,False,baseline
review_0001620,order_0002487,4,2026-06-15T00:00:00,2026-06-15T14:00:00,positive,False,baseline
review_0001621,order_0002489,4,2025-05-25T00:00:00,2025-05-27T00:00:00,positive,False,baseline
review_0001622,order_0002490,3,2025-02-13T00:00:00,2025-02-15T23:00:00,neutral,False,baseline
review_0001623,order_0002491,4,2025-07-18T00:00:00,2025-07-20T20:00:00,positive,False,baseline
review_0001624,order_0002492,4,2024-12-23T00:00:00,2024-12-24T00:00:00,positive,False,baseline
review_0001625,order_0002494,4,2025-06-10T00:00:00,2025-06-12T14:00:00,positive,False,baseline
review_0001626,order_0002495,5,2026-08-28T00:00:00,2026-08-30T09:00:00,positive,False,baseline
review_0001627,order_0002496,5,2026-02-23T00:00:00,2026-02-25T14:00:00,positive,False,baseline
review_0001628,order_0002497,4,2026-09-29T00:00:00,2026-10-01T13:00:00,positive,False,baseline
review_0001629,order_0002499,4,2025-11-24T00:00:00,2025-11-25T21:00:00,positive,False,baseline
review_0001630,order_0002500,4,2024-07-05T00:00:00,2024-07-05T20:00:00,positive,False,baseline
review_0001631,order_0002501,3,2026-07-30T00:00:00,2026-08-01T17:00:00,neutral,False,baseline
review_0001632,order_0002503,5,2025-12-14T00:00:00,2025-12-14T18:00:00,positive,False,baseline
review_0001633,order_0002505,4,2025-10-29T00:00:00,2025-10-29T21:00:00,positive,False,baseline
review_0001634,order_0002506,5,2025-06-19T00:00:00,2025-06-20T22:00:00,positive,False,baseline
review_0001635,order_0002507,4,2025-03-08T00:00:00,2025-03-09T09:00:00,positive,False,baseline
review_0001636,order_0002508,4,2025-08-30T00:00:00,2025-08-30T10:00:00,positive,False,baseline
review_0001637,order_0002509,4,2024-12-23T00:00:00,2024-12-24T12:00:00,positive,False,baseline
review_0001638,order_0002510,5,2025-02-04T00:00:00,2025-02-06T01:00:00,positive,False,baseline
review_0001639,order_0002511,3,2025-05-25T00:00:00,2025-05-25T18:00:00,neutral,False,baseline
review_0001640,order_0002512,4,2026-05-07T00:00:00,2026-05-08T03:00:00,positive,False,baseline
review_0001641,order_0002513,4,2024-06-03T00:00:00,2024-06-06T00:00:00,positive,False,baseline
review_0001642,order_0002514,5,2026-06-01T00:00:00,2026-06-02T19:00:00,positive,False,baseline
review_0001643,order_0002515,3,2025-04-30T00:00:00,2025-05-02T13:00:00,neutral,False,baseline
review_0001644,order_0002517,5,2024-10-13T00:00:00,2024-10-13T18:00:00,positive,False,baseline
review_0001645,order_0002518,4,2025-02-03T00:00:00,2025-02-05T13:00:00,positive,False,baseline
review_0001646,order_0002519,3,2026-12-28T00:00:00,2026-12-28T11:00:00,neutral,False,baseline
review_0001647,order_0002521,4,2026-04-12T00:00:00,2026-04-14T18:00:00,positive,False,baseline
review_0001648,order_0002524,3,2025-07-07T00:00:00,2025-07-08T08:00:00,neutral,False,baseline
review_0001649,order_0002525,5,2024-05-23T00:00:00,2024-05-24T14:00:00,positive,False,baseline
review_0001650,order_0002526,3,2026-11-21T00:00:00,2026-11-21T12:00:00,neutral,False,baseline
review_0001651,order_0002527,3,2024-07-21T00:00:00,2024-07-23T00:00:00,neutral,False,baseline
review_0001652,order_0002528,3,2024-10-14T00:00:00,2024-10-14T10:00:00,neutral,False,baseline
review_0001653,order_0002531,4,2026-08-24T00:00:00,2026-08-25T14:00:00,positive,False,baseline
review_0001654,order_0002532,2,2026-02-14T00:00:00,2026-02-16T13:00:00,negative,True,baseline
review_0001655,order_0002533,4,2024-05-26T00:00:00,2024-05-28T08:00:00,positive,False,baseline
review_0001656,order_0002538,5,2026-12-30T00:00:00,2026-12-31T19:00:00,positive,False,baseline
review_0001657,order_0002539,4,2025-01-13T00:00:00,2025-01-14T18:00:00,positive,False,baseline
review_0001658,order_0002540,4,2025-10-18T00:00:00,2025-10-19T10:00:00,positive,False,baseline
review_0001659,order_0002542,3,2025-07-28T00:00:00,2025-07-30T04:00:00,neutral,False,baseline
review_0001660,order_0002543,4,2026-08-20T00:00:00,2026-08-22T23:00:00,positive,False,baseline
review_0001661,order_0002545,4,2025-09-12T00:00:00,2025-09-12T16:00:00,positive,False,baseline
review_0001662,order_0002546,5,2025-04-06T00:00:00,2025-04-07T02:00:00,positive,False,baseline
review_0001663,order_0002547,4,2024-10-17T00:00:00,2024-10-19T10:00:00,positive,False,baseline
review_0001664,order_0002548,3,2026-12-21T00:00:00,2026-12-22T11:00:00,neutral,False,baseline
review_0001665,order_0002551,4,2024-08-30T00:00:00,2024-08-30T18:00:00,positive,False,baseline
review_0001666,order_0002552,4,2026-04-30T00:00:00,2026-05-02T23:00:00,positive,False,baseline
review_0001667,order_0002553,4,2026-01-11T00:00:00,2026-01-12T11:00:00,positive,False,baseline
review_0001668,order_0002555,4,2025-09-20T00:00:00,2025-09-21T10:00:00,positive,False,baseline
review_0001669,order_0002556,4,2026-07-29T00:00:00,2026-07-30T08:00:00,positive,False,baseline
review_0001670,order_0002558,4,2025-06-18T00:00:00,2025-06-20T21:00:00,positive,False,baseline
review_0001671,order_0002560,5,2025-03-30T00:00:00,2025-03-30T18:00:00,positive,False,baseline
review_0001672,order_0002563,3,2026-03-31T00:00:00,2026-03-31T11:00:00,neutral,False,baseline
review_0001673,order_0002565,5,2024-06-18T00:00:00,2024-06-19T00:00:00,positive,False,baseline
review_0001674,order_0002566,4,2024-04-16T00:00:00,2024-04-16T15:00:00,positive,False,baseline
review_0001675,order_0002567,4,2024-02-04T00:00:00,2024-02-05T16:00:00,positive,False,baseline
review_0001676,order_0002568,3,2024-09-30T00:00:00,2024-10-02T22:00:00,neutral,False,baseline
review_0001677,order_0002569,4,2025-12-10T00:00:00,2025-12-12T23:00:00,positive,False,baseline
review_0001678,order_0002571,5,2026-03-02T00:00:00,2026-03-03T09:00:00,positive,False,baseline
review_0001679,order_0002572,5,2026-06-07T00:00:00,2026-06-07T10:00:00,positive,False,baseline
review_0001680,order_0002573,4,2024-08-19T00:00:00,2024-08-21T00:00:00,positive,False,baseline
review_0001681,order_0002574,5,2025-06-12T00:00:00,2025-06-14T15:00:00,positive,False,baseline
review_0001682,order_0002575,5,2025-08-22T00:00:00,2025-08-24T22:00:00,positive,False,baseline
review_0001683,order_0002576,4,2025-04-20T00:00:00,2025-04-21T08:00:00,positive,False,baseline
review_0001684,order_0002578,5,2025-01-22T00:00:00,2025-01-23T09:00:00,positive,False,baseline
review_0001685,order_0002579,3,2026-03-14T00:00:00,2026-03-14T11:00:00,neutral,False,baseline
review_0001686,order_0002580,5,2026-10-08T00:00:00,2026-10-10T00:00:00,positive,False,baseline
review_0001687,order_0002581,4,2024-06-09T00:00:00,2024-06-10T16:00:00,positive,False,baseline
review_0001688,order_0002582,5,2024-04-11T00:00:00,2024-04-13T15:00:00,positive,False,baseline
review_0001689,order_0002584,3,2025-01-16T00:00:00,2025-01-17T06:00:00,neutral,False,baseline
review_0001690,order_0002585,5,2025-07-09T00:00:00,2025-07-10T15:00:00,positive,False,baseline
review_0001691,order_0002586,5,2025-09-19T00:00:00,2025-09-20T00:00:00,positive,False,baseline
review_0001692,order_0002588,3,2024-06-03T00:00:00,2024-06-05T12:00:00,neutral,False,baseline
review_0001693,order_0002589,5,2025-02-28T00:00:00,2025-03-02T13:00:00,positive,False,baseline
review_0001694,order_0002590,3,2025-08-28T00:00:00,2025-08-30T15:00:00,neutral,False,baseline
review_0001695,order_0002592,5,2025-12-28T00:00:00,2025-12-30T00:00:00,positive,False,baseline
review_0001696,order_0002593,3,2024-05-20T00:00:00,2024-05-21T00:00:00,neutral,False,baseline
review_0001697,order_0002598,5,2026-03-17T00:00:00,2026-03-19T03:00:00,positive,False,baseline
review_0001698,order_0002599,4,2025-10-17T00:00:00,2025-10-19T16:00:00,positive,False,baseline
review_0001699,order_0002601,3,2024-08-27T00:00:00,2024-08-28T18:00:00,neutral,False,baseline
review_0001700,order_0002602,4,2026-08-13T00:00:00,2026-08-13T10:00:00,positive,False,baseline
review_0001701,order_0002603,5,2024-03-01T00:00:00,2024-03-03T21:00:00,positive,False,baseline
review_0001702,order_0002604,5,2026-06-22T00:00:00,2026-06-22T22:00:00,positive,False,baseline
review_0001703,order_0002605,4,2024-12-17T00:00:00,2024-12-19T11:00:00,positive,False,baseline
review_0001704,order_0002607,5,2024-03-13T00:00:00,2024-03-15T23:00:00,positive,False,baseline
review_0001705,order_0002608,4,2025-11-27T00:00:00,2025-11-28T01:00:00,positive,False,baseline
review_0001706,order_0002609,4,2025-01-10T00:00:00,2025-01-10T18:00:00,positive,False,baseline
review_0001707,order_0002610,4,2026-10-22T00:00:00,2026-10-24T01:00:00,positive,False,baseline
review_0001708,order_0002611,4,2025-10-03T00:00:00,2025-10-04T02:00:00,positive,False,baseline
review_0001709,order_0002613,3,2025-03-27T00:00:00,2025-03-27T23:00:00,neutral,False,baseline
review_0001710,order_0002615,4,2025-02-06T00:00:00,2025-02-06T16:00:00,positive,False,baseline
review_0001711,order_0002616,3,2025-09-12T00:00:00,2025-09-13T22:00:00,neutral,False,baseline
review_0001712,order_0002617,3,2025-04-26T00:00:00,2025-04-28T03:00:00,neutral,False,baseline
review_0001713,order_0002618,3,2025-10-16T00:00:00,2025-10-18T01:00:00,neutral,False,baseline
review_0001714,order_0002619,3,2024-05-31T00:00:00,2024-05-31T18:00:00,neutral,False,baseline
review_0001715,order_0002620,5,2026-10-18T00:00:00,2026-10-18T23:00:00,positive,False,baseline
review_0001716,order_0002622,5,2025-03-13T00:00:00,2025-03-14T05:00:00,positive,False,baseline
review_0001717,order_0002624,4,2026-03-08T00:00:00,2026-03-09T01:00:00,positive,False,baseline
review_0001718,order_0002625,5,2026-11-10T00:00:00,2026-11-10T22:00:00,positive,False,baseline
review_0001719,order_0002626,5,2026-08-17T00:00:00,2026-08-19T12:00:00,positive,False,baseline
review_0001720,order_0002631,5,2024-02-23T00:00:00,2024-02-25T02:00:00,positive,False,baseline
review_0001721,order_0002632,3,2026-12-16T00:00:00,2026-12-17T09:00:00,neutral,False,baseline
review_0001722,order_0002634,3,2026-08-19T00:00:00,2026-08-20T12:00:00,neutral,False,baseline
review_0001723,order_0002635,4,2025-12-16T00:00:00,2025-12-18T20:00:00,positive,False,baseline
review_0001724,order_0002636,3,2026-06-10T00:00:00,2026-06-11T05:00:00,neutral,False,baseline
review_0001725,order_0002637,4,2026-01-26T00:00:00,2026-01-27T06:00:00,positive,False,baseline
review_0001726,order_0002638,2,2025-02-18T00:00:00,2025-02-19T18:00:00,negative,True,baseline
review_0001727,order_0002639,3,2026-10-15T00:00:00,2026-10-17T22:00:00,neutral,False,baseline
review_0001728,order_0002641,4,2024-12-02T00:00:00,2024-12-02T20:00:00,positive,False,baseline
review_0001729,order_0002642,5,2026-12-06T00:00:00,2026-12-07T14:00:00,positive,False,baseline
review_0001730,order_0002643,4,2024-12-23T00:00:00,2024-12-25T04:00:00,positive,False,baseline
review_0001731,order_0002644,3,2024-06-27T00:00:00,2024-06-28T10:00:00,neutral,False,baseline
review_0001732,order_0002645,3,2025-09-20T00:00:00,2025-09-22T17:00:00,neutral,False,baseline
review_0001733,order_0002646,4,2024-10-21T00:00:00,2024-10-23T09:00:00,positive,False,baseline
review_0001734,order_0002649,4,2025-08-15T00:00:00,2025-08-17T16:00:00,positive,False,baseline
review_0001735,order_0002651,2,2025-03-17T00:00:00,2025-03-17T08:00:00,negative,True,baseline
review_0001736,order_0002652,5,2024-09-03T00:00:00,2024-09-03T22:00:00,positive,False,baseline
review_0001737,order_0002653,4,2025-12-25T00:00:00,2025-12-26T00:00:00,positive,False,baseline
review_0001738,order_0002654,4,2024-12-23T00:00:00,2024-12-25T13:00:00,positive,False,baseline
review_0001739,order_0002655,4,2025-09-10T00:00:00,2025-09-10T13:00:00,positive,False,baseline
review_0001740,order_0002656,5,2024-12-19T00:00:00,2024-12-21T02:00:00,positive,False,baseline
review_0001741,order_0002657,4,2026-12-30T00:00:00,2026-12-31T16:00:00,positive,False,baseline
review_0001742,order_0002658,4,2025-12-13T00:00:00,2025-12-14T12:00:00,positive,False,baseline
review_0001743,order_0002659,4,2026-01-31T00:00:00,2026-02-02T20:00:00,positive,False,baseline
review_0001744,order_0002662,4,2024-03-11T00:00:00,2024-03-13T05:00:00,positive,False,baseline
review_0001745,order_0002663,5,2026-07-12T00:00:00,2026-07-13T22:00:00,positive,False,baseline
review_0001746,order_0002666,5,2026-09-19T00:00:00,2026-09-21T09:00:00,positive,False,baseline
review_0001747,order_0002669,4,2024-04-01T00:00:00,2024-04-02T04:00:00,positive,False,baseline
review_0001748,order_0002670,5,2024-06-28T00:00:00,2024-06-28T09:00:00,positive,False,baseline
review_0001749,order_0002672,3,2025-12-24T00:00:00,2025-12-24T12:00:00,neutral,False,baseline
review_0001750,order_0002673,5,2024-04-13T00:00:00,2024-04-13T18:00:00,positive,False,baseline
review_0001751,order_0002674,5,2026-11-25T00:00:00,2026-11-25T15:00:00,positive,False,baseline
review_0001752,order_0002675,4,2026-05-14T00:00:00,2026-05-16T13:00:00,positive,False,baseline
review_0001753,order_0002679,3,2026-04-17T00:00:00,2026-04-17T08:00:00,neutral,False,baseline
review_0001754,order_0002680,4,2026-06-12T00:00:00,2026-06-12T22:00:00,positive,False,baseline
review_0001755,order_0002681,3,2024-07-02T00:00:00,2024-07-04T20:00:00,neutral,False,baseline
review_0001756,order_0002682,4,2024-04-29T00:00:00,2024-05-01T22:00:00,positive,False,baseline
review_0001757,order_0002683,4,2026-07-23T00:00:00,2026-07-25T22:00:00,positive,False,baseline
review_0001758,order_0002685,4,2025-12-23T00:00:00,2025-12-25T10:00:00,positive,False,baseline
review_0001759,order_0002687,4,2026-12-31T00:00:00,2026-12-31T23:59:00,positive,False,baseline
review_0001760,order_0002688,4,2026-08-22T00:00:00,2026-08-23T04:00:00,positive,False,baseline
review_0001761,order_0002690,4,2026-01-06T00:00:00,2026-01-06T13:00:00,positive,False,baseline
review_0001762,order_0002691,4,2025-07-09T00:00:00,2025-07-09T16:00:00,positive,False,baseline
review_0001763,order_0002696,4,2024-10-15T00:00:00,2024-10-17T17:00:00,positive,False,baseline
review_0001764,order_0002698,5,2024-10-20T00:00:00,2024-10-21T16:00:00,positive,False,baseline
review_0001765,order_0002699,5,2026-08-29T00:00:00,2026-08-30T03:00:00,positive,False,baseline
review_0001766,order_0002700,5,2026-04-23T00:00:00,2026-04-24T05:00:00,positive,False,baseline
review_0001767,order_0002701,5,2024-10-11T00:00:00,2024-10-12T14:00:00,positive,False,baseline
review_0001768,order_0002702,5,2024-07-28T00:00:00,2024-07-30T14:00:00,positive,False,baseline
review_0001769,order_0002703,4,2026-01-17T00:00:00,2026-01-19T15:00:00,positive,False,baseline
review_0001770,order_0002704,4,2025-07-21T00:00:00,2025-07-21T11:00:00,positive,False,baseline
review_0001771,order_0002706,4,2026-12-28T00:00:00,2026-12-30T07:00:00,positive,False,baseline
review_0001772,order_0002707,5,2026-08-22T00:00:00,2026-08-24T19:00:00,positive,False,baseline
review_0001773,order_0002708,4,2026-10-26T00:00:00,2026-10-28T05:00:00,positive,False,baseline
review_0001774,order_0002710,4,2024-06-07T00:00:00,2024-06-07T18:00:00,positive,False,baseline
review_0001775,order_0002711,4,2025-02-24T00:00:00,2025-02-26T23:00:00,positive,False,baseline
review_0001776,order_0002712,3,2024-07-08T00:00:00,2024-07-09T00:00:00,neutral,False,baseline
review_0001777,order_0002713,5,2024-08-07T00:00:00,2024-08-08T07:00:00,positive,False,baseline
review_0001778,order_0002714,4,2026-03-02T00:00:00,2026-03-04T09:00:00,positive,False,baseline
review_0001779,order_0002715,5,2025-11-25T00:00:00,2025-11-27T14:00:00,positive,False,baseline
review_0001780,order_0002718,4,2025-08-24T00:00:00,2025-08-25T20:00:00,positive,False,baseline
review_0001781,order_0002719,4,2025-08-03T00:00:00,2025-08-04T13:00:00,positive,False,baseline
review_0001782,order_0002720,5,2025-12-24T00:00:00,2025-12-26T11:00:00,positive,False,baseline
review_0001783,order_0002722,5,2024-01-26T00:00:00,2024-01-28T17:00:00,positive,False,baseline
review_0001784,order_0002723,4,2026-07-28T00:00:00,2026-07-28T08:00:00,positive,False,baseline
review_0001785,order_0002724,5,2025-12-28T00:00:00,2025-12-30T05:00:00,positive,False,baseline
review_0001786,order_0002726,4,2025-03-17T00:00:00,2025-03-18T10:00:00,positive,False,baseline
review_0001787,order_0002729,5,2025-04-21T00:00:00,2025-04-21T18:00:00,positive,False,baseline
review_0001788,order_0002730,4,2024-08-28T00:00:00,2024-08-30T11:00:00,positive,False,baseline
review_0001789,order_0002734,4,2026-09-18T00:00:00,2026-09-19T21:00:00,positive,False,baseline
review_0001790,order_0002735,4,2025-01-18T00:00:00,2025-01-19T23:00:00,positive,False,baseline
review_0001791,order_0002737,4,2024-07-14T00:00:00,2024-07-14T08:00:00,positive,False,baseline
review_0001792,order_0002738,4,2026-07-30T00:00:00,2026-07-30T17:00:00,positive,False,baseline
review_0001793,order_0002740,4,2025-06-06T00:00:00,2025-06-08T14:00:00,positive,False,baseline
review_0001794,order_0002741,3,2024-10-08T00:00:00,2024-10-10T02:00:00,neutral,False,baseline
review_0001795,order_0002743,4,2024-06-06T00:00:00,2024-06-08T12:00:00,positive,False,baseline
review_0001796,order_0002745,3,2025-06-20T00:00:00,2025-06-22T21:00:00,neutral,False,baseline
review_0001797,order_0002746,5,2025-08-05T00:00:00,2025-08-07T05:00:00,positive,False,baseline
review_0001798,order_0002747,4,2026-01-16T00:00:00,2026-01-17T08:00:00,positive,False,baseline
review_0001799,order_0002749,4,2026-11-05T00:00:00,2026-11-06T13:00:00,positive,False,baseline
review_0001800,order_0002751,4,2024-10-01T00:00:00,2024-10-02T08:00:00,positive,False,baseline
review_0001801,order_0002753,4,2024-03-08T00:00:00,2024-03-10T09:00:00,positive,False,baseline
review_0001802,order_0002754,4,2026-05-30T00:00:00,2026-06-02T00:00:00,positive,False,baseline
review_0001803,order_0002756,4,2026-11-03T00:00:00,2026-11-05T14:00:00,positive,False,baseline
review_0001804,order_0002757,3,2026-01-01T00:00:00,2026-01-01T16:00:00,neutral,False,baseline
review_0001805,order_0002764,5,2026-03-23T00:00:00,2026-03-23T23:00:00,positive,False,baseline
review_0001806,order_0002765,4,2025-05-02T00:00:00,2025-05-03T22:00:00,positive,False,baseline
review_0001807,order_0002766,3,2025-06-22T00:00:00,2025-06-22T11:00:00,neutral,False,baseline
review_0001808,order_0002768,5,2026-03-15T00:00:00,2026-03-17T10:00:00,positive,False,baseline
review_0001809,order_0002769,4,2024-01-23T00:00:00,2024-01-23T23:00:00,positive,False,baseline
review_0001810,order_0002770,4,2026-07-20T00:00:00,2026-07-20T14:00:00,positive,False,baseline
review_0001811,order_0002771,3,2025-11-21T00:00:00,2025-11-23T04:00:00,neutral,False,baseline
review_0001812,order_0002773,5,2026-03-31T00:00:00,2026-04-02T09:00:00,positive,False,baseline
review_0001813,order_0002775,3,2025-07-18T00:00:00,2025-07-20T14:00:00,neutral,False,baseline
review_0001814,order_0002776,2,2024-11-02T00:00:00,2024-11-03T07:00:00,negative,True,baseline
review_0001815,order_0002777,4,2026-03-29T00:00:00,2026-03-29T16:00:00,positive,False,baseline
review_0001816,order_0002778,3,2024-04-06T00:00:00,2024-04-08T15:00:00,neutral,False,baseline
review_0001817,order_0002779,4,2026-07-13T00:00:00,2026-07-14T04:00:00,positive,False,baseline
review_0001818,order_0002780,4,2024-02-03T00:00:00,2024-02-04T13:00:00,positive,False,baseline
review_0001819,order_0002782,4,2024-11-05T00:00:00,2024-11-06T12:00:00,positive,False,baseline
review_0001820,order_0002783,4,2025-07-23T00:00:00,2025-07-24T15:00:00,positive,False,baseline
review_0001821,order_0002785,5,2026-06-12T00:00:00,2026-06-12T23:00:00,positive,False,baseline
review_0001822,order_0002787,4,2025-07-16T00:00:00,2025-07-17T03:00:00,positive,False,baseline
review_0001823,order_0002789,4,2026-03-06T00:00:00,2026-03-06T15:00:00,positive,False,baseline
review_0001824,order_0002790,4,2026-08-16T00:00:00,2026-08-16T20:00:00,positive,False,baseline
review_0001825,order_0002791,4,2025-08-09T00:00:00,2025-08-10T05:00:00,positive,False,baseline
review_0001826,order_0002792,3,2025-06-03T00:00:00,2025-06-05T18:00:00,neutral,False,baseline
review_0001827,order_0002793,4,2026-01-14T00:00:00,2026-01-16T11:00:00,positive,False,baseline
review_0001828,order_0002794,5,2026-10-04T00:00:00,2026-10-05T05:00:00,positive,False,baseline
review_0001829,order_0002797,3,2024-06-27T00:00:00,2024-06-28T22:00:00,neutral,False,baseline
review_0001830,order_0002798,4,2025-04-16T00:00:00,2025-04-16T08:00:00,positive,False,baseline
review_0001831,order_0002799,4,2026-03-17T00:00:00,2026-03-19T19:00:00,positive,False,baseline
review_0001832,order_0002800,5,2025-05-20T00:00:00,2025-05-22T01:00:00,positive,False,baseline
review_0001833,order_0002801,4,2025-01-02T00:00:00,2025-01-03T08:00:00,positive,False,baseline
review_0001834,order_0002802,3,2026-03-14T00:00:00,2026-03-15T19:00:00,neutral,False,baseline
review_0001835,order_0002803,3,2026-08-08T00:00:00,2026-08-08T16:00:00,neutral,False,baseline
review_0001836,order_0002806,5,2024-11-02T00:00:00,2024-11-03T18:00:00,positive,False,baseline
review_0001837,order_0002809,3,2024-11-14T00:00:00,2024-11-15T16:00:00,neutral,False,baseline
review_0001838,order_0002811,4,2025-12-02T00:00:00,2025-12-04T08:00:00,positive,False,baseline
review_0001839,order_0002812,4,2025-06-25T00:00:00,2025-06-26T22:00:00,positive,False,baseline
review_0001840,order_0002814,3,2026-09-18T00:00:00,2026-09-19T23:00:00,neutral,False,baseline
review_0001841,order_0002816,3,2024-08-05T00:00:00,2024-08-06T21:00:00,neutral,False,baseline
review_0001842,order_0002818,5,2026-03-14T00:00:00,2026-03-15T20:00:00,positive,False,baseline
review_0001843,order_0002819,3,2026-05-06T00:00:00,2026-05-07T18:00:00,neutral,False,baseline
review_0001844,order_0002820,5,2025-12-14T00:00:00,2025-12-15T05:00:00,positive,False,baseline
review_0001845,order_0002822,3,2025-07-09T00:00:00,2025-07-10T20:00:00,neutral,False,baseline
review_0001846,order_0002823,3,2025-10-31T00:00:00,2025-11-01T19:00:00,neutral,False,baseline
review_0001847,order_0002824,5,2024-03-05T00:00:00,2024-03-05T18:00:00,positive,False,baseline
review_0001848,order_0002825,3,2024-11-08T00:00:00,2024-11-08T12:00:00,neutral,False,baseline
review_0001849,order_0002826,3,2026-05-29T00:00:00,2026-05-31T20:00:00,neutral,False,baseline
review_0001850,order_0002827,4,2024-06-06T00:00:00,2024-06-07T20:00:00,positive,False,baseline
review_0001851,order_0002829,4,2025-04-19T00:00:00,2025-04-19T23:00:00,positive,False,baseline
review_0001852,order_0002830,4,2024-02-20T00:00:00,2024-02-21T01:00:00,positive,False,baseline
review_0001853,order_0002831,4,2024-04-10T00:00:00,2024-04-12T03:00:00,positive,False,baseline
review_0001854,order_0002833,5,2024-12-11T00:00:00,2024-12-13T13:00:00,positive,False,baseline
review_0001855,order_0002837,4,2024-02-15T00:00:00,2024-02-16T03:00:00,positive,False,baseline
review_0001856,order_0002838,4,2024-12-18T00:00:00,2024-12-19T19:00:00,positive,False,baseline
review_0001857,order_0002840,4,2024-05-22T00:00:00,2024-05-22T18:00:00,positive,False,baseline
review_0001858,order_0002843,4,2026-11-26T00:00:00,2026-11-28T10:00:00,positive,False,baseline
review_0001859,order_0002846,5,2025-11-01T00:00:00,2025-11-02T14:00:00,positive,False,baseline
review_0001860,order_0002847,4,2024-12-23T00:00:00,2024-12-25T03:00:00,positive,False,baseline
review_0001861,order_0002848,4,2025-05-01T00:00:00,2025-05-02T02:00:00,positive,False,baseline
review_0001862,order_0002849,4,2026-04-27T00:00:00,2026-04-29T00:00:00,positive,False,baseline
review_0001863,order_0002850,4,2024-09-05T00:00:00,2024-09-05T20:00:00,positive,False,baseline
review_0001864,order_0002853,4,2025-01-17T00:00:00,2025-01-17T10:00:00,positive,False,baseline
review_0001865,order_0002854,4,2025-08-06T00:00:00,2025-08-07T16:00:00,positive,False,baseline
review_0001866,order_0002855,4,2025-09-16T00:00:00,2025-09-18T03:00:00,positive,False,baseline
review_0001867,order_0002856,3,2024-12-13T00:00:00,2024-12-13T17:00:00,neutral,False,baseline
review_0001868,order_0002858,3,2025-12-07T00:00:00,2025-12-09T17:00:00,neutral,False,baseline
review_0001869,order_0002859,2,2025-01-17T00:00:00,2025-01-18T03:00:00,negative,True,baseline
review_0001870,order_0002861,5,2026-12-31T00:00:00,2026-12-31T20:00:00,positive,False,baseline
review_0001871,order_0002864,3,2024-02-15T00:00:00,2024-02-16T09:00:00,neutral,False,baseline
review_0001872,order_0002866,4,2025-08-19T00:00:00,2025-08-21T01:00:00,positive,False,baseline
review_0001873,order_0002870,4,2024-02-08T00:00:00,2024-02-08T14:00:00,positive,False,baseline
review_0001874,order_0002871,4,2026-12-22T00:00:00,2026-12-23T08:00:00,positive,False,baseline
review_0001875,order_0002874,4,2024-07-19T00:00:00,2024-07-20T18:00:00,positive,False,baseline
review_0001876,order_0002875,4,2026-11-22T00:00:00,2026-11-23T02:00:00,positive,False,baseline
review_0001877,order_0002876,5,2026-11-19T00:00:00,2026-11-19T08:00:00,positive,False,baseline
review_0001878,order_0002877,3,2024-08-27T00:00:00,2024-08-27T21:00:00,neutral,False,baseline
review_0001879,order_0002878,3,2025-01-08T00:00:00,2025-01-09T13:00:00,neutral,False,baseline
review_0001880,order_0002879,5,2026-01-27T00:00:00,2026-01-29T03:00:00,positive,False,baseline
review_0001881,order_0002880,4,2025-01-13T00:00:00,2025-01-14T07:00:00,positive,False,baseline
review_0001882,order_0002882,4,2026-10-07T00:00:00,2026-10-07T21:00:00,positive,False,baseline
review_0001883,order_0002883,4,2024-02-29T00:00:00,2024-03-02T21:00:00,positive,False,baseline
review_0001884,order_0002884,5,2024-03-11T00:00:00,2024-03-13T01:00:00,positive,False,baseline
review_0001885,order_0002885,3,2024-08-04T00:00:00,2024-08-05T06:00:00,neutral,False,baseline
review_0001886,order_0002888,5,2024-06-06T00:00:00,2024-06-07T11:00:00,positive,False,baseline
review_0001887,order_0002889,5,2025-05-19T00:00:00,2025-05-20T15:00:00,positive,False,baseline
review_0001888,order_0002890,5,2026-06-26T00:00:00,2026-06-27T06:00:00,positive,False,baseline
review_0001889,order_0002891,4,2024-12-28T00:00:00,2024-12-29T01:00:00,positive,False,baseline
review_0001890,order_0002892,4,2026-02-12T00:00:00,2026-02-14T06:00:00,positive,False,baseline
review_0001891,order_0002894,4,2025-09-26T00:00:00,2025-09-27T00:00:00,positive,False,baseline
review_0001892,order_0002895,4,2025-02-11T00:00:00,2025-02-11T21:00:00,positive,False,baseline
review_0001893,order_0002896,2,2024-11-09T00:00:00,2024-11-10T18:00:00,negative,True,baseline
review_0001894,order_0002898,5,2024-01-24T00:00:00,2024-01-27T00:00:00,positive,False,baseline
review_0001895,order_0002899,5,2026-08-18T00:00:00,2026-08-19T06:00:00,positive,False,baseline
review_0001896,order_0002901,4,2026-01-30T00:00:00,2026-01-30T21:00:00,positive,False,baseline
review_0001897,order_0002902,4,2026-12-18T00:00:00,2026-12-20T09:00:00,positive,False,baseline
review_0001898,order_0002903,4,2025-05-07T00:00:00,2025-05-08T07:00:00,positive,False,baseline
review_0001899,order_0002904,3,2024-09-18T00:00:00,2024-09-20T00:00:00,neutral,False,baseline
review_0001900,order_0002907,3,2026-01-10T00:00:00,2026-01-10T15:00:00,neutral,False,baseline
review_0001901,order_0002909,5,2024-12-12T00:00:00,2024-12-14T02:00:00,positive,False,baseline
review_0001902,order_0002911,3,2024-03-15T00:00:00,2024-03-15T18:00:00,neutral,False,baseline
review_0001903,order_0002912,5,2025-12-22T00:00:00,2025-12-23T15:00:00,positive,False,baseline
review_0001904,order_0002913,4,2026-12-04T00:00:00,2026-12-05T08:00:00,positive,False,baseline
review_0001905,order_0002914,4,2024-10-03T00:00:00,2024-10-04T08:00:00,positive,False,baseline
review_0001906,order_0002915,4,2025-01-06T00:00:00,2025-01-07T12:00:00,positive,False,baseline
review_0001907,order_0002916,4,2025-09-21T00:00:00,2025-09-23T15:00:00,positive,False,baseline
review_0001908,order_0002918,4,2024-04-12T00:00:00,2024-04-13T13:00:00,positive,False,baseline
review_0001909,order_0002919,4,2025-09-02T00:00:00,2025-09-02T17:00:00,positive,False,baseline
review_0001910,order_0002920,2,2024-05-27T00:00:00,2024-05-29T20:00:00,negative,True,baseline
review_0001911,order_0002921,5,2025-09-21T00:00:00,2025-09-22T18:00:00,positive,False,baseline
review_0001912,order_0002922,3,2025-11-29T00:00:00,2025-11-29T17:00:00,neutral,False,baseline
review_0001913,order_0002923,5,2026-03-21T00:00:00,2026-03-21T08:00:00,positive,False,baseline
review_0001914,order_0002924,4,2025-01-08T00:00:00,2025-01-09T11:00:00,positive,False,baseline
review_0001915,order_0002927,4,2025-10-19T00:00:00,2025-10-21T15:00:00,positive,False,baseline
review_0001916,order_0002928,4,2026-09-16T00:00:00,2026-09-18T04:00:00,positive,False,baseline
review_0001917,order_0002929,4,2024-10-27T00:00:00,2024-10-29T15:00:00,positive,False,baseline
review_0001918,order_0002931,4,2025-02-01T00:00:00,2025-02-02T05:00:00,positive,False,baseline
review_0001919,order_0002932,4,2024-08-09T00:00:00,2024-08-11T16:00:00,positive,False,baseline
review_0001920,order_0002934,5,2025-08-11T00:00:00,2025-08-13T19:00:00,positive,False,baseline
review_0001921,order_0002935,4,2025-08-05T00:00:00,2025-08-06T23:00:00,positive,False,baseline
review_0001922,order_0002937,5,2025-04-28T00:00:00,2025-04-29T03:00:00,positive,False,baseline
review_0001923,order_0002938,4,2025-05-17T00:00:00,2025-05-18T21:00:00,positive,False,baseline
review_0001924,order_0002939,4,2025-12-02T00:00:00,2025-12-02T08:00:00,positive,False,baseline
review_0001925,order_0002940,4,2024-06-01T00:00:00,2024-06-04T00:00:00,positive,False,baseline
review_0001926,order_0002941,4,2025-05-18T00:00:00,2025-05-19T00:00:00,positive,False,baseline
review_0001927,order_0002942,4,2024-06-15T00:00:00,2024-06-17T06:00:00,positive,False,baseline
review_0001928,order_0002943,4,2025-04-13T00:00:00,2025-04-15T08:00:00,positive,False,baseline
review_0001929,order_0002944,4,2025-04-01T00:00:00,2025-04-03T07:00:00,positive,False,baseline
review_0001930,order_0002945,4,2026-11-20T00:00:00,2026-11-22T01:00:00,positive,False,baseline
review_0001931,order_0002947,5,2025-05-19T00:00:00,2025-05-21T15:00:00,positive,False,baseline
review_0001932,order_0002948,4,2025-07-22T00:00:00,2025-07-22T21:00:00,positive,False,baseline
review_0001933,order_0002950,3,2026-02-23T00:00:00,2026-02-24T04:00:00,neutral,False,baseline
review_0001934,order_0002951,3,2026-10-20T00:00:00,2026-10-22T02:00:00,neutral,False,baseline
review_0001935,order_0002952,3,2026-03-22T00:00:00,2026-03-24T05:00:00,neutral,False,baseline
review_0001936,order_0002954,3,2025-11-26T00:00:00,2025-11-27T07:00:00,neutral,False,baseline
review_0001937,order_0002956,5,2026-03-19T00:00:00,2026-03-20T00:00:00,positive,False,baseline
review_0001938,order_0002958,5,2025-02-27T00:00:00,2025-03-01T13:00:00,positive,False,baseline
review_0001939,order_0002959,3,2024-08-05T00:00:00,2024-08-06T23:00:00,neutral,False,baseline
review_0001940,order_0002962,4,2026-04-28T00:00:00,2026-04-29T05:00:00,positive,False,baseline
review_0001941,order_0002963,4,2026-09-14T00:00:00,2026-09-14T23:00:00,positive,False,baseline
review_0001942,order_0002965,5,2026-10-20T00:00:00,2026-10-21T19:00:00,positive,False,baseline
review_0001943,order_0002966,4,2025-09-02T00:00:00,2025-09-02T18:00:00,positive,False,baseline
review_0001944,order_0002968,4,2024-03-29T00:00:00,2024-03-29T09:00:00,positive,False,baseline
review_0001945,order_0002969,4,2024-04-05T00:00:00,2024-04-06T14:00:00,positive,False,baseline
review_0001946,order_0002970,4,2025-08-13T00:00:00,2025-08-15T02:00:00,positive,False,baseline
review_0001947,order_0002973,5,2025-05-28T00:00:00,2025-05-28T09:00:00,positive,False,baseline
review_0001948,order_0002974,4,2025-01-20T00:00:00,2025-01-21T12:00:00,positive,False,baseline
review_0001949,order_0002975,4,2026-01-01T00:00:00,2026-01-02T18:00:00,positive,False,baseline
review_0001950,order_0002976,4,2025-07-11T00:00:00,2025-07-13T11:00:00,positive,False,baseline
review_0001951,order_0002977,4,2024-12-21T00:00:00,2024-12-22T23:00:00,positive,False,baseline
review_0001952,order_0002978,4,2024-08-21T00:00:00,2024-08-21T12:00:00,positive,False,baseline
review_0001953,order_0002979,4,2026-06-29T00:00:00,2026-06-30T13:00:00,positive,False,baseline
review_0001954,order_0002981,4,2025-11-13T00:00:00,2025-11-15T19:00:00,positive,False,baseline
review_0001955,order_0002982,5,2026-12-09T00:00:00,2026-12-09T17:00:00,positive,False,baseline
review_0001956,order_0002985,5,2024-07-11T00:00:00,2024-07-12T20:00:00,positive,False,baseline
review_0001957,order_0002986,3,2024-12-15T00:00:00,2024-12-17T06:00:00,neutral,False,baseline
review_0001958,order_0002987,4,2026-04-11T00:00:00,2026-04-12T21:00:00,positive,False,baseline
review_0001959,order_0002988,3,2024-03-20T00:00:00,2024-03-20T19:00:00,neutral,False,baseline
review_0001960,order_0002989,4,2025-07-10T00:00:00,2025-07-12T07:00:00,positive,False,baseline
review_0001961,order_0002990,3,2025-03-29T00:00:00,2025-03-29T21:00:00,neutral,False,baseline
review_0001962,order_0002991,5,2025-01-31T00:00:00,2025-01-31T14:00:00,positive,False,baseline
review_0001963,order_0002993,5,2026-12-04T00:00:00,2026-12-05T07:00:00,positive,False,baseline
review_0001964,order_0002994,4,2026-06-03T00:00:00,2026-06-05T11:00:00,positive,False,baseline
review_0001965,order_0002995,4,2026-08-25T00:00:00,2026-08-25T15:00:00,positive,False,baseline
review_0001966,order_0002996,3,2025-09-28T00:00:00,2025-09-29T14:00:00,neutral,False,baseline
review_0001967,order_0002997,4,2024-04-25T00:00:00,2024-04-27T11:00:00,positive,False,baseline
review_0001968,order_0002999,5,2024-12-18T00:00:00,2024-12-19T00:00:00,positive,False,baseline
review_0001969,order_0003000,4,2025-11-06T00:00:00,2025-11-07T06:00:00,positive,False,baseline
review_0001970,order_0003001,2,2026-01-01T00:00:00,2026-01-02T10:00:00,negative,True,baseline
review_0001971,order_0003003,4,2024-12-19T00:00:00,2024-12-19T14:00:00,positive,False,baseline
review_0001972,order_0003004,3,2025-09-03T00:00:00,2025-09-04T06:00:00,neutral,False,baseline
review_0001973,order_0003005,4,2026-08-24T00:00:00,2026-08-25T20:00:00,positive,False,baseline
review_0001974,order_0003006,4,2025-12-31T00:00:00,2026-01-02T14:00:00,positive,False,baseline
review_0001975,order_0003007,5,2024-02-11T00:00:00,2024-02-11T11:00:00,positive,False,baseline
review_0001976,order_0003009,5,2026-01-28T00:00:00,2026-01-30T16:00:00,positive,False,baseline
review_0001977,order_0003010,4,2025-12-23T00:00:00,2025-12-24T22:00:00,positive,False,baseline
review_0001978,order_0003012,5,2024-09-22T00:00:00,2024-09-23T17:00:00,positive,False,baseline
review_0001979,order_0003013,3,2026-03-11T00:00:00,2026-03-12T07:00:00,neutral,False,baseline
review_0001980,order_0003014,4,2025-08-17T00:00:00,2025-08-18T12:00:00,positive,False,baseline
review_0001981,order_0003016,5,2024-02-06T00:00:00,2024-02-06T20:00:00,positive,False,baseline
review_0001982,order_0003017,3,2026-03-01T00:00:00,2026-03-02T03:00:00,neutral,False,baseline
review_0001983,order_0003018,4,2025-12-14T00:00:00,2025-12-16T07:00:00,positive,False,baseline
review_0001984,order_0003019,4,2025-07-19T00:00:00,2025-07-20T05:00:00,positive,False,baseline
review_0001985,order_0003020,5,2025-12-30T00:00:00,2026-01-01T04:00:00,positive,False,baseline
review_0001986,order_0003021,4,2024-07-12T00:00:00,2024-07-12T14:00:00,positive,False,baseline
review_0001987,order_0003022,5,2025-05-10T00:00:00,2025-05-12T09:00:00,positive,False,baseline
review_0001988,order_0003025,4,2026-11-12T00:00:00,2026-11-13T19:00:00,positive,False,baseline
review_0001989,order_0003026,3,2024-09-30T00:00:00,2024-10-02T13:00:00,neutral,False,baseline
review_0001990,order_0003027,5,2026-11-30T00:00:00,2026-12-01T09:00:00,positive,False,baseline
review_0001991,order_0003028,4,2024-06-18T00:00:00,2024-06-18T17:00:00,positive,False,baseline
review_0001992,order_0003029,4,2026-10-04T00:00:00,2026-10-05T13:00:00,positive,False,baseline
review_0001993,order_0003032,4,2024-03-15T00:00:00,2024-03-15T22:00:00,positive,False,baseline
review_0001994,order_0003033,3,2024-10-16T00:00:00,2024-10-18T10:00:00,neutral,False,baseline
review_0001995,order_0003034,3,2026-12-08T00:00:00,2026-12-09T10:00:00,neutral,False,baseline
review_0001996,order_0003035,4,2026-12-11T00:00:00,2026-12-12T08:00:00,positive,False,baseline
review_0001997,order_0003036,5,2024-01-24T00:00:00,2024-01-26T09:00:00,positive,False,baseline
review_0001998,order_0003037,4,2024-03-01T00:00:00,2024-03-01T10:00:00,positive,False,baseline
review_0001999,order_0003038,4,2024-11-09T00:00:00,2024-11-11T05:00:00,positive,False,baseline
review_0002000,order_0003040,3,2024-06-05T00:00:00,2024-06-07T00:00:00,neutral,False,baseline
review_0002001,order_0003041,4,2026-12-13T00:00:00,2026-12-14T18:00:00,positive,False,baseline
review_0002002,order_0003042,4,2024-07-14T00:00:00,2024-07-15T21:00:00,positive,False,baseline
review_0002003,order_0003044,4,2026-03-08T00:00:00,2026-03-10T01:00:00,positive,False,baseline
review_0002004,order_0003046,4,2026-11-29T00:00:00,2026-12-01T17:00:00,positive,False,baseline
review_0002005,order_0003048,4,2025-01-24T00:00:00,2025-01-26T01:00:00,positive,False,baseline
review_0002006,order_0003049,5,2024-04-28T00:00:00,2024-04-29T05:00:00,positive,False,baseline
review_0002007,order_0003050,3,2026-02-03T00:00:00,2026-02-04T13:00:00,neutral,False,baseline
review_0002008,order_0003051,5,2024-09-19T00:00:00,2024-09-21T17:00:00,positive,False,baseline
review_0002009,order_0003052,5,2025-12-22T00:00:00,2025-12-22T10:00:00,positive,False,baseline
review_0002010,order_0003053,5,2024-03-01T00:00:00,2024-03-03T05:00:00,positive,False,baseline
review_0002011,order_0003054,5,2026-02-01T00:00:00,2026-02-03T15:00:00,positive,False,baseline
review_0002012,order_0003055,5,2025-02-28T00:00:00,2025-03-02T18:00:00,positive,False,baseline
review_0002013,order_0003056,3,2026-09-11T00:00:00,2026-09-13T10:00:00,neutral,False,baseline
review_0002014,order_0003057,3,2026-11-15T00:00:00,2026-11-16T10:00:00,neutral,False,baseline
review_0002015,order_0003060,5,2026-10-17T00:00:00,2026-10-18T01:00:00,positive,False,baseline
review_0002016,order_0003061,2,2024-04-14T00:00:00,2024-04-14T22:00:00,negative,True,baseline
review_0002017,order_0003062,4,2025-02-25T00:00:00,2025-02-26T04:00:00,positive,False,baseline
review_0002018,order_0003064,3,2024-06-26T00:00:00,2024-06-26T21:00:00,neutral,False,baseline
review_0002019,order_0003065,4,2024-09-27T00:00:00,2024-09-30T00:00:00,positive,False,baseline
review_0002020,order_0003066,5,2026-12-09T00:00:00,2026-12-09T20:00:00,positive,False,baseline
review_0002021,order_0003068,3,2026-01-20T00:00:00,2026-01-21T03:00:00,neutral,False,baseline
review_0002022,order_0003070,4,2024-11-23T00:00:00,2024-11-24T04:00:00,positive,False,baseline
review_0002023,order_0003071,2,2026-04-20T00:00:00,2026-04-22T22:00:00,negative,True,baseline
review_0002024,order_0003072,3,2024-12-28T00:00:00,2024-12-29T00:00:00,neutral,False,baseline
review_0002025,order_0003075,5,2025-01-04T00:00:00,2025-01-04T09:00:00,positive,False,baseline
review_0002026,order_0003076,5,2025-04-08T00:00:00,2025-04-10T01:00:00,positive,False,baseline
review_0002027,order_0003077,3,2024-08-25T00:00:00,2024-08-25T12:00:00,neutral,False,baseline
review_0002028,order_0003078,3,2026-02-14T00:00:00,2026-02-16T12:00:00,neutral,False,baseline
review_0002029,order_0003080,5,2024-09-26T00:00:00,2024-09-27T13:00:00,positive,False,baseline
review_0002030,order_0003081,2,2026-10-29T00:00:00,2026-10-29T15:00:00,negative,True,baseline
review_0002031,order_0003082,4,2024-02-10T00:00:00,2024-02-12T10:00:00,positive,False,baseline
review_0002032,order_0003083,4,2026-11-05T00:00:00,2026-11-05T11:00:00,positive,False,baseline
review_0002033,order_0003084,4,2025-06-25T00:00:00,2025-06-26T07:00:00,positive,False,baseline
review_0002034,order_0003085,4,2026-01-09T00:00:00,2026-01-09T20:00:00,positive,False,baseline
review_0002035,order_0003086,3,2024-11-04T00:00:00,2024-11-05T13:00:00,neutral,False,baseline
review_0002036,order_0003087,5,2025-02-10T00:00:00,2025-02-11T11:00:00,positive,False,baseline
review_0002037,order_0003088,3,2025-04-17T00:00:00,2025-04-18T10:00:00,neutral,False,baseline
review_0002038,order_0003090,5,2024-05-18T00:00:00,2024-05-20T21:00:00,positive,False,baseline
review_0002039,order_0003091,5,2026-10-07T00:00:00,2026-10-09T00:00:00,positive,False,baseline
review_0002040,order_0003094,2,2024-12-23T00:00:00,2024-12-24T18:00:00,negative,True,baseline
review_0002041,order_0003097,4,2025-12-05T00:00:00,2025-12-05T20:00:00,positive,False,baseline
review_0002042,order_0003098,5,2026-04-23T00:00:00,2026-04-24T05:00:00,positive,False,baseline
review_0002043,order_0003099,4,2024-12-29T00:00:00,2024-12-31T19:00:00,positive,False,baseline
review_0002044,order_0003101,4,2025-01-24T00:00:00,2025-01-26T13:00:00,positive,False,baseline
review_0002045,order_0003102,5,2025-11-03T00:00:00,2025-11-05T19:00:00,positive,False,baseline
review_0002046,order_0003104,4,2025-12-11T00:00:00,2025-12-13T06:00:00,positive,False,baseline
review_0002047,order_0003106,2,2026-06-29T00:00:00,2026-07-01T20:00:00,negative,True,baseline
review_0002048,order_0003107,5,2026-10-21T00:00:00,2026-10-22T03:00:00,positive,False,baseline
review_0002049,order_0003109,5,2024-05-14T00:00:00,2024-05-15T11:00:00,positive,False,baseline
review_0002050,order_0003112,4,2024-09-19T00:00:00,2024-09-21T06:00:00,positive,False,baseline
review_0002051,order_0003114,3,2025-01-06T00:00:00,2025-01-07T09:00:00,neutral,False,baseline
review_0002052,order_0003115,4,2024-10-04T00:00:00,2024-10-06T08:00:00,positive,False,baseline
review_0002053,order_0003117,4,2025-08-05T00:00:00,2025-08-07T01:00:00,positive,False,baseline
review_0002054,order_0003119,4,2025-02-24T00:00:00,2025-02-26T23:00:00,positive,False,baseline
review_0002055,order_0003120,4,2026-02-09T00:00:00,2026-02-10T14:00:00,positive,False,baseline
review_0002056,order_0003121,4,2024-03-07T00:00:00,2024-03-08T14:00:00,positive,False,baseline
review_0002057,order_0003122,5,2025-08-06T00:00:00,2025-08-07T23:00:00,positive,False,baseline
review_0002058,order_0003123,4,2024-08-28T00:00:00,2024-08-29T06:00:00,positive,False,baseline
review_0002059,order_0003124,4,2025-04-03T00:00:00,2025-04-05T10:00:00,positive,False,baseline
review_0002060,order_0003126,4,2024-09-30T00:00:00,2024-10-02T10:00:00,positive,False,baseline
review_0002061,order_0003127,4,2026-06-09T00:00:00,2026-06-11T02:00:00,positive,False,baseline
review_0002062,order_0003131,3,2025-10-31T00:00:00,2025-11-01T18:00:00,neutral,False,baseline
review_0002063,order_0003134,4,2026-04-22T00:00:00,2026-04-22T10:00:00,positive,False,baseline
review_0002064,order_0003136,4,2024-11-09T00:00:00,2024-11-09T23:00:00,positive,False,baseline
review_0002065,order_0003140,5,2024-09-05T00:00:00,2024-09-07T20:00:00,positive,False,baseline
review_0002066,order_0003141,4,2024-01-19T00:00:00,2024-01-21T16:00:00,positive,False,baseline
review_0002067,order_0003142,5,2024-04-16T00:00:00,2024-04-18T01:00:00,positive,False,baseline
review_0002068,order_0003144,4,2025-03-27T00:00:00,2025-03-27T22:00:00,positive,False,baseline
review_0002069,order_0003145,4,2024-11-22T00:00:00,2024-11-23T23:00:00,positive,False,baseline
review_0002070,order_0003147,3,2024-05-04T00:00:00,2024-05-04T10:00:00,neutral,False,baseline
review_0002071,order_0003148,4,2024-05-03T00:00:00,2024-05-04T02:00:00,positive,False,baseline
review_0002072,order_0003149,3,2025-07-25T00:00:00,2025-07-27T22:00:00,neutral,False,baseline
review_0002073,order_0003150,4,2025-09-10T00:00:00,2025-09-10T13:00:00,positive,False,baseline
review_0002074,order_0003151,4,2026-12-25T00:00:00,2026-12-25T09:00:00,positive,False,baseline
review_0002075,order_0003152,5,2024-10-24T00:00:00,2024-10-26T16:00:00,positive,False,baseline
review_0002076,order_0003154,4,2025-04-06T00:00:00,2025-04-07T19:00:00,positive,False,baseline
review_0002077,order_0003155,4,2025-11-08T00:00:00,2025-11-08T12:00:00,positive,False,baseline
review_0002078,order_0003156,4,2024-09-01T00:00:00,2024-09-01T23:00:00,positive,False,baseline
review_0002079,order_0003157,4,2024-07-31T00:00:00,2024-07-31T21:00:00,positive,False,baseline
review_0002080,order_0003158,4,2025-11-08T00:00:00,2025-11-08T18:00:00,positive,False,baseline
review_0002081,order_0003161,3,2024-12-13T00:00:00,2024-12-14T06:00:00,neutral,False,baseline
review_0002082,order_0003162,3,2026-09-06T00:00:00,2026-09-08T20:00:00,neutral,False,baseline
review_0002083,order_0003163,4,2025-12-25T00:00:00,2025-12-25T14:00:00,positive,False,baseline
review_0002084,order_0003165,4,2025-09-12T00:00:00,2025-09-13T00:00:00,positive,False,baseline
review_0002085,order_0003167,5,2026-05-21T00:00:00,2026-05-22T02:00:00,positive,False,baseline
review_0002086,order_0003169,4,2024-02-16T00:00:00,2024-02-17T09:00:00,positive,False,baseline
review_0002087,order_0003170,3,2025-01-23T00:00:00,2025-01-24T04:00:00,neutral,False,baseline
review_0002088,order_0003173,4,2024-07-13T00:00:00,2024-07-13T08:00:00,positive,False,baseline
review_0002089,order_0003175,3,2024-05-20T00:00:00,2024-05-22T14:00:00,neutral,False,baseline
review_0002090,order_0003182,4,2025-09-22T00:00:00,2025-09-23T02:00:00,positive,False,baseline
review_0002091,order_0003184,4,2024-11-08T00:00:00,2024-11-10T16:00:00,positive,False,baseline
review_0002092,order_0003185,5,2025-05-27T00:00:00,2025-05-27T14:00:00,positive,False,baseline
review_0002093,order_0003186,5,2026-07-29T00:00:00,2026-07-29T21:00:00,positive,False,baseline
review_0002094,order_0003188,5,2025-09-16T00:00:00,2025-09-18T02:00:00,positive,False,baseline
review_0002095,order_0003189,3,2025-12-27T00:00:00,2025-12-28T03:00:00,neutral,False,baseline
review_0002096,order_0003190,3,2025-09-22T00:00:00,2025-09-23T15:00:00,neutral,False,baseline
review_0002097,order_0003192,3,2024-08-30T00:00:00,2024-09-01T04:00:00,neutral,False,baseline
review_0002098,order_0003193,4,2026-04-05T00:00:00,2026-04-06T09:00:00,positive,False,baseline
review_0002099,order_0003194,5,2026-03-30T00:00:00,2026-04-01T03:00:00,positive,False,baseline
review_0002100,order_0003196,3,2024-10-10T00:00:00,2024-10-12T00:00:00,neutral,False,baseline
review_0002101,order_0003198,3,2026-11-08T00:00:00,2026-11-09T22:00:00,neutral,False,baseline
review_0002102,order_0003200,4,2024-07-17T00:00:00,2024-07-18T23:00:00,positive,False,baseline
review_0002103,order_0003201,4,2026-01-18T00:00:00,2026-01-20T01:00:00,positive,False,baseline
review_0002104,order_0003202,5,2024-11-12T00:00:00,2024-11-14T11:00:00,positive,False,baseline
review_0002105,order_0003203,5,2026-07-23T00:00:00,2026-07-24T09:00:00,positive,False,baseline
review_0002106,order_0003204,5,2024-08-18T00:00:00,2024-08-19T02:00:00,positive,False,baseline
review_0002107,order_0003205,3,2026-12-12T00:00:00,2026-12-13T00:00:00,neutral,False,baseline
review_0002108,order_0003208,3,2026-09-06T00:00:00,2026-09-07T23:00:00,neutral,False,baseline
review_0002109,order_0003210,3,2024-05-10T00:00:00,2024-05-12T20:00:00,neutral,False,baseline
review_0002110,order_0003211,5,2024-06-05T00:00:00,2024-06-05T21:00:00,positive,False,baseline
review_0002111,order_0003213,3,2025-02-06T00:00:00,2025-02-07T23:00:00,neutral,False,baseline
review_0002112,order_0003216,4,2026-11-12T00:00:00,2026-11-12T16:00:00,positive,False,baseline
review_0002113,order_0003217,3,2025-02-26T00:00:00,2025-02-28T19:00:00,neutral,False,baseline
review_0002114,order_0003218,4,2024-08-30T00:00:00,2024-08-30T21:00:00,positive,False,baseline
review_0002115,order_0003219,3,2026-11-18T00:00:00,2026-11-20T08:00:00,neutral,False,baseline
review_0002116,order_0003220,2,2025-12-02T00:00:00,2025-12-02T20:00:00,negative,True,baseline
review_0002117,order_0003222,4,2024-12-07T00:00:00,2024-12-08T18:00:00,positive,False,baseline
review_0002118,order_0003223,5,2024-03-20T00:00:00,2024-03-22T22:00:00,positive,False,baseline
review_0002119,order_0003224,5,2024-07-03T00:00:00,2024-07-05T13:00:00,positive,False,baseline
review_0002120,order_0003225,4,2026-01-27T00:00:00,2026-01-27T12:00:00,positive,False,baseline
review_0002121,order_0003227,1,2024-06-27T00:00:00,2024-06-27T22:00:00,negative,True,baseline
review_0002122,order_0003229,5,2024-09-01T00:00:00,2024-09-01T17:00:00,positive,False,baseline
review_0002123,order_0003233,2,2025-09-19T00:00:00,2025-09-19T08:00:00,negative,True,baseline
review_0002124,order_0003234,4,2026-08-01T00:00:00,2026-08-01T23:00:00,positive,False,baseline
review_0002125,order_0003236,3,2024-06-06T00:00:00,2024-06-07T06:00:00,neutral,False,baseline
review_0002126,order_0003237,5,2026-09-17T00:00:00,2026-09-17T16:00:00,positive,False,baseline
review_0002127,order_0003242,4,2025-08-23T00:00:00,2025-08-24T21:00:00,positive,False,baseline
review_0002128,order_0003243,3,2024-01-20T00:00:00,2024-01-22T07:00:00,neutral,False,baseline
review_0002129,order_0003244,4,2026-07-21T00:00:00,2026-07-23T01:00:00,positive,False,baseline
review_0002130,order_0003248,4,2025-09-24T00:00:00,2025-09-24T10:00:00,positive,False,baseline
review_0002131,order_0003249,4,2025-04-01T00:00:00,2025-04-03T06:00:00,positive,False,baseline
review_0002132,order_0003250,4,2026-10-11T00:00:00,2026-10-11T15:00:00,positive,False,baseline
review_0002133,order_0003251,4,2024-07-19T00:00:00,2024-07-20T08:00:00,positive,False,baseline
review_0002134,order_0003253,4,2026-09-13T00:00:00,2026-09-14T07:00:00,positive,False,baseline
review_0002135,order_0003254,4,2026-10-31T00:00:00,2026-11-02T16:00:00,positive,False,baseline
review_0002136,order_0003256,4,2024-10-24T00:00:00,2024-10-24T17:00:00,positive,False,baseline
review_0002137,order_0003257,4,2024-11-06T00:00:00,2024-11-08T02:00:00,positive,False,baseline
review_0002138,order_0003260,4,2024-12-16T00:00:00,2024-12-16T14:00:00,positive,False,baseline
review_0002139,order_0003264,5,2026-02-28T00:00:00,2026-03-02T09:00:00,positive,False,baseline
review_0002140,order_0003265,5,2025-12-16T00:00:00,2025-12-17T19:00:00,positive,False,baseline
review_0002141,order_0003266,4,2024-02-23T00:00:00,2024-02-24T16:00:00,positive,False,baseline
review_0002142,order_0003267,4,2024-04-07T00:00:00,2024-04-07T23:00:00,positive,False,baseline
review_0002143,order_0003268,4,2025-02-01T00:00:00,2025-02-01T19:00:00,positive,False,baseline
review_0002144,order_0003269,5,2024-12-20T00:00:00,2024-12-22T19:00:00,positive,False,baseline
review_0002145,order_0003270,5,2026-03-20T00:00:00,2026-03-21T13:00:00,positive,False,baseline
review_0002146,order_0003271,5,2025-02-01T00:00:00,2025-02-02T11:00:00,positive,False,baseline
review_0002147,order_0003273,4,2026-06-24T00:00:00,2026-06-25T14:00:00,positive,False,baseline
review_0002148,order_0003275,4,2025-03-08T00:00:00,2025-03-08T11:00:00,positive,False,baseline
review_0002149,order_0003277,3,2024-11-22T00:00:00,2024-11-24T02:00:00,neutral,False,baseline
review_0002150,order_0003280,5,2026-03-21T00:00:00,2026-03-23T02:00:00,positive,False,baseline
review_0002151,order_0003282,3,2026-07-17T00:00:00,2026-07-19T01:00:00,neutral,False,baseline
review_0002152,order_0003284,4,2026-12-15T00:00:00,2026-12-15T22:00:00,positive,False,baseline
review_0002153,order_0003287,4,2024-03-04T00:00:00,2024-03-05T13:00:00,positive,False,baseline
review_0002154,order_0003290,4,2024-07-19T00:00:00,2024-07-19T15:00:00,positive,False,baseline
review_0002155,order_0003291,3,2026-02-18T00:00:00,2026-02-20T14:00:00,neutral,False,baseline
review_0002156,order_0003292,5,2025-09-22T00:00:00,2025-09-22T09:00:00,positive,False,baseline
review_0002157,order_0003294,4,2024-10-15T00:00:00,2024-10-17T18:00:00,positive,False,baseline
review_0002158,order_0003295,5,2025-04-09T00:00:00,2025-04-11T20:00:00,positive,False,baseline
review_0002159,order_0003296,5,2024-11-20T00:00:00,2024-11-22T21:00:00,positive,False,baseline
review_0002160,order_0003297,4,2026-03-04T00:00:00,2026-03-04T08:00:00,positive,False,baseline
review_0002161,order_0003298,4,2026-10-06T00:00:00,2026-10-08T16:00:00,positive,False,baseline
review_0002162,order_0003299,4,2026-09-23T00:00:00,2026-09-26T00:00:00,positive,False,baseline
review_0002163,order_0003301,4,2026-12-29T00:00:00,2026-12-31T22:00:00,positive,False,baseline
review_0002164,order_0003304,3,2024-04-19T00:00:00,2024-04-20T10:00:00,neutral,False,baseline
review_0002165,order_0003306,5,2025-04-13T00:00:00,2025-04-14T08:00:00,positive,False,baseline
review_0002166,order_0003308,5,2026-12-03T00:00:00,2026-12-04T19:00:00,positive,False,baseline
review_0002167,order_0003311,4,2026-08-08T00:00:00,2026-08-09T11:00:00,positive,False,baseline
review_0002168,order_0003312,4,2024-02-24T00:00:00,2024-02-27T00:00:00,positive,False,baseline
review_0002169,order_0003315,5,2024-03-02T00:00:00,2024-03-03T15:00:00,positive,False,baseline
review_0002170,order_0003316,4,2024-12-05T00:00:00,2024-12-07T03:00:00,positive,False,baseline
review_0002171,order_0003317,5,2024-06-13T00:00:00,2024-06-15T22:00:00,positive,False,baseline
review_0002172,order_0003321,4,2026-03-18T00:00:00,2026-03-20T23:00:00,positive,False,baseline
review_0002173,order_0003322,4,2024-01-24T00:00:00,2024-01-26T09:00:00,positive,False,baseline
review_0002174,order_0003326,3,2026-02-18T00:00:00,2026-02-20T00:00:00,neutral,False,baseline
review_0002175,order_0003330,4,2024-07-13T00:00:00,2024-07-15T07:00:00,positive,False,baseline
review_0002176,order_0003331,5,2026-07-22T00:00:00,2026-07-22T15:00:00,positive,False,baseline
review_0002177,order_0003332,5,2024-02-25T00:00:00,2024-02-27T16:00:00,positive,False,baseline
review_0002178,order_0003333,5,2025-08-02T00:00:00,2025-08-02T19:00:00,positive,False,baseline
review_0002179,order_0003334,4,2025-06-13T00:00:00,2025-06-14T17:00:00,positive,False,baseline
review_0002180,order_0003337,5,2025-09-20T00:00:00,2025-09-21T02:00:00,positive,False,baseline
review_0002181,order_0003338,4,2026-12-20T00:00:00,2026-12-21T17:00:00,positive,False,baseline
review_0002182,order_0003339,4,2026-06-01T00:00:00,2026-06-01T12:00:00,positive,False,baseline
review_0002183,order_0003340,4,2025-09-21T00:00:00,2025-09-22T20:00:00,positive,False,baseline
review_0002184,order_0003342,5,2026-05-04T00:00:00,2026-05-05T09:00:00,positive,False,baseline
review_0002185,order_0003343,5,2024-08-12T00:00:00,2024-08-14T11:00:00,positive,False,baseline
review_0002186,order_0003344,4,2026-08-03T00:00:00,2026-08-04T19:00:00,positive,False,baseline
review_0002187,order_0003345,5,2026-06-23T00:00:00,2026-06-25T22:00:00,positive,False,baseline
review_0002188,order_0003346,4,2025-12-13T00:00:00,2025-12-13T11:00:00,positive,False,baseline
review_0002189,order_0003347,5,2026-10-19T00:00:00,2026-10-21T21:00:00,positive,False,baseline
review_0002190,order_0003348,4,2026-03-25T00:00:00,2026-03-27T15:00:00,positive,False,baseline
review_0002191,order_0003349,5,2026-01-05T00:00:00,2026-01-05T12:00:00,positive,False,baseline
review_0002192,order_0003350,4,2026-12-06T00:00:00,2026-12-08T14:00:00,positive,False,baseline
review_0002193,order_0003351,4,2026-01-08T00:00:00,2026-01-10T06:00:00,positive,False,baseline
review_0002194,order_0003355,3,2026-11-02T00:00:00,2026-11-04T23:00:00,neutral,False,baseline
review_0002195,order_0003356,4,2025-09-13T00:00:00,2025-09-14T13:00:00,positive,False,baseline
review_0002196,order_0003359,4,2024-07-28T00:00:00,2024-07-29T21:00:00,positive,False,baseline
review_0002197,order_0003360,4,2026-07-25T00:00:00,2026-07-26T03:00:00,positive,False,baseline
review_0002198,order_0003361,4,2024-09-01T00:00:00,2024-09-03T21:00:00,positive,False,baseline
review_0002199,order_0003362,4,2024-02-04T00:00:00,2024-02-04T12:00:00,positive,False,baseline
review_0002200,order_0003363,4,2026-01-07T00:00:00,2026-01-09T12:00:00,positive,False,baseline
review_0002201,order_0003365,5,2024-11-13T00:00:00,2024-11-15T23:00:00,positive,False,baseline
review_0002202,order_0003367,5,2025-07-25T00:00:00,2025-07-26T11:00:00,positive,False,baseline
review_0002203,order_0003368,2,2026-05-02T00:00:00,2026-05-02T10:00:00,negative,True,baseline
review_0002204,order_0003369,4,2025-04-06T00:00:00,2025-04-06T15:00:00,positive,False,baseline
review_0002205,order_0003370,5,2026-12-09T00:00:00,2026-12-10T04:00:00,positive,False,baseline
review_0002206,order_0003371,5,2026-05-13T00:00:00,2026-05-14T08:00:00,positive,False,baseline
review_0002207,order_0003372,2,2025-10-24T00:00:00,2025-10-25T08:00:00,negative,True,baseline
review_0002208,order_0003373,5,2025-06-18T00:00:00,2025-06-18T14:00:00,positive,False,baseline
review_0002209,order_0003374,4,2025-08-22T00:00:00,2025-08-23T22:00:00,positive,False,baseline
review_0002210,order_0003376,3,2025-08-12T00:00:00,2025-08-12T17:00:00,neutral,False,baseline
review_0002211,order_0003378,5,2025-11-19T00:00:00,2025-11-21T17:00:00,positive,False,baseline
review_0002212,order_0003379,5,2026-06-26T00:00:00,2026-06-27T14:00:00,positive,False,baseline
review_0002213,order_0003380,4,2026-11-19T00:00:00,2026-11-19T09:00:00,positive,False,baseline
review_0002214,order_0003381,5,2024-12-13T00:00:00,2024-12-14T08:00:00,positive,False,baseline
review_0002215,order_0003382,4,2025-12-20T00:00:00,2025-12-20T09:00:00,positive,False,baseline
review_0002216,order_0003383,3,2025-09-09T00:00:00,2025-09-09T16:00:00,neutral,False,baseline
review_0002217,order_0003384,4,2025-02-10T00:00:00,2025-02-12T02:00:00,positive,False,baseline
review_0002218,order_0003386,5,2026-03-17T00:00:00,2026-03-18T10:00:00,positive,False,baseline
review_0002219,order_0003388,4,2024-05-06T00:00:00,2024-05-06T19:00:00,positive,False,baseline
review_0002220,order_0003389,4,2026-01-29T00:00:00,2026-01-31T11:00:00,positive,False,baseline
review_0002221,order_0003391,5,2025-09-28T00:00:00,2025-09-30T22:00:00,positive,False,baseline
review_0002222,order_0003392,5,2026-11-11T00:00:00,2026-11-12T00:00:00,positive,False,baseline
review_0002223,order_0003393,5,2025-10-18T00:00:00,2025-10-19T05:00:00,positive,False,baseline
review_0002224,order_0003394,4,2025-03-25T00:00:00,2025-03-26T18:00:00,positive,False,baseline
review_0002225,order_0003395,4,2025-10-14T00:00:00,2025-10-15T10:00:00,positive,False,baseline
review_0002226,order_0003397,4,2026-05-30T00:00:00,2026-05-30T10:00:00,positive,False,baseline
review_0002227,order_0003398,3,2024-07-14T00:00:00,2024-07-14T17:00:00,neutral,False,baseline
review_0002228,order_0003402,2,2024-11-15T00:00:00,2024-11-17T16:00:00,negative,True,baseline
review_0002229,order_0003404,5,2024-06-04T00:00:00,2024-06-04T09:00:00,positive,False,baseline
review_0002230,order_0003405,4,2025-10-18T00:00:00,2025-10-19T07:00:00,positive,False,baseline
review_0002231,order_0003406,4,2026-11-18T00:00:00,2026-11-19T22:00:00,positive,False,baseline
review_0002232,order_0003407,5,2026-03-31T00:00:00,2026-03-31T16:00:00,positive,False,baseline
review_0002233,order_0003408,5,2025-08-02T00:00:00,2025-08-04T07:00:00,positive,False,baseline
review_0002234,order_0003409,3,2026-12-12T00:00:00,2026-12-12T16:00:00,neutral,False,baseline
review_0002235,order_0003410,4,2026-09-15T00:00:00,2026-09-15T16:00:00,positive,False,baseline
review_0002236,order_0003413,5,2025-06-27T00:00:00,2025-06-29T00:00:00,positive,False,baseline
review_0002237,order_0003415,4,2024-12-22T00:00:00,2024-12-22T18:00:00,positive,False,baseline
review_0002238,order_0003416,3,2026-09-13T00:00:00,2026-09-13T15:00:00,neutral,False,baseline
review_0002239,order_0003417,4,2025-03-20T00:00:00,2025-03-22T21:00:00,positive,False,baseline
review_0002240,order_0003419,5,2025-04-10T00:00:00,2025-04-12T10:00:00,positive,False,baseline
review_0002241,order_0003420,4,2025-07-13T00:00:00,2025-07-13T10:00:00,positive,False,baseline
review_0002242,order_0003421,5,2024-02-19T00:00:00,2024-02-21T17:00:00,positive,False,baseline
review_0002243,order_0003422,3,2024-03-15T00:00:00,2024-03-16T07:00:00,neutral,False,baseline
review_0002244,order_0003423,4,2024-05-30T00:00:00,2024-06-01T18:00:00,positive,False,baseline
review_0002245,order_0003427,4,2026-04-26T00:00:00,2026-04-26T08:00:00,positive,False,baseline
review_0002246,order_0003430,4,2024-02-13T00:00:00,2024-02-13T13:00:00,positive,False,baseline
review_0002247,order_0003432,3,2025-08-19T00:00:00,2025-08-19T14:00:00,neutral,False,baseline
review_0002248,order_0003433,4,2025-11-03T00:00:00,2025-11-04T11:00:00,positive,False,baseline
review_0002249,order_0003434,4,2024-01-27T00:00:00,2024-01-29T21:00:00,positive,False,baseline
review_0002250,order_0003436,5,2025-08-06T00:00:00,2025-08-08T06:00:00,positive,False,baseline
review_0002251,order_0003438,3,2025-12-02T00:00:00,2025-12-04T15:00:00,neutral,False,baseline
review_0002252,order_0003442,3,2024-10-22T00:00:00,2024-10-23T14:00:00,neutral,False,baseline
review_0002253,order_0003443,4,2024-11-17T00:00:00,2024-11-18T11:00:00,positive,False,baseline
review_0002254,order_0003446,4,2026-11-30T00:00:00,2026-12-02T21:00:00,positive,False,baseline
review_0002255,order_0003447,4,2025-04-03T00:00:00,2025-04-05T09:00:00,positive,False,baseline
review_0002256,order_0003448,3,2025-01-14T00:00:00,2025-01-14T22:00:00,neutral,False,baseline
review_0002257,order_0003449,5,2026-08-03T00:00:00,2026-08-05T11:00:00,positive,False,baseline
review_0002258,order_0003450,5,2026-11-24T00:00:00,2026-11-26T03:00:00,positive,False,baseline
review_0002259,order_0003451,3,2024-07-25T00:00:00,2024-07-26T04:00:00,neutral,False,baseline
review_0002260,order_0003455,3,2025-12-05T00:00:00,2025-12-07T08:00:00,neutral,False,baseline
review_0002261,order_0003456,5,2025-02-28T00:00:00,2025-02-28T22:00:00,positive,False,baseline
review_0002262,order_0003458,4,2026-07-19T00:00:00,2026-07-21T21:00:00,positive,False,baseline
review_0002263,order_0003460,4,2026-02-03T00:00:00,2026-02-03T19:00:00,positive,False,baseline
review_0002264,order_0003461,4,2025-09-06T00:00:00,2025-09-07T14:00:00,positive,False,baseline
review_0002265,order_0003465,4,2024-03-10T00:00:00,2024-03-11T14:00:00,positive,False,baseline
review_0002266,order_0003466,4,2026-04-14T00:00:00,2026-04-16T06:00:00,positive,False,baseline
review_0002267,order_0003467,5,2026-12-24T00:00:00,2026-12-25T16:00:00,positive,False,baseline
review_0002268,order_0003468,3,2025-09-10T00:00:00,2025-09-12T13:00:00,neutral,False,baseline
review_0002269,order_0003471,4,2024-08-20T00:00:00,2024-08-20T15:00:00,positive,False,baseline
review_0002270,order_0003472,4,2024-03-25T00:00:00,2024-03-27T19:00:00,positive,False,baseline
review_0002271,order_0003474,4,2026-12-27T00:00:00,2026-12-29T22:00:00,positive,False,baseline
review_0002272,order_0003475,4,2024-10-25T00:00:00,2024-10-27T08:00:00,positive,False,baseline
review_0002273,order_0003476,2,2024-02-14T00:00:00,2024-02-14T10:00:00,negative,True,baseline
review_0002274,order_0003478,4,2026-12-09T00:00:00,2026-12-10T12:00:00,positive,False,baseline
review_0002275,order_0003480,4,2025-06-04T00:00:00,2025-06-05T09:00:00,positive,False,baseline
review_0002276,order_0003482,5,2025-08-27T00:00:00,2025-08-28T09:00:00,positive,False,baseline
review_0002277,order_0003483,5,2024-08-24T00:00:00,2024-08-26T09:00:00,positive,False,baseline
review_0002278,order_0003486,4,2026-05-21T00:00:00,2026-05-22T23:00:00,positive,False,baseline
review_0002279,order_0003488,5,2024-04-30T00:00:00,2024-05-02T23:00:00,positive,False,baseline
review_0002280,order_0003491,5,2025-11-11T00:00:00,2025-11-13T14:00:00,positive,False,baseline
review_0002281,order_0003492,4,2024-03-03T00:00:00,2024-03-04T12:00:00,positive,False,baseline
review_0002282,order_0003494,3,2024-09-22T00:00:00,2024-09-24T12:00:00,neutral,False,baseline
review_0002283,order_0003496,5,2025-06-29T00:00:00,2025-06-29T23:00:00,positive,False,baseline
review_0002284,order_0003498,4,2024-11-22T00:00:00,2024-11-22T15:00:00,positive,False,baseline
review_0002285,order_0003499,5,2024-04-06T00:00:00,2024-04-08T05:00:00,positive,False,baseline
review_0002286,order_0003501,4,2025-03-14T00:00:00,2025-03-14T21:00:00,positive,False,baseline
review_0002287,order_0003502,3,2026-02-07T00:00:00,2026-02-09T13:00:00,neutral,False,baseline
review_0002288,order_0003503,4,2025-08-20T00:00:00,2025-08-22T16:00:00,positive,False,baseline
review_0002289,order_0003507,4,2026-05-17T00:00:00,2026-05-18T12:00:00,positive,False,baseline
review_0002290,order_0003508,4,2024-06-14T00:00:00,2024-06-15T14:00:00,positive,False,baseline
review_0002291,order_0003509,4,2024-05-16T00:00:00,2024-05-17T19:00:00,positive,False,baseline
review_0002292,order_0003510,5,2025-06-16T00:00:00,2025-06-18T08:00:00,positive,False,baseline
review_0002293,order_0003512,2,2026-10-25T00:00:00,2026-10-26T04:00:00,negative,True,baseline
review_0002294,order_0003515,3,2026-04-28T00:00:00,2026-04-30T19:00:00,neutral,False,baseline
review_0002295,order_0003516,4,2025-10-31T00:00:00,2025-11-02T06:00:00,positive,False,baseline
review_0002296,order_0003517,4,2026-03-09T00:00:00,2026-03-09T13:00:00,positive,False,baseline
review_0002297,order_0003518,5,2024-09-16T00:00:00,2024-09-17T15:00:00,positive,False,baseline
review_0002298,order_0003519,5,2025-02-16T00:00:00,2025-02-17T15:00:00,positive,False,baseline
review_0002299,order_0003520,5,2026-11-23T00:00:00,2026-11-24T06:00:00,positive,False,baseline
review_0002300,order_0003521,3,2024-04-08T00:00:00,2024-04-11T00:00:00,neutral,False,baseline
review_0002301,order_0003522,4,2025-02-15T00:00:00,2025-02-16T04:00:00,positive,False,baseline
review_0002302,order_0003524,3,2024-09-25T00:00:00,2024-09-26T18:00:00,neutral,False,baseline
review_0002303,order_0003526,5,2024-10-29T00:00:00,2024-10-30T05:00:00,positive,False,baseline
review_0002304,order_0003527,5,2024-11-04T00:00:00,2024-11-06T14:00:00,positive,False,baseline
review_0002305,order_0003532,4,2025-10-17T00:00:00,2025-10-18T17:00:00,positive,False,baseline
review_0002306,order_0003534,4,2026-09-16T00:00:00,2026-09-17T06:00:00,positive,False,baseline
review_0002307,order_0003535,4,2026-11-15T00:00:00,2026-11-15T09:00:00,positive,False,baseline
review_0002308,order_0003536,5,2025-05-29T00:00:00,2025-05-31T16:00:00,positive,False,baseline
review_0002309,order_0003537,5,2025-03-28T00:00:00,2025-03-30T06:00:00,positive,False,baseline
review_0002310,order_0003538,4,2026-06-13T00:00:00,2026-06-14T16:00:00,positive,False,baseline
review_0002311,order_0003540,5,2024-12-05T00:00:00,2024-12-05T16:00:00,positive,False,baseline
review_0002312,order_0003541,3,2024-04-29T00:00:00,2024-05-01T18:00:00,neutral,False,baseline
review_0002313,order_0003542,2,2024-12-09T00:00:00,2024-12-11T21:00:00,negative,True,baseline
review_0002314,order_0003543,4,2026-12-29T00:00:00,2026-12-30T07:00:00,positive,False,baseline
review_0002315,order_0003544,4,2026-01-08T00:00:00,2026-01-09T16:00:00,positive,False,baseline
review_0002316,order_0003546,5,2026-04-05T00:00:00,2026-04-07T17:00:00,positive,False,baseline
review_0002317,order_0003547,4,2024-04-08T00:00:00,2024-04-10T14:00:00,positive,False,baseline
review_0002318,order_0003548,5,2024-10-04T00:00:00,2024-10-04T19:00:00,positive,False,baseline
review_0002319,order_0003549,5,2024-11-05T00:00:00,2024-11-06T16:00:00,positive,False,baseline
review_0002320,order_0003551,4,2026-07-30T00:00:00,2026-07-30T14:00:00,positive,False,baseline
review_0002321,order_0003555,5,2024-05-06T00:00:00,2024-05-07T00:00:00,positive,False,baseline
review_0002322,order_0003556,4,2025-05-11T00:00:00,2025-05-13T09:00:00,positive,False,baseline
review_0002323,order_0003557,3,2024-08-16T00:00:00,2024-08-18T16:00:00,neutral,False,baseline
review_0002324,order_0003559,5,2025-05-05T00:00:00,2025-05-07T14:00:00,positive,False,baseline
review_0002325,order_0003560,4,2025-06-26T00:00:00,2025-06-27T15:00:00,positive,False,baseline
review_0002326,order_0003561,5,2026-02-24T00:00:00,2026-02-25T05:00:00,positive,False,baseline
review_0002327,order_0003563,3,2026-10-06T00:00:00,2026-10-07T15:00:00,neutral,False,baseline
review_0002328,order_0003564,5,2024-03-18T00:00:00,2024-03-19T19:00:00,positive,False,baseline
review_0002329,order_0003565,3,2026-12-14T00:00:00,2026-12-14T21:00:00,neutral,False,baseline
review_0002330,order_0003566,4,2024-08-11T00:00:00,2024-08-12T22:00:00,positive,False,baseline
review_0002331,order_0003569,4,2024-10-13T00:00:00,2024-10-13T20:00:00,positive,False,baseline
review_0002332,order_0003570,5,2025-09-27T00:00:00,2025-09-28T16:00:00,positive,False,baseline
review_0002333,order_0003572,4,2025-10-24T00:00:00,2025-10-27T00:00:00,positive,False,baseline
review_0002334,order_0003573,5,2025-02-25T00:00:00,2025-02-25T23:00:00,positive,False,baseline
review_0002335,order_0003576,5,2026-01-28T00:00:00,2026-01-28T15:00:00,positive,False,baseline
review_0002336,order_0003578,4,2024-11-30T00:00:00,2024-12-02T01:00:00,positive,False,baseline
review_0002337,order_0003580,5,2026-07-12T00:00:00,2026-07-13T12:00:00,positive,False,baseline
review_0002338,order_0003581,5,2026-11-23T00:00:00,2026-11-25T16:00:00,positive,False,baseline
review_0002339,order_0003583,5,2024-07-31T00:00:00,2024-07-31T20:00:00,positive,False,baseline
review_0002340,order_0003586,5,2026-11-09T00:00:00,2026-11-10T19:00:00,positive,False,baseline
review_0002341,order_0003587,3,2024-04-27T00:00:00,2024-04-28T15:00:00,neutral,False,baseline
review_0002342,order_0003588,4,2026-03-31T00:00:00,2026-04-02T17:00:00,positive,False,baseline
review_0002343,order_0003589,3,2025-09-19T00:00:00,2025-09-21T20:00:00,neutral,False,baseline
review_0002344,order_0003590,4,2025-02-03T00:00:00,2025-02-04T12:00:00,positive,False,baseline
review_0002345,order_0003592,4,2024-06-01T00:00:00,2024-06-01T10:00:00,positive,False,baseline
review_0002346,order_0003593,5,2026-05-06T00:00:00,2026-05-07T21:00:00,positive,False,baseline
review_0002347,order_0003594,5,2024-10-08T00:00:00,2024-10-10T20:00:00,positive,False,baseline
review_0002348,order_0003595,4,2024-04-14T00:00:00,2024-04-14T20:00:00,positive,False,baseline
review_0002349,order_0003596,2,2026-10-15T00:00:00,2026-10-16T15:00:00,negative,True,baseline
review_0002350,order_0003598,4,2026-05-23T00:00:00,2026-05-24T13:00:00,positive,False,baseline
review_0002351,order_0003599,4,2026-02-18T00:00:00,2026-02-18T08:00:00,positive,False,baseline
review_0002352,order_0003600,3,2025-09-07T00:00:00,2025-09-08T12:00:00,neutral,False,baseline
review_0002353,order_0003601,3,2025-08-29T00:00:00,2025-08-30T08:00:00,neutral,False,baseline
review_0002354,order_0003602,4,2025-08-25T00:00:00,2025-08-26T20:00:00,positive,False,baseline
review_0002355,order_0003603,2,2024-12-04T00:00:00,2024-12-04T14:00:00,negative,True,baseline
review_0002356,order_0003604,4,2024-03-13T00:00:00,2024-03-15T03:00:00,positive,False,baseline
review_0002357,order_0003605,5,2024-05-28T00:00:00,2024-05-29T20:00:00,positive,False,baseline
review_0002358,order_0003606,4,2025-01-14T00:00:00,2025-01-16T09:00:00,positive,False,baseline
review_0002359,order_0003607,1,2025-02-16T00:00:00,2025-02-18T20:00:00,negative,True,baseline
review_0002360,order_0003608,4,2024-12-13T00:00:00,2024-12-14T07:00:00,positive,False,baseline
review_0002361,order_0003609,4,2025-10-31T00:00:00,2025-11-02T07:00:00,positive,False,baseline
review_0002362,order_0003610,4,2026-02-27T00:00:00,2026-02-28T16:00:00,positive,False,baseline
review_0002363,order_0003611,5,2026-10-27T00:00:00,2026-10-28T04:00:00,positive,False,baseline
review_0002364,order_0003612,5,2026-07-18T00:00:00,2026-07-18T08:00:00,positive,False,baseline
review_0002365,order_0003614,3,2026-10-04T00:00:00,2026-10-05T19:00:00,neutral,False,baseline
review_0002366,order_0003615,3,2024-12-22T00:00:00,2024-12-22T11:00:00,neutral,False,baseline
review_0002367,order_0003616,4,2025-09-12T00:00:00,2025-09-13T15:00:00,positive,False,baseline
review_0002368,order_0003617,5,2024-05-20T00:00:00,2024-05-22T03:00:00,positive,False,baseline
review_0002369,order_0003618,4,2025-04-18T00:00:00,2025-04-19T21:00:00,positive,False,baseline
review_0002370,order_0003619,4,2026-07-18T00:00:00,2026-07-19T03:00:00,positive,False,baseline
review_0002371,order_0003621,3,2024-11-15T00:00:00,2024-11-16T12:00:00,neutral,False,baseline
review_0002372,order_0003623,5,2024-12-21T00:00:00,2024-12-23T04:00:00,positive,False,baseline
review_0002373,order_0003624,4,2025-06-01T00:00:00,2025-06-02T08:00:00,positive,False,baseline
review_0002374,order_0003625,4,2025-12-26T00:00:00,2025-12-27T08:00:00,positive,False,baseline
review_0002375,order_0003626,4,2024-11-19T00:00:00,2024-11-21T09:00:00,positive,False,baseline
review_0002376,order_0003627,4,2026-01-31T00:00:00,2026-02-01T18:00:00,positive,False,baseline
review_0002377,order_0003628,5,2026-04-15T00:00:00,2026-04-18T00:00:00,positive,False,baseline
review_0002378,order_0003629,4,2025-01-22T00:00:00,2025-01-23T18:00:00,positive,False,baseline
review_0002379,order_0003630,4,2024-10-07T00:00:00,2024-10-08T00:00:00,positive,False,baseline
review_0002380,order_0003632,4,2026-11-06T00:00:00,2026-11-06T19:00:00,positive,False,baseline
review_0002381,order_0003633,4,2026-11-09T00:00:00,2026-11-10T22:00:00,positive,False,baseline
review_0002382,order_0003634,4,2024-06-21T00:00:00,2024-06-21T11:00:00,positive,False,baseline
review_0002383,order_0003635,3,2026-05-31T00:00:00,2026-05-31T22:00:00,neutral,False,baseline
review_0002384,order_0003638,5,2026-06-28T00:00:00,2026-06-28T09:00:00,positive,False,baseline
review_0002385,order_0003639,3,2026-02-16T00:00:00,2026-02-16T15:00:00,neutral,False,baseline
review_0002386,order_0003640,3,2026-10-19T00:00:00,2026-10-21T05:00:00,neutral,False,baseline
review_0002387,order_0003642,3,2025-05-28T00:00:00,2025-05-30T07:00:00,neutral,False,baseline
review_0002388,order_0003644,4,2024-11-24T00:00:00,2024-11-25T22:00:00,positive,False,baseline
review_0002389,order_0003650,5,2024-11-05T00:00:00,2024-11-07T02:00:00,positive,False,baseline
review_0002390,order_0003653,1,2026-11-03T00:00:00,2026-11-04T18:00:00,negative,True,baseline
review_0002391,order_0003654,5,2026-02-23T00:00:00,2026-02-24T15:00:00,positive,False,baseline
review_0002392,order_0003656,5,2025-12-23T00:00:00,2025-12-23T22:00:00,positive,False,baseline
review_0002393,order_0003657,2,2025-11-06T00:00:00,2025-11-06T17:00:00,negative,True,baseline
review_0002394,order_0003659,5,2026-04-27T00:00:00,2026-04-27T21:00:00,positive,False,baseline
review_0002395,order_0003660,4,2026-08-22T00:00:00,2026-08-23T15:00:00,positive,False,baseline
review_0002396,order_0003661,2,2024-07-24T00:00:00,2024-07-25T05:00:00,negative,True,baseline
review_0002397,order_0003662,5,2025-10-02T00:00:00,2025-10-02T17:00:00,positive,False,baseline
review_0002398,order_0003663,4,2025-09-02T00:00:00,2025-09-02T19:00:00,positive,False,baseline
review_0002399,order_0003666,4,2026-07-16T00:00:00,2026-07-18T21:00:00,positive,False,baseline
review_0002400,order_0003668,4,2025-12-26T00:00:00,2025-12-26T20:00:00,positive,False,baseline
review_0002401,order_0003670,5,2024-06-03T00:00:00,2024-06-03T20:00:00,positive,False,baseline
review_0002402,order_0003672,3,2024-02-17T00:00:00,2024-02-17T15:00:00,neutral,False,baseline
review_0002403,order_0003674,3,2026-12-08T00:00:00,2026-12-10T12:00:00,neutral,False,baseline
review_0002404,order_0003675,5,2026-10-20T00:00:00,2026-10-20T22:00:00,positive,False,baseline
review_0002405,order_0003676,4,2026-01-13T00:00:00,2026-01-15T13:00:00,positive,False,baseline
review_0002406,order_0003677,4,2024-08-17T00:00:00,2024-08-19T02:00:00,positive,False,baseline
review_0002407,order_0003678,3,2024-04-05T00:00:00,2024-04-07T18:00:00,neutral,False,baseline
review_0002408,order_0003682,3,2026-06-17T00:00:00,2026-06-17T09:00:00,neutral,False,baseline
review_0002409,order_0003683,4,2025-01-04T00:00:00,2025-01-06T20:00:00,positive,False,baseline
review_0002410,order_0003685,4,2025-11-08T00:00:00,2025-11-09T23:00:00,positive,False,baseline
review_0002411,order_0003687,5,2024-12-07T00:00:00,2024-12-07T18:00:00,positive,False,baseline
review_0002412,order_0003689,5,2024-01-24T00:00:00,2024-01-24T12:00:00,positive,False,baseline
review_0002413,order_0003690,5,2026-01-09T00:00:00,2026-01-11T06:00:00,positive,False,baseline
review_0002414,order_0003691,4,2024-03-01T00:00:00,2024-03-03T10:00:00,positive,False,baseline
review_0002415,order_0003692,5,2024-09-15T00:00:00,2024-09-16T00:00:00,positive,False,baseline
review_0002416,order_0003693,4,2024-09-08T00:00:00,2024-09-10T19:00:00,positive,False,baseline
review_0002417,order_0003696,5,2024-08-01T00:00:00,2024-08-02T12:00:00,positive,False,baseline
review_0002418,order_0003698,4,2025-10-28T00:00:00,2025-10-30T04:00:00,positive,False,baseline
review_0002419,order_0003699,4,2026-03-02T00:00:00,2026-03-02T18:00:00,positive,False,baseline
review_0002420,order_0003701,3,2026-05-10T00:00:00,2026-05-12T09:00:00,neutral,False,baseline
review_0002421,order_0003702,2,2024-04-08T00:00:00,2024-04-10T19:00:00,negative,True,baseline
review_0002422,order_0003703,4,2026-09-20T00:00:00,2026-09-21T18:00:00,positive,False,baseline
review_0002423,order_0003704,3,2025-08-01T00:00:00,2025-08-03T19:00:00,neutral,False,baseline
review_0002424,order_0003705,2,2026-02-22T00:00:00,2026-02-24T00:00:00,negative,True,baseline
review_0002425,order_0003706,5,2025-01-18T00:00:00,2025-01-18T22:00:00,positive,False,baseline
review_0002426,order_0003707,5,2025-11-06T00:00:00,2025-11-08T14:00:00,positive,False,baseline
review_0002427,order_0003709,4,2026-08-09T00:00:00,2026-08-09T19:00:00,positive,False,baseline
review_0002428,order_0003710,4,2026-04-11T00:00:00,2026-04-11T15:00:00,positive,False,baseline
review_0002429,order_0003713,3,2024-02-19T00:00:00,2024-02-20T08:00:00,neutral,False,baseline
review_0002430,order_0003714,5,2024-08-25T00:00:00,2024-08-26T00:00:00,positive,False,baseline
review_0002431,order_0003715,4,2024-03-10T00:00:00,2024-03-11T06:00:00,positive,False,baseline
review_0002432,order_0003716,4,2024-01-17T00:00:00,2024-01-19T01:00:00,positive,False,baseline
review_0002433,order_0003717,5,2025-10-03T00:00:00,2025-10-05T19:00:00,positive,False,baseline
review_0002434,order_0003718,4,2024-01-23T00:00:00,2024-01-24T01:00:00,positive,False,baseline
review_0002435,order_0003723,4,2024-09-27T00:00:00,2024-09-29T05:00:00,positive,False,baseline
review_0002436,order_0003726,3,2024-08-23T00:00:00,2024-08-24T00:00:00,neutral,False,baseline
review_0002437,order_0003727,5,2025-04-13T00:00:00,2025-04-15T00:00:00,positive,False,baseline
review_0002438,order_0003728,3,2026-02-22T00:00:00,2026-02-22T19:00:00,neutral,False,baseline
review_0002439,order_0003729,4,2025-10-11T00:00:00,2025-10-13T22:00:00,positive,False,baseline
review_0002440,order_0003730,4,2025-02-21T00:00:00,2025-02-22T22:00:00,positive,False,baseline
review_0002441,order_0003732,5,2026-02-28T00:00:00,2026-03-02T18:00:00,positive,False,baseline
review_0002442,order_0003733,3,2025-11-12T00:00:00,2025-11-13T05:00:00,neutral,False,baseline
review_0002443,order_0003735,4,2025-04-25T00:00:00,2025-04-25T19:00:00,positive,False,baseline
review_0002444,order_0003736,3,2025-08-21T00:00:00,2025-08-23T04:00:00,neutral,False,baseline
review_0002445,order_0003739,4,2024-06-24T00:00:00,2024-06-25T18:00:00,positive,False,baseline
review_0002446,order_0003740,4,2024-10-22T00:00:00,2024-10-22T08:00:00,positive,False,baseline
review_0002447,order_0003741,4,2026-01-12T00:00:00,2026-01-12T10:00:00,positive,False,baseline
review_0002448,order_0003742,5,2024-10-15T00:00:00,2024-10-16T10:00:00,positive,False,baseline
review_0002449,order_0003743,5,2026-10-26T00:00:00,2026-10-26T22:00:00,positive,False,baseline
review_0002450,order_0003747,4,2025-01-16T00:00:00,2025-01-18T13:00:00,positive,False,baseline
review_0002451,order_0003748,3,2024-07-05T00:00:00,2024-07-08T00:00:00,neutral,False,baseline
review_0002452,order_0003751,4,2025-07-03T00:00:00,2025-07-03T23:00:00,positive,False,baseline
review_0002453,order_0003753,5,2025-04-08T00:00:00,2025-04-10T15:00:00,positive,False,baseline
review_0002454,order_0003754,4,2024-05-21T00:00:00,2024-05-21T19:00:00,positive,False,baseline
review_0002455,order_0003755,4,2024-09-17T00:00:00,2024-09-19T07:00:00,positive,False,baseline
review_0002456,order_0003756,5,2026-02-22T00:00:00,2026-02-23T12:00:00,positive,False,baseline
review_0002457,order_0003758,5,2025-07-20T00:00:00,2025-07-22T05:00:00,positive,False,baseline
review_0002458,order_0003759,5,2026-06-06T00:00:00,2026-06-07T21:00:00,positive,False,baseline
review_0002459,order_0003762,4,2024-11-23T00:00:00,2024-11-23T08:00:00,positive,False,baseline
review_0002460,order_0003763,4,2024-03-29T00:00:00,2024-03-29T19:00:00,positive,False,baseline
review_0002461,order_0003764,4,2025-08-30T00:00:00,2025-08-31T21:00:00,positive,False,baseline
review_0002462,order_0003765,4,2025-07-28T00:00:00,2025-07-28T17:00:00,positive,False,baseline
review_0002463,order_0003767,2,2025-12-13T00:00:00,2025-12-14T08:00:00,negative,True,baseline
review_0002464,order_0003770,5,2026-05-11T00:00:00,2026-05-12T17:00:00,positive,False,baseline
review_0002465,order_0003771,4,2025-09-28T00:00:00,2025-09-30T05:00:00,positive,False,baseline
review_0002466,order_0003772,3,2026-06-18T00:00:00,2026-06-18T15:00:00,neutral,False,baseline
review_0002467,order_0003773,4,2024-12-18T00:00:00,2024-12-20T14:00:00,positive,False,baseline
review_0002468,order_0003774,4,2024-08-29T00:00:00,2024-08-31T08:00:00,positive,False,baseline
review_0002469,order_0003775,3,2026-06-26T00:00:00,2026-06-26T09:00:00,neutral,False,baseline
review_0002470,order_0003776,3,2026-10-21T00:00:00,2026-10-22T22:00:00,neutral,False,baseline
review_0002471,order_0003777,3,2025-11-24T00:00:00,2025-11-27T00:00:00,neutral,False,baseline
review_0002472,order_0003778,4,2026-07-28T00:00:00,2026-07-29T06:00:00,positive,False,baseline
review_0002473,order_0003781,5,2026-01-07T00:00:00,2026-01-07T20:00:00,positive,False,baseline
review_0002474,order_0003782,5,2025-07-27T00:00:00,2025-07-28T00:00:00,positive,False,baseline
review_0002475,order_0003784,4,2024-11-03T00:00:00,2024-11-05T04:00:00,positive,False,baseline
review_0002476,order_0003785,4,2024-08-26T00:00:00,2024-08-28T14:00:00,positive,False,baseline
review_0002477,order_0003786,5,2024-04-26T00:00:00,2024-04-27T01:00:00,positive,False,baseline
review_0002478,order_0003787,4,2025-01-21T00:00:00,2025-01-23T11:00:00,positive,False,baseline
review_0002479,order_0003788,4,2025-01-27T00:00:00,2025-01-29T10:00:00,positive,False,baseline
review_0002480,order_0003790,5,2026-04-21T00:00:00,2026-04-22T04:00:00,positive,False,baseline
review_0002481,order_0003791,3,2024-05-31T00:00:00,2024-06-01T09:00:00,neutral,False,baseline
review_0002482,order_0003792,4,2026-02-10T00:00:00,2026-02-10T21:00:00,positive,False,baseline
review_0002483,order_0003793,4,2026-12-27T00:00:00,2026-12-29T05:00:00,positive,False,baseline
review_0002484,order_0003794,5,2024-10-28T00:00:00,2024-10-29T05:00:00,positive,False,baseline
review_0002485,order_0003795,4,2026-08-10T00:00:00,2026-08-10T23:00:00,positive,False,baseline
review_0002486,order_0003797,5,2024-03-10T00:00:00,2024-03-11T13:00:00,positive,False,baseline
review_0002487,order_0003799,3,2025-12-04T00:00:00,2025-12-04T21:00:00,neutral,False,baseline
review_0002488,order_0003800,4,2025-12-12T00:00:00,2025-12-14T20:00:00,positive,False,baseline
review_0002489,order_0003802,3,2026-03-09T00:00:00,2026-03-10T11:00:00,neutral,False,baseline
review_0002490,order_0003804,3,2024-10-22T00:00:00,2024-10-24T19:00:00,neutral,False,baseline
review_0002491,order_0003807,4,2026-12-24T00:00:00,2026-12-26T02:00:00,positive,False,baseline
review_0002492,order_0003808,4,2026-05-21T00:00:00,2026-05-21T12:00:00,positive,False,baseline
review_0002493,order_0003809,4,2026-03-16T00:00:00,2026-03-17T00:00:00,positive,False,baseline
review_0002494,order_0003810,5,2025-09-06T00:00:00,2025-09-06T21:00:00,positive,False,baseline
review_0002495,order_0003812,3,2025-12-02T00:00:00,2025-12-03T05:00:00,neutral,False,baseline
review_0002496,order_0003814,3,2024-08-18T00:00:00,2024-08-18T18:00:00,neutral,False,baseline
review_0002497,order_0003815,4,2026-04-22T00:00:00,2026-04-23T06:00:00,positive,False,baseline
review_0002498,order_0003819,3,2024-07-14T00:00:00,2024-07-15T13:00:00,neutral,False,baseline
review_0002499,order_0003820,3,2024-08-05T00:00:00,2024-08-06T05:00:00,neutral,False,baseline
review_0002500,order_0003821,4,2024-04-13T00:00:00,2024-04-14T07:00:00,positive,False,baseline
review_0002501,order_0003822,4,2025-01-06T00:00:00,2025-01-08T02:00:00,positive,False,baseline
review_0002502,order_0003824,4,2024-11-21T00:00:00,2024-11-21T20:00:00,positive,False,baseline
review_0002503,order_0003828,4,2025-12-24T00:00:00,2025-12-25T16:00:00,positive,False,baseline
review_0002504,order_0003829,4,2024-12-31T00:00:00,2025-01-01T04:00:00,positive,False,baseline
review_0002505,order_0003830,4,2026-07-26T00:00:00,2026-07-28T09:00:00,positive,False,baseline
review_0002506,order_0003832,4,2026-10-10T00:00:00,2026-10-11T00:00:00,positive,False,baseline
review_0002507,order_0003833,4,2025-04-10T00:00:00,2025-04-11T21:00:00,positive,False,baseline
review_0002508,order_0003834,4,2026-04-12T00:00:00,2026-04-13T09:00:00,positive,False,baseline
review_0002509,order_0003835,4,2024-04-04T00:00:00,2024-04-05T05:00:00,positive,False,baseline
review_0002510,order_0003838,4,2026-03-03T00:00:00,2026-03-05T03:00:00,positive,False,baseline
review_0002511,order_0003839,5,2026-12-08T00:00:00,2026-12-10T10:00:00,positive,False,baseline
review_0002512,order_0003840,4,2025-11-12T00:00:00,2025-11-12T13:00:00,positive,False,baseline
review_0002513,order_0003841,4,2026-06-14T00:00:00,2026-06-15T19:00:00,positive,False,baseline
review_0002514,order_0003842,4,2024-06-27T00:00:00,2024-06-28T06:00:00,positive,False,baseline
review_0002515,order_0003845,4,2025-01-13T00:00:00,2025-01-15T07:00:00,positive,False,baseline
review_0002516,order_0003846,4,2026-08-17T00:00:00,2026-08-19T05:00:00,positive,False,baseline
review_0002517,order_0003847,5,2024-06-15T00:00:00,2024-06-17T12:00:00,positive,False,baseline
review_0002518,order_0003848,4,2024-11-09T00:00:00,2024-11-09T10:00:00,positive,False,baseline
review_0002519,order_0003849,4,2025-05-08T00:00:00,2025-05-09T17:00:00,positive,False,baseline
review_0002520,order_0003852,5,2026-03-20T00:00:00,2026-03-20T09:00:00,positive,False,baseline
review_0002521,order_0003854,4,2026-04-20T00:00:00,2026-04-22T10:00:00,positive,False,baseline
review_0002522,order_0003855,3,2025-06-18T00:00:00,2025-06-19T18:00:00,neutral,False,baseline
review_0002523,order_0003856,4,2026-04-20T00:00:00,2026-04-22T19:00:00,positive,False,baseline
review_0002524,order_0003858,3,2026-11-24T00:00:00,2026-11-26T04:00:00,neutral,False,baseline
review_0002525,order_0003859,5,2025-11-19T00:00:00,2025-11-20T03:00:00,positive,False,baseline
review_0002526,order_0003860,5,2025-12-31T00:00:00,2026-01-02T21:00:00,positive,False,baseline
review_0002527,order_0003861,4,2025-04-09T00:00:00,2025-04-10T20:00:00,positive,False,baseline
review_0002528,order_0003863,4,2025-11-21T00:00:00,2025-11-21T08:00:00,positive,False,baseline
review_0002529,order_0003865,3,2026-11-18T00:00:00,2026-11-18T10:00:00,neutral,False,baseline
review_0002530,order_0003868,5,2024-03-24T00:00:00,2024-03-26T11:00:00,positive,False,baseline
review_0002531,order_0003869,5,2026-08-26T00:00:00,2026-08-26T23:00:00,positive,False,baseline
review_0002532,order_0003870,4,2026-09-29T00:00:00,2026-10-01T17:00:00,positive,False,baseline
review_0002533,order_0003871,4,2024-02-20T00:00:00,2024-02-21T17:00:00,positive,False,baseline
review_0002534,order_0003872,3,2025-01-04T00:00:00,2025-01-06T14:00:00,neutral,False,baseline
review_0002535,order_0003874,3,2026-10-03T00:00:00,2026-10-05T18:00:00,neutral,False,baseline
review_0002536,order_0003875,4,2025-05-11T00:00:00,2025-05-12T02:00:00,positive,False,baseline
review_0002537,order_0003876,4,2025-12-06T00:00:00,2025-12-06T17:00:00,positive,False,baseline
review_0002538,order_0003878,4,2025-04-12T00:00:00,2025-04-13T14:00:00,positive,False,baseline
review_0002539,order_0003879,4,2026-05-27T00:00:00,2026-05-28T20:00:00,positive,False,baseline
review_0002540,order_0003880,3,2024-12-18T00:00:00,2024-12-19T15:00:00,neutral,False,baseline
review_0002541,order_0003881,3,2025-03-30T00:00:00,2025-04-01T07:00:00,neutral,False,baseline
review_0002542,order_0003882,5,2026-11-27T00:00:00,2026-11-28T00:00:00,positive,False,baseline
review_0002543,order_0003884,4,2025-06-30T00:00:00,2025-07-02T08:00:00,positive,False,baseline
review_0002544,order_0003886,5,2024-03-07T00:00:00,2024-03-08T08:00:00,positive,False,baseline
review_0002545,order_0003887,5,2024-03-26T00:00:00,2024-03-27T20:00:00,positive,False,baseline
review_0002546,order_0003890,4,2026-07-02T00:00:00,2026-07-02T11:00:00,positive,False,baseline
review_0002547,order_0003892,5,2026-10-02T00:00:00,2026-10-03T00:00:00,positive,False,baseline
review_0002548,order_0003893,4,2026-02-04T00:00:00,2026-02-05T16:00:00,positive,False,baseline
review_0002549,order_0003894,3,2025-11-02T00:00:00,2025-11-04T16:00:00,neutral,False,baseline
review_0002550,order_0003895,4,2025-01-27T00:00:00,2025-01-27T17:00:00,positive,False,baseline
review_0002551,order_0003896,4,2026-02-09T00:00:00,2026-02-10T20:00:00,positive,False,baseline
review_0002552,order_0003897,3,2025-02-13T00:00:00,2025-02-13T15:00:00,neutral,False,baseline
review_0002553,order_0003898,3,2026-01-09T00:00:00,2026-01-10T06:00:00,neutral,False,baseline
review_0002554,order_0003900,4,2026-02-05T00:00:00,2026-02-06T09:00:00,positive,False,baseline
review_0002555,order_0003902,3,2024-11-27T00:00:00,2024-11-28T09:00:00,neutral,False,baseline
review_0002556,order_0003903,4,2026-12-01T00:00:00,2026-12-02T09:00:00,positive,False,baseline
review_0002557,order_0003905,5,2024-03-18T00:00:00,2024-03-20T04:00:00,positive,False,baseline
review_0002558,order_0003909,3,2024-03-04T00:00:00,2024-03-05T08:00:00,neutral,False,baseline
review_0002559,order_0003910,4,2024-04-16T00:00:00,2024-04-18T00:00:00,positive,False,baseline
review_0002560,order_0003911,3,2025-10-19T00:00:00,2025-10-21T23:00:00,neutral,False,baseline
review_0002561,order_0003912,4,2026-12-17T00:00:00,2026-12-19T06:00:00,positive,False,baseline
review_0002562,order_0003913,3,2024-06-25T00:00:00,2024-06-26T07:00:00,neutral,False,baseline
review_0002563,order_0003914,5,2025-03-28T00:00:00,2025-03-28T21:00:00,positive,False,baseline
review_0002564,order_0003916,5,2026-08-30T00:00:00,2026-08-30T23:00:00,positive,False,baseline
review_0002565,order_0003919,4,2025-09-01T00:00:00,2025-09-02T21:00:00,positive,False,baseline
review_0002566,order_0003920,5,2025-07-31T00:00:00,2025-08-01T06:00:00,positive,False,baseline
review_0002567,order_0003921,5,2025-10-20T00:00:00,2025-10-22T10:00:00,positive,False,baseline
review_0002568,order_0003923,2,2025-01-31T00:00:00,2025-02-01T04:00:00,negative,True,baseline
review_0002569,order_0003925,4,2026-05-20T00:00:00,2026-05-22T01:00:00,positive,False,baseline
review_0002570,order_0003926,5,2025-03-21T00:00:00,2025-03-22T10:00:00,positive,False,baseline
review_0002571,order_0003927,4,2024-12-07T00:00:00,2024-12-07T16:00:00,positive,False,baseline
review_0002572,order_0003929,5,2026-07-03T00:00:00,2026-07-04T08:00:00,positive,False,baseline
review_0002573,order_0003931,4,2025-01-12T00:00:00,2025-01-12T15:00:00,positive,False,baseline
review_0002574,order_0003932,4,2025-01-15T00:00:00,2025-01-17T02:00:00,positive,False,baseline
review_0002575,order_0003933,4,2025-04-16T00:00:00,2025-04-17T13:00:00,positive,False,baseline
review_0002576,order_0003936,2,2025-09-02T00:00:00,2025-09-03T23:00:00,negative,True,baseline
review_0002577,order_0003937,4,2026-09-06T00:00:00,2026-09-06T16:00:00,positive,False,baseline
review_0002578,order_0003938,5,2026-11-01T00:00:00,2026-11-03T16:00:00,positive,False,baseline
review_0002579,order_0003939,3,2025-04-22T00:00:00,2025-04-24T06:00:00,neutral,False,baseline
review_0002580,order_0003940,3,2024-02-25T00:00:00,2024-02-27T03:00:00,neutral,False,baseline
review_0002581,order_0003941,4,2025-07-28T00:00:00,2025-07-30T12:00:00,positive,False,baseline
review_0002582,order_0003942,4,2026-07-15T00:00:00,2026-07-16T03:00:00,positive,False,baseline
review_0002583,order_0003943,4,2026-10-16T00:00:00,2026-10-18T19:00:00,positive,False,baseline
review_0002584,order_0003945,4,2026-12-24T00:00:00,2026-12-24T21:00:00,positive,False,baseline
review_0002585,order_0003946,4,2026-07-13T00:00:00,2026-07-15T17:00:00,positive,False,baseline
review_0002586,order_0003947,4,2026-05-14T00:00:00,2026-05-14T10:00:00,positive,False,baseline
review_0002587,order_0003948,5,2025-03-29T00:00:00,2025-03-30T18:00:00,positive,False,baseline
review_0002588,order_0003949,4,2025-12-01T00:00:00,2025-12-01T11:00:00,positive,False,baseline
review_0002589,order_0003950,3,2025-09-12T00:00:00,2025-09-14T08:00:00,neutral,False,baseline
review_0002590,order_0003953,1,2026-10-25T00:00:00,2026-10-27T03:00:00,negative,True,baseline
review_0002591,order_0003954,4,2024-06-06T00:00:00,2024-06-07T13:00:00,positive,False,baseline
review_0002592,order_0003955,3,2025-08-22T00:00:00,2025-08-24T23:00:00,neutral,False,baseline
review_0002593,order_0003958,5,2025-04-01T00:00:00,2025-04-03T03:00:00,positive,False,baseline
review_0002594,order_0003959,5,2025-06-29T00:00:00,2025-07-01T17:00:00,positive,False,baseline
review_0002595,order_0003960,4,2025-01-03T00:00:00,2025-01-03T09:00:00,positive,False,baseline
review_0002596,order_0003961,4,2026-03-29T00:00:00,2026-03-31T09:00:00,positive,False,baseline
review_0002597,order_0003962,3,2025-03-09T00:00:00,2025-03-09T18:00:00,neutral,False,baseline
review_0002598,order_0003963,3,2025-01-01T00:00:00,2025-01-02T20:00:00,neutral,False,baseline
review_0002599,order_0003967,4,2025-09-29T00:00:00,2025-09-30T03:00:00,positive,False,baseline
review_0002600,order_0003969,4,2026-07-04T00:00:00,2026-07-04T20:00:00,positive,False,baseline
review_0002601,order_0003970,4,2025-04-13T00:00:00,2025-04-14T01:00:00,positive,False,baseline
review_0002602,order_0003971,4,2026-12-02T00:00:00,2026-12-02T08:00:00,positive,False,baseline
review_0002603,order_0003972,4,2026-11-05T00:00:00,2026-11-05T23:00:00,positive,False,baseline
review_0002604,order_0003973,4,2025-01-14T00:00:00,2025-01-16T05:00:00,positive,False,baseline
review_0002605,order_0003975,5,2024-06-13T00:00:00,2024-06-14T19:00:00,positive,False,baseline
review_0002606,order_0003976,4,2026-01-08T00:00:00,2026-01-10T08:00:00,positive,False,baseline
review_0002607,order_0003978,3,2025-06-23T00:00:00,2025-06-24T03:00:00,neutral,False,baseline
review_0002608,order_0003979,3,2026-11-09T00:00:00,2026-11-10T02:00:00,neutral,False,baseline
review_0002609,order_0003980,4,2025-09-29T00:00:00,2025-10-01T11:00:00,positive,False,baseline
review_0002610,order_0003982,4,2025-11-12T00:00:00,2025-11-14T22:00:00,positive,False,baseline
review_0002611,order_0003983,5,2024-10-29T00:00:00,2024-10-29T15:00:00,positive,False,baseline
review_0002612,order_0003984,4,2025-03-17T00:00:00,2025-03-18T01:00:00,positive,False,baseline
review_0002613,order_0003985,4,2025-03-28T00:00:00,2025-03-28T16:00:00,positive,False,baseline
review_0002614,order_0003986,5,2026-09-06T00:00:00,2026-09-07T04:00:00,positive,False,baseline
review_0002615,order_0003992,3,2024-04-18T00:00:00,2024-04-20T01:00:00,neutral,False,baseline
review_0002616,order_0003993,5,2025-05-21T00:00:00,2025-05-23T03:00:00,positive,False,baseline
review_0002617,order_0003996,5,2026-07-19T00:00:00,2026-07-20T22:00:00,positive,False,baseline
review_0002618,order_0003997,3,2025-08-12T00:00:00,2025-08-12T15:00:00,neutral,False,baseline
review_0002619,order_0003998,4,2024-11-20T00:00:00,2024-11-21T15:00:00,positive,False,baseline
review_0002620,order_0003999,2,2026-09-28T00:00:00,2026-09-30T13:00:00,negative,True,baseline
review_0002621,order_0004001,4,2024-01-29T00:00:00,2024-01-30T04:00:00,positive,False,baseline
review_0002622,order_0004003,5,2024-12-03T00:00:00,2024-12-05T22:00:00,positive,False,baseline
review_0002623,order_0004004,4,2024-05-31T00:00:00,2024-05-31T12:00:00,positive,False,baseline
review_0002624,order_0004007,5,2025-02-01T00:00:00,2025-02-03T01:00:00,positive,False,baseline
review_0002625,order_0004011,3,2024-03-19T00:00:00,2024-03-20T23:00:00,neutral,False,baseline
review_0002626,order_0004012,4,2025-01-24T00:00:00,2025-01-25T22:00:00,positive,False,baseline
review_0002627,order_0004013,4,2025-05-31T00:00:00,2025-06-02T07:00:00,positive,False,baseline
review_0002628,order_0004014,4,2026-07-08T00:00:00,2026-07-10T00:00:00,positive,False,baseline
review_0002629,order_0004015,4,2024-12-26T00:00:00,2024-12-26T15:00:00,positive,False,baseline
review_0002630,order_0004016,4,2025-06-13T00:00:00,2025-06-13T16:00:00,positive,False,baseline
review_0002631,order_0004018,4,2024-08-28T00:00:00,2024-08-30T18:00:00,positive,False,baseline
review_0002632,order_0004021,2,2025-07-21T00:00:00,2025-07-23T10:00:00,negative,True,baseline
review_0002633,order_0004022,4,2024-04-17T00:00:00,2024-04-17T12:00:00,positive,False,baseline
review_0002634,order_0004023,4,2024-12-27T00:00:00,2024-12-29T13:00:00,positive,False,baseline
review_0002635,order_0004024,5,2024-04-16T00:00:00,2024-04-18T13:00:00,positive,False,baseline
review_0002636,order_0004026,2,2025-04-11T00:00:00,2025-04-13T23:00:00,negative,True,baseline
review_0002637,order_0004027,4,2025-05-01T00:00:00,2025-05-02T00:00:00,positive,False,baseline
review_0002638,order_0004028,5,2025-08-14T00:00:00,2025-08-16T21:00:00,positive,False,baseline
review_0002639,order_0004029,4,2025-07-27T00:00:00,2025-07-27T11:00:00,positive,False,baseline
review_0002640,order_0004030,5,2025-01-29T00:00:00,2025-01-30T20:00:00,positive,False,baseline
review_0002641,order_0004032,4,2025-08-28T00:00:00,2025-08-28T22:00:00,positive,False,baseline
review_0002642,order_0004035,4,2024-03-02T00:00:00,2024-03-03T21:00:00,positive,False,baseline
review_0002643,order_0004036,3,2026-06-11T00:00:00,2026-06-13T18:00:00,neutral,False,baseline
review_0002644,order_0004037,4,2025-10-27T00:00:00,2025-10-29T23:00:00,positive,False,baseline
review_0002645,order_0004038,4,2025-03-14T00:00:00,2025-03-15T16:00:00,positive,False,baseline
review_0002646,order_0004039,4,2025-04-14T00:00:00,2025-04-15T02:00:00,positive,False,baseline
review_0002647,order_0004040,4,2025-12-09T00:00:00,2025-12-11T14:00:00,positive,False,baseline
review_0002648,order_0004041,4,2024-08-04T00:00:00,2024-08-05T22:00:00,positive,False,baseline
review_0002649,order_0004044,3,2026-01-27T00:00:00,2026-01-29T05:00:00,neutral,False,baseline
review_0002650,order_0004045,3,2026-12-04T00:00:00,2026-12-06T09:00:00,neutral,False,baseline
review_0002651,order_0004048,4,2026-12-10T00:00:00,2026-12-11T19:00:00,positive,False,baseline
review_0002652,order_0004049,4,2025-10-10T00:00:00,2025-10-12T08:00:00,positive,False,baseline
review_0002653,order_0004051,5,2026-08-07T00:00:00,2026-08-09T19:00:00,positive,False,baseline
review_0002654,order_0004052,3,2024-04-08T00:00:00,2024-04-10T20:00:00,neutral,False,baseline
review_0002655,order_0004053,4,2024-06-01T00:00:00,2024-06-02T08:00:00,positive,False,baseline
review_0002656,order_0004054,4,2025-02-27T00:00:00,2025-03-01T18:00:00,positive,False,baseline
review_0002657,order_0004056,5,2024-12-04T00:00:00,2024-12-06T16:00:00,positive,False,baseline
review_0002658,order_0004057,5,2025-10-27T00:00:00,2025-10-27T18:00:00,positive,False,baseline
review_0002659,order_0004058,3,2025-01-09T00:00:00,2025-01-11T21:00:00,neutral,False,baseline
review_0002660,order_0004059,1,2025-07-05T00:00:00,2025-07-06T20:00:00,negative,True,baseline
review_0002661,order_0004060,3,2025-04-28T00:00:00,2025-04-29T09:00:00,neutral,False,baseline
review_0002662,order_0004061,4,2024-02-01T00:00:00,2024-02-02T19:00:00,positive,False,baseline
review_0002663,order_0004062,4,2025-04-29T00:00:00,2025-04-30T09:00:00,positive,False,baseline
review_0002664,order_0004068,4,2025-03-18T00:00:00,2025-03-18T08:00:00,positive,False,baseline
review_0002665,order_0004069,4,2024-09-30T00:00:00,2024-10-02T09:00:00,positive,False,baseline
review_0002666,order_0004070,4,2024-12-22T00:00:00,2024-12-24T09:00:00,positive,False,baseline
review_0002667,order_0004072,4,2025-08-11T00:00:00,2025-08-11T22:00:00,positive,False,baseline
review_0002668,order_0004073,4,2025-07-10T00:00:00,2025-07-11T02:00:00,positive,False,baseline
review_0002669,order_0004075,4,2024-10-20T00:00:00,2024-10-22T23:00:00,positive,False,baseline
review_0002670,order_0004077,4,2025-11-21T00:00:00,2025-11-21T12:00:00,positive,False,baseline
review_0002671,order_0004079,3,2025-12-17T00:00:00,2025-12-19T20:00:00,neutral,False,baseline
review_0002672,order_0004080,4,2026-04-29T00:00:00,2026-04-30T13:00:00,positive,False,baseline
review_0002673,order_0004081,4,2025-08-02T00:00:00,2025-08-02T14:00:00,positive,False,baseline
review_0002674,order_0004082,3,2026-11-22T00:00:00,2026-11-22T12:00:00,neutral,False,baseline
review_0002675,order_0004084,4,2025-01-23T00:00:00,2025-01-24T19:00:00,positive,False,baseline
review_0002676,order_0004085,4,2024-02-17T00:00:00,2024-02-19T04:00:00,positive,False,baseline
review_0002677,order_0004087,3,2024-12-11T00:00:00,2024-12-12T21:00:00,neutral,False,baseline
review_0002678,order_0004088,3,2024-12-07T00:00:00,2024-12-08T12:00:00,neutral,False,baseline
review_0002679,order_0004089,5,2025-05-17T00:00:00,2025-05-19T20:00:00,positive,False,baseline
review_0002680,order_0004090,3,2025-09-24T00:00:00,2025-09-24T22:00:00,neutral,False,baseline
review_0002681,order_0004092,5,2025-04-08T00:00:00,2025-04-09T19:00:00,positive,False,baseline
review_0002682,order_0004095,3,2024-07-29T00:00:00,2024-07-30T00:00:00,neutral,False,baseline
review_0002683,order_0004097,3,2025-01-16T00:00:00,2025-01-17T06:00:00,neutral,False,baseline
review_0002684,order_0004098,4,2026-10-30T00:00:00,2026-10-30T15:00:00,positive,False,baseline
review_0002685,order_0004099,3,2026-10-16T00:00:00,2026-10-16T18:00:00,neutral,False,baseline
review_0002686,order_0004100,2,2024-12-13T00:00:00,2024-12-15T13:00:00,negative,True,baseline
review_0002687,order_0004102,4,2025-12-13T00:00:00,2025-12-15T06:00:00,positive,False,baseline
review_0002688,order_0004104,5,2026-01-26T00:00:00,2026-01-27T19:00:00,positive,False,baseline
review_0002689,order_0004105,4,2026-08-13T00:00:00,2026-08-13T23:00:00,positive,False,baseline
review_0002690,order_0004106,5,2024-09-29T00:00:00,2024-09-30T11:00:00,positive,False,baseline
review_0002691,order_0004107,5,2025-07-22T00:00:00,2025-07-23T22:00:00,positive,False,baseline
review_0002692,order_0004108,5,2025-08-22T00:00:00,2025-08-24T15:00:00,positive,False,baseline
review_0002693,order_0004109,3,2024-08-28T00:00:00,2024-08-30T00:00:00,neutral,False,baseline
review_0002694,order_0004111,2,2025-11-19T00:00:00,2025-11-21T15:00:00,negative,True,baseline
review_0002695,order_0004116,5,2025-01-04T00:00:00,2025-01-05T09:00:00,positive,False,baseline
review_0002696,order_0004118,5,2025-08-21T00:00:00,2025-08-23T04:00:00,positive,False,baseline
review_0002697,order_0004120,4,2024-04-09T00:00:00,2024-04-09T09:00:00,positive,False,baseline
review_0002698,order_0004121,4,2024-11-17T00:00:00,2024-11-19T07:00:00,positive,False,baseline
review_0002699,order_0004122,4,2024-11-23T00:00:00,2024-11-24T11:00:00,positive,False,baseline
review_0002700,order_0004123,5,2024-04-26T00:00:00,2024-04-26T11:00:00,positive,False,baseline
review_0002701,order_0004124,4,2025-09-01T00:00:00,2025-09-02T09:00:00,positive,False,baseline
review_0002702,order_0004128,2,2025-11-29T00:00:00,2025-11-30T02:00:00,negative,True,baseline
review_0002703,order_0004129,4,2025-02-05T00:00:00,2025-02-07T20:00:00,positive,False,baseline
review_0002704,order_0004132,3,2024-08-02T00:00:00,2024-08-04T05:00:00,neutral,False,baseline
review_0002705,order_0004133,5,2024-11-21T00:00:00,2024-11-22T15:00:00,positive,False,baseline
review_0002706,order_0004134,4,2026-03-15T00:00:00,2026-03-16T01:00:00,positive,False,baseline
review_0002707,order_0004135,4,2024-04-07T00:00:00,2024-04-09T13:00:00,positive,False,baseline
review_0002708,order_0004137,4,2026-08-27T00:00:00,2026-08-27T10:00:00,positive,False,baseline
review_0002709,order_0004138,4,2025-04-05T00:00:00,2025-04-05T21:00:00,positive,False,baseline
review_0002710,order_0004142,4,2026-01-16T00:00:00,2026-01-17T03:00:00,positive,False,baseline
review_0002711,order_0004143,4,2026-07-24T00:00:00,2026-07-25T21:00:00,positive,False,baseline
review_0002712,order_0004144,5,2024-06-09T00:00:00,2024-06-09T13:00:00,positive,False,baseline
review_0002713,order_0004145,4,2025-04-18T00:00:00,2025-04-20T19:00:00,positive,False,baseline
review_0002714,order_0004147,5,2025-11-05T00:00:00,2025-11-06T16:00:00,positive,False,baseline
review_0002715,order_0004148,5,2024-08-05T00:00:00,2024-08-07T02:00:00,positive,False,baseline
review_0002716,order_0004150,4,2025-10-22T00:00:00,2025-10-23T08:00:00,positive,False,baseline
review_0002717,order_0004151,4,2024-08-10T00:00:00,2024-08-12T08:00:00,positive,False,baseline
review_0002718,order_0004153,4,2026-10-24T00:00:00,2026-10-24T08:00:00,positive,False,baseline
review_0002719,order_0004154,4,2025-12-06T00:00:00,2025-12-07T02:00:00,positive,False,baseline
review_0002720,order_0004155,4,2024-05-28T00:00:00,2024-05-29T14:00:00,positive,False,baseline
review_0002721,order_0004156,4,2025-08-31T00:00:00,2025-08-31T17:00:00,positive,False,baseline
review_0002722,order_0004157,4,2025-09-15T00:00:00,2025-09-15T18:00:00,positive,False,baseline
review_0002723,order_0004158,5,2024-04-11T00:00:00,2024-04-12T03:00:00,positive,False,baseline
review_0002724,order_0004159,3,2025-02-10T00:00:00,2025-02-11T04:00:00,neutral,False,baseline
review_0002725,order_0004160,3,2026-07-15T00:00:00,2026-07-17T21:00:00,neutral,False,baseline
review_0002726,order_0004163,4,2026-05-25T00:00:00,2026-05-25T20:00:00,positive,False,baseline
review_0002727,order_0004165,4,2025-07-20T00:00:00,2025-07-22T02:00:00,positive,False,baseline
review_0002728,order_0004166,4,2025-04-25T00:00:00,2025-04-26T19:00:00,positive,False,baseline
review_0002729,order_0004167,5,2025-05-04T00:00:00,2025-05-05T07:00:00,positive,False,baseline
review_0002730,order_0004172,4,2025-10-14T00:00:00,2025-10-16T11:00:00,positive,False,baseline
review_0002731,order_0004174,2,2024-12-18T00:00:00,2024-12-19T13:00:00,negative,True,baseline
review_0002732,order_0004175,4,2026-03-23T00:00:00,2026-03-24T09:00:00,positive,False,baseline
review_0002733,order_0004177,4,2024-06-02T00:00:00,2024-06-03T14:00:00,positive,False,baseline
review_0002734,order_0004178,5,2025-05-02T00:00:00,2025-05-02T18:00:00,positive,False,baseline
review_0002735,order_0004179,4,2025-08-17T00:00:00,2025-08-18T23:00:00,positive,False,baseline
review_0002736,order_0004182,2,2025-09-29T00:00:00,2025-09-30T06:00:00,negative,True,baseline
review_0002737,order_0004183,5,2024-08-23T00:00:00,2024-08-25T05:00:00,positive,False,baseline
review_0002738,order_0004184,5,2026-12-16T00:00:00,2026-12-18T06:00:00,positive,False,baseline
review_0002739,order_0004186,4,2024-01-12T00:00:00,2024-01-12T16:00:00,positive,False,baseline
review_0002740,order_0004187,4,2026-12-25T00:00:00,2026-12-26T22:00:00,positive,False,baseline
review_0002741,order_0004188,4,2025-01-05T00:00:00,2025-01-05T21:00:00,positive,False,baseline
review_0002742,order_0004191,4,2025-02-20T00:00:00,2025-02-21T08:00:00,positive,False,baseline
review_0002743,order_0004193,3,2025-07-27T00:00:00,2025-07-29T18:00:00,neutral,False,baseline
review_0002744,order_0004194,4,2025-02-18T00:00:00,2025-02-20T01:00:00,positive,False,baseline
review_0002745,order_0004196,4,2025-10-10T00:00:00,2025-10-10T21:00:00,positive,False,baseline
review_0002746,order_0004197,5,2024-12-05T00:00:00,2024-12-07T03:00:00,positive,False,baseline
review_0002747,order_0004198,2,2026-02-05T00:00:00,2026-02-05T08:00:00,negative,True,baseline
review_0002748,order_0004200,4,2025-03-28T00:00:00,2025-03-28T15:00:00,positive,False,baseline
review_0002749,order_0004201,4,2024-11-12T00:00:00,2024-11-14T09:00:00,positive,False,baseline
review_0002750,order_0004202,4,2025-12-28T00:00:00,2025-12-29T22:00:00,positive,False,baseline
review_0002751,order_0004204,4,2026-12-11T00:00:00,2026-12-13T02:00:00,positive,False,baseline
review_0002752,order_0004205,4,2024-05-09T00:00:00,2024-05-11T10:00:00,positive,False,baseline
review_0002753,order_0004206,5,2024-03-03T00:00:00,2024-03-04T14:00:00,positive,False,baseline
review_0002754,order_0004207,5,2025-07-04T00:00:00,2025-07-06T11:00:00,positive,False,baseline
review_0002755,order_0004209,3,2024-01-19T00:00:00,2024-01-20T03:00:00,neutral,False,baseline
review_0002756,order_0004210,3,2026-12-08T00:00:00,2026-12-10T21:00:00,neutral,False,baseline
review_0002757,order_0004211,3,2025-10-31T00:00:00,2025-11-01T01:00:00,neutral,False,baseline
review_0002758,order_0004213,4,2025-07-12T00:00:00,2025-07-13T00:00:00,positive,False,baseline
review_0002759,order_0004215,4,2024-05-17T00:00:00,2024-05-19T20:00:00,positive,False,baseline
review_0002760,order_0004216,4,2024-11-14T00:00:00,2024-11-14T23:00:00,positive,False,baseline
review_0002761,order_0004217,5,2024-09-26T00:00:00,2024-09-28T17:00:00,positive,False,baseline
review_0002762,order_0004218,5,2024-11-17T00:00:00,2024-11-17T18:00:00,positive,False,baseline
review_0002763,order_0004220,3,2024-10-09T00:00:00,2024-10-10T04:00:00,neutral,False,baseline
review_0002764,order_0004222,3,2024-11-28T00:00:00,2024-11-30T03:00:00,neutral,False,baseline
review_0002765,order_0004226,3,2024-11-05T00:00:00,2024-11-06T09:00:00,neutral,False,baseline
review_0002766,order_0004229,5,2024-01-17T00:00:00,2024-01-17T18:00:00,positive,False,baseline
review_0002767,order_0004230,4,2024-11-25T00:00:00,2024-11-27T09:00:00,positive,False,baseline
review_0002768,order_0004231,3,2025-08-03T00:00:00,2025-08-04T18:00:00,neutral,False,baseline
review_0002769,order_0004232,3,2026-11-20T00:00:00,2026-11-21T14:00:00,neutral,False,baseline
review_0002770,order_0004233,3,2024-12-23T00:00:00,2024-12-24T02:00:00,neutral,False,baseline
review_0002771,order_0004234,4,2025-03-07T00:00:00,2025-03-08T18:00:00,positive,False,baseline
review_0002772,order_0004235,4,2025-11-16T00:00:00,2025-11-18T02:00:00,positive,False,baseline
review_0002773,order_0004236,4,2026-10-04T00:00:00,2026-10-06T21:00:00,positive,False,baseline
review_0002774,order_0004238,5,2024-12-05T00:00:00,2024-12-06T05:00:00,positive,False,baseline
review_0002775,order_0004239,3,2025-06-05T00:00:00,2025-06-05T16:00:00,neutral,False,baseline
review_0002776,order_0004241,4,2024-09-22T00:00:00,2024-09-22T11:00:00,positive,False,baseline
review_0002777,order_0004242,5,2025-04-04T00:00:00,2025-04-04T09:00:00,positive,False,baseline
review_0002778,order_0004245,5,2025-11-01T00:00:00,2025-11-02T12:00:00,positive,False,baseline
review_0002779,order_0004246,3,2025-12-20T00:00:00,2025-12-22T19:00:00,neutral,False,baseline
review_0002780,order_0004247,4,2024-10-11T00:00:00,2024-10-12T23:00:00,positive,False,baseline
review_0002781,order_0004248,4,2026-12-22T00:00:00,2026-12-23T01:00:00,positive,False,baseline
review_0002782,order_0004252,4,2024-10-13T00:00:00,2024-10-15T17:00:00,positive,False,baseline
review_0002783,order_0004254,4,2026-04-21T00:00:00,2026-04-23T14:00:00,positive,False,baseline
review_0002784,order_0004256,4,2026-11-26T00:00:00,2026-11-28T10:00:00,positive,False,baseline
review_0002785,order_0004257,5,2026-10-24T00:00:00,2026-10-25T04:00:00,positive,False,baseline
review_0002786,order_0004258,5,2026-01-24T00:00:00,2026-01-25T00:00:00,positive,False,baseline
review_0002787,order_0004261,4,2024-12-26T00:00:00,2024-12-27T16:00:00,positive,False,baseline
review_0002788,order_0004262,3,2026-10-22T00:00:00,2026-10-22T23:00:00,neutral,False,baseline
review_0002789,order_0004264,5,2026-11-02T00:00:00,2026-11-04T20:00:00,positive,False,baseline
review_0002790,order_0004266,5,2025-09-19T00:00:00,2025-09-19T23:00:00,positive,False,baseline
review_0002791,order_0004267,3,2024-06-17T00:00:00,2024-06-18T16:00:00,neutral,False,baseline
review_0002792,order_0004268,4,2026-07-21T00:00:00,2026-07-23T19:00:00,positive,False,baseline
review_0002793,order_0004270,3,2024-12-06T00:00:00,2024-12-07T18:00:00,neutral,False,baseline
review_0002794,order_0004271,4,2026-08-12T00:00:00,2026-08-13T16:00:00,positive,False,baseline
review_0002795,order_0004273,3,2024-07-21T00:00:00,2024-07-23T20:00:00,neutral,False,baseline
review_0002796,order_0004275,4,2026-02-20T00:00:00,2026-02-21T19:00:00,positive,False,baseline
review_0002797,order_0004276,4,2024-03-17T00:00:00,2024-03-19T16:00:00,positive,False,baseline
review_0002798,order_0004277,4,2024-12-03T00:00:00,2024-12-03T18:00:00,positive,False,baseline
review_0002799,order_0004278,5,2024-04-13T00:00:00,2024-04-14T20:00:00,positive,False,baseline
review_0002800,order_0004279,4,2026-12-08T00:00:00,2026-12-10T14:00:00,positive,False,baseline
review_0002801,order_0004283,5,2025-03-15T00:00:00,2025-03-17T15:00:00,positive,False,baseline
review_0002802,order_0004284,4,2024-07-08T00:00:00,2024-07-10T08:00:00,positive,False,baseline
review_0002803,order_0004287,4,2026-10-03T00:00:00,2026-10-03T16:00:00,positive,False,baseline
review_0002804,order_0004288,4,2024-08-08T00:00:00,2024-08-09T19:00:00,positive,False,baseline
review_0002805,order_0004290,5,2025-10-13T00:00:00,2025-10-13T16:00:00,positive,False,baseline
review_0002806,order_0004291,5,2026-01-23T00:00:00,2026-01-25T00:00:00,positive,False,baseline
review_0002807,order_0004292,4,2026-10-21T00:00:00,2026-10-22T20:00:00,positive,False,baseline
review_0002808,order_0004293,4,2025-12-22T00:00:00,2025-12-24T21:00:00,positive,False,baseline
review_0002809,order_0004295,3,2026-12-11T00:00:00,2026-12-11T14:00:00,neutral,False,baseline
review_0002810,order_0004296,4,2025-08-28T00:00:00,2025-08-29T01:00:00,positive,False,baseline
review_0002811,order_0004297,4,2026-06-20T00:00:00,2026-06-20T13:00:00,positive,False,baseline
review_0002812,order_0004298,5,2025-10-20T00:00:00,2025-10-21T07:00:00,positive,False,baseline
review_0002813,order_0004300,5,2024-02-15T00:00:00,2024-02-18T00:00:00,positive,False,baseline
review_0002814,order_0004301,5,2025-03-22T00:00:00,2025-03-22T11:00:00,positive,False,baseline
review_0002815,order_0004303,1,2026-03-01T00:00:00,2026-03-02T13:00:00,negative,True,baseline
review_0002816,order_0004304,5,2026-07-29T00:00:00,2026-07-31T15:00:00,positive,False,baseline
review_0002817,order_0004305,3,2025-10-31T00:00:00,2025-11-01T15:00:00,neutral,False,baseline
review_0002818,order_0004306,3,2026-07-10T00:00:00,2026-07-10T19:00:00,neutral,False,baseline
review_0002819,order_0004308,3,2025-04-09T00:00:00,2025-04-10T19:00:00,neutral,False,baseline
review_0002820,order_0004310,3,2025-12-23T00:00:00,2025-12-26T00:00:00,neutral,False,baseline
review_0002821,order_0004312,5,2026-07-12T00:00:00,2026-07-13T21:00:00,positive,False,baseline
review_0002822,order_0004314,4,2026-06-03T00:00:00,2026-06-04T14:00:00,positive,False,baseline
review_0002823,order_0004315,5,2026-10-21T00:00:00,2026-10-22T07:00:00,positive,False,baseline
review_0002824,order_0004316,4,2025-11-07T00:00:00,2025-11-10T00:00:00,positive,False,baseline
review_0002825,order_0004317,5,2025-01-24T00:00:00,2025-01-25T08:00:00,positive,False,baseline
review_0002826,order_0004318,4,2024-09-08T00:00:00,2024-09-09T14:00:00,positive,False,baseline
review_0002827,order_0004320,3,2026-03-23T00:00:00,2026-03-23T11:00:00,neutral,False,baseline
review_0002828,order_0004322,3,2024-12-17T00:00:00,2024-12-17T16:00:00,neutral,False,baseline
review_0002829,order_0004323,4,2024-05-29T00:00:00,2024-05-31T02:00:00,positive,False,baseline
review_0002830,order_0004324,4,2024-07-19T00:00:00,2024-07-19T18:00:00,positive,False,baseline
review_0002831,order_0004327,4,2024-01-21T00:00:00,2024-01-23T23:00:00,positive,False,baseline
review_0002832,order_0004328,3,2024-02-06T00:00:00,2024-02-07T10:00:00,neutral,False,baseline
review_0002833,order_0004329,4,2025-06-01T00:00:00,2025-06-02T10:00:00,positive,False,baseline
review_0002834,order_0004330,3,2025-08-03T00:00:00,2025-08-05T17:00:00,neutral,False,baseline
review_0002835,order_0004331,4,2024-07-08T00:00:00,2024-07-10T08:00:00,positive,False,baseline
review_0002836,order_0004332,4,2025-06-04T00:00:00,2025-06-06T00:00:00,positive,False,baseline
review_0002837,order_0004333,5,2024-12-27T00:00:00,2024-12-28T08:00:00,positive,False,baseline
review_0002838,order_0004334,4,2026-12-16T00:00:00,2026-12-17T10:00:00,positive,False,baseline
review_0002839,order_0004335,4,2025-09-01T00:00:00,2025-09-03T06:00:00,positive,False,baseline
review_0002840,order_0004339,2,2024-12-29T00:00:00,2024-12-30T05:00:00,negative,True,baseline
review_0002841,order_0004340,3,2024-05-15T00:00:00,2024-05-15T13:00:00,neutral,False,baseline
review_0002842,order_0004341,4,2024-08-24T00:00:00,2024-08-24T17:00:00,positive,False,baseline
review_0002843,order_0004344,4,2025-11-04T00:00:00,2025-11-04T09:00:00,positive,False,baseline
review_0002844,order_0004345,4,2025-04-16T00:00:00,2025-04-16T21:00:00,positive,False,baseline
review_0002845,order_0004347,3,2026-05-15T00:00:00,2026-05-17T22:00:00,neutral,False,baseline
review_0002846,order_0004348,5,2026-03-03T00:00:00,2026-03-04T02:00:00,positive,False,baseline
review_0002847,order_0004351,4,2024-09-08T00:00:00,2024-09-09T21:00:00,positive,False,baseline
review_0002848,order_0004352,4,2026-06-27T00:00:00,2026-06-27T16:00:00,positive,False,baseline
review_0002849,order_0004353,5,2025-09-28T00:00:00,2025-09-30T04:00:00,positive,False,baseline
review_0002850,order_0004354,5,2024-09-24T00:00:00,2024-09-25T07:00:00,positive,False,baseline
review_0002851,order_0004355,3,2026-04-06T00:00:00,2026-04-08T08:00:00,neutral,False,baseline
review_0002852,order_0004356,5,2024-12-27T00:00:00,2024-12-27T11:00:00,positive,False,baseline
review_0002853,order_0004357,4,2026-01-30T00:00:00,2026-02-01T18:00:00,positive,False,baseline
review_0002854,order_0004360,5,2024-10-24T00:00:00,2024-10-25T07:00:00,positive,False,baseline
review_0002855,order_0004361,4,2026-01-14T00:00:00,2026-01-14T19:00:00,positive,False,baseline
review_0002856,order_0004362,4,2024-12-02T00:00:00,2024-12-04T13:00:00,positive,False,baseline
review_0002857,order_0004364,4,2024-06-06T00:00:00,2024-06-06T11:00:00,positive,False,baseline
review_0002858,order_0004365,4,2026-08-02T00:00:00,2026-08-04T13:00:00,positive,False,baseline
review_0002859,order_0004366,4,2026-08-10T00:00:00,2026-08-10T23:00:00,positive,False,baseline
review_0002860,order_0004371,3,2026-04-10T00:00:00,2026-04-12T09:00:00,neutral,False,baseline
review_0002861,order_0004373,4,2025-07-27T00:00:00,2025-07-27T21:00:00,positive,False,baseline
review_0002862,order_0004375,3,2025-12-29T00:00:00,2025-12-29T08:00:00,neutral,False,baseline
review_0002863,order_0004376,4,2026-09-13T00:00:00,2026-09-14T17:00:00,positive,False,baseline
review_0002864,order_0004377,4,2024-03-04T00:00:00,2024-03-06T12:00:00,positive,False,baseline
review_0002865,order_0004378,5,2025-06-27T00:00:00,2025-06-28T21:00:00,positive,False,baseline
review_0002866,order_0004379,4,2024-06-17T00:00:00,2024-06-19T05:00:00,positive,False,baseline
review_0002867,order_0004380,4,2026-05-17T00:00:00,2026-05-18T11:00:00,positive,False,baseline
review_0002868,order_0004381,4,2024-05-02T00:00:00,2024-05-04T01:00:00,positive,False,baseline
review_0002869,order_0004383,3,2025-03-26T00:00:00,2025-03-27T17:00:00,neutral,False,baseline
review_0002870,order_0004384,2,2025-07-10T00:00:00,2025-07-10T11:00:00,negative,True,baseline
review_0002871,order_0004385,4,2024-04-23T00:00:00,2024-04-23T17:00:00,positive,False,baseline
review_0002872,order_0004386,4,2026-08-10T00:00:00,2026-08-11T02:00:00,positive,False,baseline
review_0002873,order_0004387,5,2025-02-17T00:00:00,2025-02-17T17:00:00,positive,False,baseline
review_0002874,order_0004388,5,2026-11-15T00:00:00,2026-11-16T21:00:00,positive,False,baseline
review_0002875,order_0004390,3,2026-11-25T00:00:00,2026-11-26T03:00:00,neutral,False,baseline
review_0002876,order_0004391,4,2024-05-07T00:00:00,2024-05-08T11:00:00,positive,False,baseline
review_0002877,order_0004393,5,2026-04-14T00:00:00,2026-04-16T10:00:00,positive,False,baseline
review_0002878,order_0004397,5,2025-09-01T00:00:00,2025-09-03T12:00:00,positive,False,baseline
review_0002879,order_0004398,3,2025-04-03T00:00:00,2025-04-03T08:00:00,neutral,False,baseline
review_0002880,order_0004399,4,2024-09-12T00:00:00,2024-09-13T16:00:00,positive,False,baseline
review_0002881,order_0004401,3,2024-09-08T00:00:00,2024-09-10T10:00:00,neutral,False,baseline
review_0002882,order_0004403,3,2024-08-23T00:00:00,2024-08-23T21:00:00,neutral,False,baseline
review_0002883,order_0004404,5,2025-07-28T00:00:00,2025-07-28T09:00:00,positive,False,baseline
review_0002884,order_0004405,4,2024-12-11T00:00:00,2024-12-12T15:00:00,positive,False,baseline
review_0002885,order_0004406,3,2026-10-02T00:00:00,2026-10-03T12:00:00,neutral,False,baseline
review_0002886,order_0004407,4,2024-10-22T00:00:00,2024-10-24T04:00:00,positive,False,baseline
review_0002887,order_0004408,4,2024-10-21T00:00:00,2024-10-23T10:00:00,positive,False,baseline
review_0002888,order_0004409,4,2024-05-25T00:00:00,2024-05-27T15:00:00,positive,False,baseline
review_0002889,order_0004410,3,2025-07-21T00:00:00,2025-07-23T12:00:00,neutral,False,baseline
review_0002890,order_0004411,3,2024-11-26T00:00:00,2024-11-26T15:00:00,neutral,False,baseline
review_0002891,order_0004414,4,2025-03-01T00:00:00,2025-03-03T06:00:00,positive,False,baseline
review_0002892,order_0004415,4,2025-06-15T00:00:00,2025-06-16T21:00:00,positive,False,baseline
review_0002893,order_0004416,4,2026-12-06T00:00:00,2026-12-06T18:00:00,positive,False,baseline
review_0002894,order_0004417,4,2026-06-29T00:00:00,2026-06-30T04:00:00,positive,False,baseline
review_0002895,order_0004421,4,2024-10-28T00:00:00,2024-10-30T11:00:00,positive,False,baseline
review_0002896,order_0004423,5,2026-06-05T00:00:00,2026-06-07T16:00:00,positive,False,baseline
review_0002897,order_0004425,4,2025-07-27T00:00:00,2025-07-28T10:00:00,positive,False,baseline
review_0002898,order_0004426,3,2026-06-20T00:00:00,2026-06-21T10:00:00,neutral,False,baseline
review_0002899,order_0004427,5,2026-04-29T00:00:00,2026-04-30T17:00:00,positive,False,baseline
review_0002900,order_0004428,5,2025-03-07T00:00:00,2025-03-08T21:00:00,positive,False,baseline
review_0002901,order_0004429,4,2024-05-05T00:00:00,2024-05-07T05:00:00,positive,False,baseline
review_0002902,order_0004430,4,2025-05-14T00:00:00,2025-05-14T20:00:00,positive,False,baseline
review_0002903,order_0004433,5,2026-01-09T00:00:00,2026-01-09T14:00:00,positive,False,baseline
review_0002904,order_0004435,4,2025-05-11T00:00:00,2025-05-13T14:00:00,positive,False,baseline
review_0002905,order_0004436,4,2026-10-10T00:00:00,2026-10-11T23:00:00,positive,False,baseline
review_0002906,order_0004437,4,2025-01-08T00:00:00,2025-01-08T13:00:00,positive,False,baseline
review_0002907,order_0004438,3,2024-05-05T00:00:00,2024-05-05T19:00:00,neutral,False,baseline
review_0002908,order_0004439,4,2026-10-10T00:00:00,2026-10-11T14:00:00,positive,False,baseline
review_0002909,order_0004440,4,2025-01-05T00:00:00,2025-01-07T17:00:00,positive,False,baseline
review_0002910,order_0004443,3,2026-12-20T00:00:00,2026-12-20T19:00:00,neutral,False,baseline
review_0002911,order_0004444,5,2026-12-31T00:00:00,2026-12-31T08:00:00,positive,False,baseline
review_0002912,order_0004445,4,2025-11-14T00:00:00,2025-11-16T06:00:00,positive,False,baseline
review_0002913,order_0004447,3,2026-09-03T00:00:00,2026-09-04T08:00:00,neutral,False,baseline
review_0002914,order_0004448,2,2026-09-04T00:00:00,2026-09-05T14:00:00,negative,True,baseline
review_0002915,order_0004450,5,2026-04-01T00:00:00,2026-04-03T07:00:00,positive,False,baseline
review_0002916,order_0004452,3,2024-11-12T00:00:00,2024-11-12T21:00:00,neutral,False,baseline
review_0002917,order_0004453,4,2025-10-26T00:00:00,2025-10-28T10:00:00,positive,False,baseline
review_0002918,order_0004455,5,2024-12-10T00:00:00,2024-12-12T01:00:00,positive,False,baseline
review_0002919,order_0004456,4,2026-01-21T00:00:00,2026-01-21T11:00:00,positive,False,baseline
review_0002920,order_0004458,5,2026-02-15T00:00:00,2026-02-16T01:00:00,positive,False,baseline
review_0002921,order_0004459,5,2025-10-26T00:00:00,2025-10-26T19:00:00,positive,False,baseline
review_0002922,order_0004460,4,2025-06-20T00:00:00,2025-06-22T23:00:00,positive,False,baseline
review_0002923,order_0004461,5,2026-01-15T00:00:00,2026-01-17T10:00:00,positive,False,baseline
review_0002924,order_0004466,4,2025-12-19T00:00:00,2025-12-19T17:00:00,positive,False,baseline
review_0002925,order_0004467,4,2025-08-12T00:00:00,2025-08-14T03:00:00,positive,False,baseline
review_0002926,order_0004469,4,2026-08-31T00:00:00,2026-09-01T13:00:00,positive,False,baseline
review_0002927,order_0004472,3,2025-08-12T00:00:00,2025-08-14T14:00:00,neutral,False,baseline
review_0002928,order_0004474,5,2024-02-15T00:00:00,2024-02-15T16:00:00,positive,False,baseline
review_0002929,order_0004475,5,2026-09-03T00:00:00,2026-09-03T10:00:00,positive,False,baseline
review_0002930,order_0004477,4,2024-02-29T00:00:00,2024-02-29T20:00:00,positive,False,baseline
review_0002931,order_0004478,4,2024-12-11T00:00:00,2024-12-13T01:00:00,positive,False,baseline
review_0002932,order_0004479,3,2026-11-08T00:00:00,2026-11-10T13:00:00,neutral,False,baseline
review_0002933,order_0004481,3,2025-03-12T00:00:00,2025-03-14T07:00:00,neutral,False,baseline
review_0002934,order_0004482,4,2026-01-05T00:00:00,2026-01-06T22:00:00,positive,False,baseline
review_0002935,order_0004483,2,2025-08-05T00:00:00,2025-08-06T22:00:00,negative,True,baseline
review_0002936,order_0004484,4,2024-01-22T00:00:00,2024-01-23T01:00:00,positive,False,baseline
review_0002937,order_0004486,5,2024-10-19T00:00:00,2024-10-19T12:00:00,positive,False,baseline
review_0002938,order_0004487,4,2026-11-13T00:00:00,2026-11-15T08:00:00,positive,False,baseline
review_0002939,order_0004488,5,2026-05-17T00:00:00,2026-05-18T12:00:00,positive,False,baseline
review_0002940,order_0004489,5,2025-12-26T00:00:00,2025-12-27T19:00:00,positive,False,baseline
review_0002941,order_0004490,4,2025-09-04T00:00:00,2025-09-04T16:00:00,positive,False,baseline
review_0002942,order_0004491,5,2024-03-22T00:00:00,2024-03-22T19:00:00,positive,False,baseline
review_0002943,order_0004493,5,2025-01-27T00:00:00,2025-01-29T16:00:00,positive,False,baseline
review_0002944,order_0004494,4,2024-10-23T00:00:00,2024-10-23T14:00:00,positive,False,baseline
review_0002945,order_0004495,5,2024-07-06T00:00:00,2024-07-08T14:00:00,positive,False,baseline
review_0002946,order_0004496,5,2025-02-26T00:00:00,2025-02-26T15:00:00,positive,False,baseline
review_0002947,order_0004498,4,2024-07-16T00:00:00,2024-07-17T20:00:00,positive,False,baseline
review_0002948,order_0004499,3,2026-01-13T00:00:00,2026-01-15T22:00:00,neutral,False,baseline
review_0002949,order_0004500,4,2025-08-23T00:00:00,2025-08-24T02:00:00,positive,False,baseline
review_0002950,order_0004501,3,2025-03-29T00:00:00,2025-03-30T19:00:00,neutral,False,baseline
review_0002951,order_0004504,4,2025-06-24T00:00:00,2025-06-26T09:00:00,positive,False,baseline
review_0002952,order_0004506,4,2026-06-12T00:00:00,2026-06-14T07:00:00,positive,False,baseline
review_0002953,order_0004507,3,2024-10-03T00:00:00,2024-10-04T04:00:00,neutral,False,baseline
review_0002954,order_0004508,5,2026-07-26T00:00:00,2026-07-27T20:00:00,positive,False,baseline
review_0002955,order_0004509,5,2024-04-26T00:00:00,2024-04-27T04:00:00,positive,False,baseline
review_0002956,order_0004510,4,2024-05-14T00:00:00,2024-05-15T21:00:00,positive,False,baseline
review_0002957,order_0004511,3,2024-09-15T00:00:00,2024-09-17T11:00:00,neutral,False,baseline
review_0002958,order_0004513,5,2026-08-11T00:00:00,2026-08-12T06:00:00,positive,False,baseline
review_0002959,order_0004514,5,2025-06-28T00:00:00,2025-06-29T09:00:00,positive,False,baseline
review_0002960,order_0004518,4,2025-09-12T00:00:00,2025-09-13T12:00:00,positive,False,baseline
review_0002961,order_0004519,5,2024-01-30T00:00:00,2024-02-01T14:00:00,positive,False,baseline
review_0002962,order_0004520,3,2024-06-26T00:00:00,2024-06-27T11:00:00,neutral,False,baseline
review_0002963,order_0004522,4,2025-10-31T00:00:00,2025-10-31T20:00:00,positive,False,baseline
review_0002964,order_0004523,5,2024-11-02T00:00:00,2024-11-04T07:00:00,positive,False,baseline
review_0002965,order_0004524,4,2026-07-29T00:00:00,2026-07-30T08:00:00,positive,False,baseline
review_0002966,order_0004525,3,2024-07-10T00:00:00,2024-07-12T00:00:00,neutral,False,baseline
review_0002967,order_0004526,4,2026-11-16T00:00:00,2026-11-17T14:00:00,positive,False,baseline
review_0002968,order_0004528,5,2024-04-15T00:00:00,2024-04-16T10:00:00,positive,False,baseline
review_0002969,order_0004531,4,2025-11-15T00:00:00,2025-11-15T15:00:00,positive,False,baseline
review_0002970,order_0004533,3,2024-09-21T00:00:00,2024-09-23T12:00:00,neutral,False,baseline
review_0002971,order_0004534,3,2024-10-27T00:00:00,2024-10-27T21:00:00,neutral,False,baseline
review_0002972,order_0004535,4,2026-08-27T00:00:00,2026-08-28T18:00:00,positive,False,baseline
review_0002973,order_0004536,4,2024-05-06T00:00:00,2024-05-06T10:00:00,positive,False,baseline
review_0002974,order_0004537,2,2024-10-17T00:00:00,2024-10-19T17:00:00,negative,True,baseline
review_0002975,order_0004538,4,2026-10-18T00:00:00,2026-10-20T07:00:00,positive,False,baseline
review_0002976,order_0004539,4,2025-08-25T00:00:00,2025-08-26T06:00:00,positive,False,baseline
review_0002977,order_0004540,4,2025-08-25T00:00:00,2025-08-27T14:00:00,positive,False,baseline
review_0002978,order_0004541,4,2024-03-29T00:00:00,2024-03-31T21:00:00,positive,False,baseline
review_0002979,order_0004542,3,2025-11-28T00:00:00,2025-11-29T02:00:00,neutral,False,baseline
review_0002980,order_0004543,3,2026-10-13T00:00:00,2026-10-15T17:00:00,neutral,False,baseline
review_0002981,order_0004545,5,2026-05-15T00:00:00,2026-05-17T11:00:00,positive,False,baseline
review_0002982,order_0004547,1,2025-10-31T00:00:00,2025-10-31T19:00:00,negative,True,baseline
review_0002983,order_0004548,5,2025-02-08T00:00:00,2025-02-10T14:00:00,positive,False,baseline
review_0002984,order_0004549,3,2026-09-11T00:00:00,2026-09-13T05:00:00,neutral,False,baseline
review_0002985,order_0004550,5,2025-10-30T00:00:00,2025-10-31T01:00:00,positive,False,baseline
review_0002986,order_0004552,5,2025-01-11T00:00:00,2025-01-13T23:00:00,positive,False,baseline
review_0002987,order_0004553,3,2024-09-12T00:00:00,2024-09-13T18:00:00,neutral,False,baseline
review_0002988,order_0004554,4,2024-12-15T00:00:00,2024-12-16T03:00:00,positive,False,baseline
review_0002989,order_0004557,4,2025-06-27T00:00:00,2025-06-27T12:00:00,positive,False,baseline
review_0002990,order_0004558,4,2025-11-15T00:00:00,2025-11-16T16:00:00,positive,False,baseline
review_0002991,order_0004559,4,2026-12-24T00:00:00,2026-12-24T10:00:00,positive,False,baseline
review_0002992,order_0004560,5,2026-11-12T00:00:00,2026-11-14T21:00:00,positive,False,baseline
review_0002993,order_0004563,4,2026-10-25T00:00:00,2026-10-26T23:00:00,positive,False,baseline
review_0002994,order_0004566,3,2026-11-24T00:00:00,2026-11-24T16:00:00,neutral,False,baseline
review_0002995,order_0004567,2,2025-04-01T00:00:00,2025-04-01T15:00:00,negative,True,baseline
review_0002996,order_0004568,4,2026-09-22T00:00:00,2026-09-23T10:00:00,positive,False,baseline
review_0002997,order_0004569,5,2024-05-01T00:00:00,2024-05-03T11:00:00,positive,False,baseline
review_0002998,order_0004570,5,2024-08-07T00:00:00,2024-08-10T00:00:00,positive,False,baseline
review_0002999,order_0004571,5,2025-03-16T00:00:00,2025-03-19T00:00:00,positive,False,baseline
review_0003000,order_0004576,3,2025-12-08T00:00:00,2025-12-08T20:00:00,neutral,False,baseline
review_0003001,order_0004579,2,2026-11-30T00:00:00,2026-12-01T06:00:00,negative,True,baseline
review_0003002,order_0004581,4,2025-02-11T00:00:00,2025-02-12T08:00:00,positive,False,baseline
review_0003003,order_0004583,4,2026-11-13T00:00:00,2026-11-14T07:00:00,positive,False,baseline
review_0003004,order_0004585,4,2026-12-06T00:00:00,2026-12-07T11:00:00,positive,False,baseline
review_0003005,order_0004586,3,2026-12-10T00:00:00,2026-12-11T04:00:00,neutral,False,baseline
review_0003006,order_0004587,2,2025-10-12T00:00:00,2025-10-14T16:00:00,negative,True,baseline
review_0003007,order_0004588,5,2024-07-04T00:00:00,2024-07-05T22:00:00,positive,False,baseline
review_0003008,order_0004591,5,2026-11-19T00:00:00,2026-11-21T17:00:00,positive,False,baseline
review_0003009,order_0004598,2,2025-01-20T00:00:00,2025-01-21T13:00:00,negative,True,baseline
review_0003010,order_0004600,3,2026-11-28T00:00:00,2026-12-01T00:00:00,neutral,False,baseline
review_0003011,order_0004601,4,2025-02-18T00:00:00,2025-02-20T13:00:00,positive,False,baseline
review_0003012,order_0004603,4,2024-10-22T00:00:00,2024-10-22T17:00:00,positive,False,baseline
review_0003013,order_0004605,4,2025-05-15T00:00:00,2025-05-16T01:00:00,positive,False,baseline
review_0003014,order_0004607,3,2026-11-19T00:00:00,2026-11-19T16:00:00,neutral,False,baseline
review_0003015,order_0004610,5,2025-01-04T00:00:00,2025-01-04T12:00:00,positive,False,baseline
review_0003016,order_0004611,5,2026-09-03T00:00:00,2026-09-04T23:00:00,positive,False,baseline
review_0003017,order_0004612,4,2026-01-07T00:00:00,2026-01-07T10:00:00,positive,False,baseline
review_0003018,order_0004613,4,2024-06-18T00:00:00,2024-06-19T04:00:00,positive,False,baseline
review_0003019,order_0004614,4,2026-12-14T00:00:00,2026-12-15T00:00:00,positive,False,baseline
review_0003020,order_0004615,1,2026-01-13T00:00:00,2026-01-14T03:00:00,negative,True,baseline
review_0003021,order_0004617,4,2025-09-16T00:00:00,2025-09-16T11:00:00,positive,False,baseline
review_0003022,order_0004619,2,2025-02-16T00:00:00,2025-02-18T12:00:00,negative,True,baseline
review_0003023,order_0004620,5,2026-06-15T00:00:00,2026-06-17T13:00:00,positive,False,baseline
review_0003024,order_0004621,3,2024-10-28T00:00:00,2024-10-28T21:00:00,neutral,False,baseline
review_0003025,order_0004622,1,2025-12-21T00:00:00,2025-12-23T20:00:00,negative,True,baseline
review_0003026,order_0004623,5,2026-06-20T00:00:00,2026-06-22T04:00:00,positive,False,baseline
review_0003027,order_0004624,4,2025-09-04T00:00:00,2025-09-05T18:00:00,positive,False,baseline
review_0003028,order_0004625,4,2025-03-04T00:00:00,2025-03-06T06:00:00,positive,False,baseline
review_0003029,order_0004629,5,2025-03-09T00:00:00,2025-03-09T18:00:00,positive,False,baseline
review_0003030,order_0004630,4,2025-12-24T00:00:00,2025-12-26T13:00:00,positive,False,baseline
review_0003031,order_0004631,5,2025-10-02T00:00:00,2025-10-04T08:00:00,positive,False,baseline
review_0003032,order_0004633,3,2026-12-02T00:00:00,2026-12-03T21:00:00,neutral,False,baseline
review_0003033,order_0004634,4,2026-10-09T00:00:00,2026-10-10T09:00:00,positive,False,baseline
review_0003034,order_0004636,4,2026-04-22T00:00:00,2026-04-24T10:00:00,positive,False,baseline
review_0003035,order_0004638,5,2025-08-25T00:00:00,2025-08-25T18:00:00,positive,False,baseline
review_0003036,order_0004639,2,2025-06-10T00:00:00,2025-06-12T08:00:00,negative,True,baseline
review_0003037,order_0004640,4,2024-10-01T00:00:00,2024-10-02T02:00:00,positive,False,baseline
review_0003038,order_0004641,4,2026-05-17T00:00:00,2026-05-18T07:00:00,positive,False,baseline
review_0003039,order_0004642,4,2026-08-24T00:00:00,2026-08-25T11:00:00,positive,False,baseline
review_0003040,order_0004643,4,2024-10-21T00:00:00,2024-10-21T11:00:00,positive,False,baseline
review_0003041,order_0004644,4,2024-09-09T00:00:00,2024-09-12T00:00:00,positive,False,baseline
review_0003042,order_0004647,4,2026-02-23T00:00:00,2026-02-24T21:00:00,positive,False,baseline
review_0003043,order_0004650,4,2026-10-05T00:00:00,2026-10-06T08:00:00,positive,False,baseline
review_0003044,order_0004653,5,2025-01-10T00:00:00,2025-01-11T03:00:00,positive,False,baseline
review_0003045,order_0004654,5,2024-06-19T00:00:00,2024-06-20T22:00:00,positive,False,baseline
review_0003046,order_0004655,4,2025-03-19T00:00:00,2025-03-20T16:00:00,positive,False,baseline
review_0003047,order_0004656,5,2026-09-29T00:00:00,2026-09-30T12:00:00,positive,False,baseline
review_0003048,order_0004657,4,2025-10-06T00:00:00,2025-10-06T13:00:00,positive,False,baseline
review_0003049,order_0004661,4,2025-01-24T00:00:00,2025-01-25T21:00:00,positive,False,baseline
review_0003050,order_0004662,5,2024-03-27T00:00:00,2024-03-29T07:00:00,positive,False,baseline
review_0003051,order_0004663,5,2025-06-16T00:00:00,2025-06-17T09:00:00,positive,False,baseline
review_0003052,order_0004664,4,2024-02-03T00:00:00,2024-02-04T16:00:00,positive,False,baseline
review_0003053,order_0004665,5,2025-01-17T00:00:00,2025-01-17T16:00:00,positive,False,baseline
review_0003054,order_0004666,5,2024-08-02T00:00:00,2024-08-02T14:00:00,positive,False,baseline
review_0003055,order_0004668,5,2025-02-07T00:00:00,2025-02-08T05:00:00,positive,False,baseline
review_0003056,order_0004669,5,2025-12-13T00:00:00,2025-12-14T22:00:00,positive,False,baseline
review_0003057,order_0004671,5,2026-09-11T00:00:00,2026-09-13T07:00:00,positive,False,baseline
review_0003058,order_0004672,4,2025-07-04T00:00:00,2025-07-06T09:00:00,positive,False,baseline
review_0003059,order_0004673,5,2026-12-08T00:00:00,2026-12-10T22:00:00,positive,False,baseline
review_0003060,order_0004675,3,2026-12-03T00:00:00,2026-12-05T13:00:00,neutral,False,baseline
review_0003061,order_0004677,3,2026-09-08T00:00:00,2026-09-09T16:00:00,neutral,False,baseline
review_0003062,order_0004680,5,2025-01-30T00:00:00,2025-01-31T09:00:00,positive,False,baseline
review_0003063,order_0004681,4,2024-06-12T00:00:00,2024-06-13T15:00:00,positive,False,baseline
review_0003064,order_0004682,5,2024-08-10T00:00:00,2024-08-11T09:00:00,positive,False,baseline
review_0003065,order_0004684,5,2024-04-21T00:00:00,2024-04-21T21:00:00,positive,False,baseline
review_0003066,order_0004685,4,2026-09-06T00:00:00,2026-09-08T02:00:00,positive,False,baseline
review_0003067,order_0004686,4,2024-10-27T00:00:00,2024-10-28T02:00:00,positive,False,baseline
review_0003068,order_0004687,5,2025-11-20T00:00:00,2025-11-22T21:00:00,positive,False,baseline
review_0003069,order_0004691,4,2026-10-18T00:00:00,2026-10-19T02:00:00,positive,False,baseline
review_0003070,order_0004692,4,2026-04-02T00:00:00,2026-04-02T10:00:00,positive,False,baseline
review_0003071,order_0004693,5,2025-07-22T00:00:00,2025-07-24T12:00:00,positive,False,baseline
review_0003072,order_0004695,5,2025-12-28T00:00:00,2025-12-28T20:00:00,positive,False,baseline
review_0003073,order_0004696,4,2024-03-30T00:00:00,2024-03-30T08:00:00,positive,False,baseline
review_0003074,order_0004697,4,2026-12-04T00:00:00,2026-12-05T22:00:00,positive,False,baseline
review_0003075,order_0004698,4,2026-04-02T00:00:00,2026-04-04T07:00:00,positive,False,baseline
review_0003076,order_0004699,5,2025-08-20T00:00:00,2025-08-20T11:00:00,positive,False,baseline
review_0003077,order_0004700,3,2026-12-17T00:00:00,2026-12-17T08:00:00,neutral,False,baseline
review_0003078,order_0004703,5,2026-10-11T00:00:00,2026-10-13T16:00:00,positive,False,baseline
review_0003079,order_0004705,4,2025-06-21T00:00:00,2025-06-22T17:00:00,positive,False,baseline
review_0003080,order_0004706,3,2026-08-28T00:00:00,2026-08-30T00:00:00,neutral,False,baseline
review_0003081,order_0004707,5,2026-05-31T00:00:00,2026-06-02T07:00:00,positive,False,baseline
review_0003082,order_0004708,4,2025-02-20T00:00:00,2025-02-21T19:00:00,positive,False,baseline
review_0003083,order_0004710,3,2025-11-17T00:00:00,2025-11-18T06:00:00,neutral,False,baseline
review_0003084,order_0004711,4,2026-07-08T00:00:00,2026-07-08T08:00:00,positive,False,baseline
review_0003085,order_0004712,4,2026-05-30T00:00:00,2026-05-31T18:00:00,positive,False,baseline
review_0003086,order_0004713,4,2025-01-18T00:00:00,2025-01-19T00:00:00,positive,False,baseline
review_0003087,order_0004715,4,2025-02-08T00:00:00,2025-02-09T16:00:00,positive,False,baseline
review_0003088,order_0004718,3,2024-10-26T00:00:00,2024-10-27T05:00:00,neutral,False,baseline
review_0003089,order_0004719,5,2026-12-25T00:00:00,2026-12-25T21:00:00,positive,False,baseline
review_0003090,order_0004720,5,2025-10-24T00:00:00,2025-10-25T07:00:00,positive,False,baseline
review_0003091,order_0004722,4,2025-10-22T00:00:00,2025-10-24T15:00:00,positive,False,baseline
review_0003092,order_0004723,4,2024-11-08T00:00:00,2024-11-10T18:00:00,positive,False,baseline
review_0003093,order_0004724,4,2026-09-24T00:00:00,2026-09-26T00:00:00,positive,False,baseline
review_0003094,order_0004726,4,2025-09-06T00:00:00,2025-09-08T13:00:00,positive,False,baseline
review_0003095,order_0004728,4,2026-05-14T00:00:00,2026-05-15T23:00:00,positive,False,baseline
review_0003096,order_0004729,5,2024-06-16T00:00:00,2024-06-16T08:00:00,positive,False,baseline
review_0003097,order_0004731,4,2024-02-15T00:00:00,2024-02-17T01:00:00,positive,False,baseline
review_0003098,order_0004732,5,2026-11-17T00:00:00,2026-11-17T22:00:00,positive,False,baseline
review_0003099,order_0004734,4,2024-12-22T00:00:00,2024-12-24T07:00:00,positive,False,baseline
review_0003100,order_0004735,3,2026-03-14T00:00:00,2026-03-15T15:00:00,neutral,False,baseline
review_0003101,order_0004738,4,2025-03-24T00:00:00,2025-03-26T04:00:00,positive,False,baseline
review_0003102,order_0004739,4,2026-10-20T00:00:00,2026-10-20T12:00:00,positive,False,baseline
review_0003103,order_0004740,4,2026-01-05T00:00:00,2026-01-07T07:00:00,positive,False,baseline
review_0003104,order_0004743,3,2026-08-22T00:00:00,2026-08-24T15:00:00,neutral,False,baseline
review_0003105,order_0004744,4,2026-04-02T00:00:00,2026-04-02T10:00:00,positive,False,baseline
review_0003106,order_0004746,5,2024-06-15T00:00:00,2024-06-16T12:00:00,positive,False,baseline
review_0003107,order_0004747,5,2024-09-13T00:00:00,2024-09-15T20:00:00,positive,False,baseline
review_0003108,order_0004748,4,2024-02-19T00:00:00,2024-02-21T02:00:00,positive,False,baseline
review_0003109,order_0004749,3,2025-12-30T00:00:00,2026-01-01T16:00:00,neutral,False,baseline
review_0003110,order_0004750,4,2024-10-03T00:00:00,2024-10-04T13:00:00,positive,False,baseline
review_0003111,order_0004751,4,2026-01-04T00:00:00,2026-01-06T21:00:00,positive,False,baseline
review_0003112,order_0004752,3,2026-12-30T00:00:00,2026-12-31T04:00:00,neutral,False,baseline
review_0003113,order_0004754,4,2026-12-21T00:00:00,2026-12-22T22:00:00,positive,False,baseline
review_0003114,order_0004755,3,2025-11-17T00:00:00,2025-11-19T19:00:00,neutral,False,baseline
review_0003115,order_0004756,5,2024-06-22T00:00:00,2024-06-24T13:00:00,positive,False,baseline
review_0003116,order_0004757,4,2025-05-30T00:00:00,2025-05-30T18:00:00,positive,False,baseline
review_0003117,order_0004758,5,2026-10-03T00:00:00,2026-10-05T00:00:00,positive,False,baseline
review_0003118,order_0004759,4,2026-04-30T00:00:00,2026-05-02T05:00:00,positive,False,baseline
review_0003119,order_0004761,3,2026-05-12T00:00:00,2026-05-13T11:00:00,neutral,False,baseline
review_0003120,order_0004763,4,2025-11-16T00:00:00,2025-11-18T18:00:00,positive,False,baseline
review_0003121,order_0004764,4,2025-02-18T00:00:00,2025-02-18T20:00:00,positive,False,baseline
review_0003122,order_0004765,4,2026-09-12T00:00:00,2026-09-13T06:00:00,positive,False,baseline
review_0003123,order_0004768,3,2024-04-06T00:00:00,2024-04-06T09:00:00,neutral,False,baseline
review_0003124,order_0004769,4,2026-03-18T00:00:00,2026-03-19T03:00:00,positive,False,baseline
review_0003125,order_0004771,5,2025-03-05T00:00:00,2025-03-06T12:00:00,positive,False,baseline
review_0003126,order_0004773,4,2024-06-06T00:00:00,2024-06-07T15:00:00,positive,False,baseline
review_0003127,order_0004774,5,2025-06-06T00:00:00,2025-06-07T18:00:00,positive,False,baseline
review_0003128,order_0004776,4,2026-07-13T00:00:00,2026-07-13T16:00:00,positive,False,baseline
review_0003129,order_0004780,4,2026-06-25T00:00:00,2026-06-26T14:00:00,positive,False,baseline
review_0003130,order_0004781,2,2026-12-19T00:00:00,2026-12-20T13:00:00,negative,True,baseline
review_0003131,order_0004782,2,2026-12-20T00:00:00,2026-12-22T17:00:00,negative,True,baseline
review_0003132,order_0004783,5,2026-05-18T00:00:00,2026-05-20T19:00:00,positive,False,baseline
review_0003133,order_0004784,4,2026-02-12T00:00:00,2026-02-14T17:00:00,positive,False,baseline
review_0003134,order_0004785,5,2025-05-15T00:00:00,2025-05-17T07:00:00,positive,False,baseline
review_0003135,order_0004786,5,2024-11-05T00:00:00,2024-11-07T07:00:00,positive,False,baseline
review_0003136,order_0004788,4,2025-06-27T00:00:00,2025-06-29T08:00:00,positive,False,baseline
review_0003137,order_0004791,4,2025-04-09T00:00:00,2025-04-09T15:00:00,positive,False,baseline
review_0003138,order_0004793,4,2026-05-12T00:00:00,2026-05-14T11:00:00,positive,False,baseline
review_0003139,order_0004794,5,2025-10-28T00:00:00,2025-10-30T00:00:00,positive,False,baseline
review_0003140,order_0004795,1,2024-12-13T00:00:00,2024-12-13T19:00:00,negative,True,baseline
review_0003141,order_0004796,4,2025-10-31T00:00:00,2025-11-02T07:00:00,positive,False,baseline
review_0003142,order_0004798,4,2025-01-12T00:00:00,2025-01-12T19:00:00,positive,False,baseline
review_0003143,order_0004802,4,2026-08-04T00:00:00,2026-08-06T14:00:00,positive,False,baseline
review_0003144,order_0004803,4,2026-07-23T00:00:00,2026-07-25T03:00:00,positive,False,baseline
review_0003145,order_0004804,5,2026-10-27T00:00:00,2026-10-29T05:00:00,positive,False,baseline
review_0003146,order_0004805,5,2025-12-10T00:00:00,2025-12-12T09:00:00,positive,False,baseline
review_0003147,order_0004806,4,2026-10-07T00:00:00,2026-10-08T15:00:00,positive,False,baseline
review_0003148,order_0004807,5,2025-08-17T00:00:00,2025-08-17T11:00:00,positive,False,baseline
review_0003149,order_0004808,4,2024-02-14T00:00:00,2024-02-14T17:00:00,positive,False,baseline
review_0003150,order_0004809,4,2024-02-19T00:00:00,2024-02-20T11:00:00,positive,False,baseline
review_0003151,order_0004811,3,2024-04-24T00:00:00,2024-04-25T03:00:00,neutral,False,baseline
review_0003152,order_0004814,3,2025-07-28T00:00:00,2025-07-30T11:00:00,neutral,False,baseline
review_0003153,order_0004815,4,2024-03-11T00:00:00,2024-03-14T00:00:00,positive,False,baseline
review_0003154,order_0004816,5,2025-04-05T00:00:00,2025-04-06T12:00:00,positive,False,baseline
review_0003155,order_0004818,4,2025-12-01T00:00:00,2025-12-01T12:00:00,positive,False,baseline
review_0003156,order_0004819,5,2024-04-26T00:00:00,2024-04-28T20:00:00,positive,False,baseline
review_0003157,order_0004820,5,2024-02-26T00:00:00,2024-02-26T11:00:00,positive,False,baseline
review_0003158,order_0004822,4,2024-02-24T00:00:00,2024-02-24T09:00:00,positive,False,baseline
review_0003159,order_0004823,4,2025-03-29T00:00:00,2025-03-30T18:00:00,positive,False,baseline
review_0003160,order_0004824,5,2025-06-07T00:00:00,2025-06-08T04:00:00,positive,False,baseline
review_0003161,order_0004825,5,2025-07-04T00:00:00,2025-07-06T12:00:00,positive,False,baseline
review_0003162,order_0004827,5,2026-09-11T00:00:00,2026-09-12T11:00:00,positive,False,baseline
review_0003163,order_0004831,4,2024-09-26T00:00:00,2024-09-28T05:00:00,positive,False,baseline
review_0003164,order_0004832,4,2026-09-21T00:00:00,2026-09-22T10:00:00,positive,False,baseline
review_0003165,order_0004833,4,2024-07-26T00:00:00,2024-07-28T06:00:00,positive,False,baseline
review_0003166,order_0004834,3,2025-02-23T00:00:00,2025-02-23T19:00:00,neutral,False,baseline
review_0003167,order_0004837,4,2026-09-15T00:00:00,2026-09-16T23:00:00,positive,False,baseline
review_0003168,order_0004838,4,2024-10-07T00:00:00,2024-10-08T04:00:00,positive,False,baseline
review_0003169,order_0004839,5,2025-09-23T00:00:00,2025-09-25T15:00:00,positive,False,baseline
review_0003170,order_0004840,5,2025-08-23T00:00:00,2025-08-23T19:00:00,positive,False,baseline
review_0003171,order_0004841,3,2024-03-12T00:00:00,2024-03-13T14:00:00,neutral,False,baseline
review_0003172,order_0004843,5,2025-02-16T00:00:00,2025-02-16T13:00:00,positive,False,baseline
review_0003173,order_0004844,5,2024-08-12T00:00:00,2024-08-13T12:00:00,positive,False,baseline
review_0003174,order_0004845,1,2025-07-03T00:00:00,2025-07-03T16:00:00,negative,True,baseline
review_0003175,order_0004846,5,2025-07-14T00:00:00,2025-07-16T02:00:00,positive,False,baseline
review_0003176,order_0004847,3,2026-03-23T00:00:00,2026-03-25T01:00:00,neutral,False,baseline
review_0003177,order_0004848,4,2025-04-26T00:00:00,2025-04-26T10:00:00,positive,False,baseline
review_0003178,order_0004850,4,2025-12-29T00:00:00,2025-12-31T23:00:00,positive,False,baseline
review_0003179,order_0004851,3,2026-04-02T00:00:00,2026-04-02T14:00:00,neutral,False,baseline
review_0003180,order_0004852,5,2025-01-04T00:00:00,2025-01-04T11:00:00,positive,False,baseline
review_0003181,order_0004853,3,2024-04-27T00:00:00,2024-04-29T12:00:00,neutral,False,baseline
review_0003182,order_0004854,3,2026-07-26T00:00:00,2026-07-27T07:00:00,neutral,False,baseline
review_0003183,order_0004858,4,2026-01-18T00:00:00,2026-01-19T05:00:00,positive,False,baseline
review_0003184,order_0004859,4,2026-05-27T00:00:00,2026-05-29T14:00:00,positive,False,baseline
review_0003185,order_0004862,4,2025-07-20T00:00:00,2025-07-22T13:00:00,positive,False,baseline
review_0003186,order_0004863,3,2026-06-08T00:00:00,2026-06-09T02:00:00,neutral,False,baseline
review_0003187,order_0004864,5,2025-12-29T00:00:00,2025-12-30T07:00:00,positive,False,baseline
review_0003188,order_0004865,3,2026-12-23T00:00:00,2026-12-25T17:00:00,neutral,False,baseline
review_0003189,order_0004870,4,2026-09-17T00:00:00,2026-09-19T09:00:00,positive,False,baseline
review_0003190,order_0004873,5,2024-11-07T00:00:00,2024-11-07T13:00:00,positive,False,baseline
review_0003191,order_0004874,4,2024-10-26T00:00:00,2024-10-27T11:00:00,positive,False,baseline
review_0003192,order_0004875,2,2025-12-19T00:00:00,2025-12-20T05:00:00,negative,True,baseline
review_0003193,order_0004876,3,2024-08-16T00:00:00,2024-08-16T22:00:00,neutral,False,baseline
review_0003194,order_0004877,4,2024-03-16T00:00:00,2024-03-17T08:00:00,positive,False,baseline
review_0003195,order_0004878,4,2024-09-13T00:00:00,2024-09-14T14:00:00,positive,False,baseline
review_0003196,order_0004880,4,2026-11-16T00:00:00,2026-11-17T07:00:00,positive,False,baseline
review_0003197,order_0004881,2,2026-12-30T00:00:00,2026-12-31T17:00:00,negative,True,baseline
review_0003198,order_0004882,4,2025-04-08T00:00:00,2025-04-09T14:00:00,positive,False,baseline
review_0003199,order_0004883,4,2026-09-20T00:00:00,2026-09-21T16:00:00,positive,False,baseline
review_0003200,order_0004884,5,2024-07-13T00:00:00,2024-07-15T00:00:00,positive,False,baseline
review_0003201,order_0004886,4,2026-06-27T00:00:00,2026-06-29T20:00:00,positive,False,baseline
review_0003202,order_0004887,4,2026-01-05T00:00:00,2026-01-06T06:00:00,positive,False,baseline
review_0003203,order_0004890,3,2025-07-17T00:00:00,2025-07-19T13:00:00,neutral,False,baseline
review_0003204,order_0004891,5,2025-09-29T00:00:00,2025-09-30T07:00:00,positive,False,baseline
review_0003205,order_0004892,4,2026-07-22T00:00:00,2026-07-23T13:00:00,positive,False,baseline
review_0003206,order_0004893,4,2024-11-19T00:00:00,2024-11-21T13:00:00,positive,False,baseline
review_0003207,order_0004894,4,2026-12-06T00:00:00,2026-12-09T00:00:00,positive,False,baseline
review_0003208,order_0004895,4,2025-01-04T00:00:00,2025-01-05T15:00:00,positive,False,baseline
review_0003209,order_0004896,5,2025-12-07T00:00:00,2025-12-07T16:00:00,positive,False,baseline
review_0003210,order_0004897,5,2026-04-13T00:00:00,2026-04-14T08:00:00,positive,False,baseline
review_0003211,order_0004900,4,2025-05-31T00:00:00,2025-06-01T08:00:00,positive,False,baseline
review_0003212,order_0004903,5,2024-03-25T00:00:00,2024-03-27T04:00:00,positive,False,baseline
review_0003213,order_0004905,4,2024-05-26T00:00:00,2024-05-27T00:00:00,positive,False,baseline
review_0003214,order_0004907,3,2026-06-15T00:00:00,2026-06-16T06:00:00,neutral,False,baseline
review_0003215,order_0004908,5,2025-11-06T00:00:00,2025-11-06T14:00:00,positive,False,baseline
review_0003216,order_0004909,2,2024-09-02T00:00:00,2024-09-03T04:00:00,negative,True,baseline
review_0003217,order_0004911,5,2025-02-23T00:00:00,2025-02-25T23:00:00,positive,False,baseline
review_0003218,order_0004913,4,2026-07-27T00:00:00,2026-07-28T14:00:00,positive,False,baseline
review_0003219,order_0004915,5,2025-12-09T00:00:00,2025-12-10T16:00:00,positive,False,baseline
review_0003220,order_0004916,5,2026-10-09T00:00:00,2026-10-10T15:00:00,positive,False,baseline
review_0003221,order_0004917,4,2024-11-13T00:00:00,2024-11-14T23:00:00,positive,False,baseline
review_0003222,order_0004918,5,2024-02-11T00:00:00,2024-02-11T14:00:00,positive,False,baseline
review_0003223,order_0004919,4,2025-11-08T00:00:00,2025-11-09T14:00:00,positive,False,baseline
review_0003224,order_0004920,4,2025-02-12T00:00:00,2025-02-13T09:00:00,positive,False,baseline
review_0003225,order_0004921,4,2025-04-07T00:00:00,2025-04-07T16:00:00,positive,False,baseline
review_0003226,order_0004922,4,2024-01-27T00:00:00,2024-01-27T11:00:00,positive,False,baseline
review_0003227,order_0004925,4,2025-05-03T00:00:00,2025-05-04T06:00:00,positive,False,baseline
review_0003228,order_0004926,3,2025-12-18T00:00:00,2025-12-19T04:00:00,neutral,False,baseline
review_0003229,order_0004927,5,2026-12-12T00:00:00,2026-12-14T11:00:00,positive,False,baseline
review_0003230,order_0004929,4,2025-10-20T00:00:00,2025-10-22T01:00:00,positive,False,baseline
review_0003231,order_0004930,4,2026-05-07T00:00:00,2026-05-07T17:00:00,positive,False,baseline
review_0003232,order_0004931,4,2026-09-16T00:00:00,2026-09-17T12:00:00,positive,False,baseline
review_0003233,order_0004932,4,2024-02-07T00:00:00,2024-02-09T10:00:00,positive,False,baseline
review_0003234,order_0004935,4,2024-12-13T00:00:00,2024-12-15T22:00:00,positive,False,baseline
review_0003235,order_0004937,3,2026-12-24T00:00:00,2026-12-24T08:00:00,neutral,False,baseline
review_0003236,order_0004939,3,2026-12-07T00:00:00,2026-12-08T16:00:00,neutral,False,baseline
review_0003237,order_0004940,4,2025-09-06T00:00:00,2025-09-08T06:00:00,positive,False,baseline
review_0003238,order_0004942,3,2025-07-07T00:00:00,2025-07-07T18:00:00,neutral,False,baseline
review_0003239,order_0004944,5,2024-03-13T00:00:00,2024-03-14T17:00:00,positive,False,baseline
review_0003240,order_0004945,3,2026-10-25T00:00:00,2026-10-26T06:00:00,neutral,False,baseline
review_0003241,order_0004946,3,2026-01-09T00:00:00,2026-01-10T07:00:00,neutral,False,baseline
review_0003242,order_0004947,4,2026-01-31T00:00:00,2026-02-01T13:00:00,positive,False,baseline
review_0003243,order_0004948,4,2024-06-13T00:00:00,2024-06-13T08:00:00,positive,False,baseline
review_0003244,order_0004950,2,2024-07-08T00:00:00,2024-07-09T11:00:00,negative,True,baseline
review_0003245,order_0004952,4,2025-06-15T00:00:00,2025-06-16T07:00:00,positive,False,baseline
review_0003246,order_0004953,4,2025-08-25T00:00:00,2025-08-26T15:00:00,positive,False,baseline
review_0003247,order_0004955,3,2024-11-10T00:00:00,2024-11-10T11:00:00,neutral,False,baseline
review_0003248,order_0004957,5,2026-12-28T00:00:00,2026-12-29T08:00:00,positive,False,baseline
review_0003249,order_0004958,4,2025-08-28T00:00:00,2025-08-30T14:00:00,positive,False,baseline
review_0003250,order_0004959,5,2024-10-24T00:00:00,2024-10-26T13:00:00,positive,False,baseline
review_0003251,order_0004961,5,2025-05-05T00:00:00,2025-05-07T15:00:00,positive,False,baseline
review_0003252,order_0004962,5,2025-04-13T00:00:00,2025-04-15T13:00:00,positive,False,baseline
review_0003253,order_0004964,5,2025-12-21T00:00:00,2025-12-22T03:00:00,positive,False,baseline
review_0003254,order_0004965,3,2025-09-22T00:00:00,2025-09-22T23:00:00,neutral,False,baseline
review_0003255,order_0004969,3,2024-09-30T00:00:00,2024-09-30T20:00:00,neutral,False,baseline
review_0003256,order_0004970,4,2026-08-31T00:00:00,2026-09-01T17:00:00,positive,False,baseline
review_0003257,order_0004971,4,2026-06-24T00:00:00,2026-06-25T17:00:00,positive,False,baseline
review_0003258,order_0004972,4,2025-09-12T00:00:00,2025-09-14T08:00:00,positive,False,baseline
review_0003259,order_0004976,5,2025-02-03T00:00:00,2025-02-03T20:00:00,positive,False,baseline
review_0003260,order_0004978,5,2025-11-02T00:00:00,2025-11-04T19:00:00,positive,False,baseline
review_0003261,order_0004979,4,2024-02-23T00:00:00,2024-02-24T10:00:00,positive,False,baseline
review_0003262,order_0004980,4,2024-12-28T00:00:00,2024-12-30T15:00:00,positive,False,baseline
review_0003263,order_0004981,3,2025-06-08T00:00:00,2025-06-10T17:00:00,neutral,False,baseline
review_0003264,order_0004983,4,2024-04-16T00:00:00,2024-04-17T05:00:00,positive,False,baseline
review_0003265,order_0004984,5,2024-06-08T00:00:00,2024-06-10T17:00:00,positive,False,baseline
review_0003266,order_0004985,5,2026-04-09T00:00:00,2026-04-10T09:00:00,positive,False,baseline
review_0003267,order_0004986,3,2025-01-18T00:00:00,2025-01-20T22:00:00,neutral,False,baseline
review_0003268,order_0004988,2,2024-02-14T00:00:00,2024-02-16T10:00:00,negative,True,baseline
review_0003269,order_0004992,5,2025-08-02T00:00:00,2025-08-03T22:00:00,positive,False,baseline
review_0003270,order_0004996,4,2026-08-22T00:00:00,2026-08-22T20:00:00,positive,False,baseline
review_0003271,order_0004997,5,2026-01-18T00:00:00,2026-01-19T19:00:00,positive,False,baseline
review_0003272,order_0004998,4,2025-09-13T00:00:00,2025-09-14T00:00:00,positive,False,baseline
review_0003273,order_0004999,3,2025-11-09T00:00:00,2025-11-10T05:00:00,neutral,False,baseline
review_0003274,order_0005000,3,2024-11-12T00:00:00,2024-11-13T05:00:00,neutral,False,baseline
review_0003275,order_0005001,5,2024-02-03T00:00:00,2024-02-05T01:00:00,positive,False,baseline
review_0003276,order_0005003,4,2026-11-24T00:00:00,2026-11-25T04:00:00,positive,False,baseline
review_0003277,order_0005005,4,2025-10-10T00:00:00,2025-10-12T17:00:00,positive,False,baseline
review_0003278,order_0005006,4,2025-10-07T00:00:00,2025-10-08T22:00:00,positive,False,baseline
review_0003279,order_0005007,2,2025-06-21T00:00:00,2025-06-23T00:00:00,negative,True,baseline
review_0003280,order_0005008,5,2026-12-30T00:00:00,2026-12-31T07:00:00,positive,False,baseline
review_0003281,order_0005009,3,2025-10-21T00:00:00,2025-10-22T16:00:00,neutral,False,baseline
review_0003282,order_0005010,3,2024-05-21T00:00:00,2024-05-22T11:00:00,neutral,False,baseline
review_0003283,order_0005011,3,2025-12-25T00:00:00,2025-12-26T01:00:00,neutral,False,baseline
review_0003284,order_0005012,4,2025-03-05T00:00:00,2025-03-07T08:00:00,positive,False,baseline
review_0003285,order_0005015,3,2025-02-26T00:00:00,2025-02-27T09:00:00,neutral,False,baseline
review_0003286,order_0005016,4,2025-02-22T00:00:00,2025-02-24T06:00:00,positive,False,baseline
review_0003287,order_0005017,4,2024-09-12T00:00:00,2024-09-12T21:00:00,positive,False,baseline
review_0003288,order_0005018,3,2026-11-14T00:00:00,2026-11-16T16:00:00,neutral,False,baseline
review_0003289,order_0005019,5,2026-02-21T00:00:00,2026-02-22T05:00:00,positive,False,baseline
review_0003290,order_0005021,3,2024-11-10T00:00:00,2024-11-11T07:00:00,neutral,False,baseline
review_0003291,order_0005024,4,2024-05-22T00:00:00,2024-05-22T22:00:00,positive,False,baseline
review_0003292,order_0005026,3,2025-11-06T00:00:00,2025-11-08T09:00:00,neutral,False,baseline
review_0003293,order_0005027,2,2024-04-22T00:00:00,2024-04-24T15:00:00,negative,True,baseline
review_0003294,order_0005028,3,2025-12-10T00:00:00,2025-12-12T13:00:00,neutral,False,baseline
review_0003295,order_0005029,3,2025-11-19T00:00:00,2025-11-21T12:00:00,neutral,False,baseline
review_0003296,order_0005030,5,2026-02-14T00:00:00,2026-02-15T01:00:00,positive,False,baseline
review_0003297,order_0005031,5,2025-07-19T00:00:00,2025-07-20T03:00:00,positive,False,baseline
review_0003298,order_0005034,5,2025-01-24T00:00:00,2025-01-26T05:00:00,positive,False,baseline
review_0003299,order_0005036,4,2024-02-01T00:00:00,2024-02-03T04:00:00,positive,False,baseline
review_0003300,order_0005039,4,2026-10-24T00:00:00,2026-10-26T08:00:00,positive,False,baseline
review_0003301,order_0005040,4,2025-09-12T00:00:00,2025-09-13T15:00:00,positive,False,baseline
review_0003302,order_0005041,4,2025-08-11T00:00:00,2025-08-13T19:00:00,positive,False,baseline
review_0003303,order_0005042,4,2024-09-07T00:00:00,2024-09-08T00:00:00,positive,False,baseline
review_0003304,order_0005043,3,2025-07-21T00:00:00,2025-07-22T07:00:00,neutral,False,baseline
review_0003305,order_0005044,5,2026-03-14T00:00:00,2026-03-15T04:00:00,positive,False,baseline
review_0003306,order_0005046,4,2026-01-11T00:00:00,2026-01-13T14:00:00,positive,False,baseline
review_0003307,order_0005047,4,2025-08-24T00:00:00,2025-08-26T18:00:00,positive,False,baseline
review_0003308,order_0005048,4,2026-12-12T00:00:00,2026-12-14T16:00:00,positive,False,baseline
review_0003309,order_0005052,4,2025-10-26T00:00:00,2025-10-26T08:00:00,positive,False,baseline
review_0003310,order_0005053,4,2025-04-03T00:00:00,2025-04-05T19:00:00,positive,False,baseline
review_0003311,order_0005054,4,2026-06-05T00:00:00,2026-06-06T08:00:00,positive,False,baseline
review_0003312,order_0005055,5,2026-01-13T00:00:00,2026-01-15T17:00:00,positive,False,baseline
review_0003313,order_0005056,5,2024-09-14T00:00:00,2024-09-15T08:00:00,positive,False,baseline
review_0003314,order_0005057,4,2026-01-08T00:00:00,2026-01-10T00:00:00,positive,False,baseline
review_0003315,order_0005058,5,2025-10-20T00:00:00,2025-10-22T16:00:00,positive,False,baseline
review_0003316,order_0005059,4,2025-06-23T00:00:00,2025-06-24T23:00:00,positive,False,baseline
review_0003317,order_0005061,4,2026-04-14T00:00:00,2026-04-17T00:00:00,positive,False,baseline
review_0003318,order_0005062,3,2025-04-07T00:00:00,2025-04-08T06:00:00,neutral,False,baseline
review_0003319,order_0005063,3,2026-11-13T00:00:00,2026-11-15T03:00:00,neutral,False,baseline
review_0003320,order_0005064,5,2025-02-27T00:00:00,2025-03-01T04:00:00,positive,False,baseline
review_0003321,order_0005065,4,2026-12-12T00:00:00,2026-12-13T17:00:00,positive,False,baseline
review_0003322,order_0005068,3,2025-11-17T00:00:00,2025-11-17T18:00:00,neutral,False,baseline
review_0003323,order_0005069,4,2026-09-20T00:00:00,2026-09-20T17:00:00,positive,False,baseline
review_0003324,order_0005070,4,2026-12-04T00:00:00,2026-12-05T23:00:00,positive,False,baseline
review_0003325,order_0005072,5,2024-09-19T00:00:00,2024-09-21T07:00:00,positive,False,baseline
review_0003326,order_0005074,3,2024-02-08T00:00:00,2024-02-08T09:00:00,neutral,False,baseline
review_0003327,order_0005075,4,2024-05-17T00:00:00,2024-05-19T12:00:00,positive,False,baseline
review_0003328,order_0005076,4,2025-09-01T00:00:00,2025-09-01T09:00:00,positive,False,baseline
review_0003329,order_0005078,4,2024-11-16T00:00:00,2024-11-17T01:00:00,positive,False,baseline
review_0003330,order_0005079,2,2024-06-15T00:00:00,2024-06-17T10:00:00,negative,True,baseline
review_0003331,order_0005081,4,2026-08-13T00:00:00,2026-08-14T00:00:00,positive,False,baseline
review_0003332,order_0005083,3,2025-11-23T00:00:00,2025-11-25T01:00:00,neutral,False,baseline
review_0003333,order_0005084,3,2025-12-31T00:00:00,2026-01-01T05:00:00,neutral,False,baseline
review_0003334,order_0005085,4,2025-09-29T00:00:00,2025-09-30T16:00:00,positive,False,baseline
review_0003335,order_0005086,4,2026-06-30T00:00:00,2026-07-01T22:00:00,positive,False,baseline
review_0003336,order_0005088,4,2024-10-23T00:00:00,2024-10-25T18:00:00,positive,False,baseline
review_0003337,order_0005090,4,2024-11-20T00:00:00,2024-11-22T02:00:00,positive,False,baseline
review_0003338,order_0005092,3,2026-05-01T00:00:00,2026-05-02T14:00:00,neutral,False,baseline
review_0003339,order_0005093,4,2024-02-05T00:00:00,2024-02-06T10:00:00,positive,False,baseline
review_0003340,order_0005094,5,2024-12-20T00:00:00,2024-12-23T00:00:00,positive,False,baseline
review_0003341,order_0005096,5,2024-02-13T00:00:00,2024-02-13T16:00:00,positive,False,baseline
review_0003342,order_0005097,5,2024-03-06T00:00:00,2024-03-06T14:00:00,positive,False,baseline
review_0003343,order_0005098,4,2024-11-29T00:00:00,2024-11-30T09:00:00,positive,False,baseline
review_0003344,order_0005099,4,2025-05-02T00:00:00,2025-05-03T08:00:00,positive,False,baseline
review_0003345,order_0005100,4,2024-02-11T00:00:00,2024-02-13T23:00:00,positive,False,baseline
review_0003346,order_0005101,5,2025-01-13T00:00:00,2025-01-15T17:00:00,positive,False,baseline
review_0003347,order_0005103,5,2024-05-24T00:00:00,2024-05-24T14:00:00,positive,False,baseline
review_0003348,order_0005104,5,2026-02-28T00:00:00,2026-03-02T14:00:00,positive,False,baseline
review_0003349,order_0005105,4,2024-10-26T00:00:00,2024-10-26T22:00:00,positive,False,baseline
review_0003350,order_0005107,3,2026-10-15T00:00:00,2026-10-16T13:00:00,neutral,False,baseline
review_0003351,order_0005108,2,2025-01-01T00:00:00,2025-01-02T00:00:00,negative,True,baseline
review_0003352,order_0005111,5,2026-04-07T00:00:00,2026-04-08T01:00:00,positive,False,baseline
review_0003353,order_0005112,4,2025-04-03T00:00:00,2025-04-05T09:00:00,positive,False,baseline
review_0003354,order_0005113,3,2026-04-22T00:00:00,2026-04-23T15:00:00,neutral,False,baseline
review_0003355,order_0005114,2,2026-02-13T00:00:00,2026-02-14T06:00:00,negative,True,baseline
review_0003356,order_0005117,5,2026-07-20T00:00:00,2026-07-22T16:00:00,positive,False,baseline
review_0003357,order_0005118,3,2026-04-08T00:00:00,2026-04-10T20:00:00,neutral,False,baseline
review_0003358,order_0005119,4,2026-02-17T00:00:00,2026-02-19T23:00:00,positive,False,baseline
review_0003359,order_0005120,4,2025-12-14T00:00:00,2025-12-15T12:00:00,positive,False,baseline
review_0003360,order_0005121,5,2024-07-30T00:00:00,2024-08-01T02:00:00,positive,False,baseline
review_0003361,order_0005123,5,2025-11-22T00:00:00,2025-11-24T23:00:00,positive,False,baseline
review_0003362,order_0005124,3,2024-03-06T00:00:00,2024-03-06T08:00:00,neutral,False,baseline
review_0003363,order_0005125,3,2026-09-06T00:00:00,2026-09-07T01:00:00,neutral,False,baseline
review_0003364,order_0005127,4,2026-06-24T00:00:00,2026-06-24T12:00:00,positive,False,baseline
review_0003365,order_0005128,5,2024-06-28T00:00:00,2024-06-30T11:00:00,positive,False,baseline
review_0003366,order_0005129,5,2025-02-27T00:00:00,2025-02-27T15:00:00,positive,False,baseline
review_0003367,order_0005130,4,2024-03-25T00:00:00,2024-03-27T01:00:00,positive,False,baseline
review_0003368,order_0005131,5,2025-12-11T00:00:00,2025-12-11T19:00:00,positive,False,baseline
review_0003369,order_0005132,5,2025-12-14T00:00:00,2025-12-15T18:00:00,positive,False,baseline
review_0003370,order_0005134,3,2026-08-19T00:00:00,2026-08-21T09:00:00,neutral,False,baseline
review_0003371,order_0005136,2,2026-10-30T00:00:00,2026-10-31T21:00:00,negative,True,baseline
review_0003372,order_0005137,4,2025-03-02T00:00:00,2025-03-03T12:00:00,positive,False,baseline
review_0003373,order_0005138,4,2026-06-30T00:00:00,2026-06-30T16:00:00,positive,False,baseline
review_0003374,order_0005139,4,2025-05-22T00:00:00,2025-05-24T04:00:00,positive,False,baseline
review_0003375,order_0005140,4,2026-01-10T00:00:00,2026-01-11T08:00:00,positive,False,baseline
review_0003376,order_0005141,4,2026-05-15T00:00:00,2026-05-17T19:00:00,positive,False,baseline
review_0003377,order_0005142,4,2026-08-11T00:00:00,2026-08-14T00:00:00,positive,False,baseline
review_0003378,order_0005144,5,2025-03-24T00:00:00,2025-03-26T23:00:00,positive,False,baseline
review_0003379,order_0005145,4,2026-01-07T00:00:00,2026-01-07T17:00:00,positive,False,baseline
review_0003380,order_0005146,4,2024-12-09T00:00:00,2024-12-11T21:00:00,positive,False,baseline
review_0003381,order_0005147,4,2024-03-11T00:00:00,2024-03-12T12:00:00,positive,False,baseline
review_0003382,order_0005150,4,2026-05-02T00:00:00,2026-05-03T15:00:00,positive,False,baseline
review_0003383,order_0005151,5,2026-07-27T00:00:00,2026-07-29T15:00:00,positive,False,baseline
review_0003384,order_0005152,4,2024-08-22T00:00:00,2024-08-23T13:00:00,positive,False,baseline
review_0003385,order_0005153,3,2026-03-05T00:00:00,2026-03-07T15:00:00,neutral,False,baseline
review_0003386,order_0005154,4,2025-02-11T00:00:00,2025-02-12T01:00:00,positive,False,baseline
review_0003387,order_0005155,3,2024-12-25T00:00:00,2024-12-25T13:00:00,neutral,False,baseline
review_0003388,order_0005157,4,2024-10-28T00:00:00,2024-10-28T18:00:00,positive,False,baseline
review_0003389,order_0005159,4,2025-05-26T00:00:00,2025-05-27T23:00:00,positive,False,baseline
review_0003390,order_0005160,5,2024-05-21T00:00:00,2024-05-23T02:00:00,positive,False,baseline
review_0003391,order_0005164,4,2024-11-25T00:00:00,2024-11-27T10:00:00,positive,False,baseline
review_0003392,order_0005165,3,2024-10-14T00:00:00,2024-10-15T14:00:00,neutral,False,baseline
review_0003393,order_0005166,3,2026-10-28T00:00:00,2026-10-30T06:00:00,neutral,False,baseline
review_0003394,order_0005167,2,2025-11-15T00:00:00,2025-11-17T09:00:00,negative,True,baseline
review_0003395,order_0005169,3,2025-11-08T00:00:00,2025-11-10T10:00:00,neutral,False,baseline
review_0003396,order_0005170,3,2025-01-26T00:00:00,2025-01-26T18:00:00,neutral,False,baseline
review_0003397,order_0005172,4,2025-01-05T00:00:00,2025-01-07T03:00:00,positive,False,baseline
review_0003398,order_0005174,3,2025-12-30T00:00:00,2025-12-30T13:00:00,neutral,False,baseline
review_0003399,order_0005175,3,2026-02-08T00:00:00,2026-02-08T12:00:00,neutral,False,baseline
review_0003400,order_0005177,4,2026-10-05T00:00:00,2026-10-05T20:00:00,positive,False,baseline
review_0003401,order_0005179,4,2026-12-13T00:00:00,2026-12-15T06:00:00,positive,False,baseline
review_0003402,order_0005180,3,2026-07-31T00:00:00,2026-08-01T16:00:00,neutral,False,baseline
review_0003403,order_0005182,3,2024-03-01T00:00:00,2024-03-02T08:00:00,neutral,False,baseline
review_0003404,order_0005186,5,2025-06-12T00:00:00,2025-06-13T01:00:00,positive,False,baseline
review_0003405,order_0005188,4,2026-10-22T00:00:00,2026-10-24T20:00:00,positive,False,baseline
review_0003406,order_0005189,5,2025-11-08T00:00:00,2025-11-10T04:00:00,positive,False,baseline
review_0003407,order_0005191,4,2026-06-08T00:00:00,2026-06-08T10:00:00,positive,False,baseline
review_0003408,order_0005193,4,2025-11-14T00:00:00,2025-11-16T12:00:00,positive,False,baseline
review_0003409,order_0005194,4,2025-01-03T00:00:00,2025-01-03T08:00:00,positive,False,baseline
review_0003410,order_0005196,1,2025-12-14T00:00:00,2025-12-15T15:00:00,negative,True,baseline
review_0003411,order_0005200,4,2025-08-04T00:00:00,2025-08-06T04:00:00,positive,False,baseline
review_0003412,order_0005201,1,2025-12-21T00:00:00,2025-12-21T11:00:00,negative,True,baseline
review_0003413,order_0005203,4,2025-06-22T00:00:00,2025-06-24T23:00:00,positive,False,baseline
review_0003414,order_0005204,4,2026-10-26T00:00:00,2026-10-26T20:00:00,positive,False,baseline
review_0003415,order_0005207,4,2026-08-26T00:00:00,2026-08-27T21:00:00,positive,False,baseline
review_0003416,order_0005208,4,2024-09-01T00:00:00,2024-09-02T05:00:00,positive,False,baseline
review_0003417,order_0005209,4,2025-10-25T00:00:00,2025-10-27T18:00:00,positive,False,baseline
review_0003418,order_0005210,3,2024-08-17T00:00:00,2024-08-18T17:00:00,neutral,False,baseline
review_0003419,order_0005212,3,2025-04-30T00:00:00,2025-04-30T15:00:00,neutral,False,baseline
review_0003420,order_0005213,1,2026-12-17T00:00:00,2026-12-17T09:00:00,negative,True,baseline
review_0003421,order_0005214,4,2024-12-01T00:00:00,2024-12-03T04:00:00,positive,False,baseline
review_0003422,order_0005215,5,2024-07-06T00:00:00,2024-07-07T00:00:00,positive,False,baseline
review_0003423,order_0005216,4,2026-05-08T00:00:00,2026-05-09T03:00:00,positive,False,baseline
review_0003424,order_0005217,5,2026-09-21T00:00:00,2026-09-23T23:00:00,positive,False,baseline
review_0003425,order_0005218,5,2025-02-10T00:00:00,2025-02-11T13:00:00,positive,False,baseline
review_0003426,order_0005219,4,2024-06-01T00:00:00,2024-06-02T08:00:00,positive,False,baseline
review_0003427,order_0005221,5,2024-03-03T00:00:00,2024-03-03T12:00:00,positive,False,baseline
review_0003428,order_0005225,2,2025-04-08T00:00:00,2025-04-10T20:00:00,negative,True,baseline
review_0003429,order_0005227,3,2025-01-09T00:00:00,2025-01-11T20:00:00,neutral,False,baseline
review_0003430,order_0005228,4,2024-07-11T00:00:00,2024-07-13T00:00:00,positive,False,baseline
review_0003431,order_0005229,4,2024-04-14T00:00:00,2024-04-14T15:00:00,positive,False,baseline
review_0003432,order_0005230,5,2024-11-02T00:00:00,2024-11-02T21:00:00,positive,False,baseline
review_0003433,order_0005231,4,2024-11-26T00:00:00,2024-11-26T08:00:00,positive,False,baseline
review_0003434,order_0005233,3,2024-01-28T00:00:00,2024-01-28T09:00:00,neutral,False,baseline
review_0003435,order_0005234,2,2026-04-22T00:00:00,2026-04-24T05:00:00,negative,True,baseline
review_0003436,order_0005235,4,2025-12-24T00:00:00,2025-12-26T08:00:00,positive,False,baseline
review_0003437,order_0005236,4,2024-10-30T00:00:00,2024-10-30T22:00:00,positive,False,baseline
review_0003438,order_0005237,4,2024-04-04T00:00:00,2024-04-04T12:00:00,positive,False,baseline
review_0003439,order_0005238,5,2025-10-18T00:00:00,2025-10-18T23:00:00,positive,False,baseline
review_0003440,order_0005239,5,2025-04-26T00:00:00,2025-04-28T05:00:00,positive,False,baseline
review_0003441,order_0005240,4,2025-01-06T00:00:00,2025-01-08T04:00:00,positive,False,baseline
review_0003442,order_0005242,4,2025-05-24T00:00:00,2025-05-26T05:00:00,positive,False,baseline
review_0003443,order_0005244,4,2024-09-13T00:00:00,2024-09-13T23:00:00,positive,False,baseline
review_0003444,order_0005245,4,2026-12-07T00:00:00,2026-12-09T22:00:00,positive,False,baseline
review_0003445,order_0005247,3,2026-04-04T00:00:00,2026-04-06T07:00:00,neutral,False,baseline
review_0003446,order_0005248,4,2025-03-29T00:00:00,2025-03-31T18:00:00,positive,False,baseline
review_0003447,order_0005249,4,2026-01-07T00:00:00,2026-01-08T05:00:00,positive,False,baseline
review_0003448,order_0005250,4,2025-12-18T00:00:00,2025-12-18T08:00:00,positive,False,baseline
review_0003449,order_0005251,5,2025-03-13T00:00:00,2025-03-14T06:00:00,positive,False,baseline
review_0003450,order_0005254,4,2026-08-05T00:00:00,2026-08-05T19:00:00,positive,False,baseline
review_0003451,order_0005255,4,2024-09-19T00:00:00,2024-09-20T20:00:00,positive,False,baseline
review_0003452,order_0005256,4,2025-10-14T00:00:00,2025-10-15T00:00:00,positive,False,baseline
review_0003453,order_0005257,5,2024-04-03T00:00:00,2024-04-05T09:00:00,positive,False,baseline
review_0003454,order_0005260,4,2025-11-24T00:00:00,2025-11-25T18:00:00,positive,False,baseline
review_0003455,order_0005262,5,2024-12-28T00:00:00,2024-12-29T01:00:00,positive,False,baseline
review_0003456,order_0005263,5,2026-10-27T00:00:00,2026-10-29T13:00:00,positive,False,baseline
review_0003457,order_0005264,3,2024-03-10T00:00:00,2024-03-11T08:00:00,neutral,False,baseline
review_0003458,order_0005265,5,2025-12-25T00:00:00,2025-12-25T11:00:00,positive,False,baseline
review_0003459,order_0005266,3,2024-03-15T00:00:00,2024-03-17T23:00:00,neutral,False,baseline
review_0003460,order_0005267,5,2026-01-27T00:00:00,2026-01-27T21:00:00,positive,False,baseline
review_0003461,order_0005268,4,2026-11-13T00:00:00,2026-11-13T12:00:00,positive,False,baseline
review_0003462,order_0005269,5,2026-04-09T00:00:00,2026-04-11T02:00:00,positive,False,baseline
review_0003463,order_0005270,3,2024-10-29T00:00:00,2024-10-31T03:00:00,neutral,False,baseline
review_0003464,order_0005272,3,2026-11-18T00:00:00,2026-11-18T23:00:00,neutral,False,baseline
review_0003465,order_0005275,2,2026-12-01T00:00:00,2026-12-03T03:00:00,negative,True,baseline
review_0003466,order_0005277,4,2026-12-16T00:00:00,2026-12-17T07:00:00,positive,False,baseline
review_0003467,order_0005278,4,2025-07-09T00:00:00,2025-07-10T13:00:00,positive,False,baseline
review_0003468,order_0005279,4,2024-01-23T00:00:00,2024-01-23T12:00:00,positive,False,baseline
review_0003469,order_0005280,5,2026-04-06T00:00:00,2026-04-07T09:00:00,positive,False,baseline
review_0003470,order_0005282,4,2026-06-28T00:00:00,2026-06-29T00:00:00,positive,False,baseline
review_0003471,order_0005285,4,2026-02-19T00:00:00,2026-02-21T13:00:00,positive,False,baseline
review_0003472,order_0005286,4,2025-11-26T00:00:00,2025-11-26T13:00:00,positive,False,baseline
review_0003473,order_0005289,3,2026-01-10T00:00:00,2026-01-10T15:00:00,neutral,False,baseline
review_0003474,order_0005290,4,2024-10-01T00:00:00,2024-10-03T20:00:00,positive,False,baseline
review_0003475,order_0005292,5,2026-01-13T00:00:00,2026-01-14T08:00:00,positive,False,baseline
review_0003476,order_0005296,4,2024-02-12T00:00:00,2024-02-14T09:00:00,positive,False,baseline
review_0003477,order_0005297,5,2024-06-30T00:00:00,2024-07-01T09:00:00,positive,False,baseline
review_0003478,order_0005299,3,2026-12-19T00:00:00,2026-12-20T15:00:00,neutral,False,baseline
review_0003479,order_0005300,4,2024-01-25T00:00:00,2024-01-25T10:00:00,positive,False,baseline
review_0003480,order_0005301,4,2024-04-05T00:00:00,2024-04-06T01:00:00,positive,False,baseline
review_0003481,order_0005302,4,2024-02-07T00:00:00,2024-02-07T14:00:00,positive,False,baseline
review_0003482,order_0005304,5,2024-04-15T00:00:00,2024-04-17T22:00:00,positive,False,baseline
review_0003483,order_0005307,3,2025-09-06T00:00:00,2025-09-07T12:00:00,neutral,False,baseline
review_0003484,order_0005309,4,2025-03-15T00:00:00,2025-03-16T04:00:00,positive,False,baseline
review_0003485,order_0005311,4,2024-10-25T00:00:00,2024-10-27T17:00:00,positive,False,baseline
review_0003486,order_0005312,5,2026-07-06T00:00:00,2026-07-08T09:00:00,positive,False,baseline
review_0003487,order_0005314,4,2025-04-19T00:00:00,2025-04-20T22:00:00,positive,False,baseline
review_0003488,order_0005315,4,2025-03-09T00:00:00,2025-03-10T14:00:00,positive,False,baseline
review_0003489,order_0005316,5,2026-04-17T00:00:00,2026-04-18T04:00:00,positive,False,baseline
review_0003490,order_0005320,4,2024-11-11T00:00:00,2024-11-13T19:00:00,positive,False,baseline
review_0003491,order_0005321,3,2025-04-05T00:00:00,2025-04-07T07:00:00,neutral,False,baseline
review_0003492,order_0005322,4,2025-09-24T00:00:00,2025-09-26T16:00:00,positive,False,baseline
review_0003493,order_0005325,2,2026-07-09T00:00:00,2026-07-11T12:00:00,negative,True,baseline
review_0003494,order_0005326,4,2025-11-06T00:00:00,2025-11-08T08:00:00,positive,False,baseline
review_0003495,order_0005327,4,2025-04-29T00:00:00,2025-04-29T21:00:00,positive,False,baseline
review_0003496,order_0005329,4,2025-04-19T00:00:00,2025-04-20T23:00:00,positive,False,baseline
review_0003497,order_0005330,3,2026-04-01T00:00:00,2026-04-03T00:00:00,neutral,False,baseline
review_0003498,order_0005331,5,2026-08-23T00:00:00,2026-08-25T10:00:00,positive,False,baseline
review_0003499,order_0005332,5,2025-04-23T00:00:00,2025-04-23T16:00:00,positive,False,baseline
review_0003500,order_0005333,4,2024-02-21T00:00:00,2024-02-23T15:00:00,positive,False,baseline
review_0003501,order_0005334,4,2025-05-11T00:00:00,2025-05-12T16:00:00,positive,False,baseline
review_0003502,order_0005336,4,2024-12-26T00:00:00,2024-12-28T15:00:00,positive,False,baseline
review_0003503,order_0005341,2,2026-05-25T00:00:00,2026-05-26T06:00:00,negative,True,baseline
review_0003504,order_0005343,5,2026-10-28T00:00:00,2026-10-30T13:00:00,positive,False,baseline
review_0003505,order_0005344,3,2026-01-07T00:00:00,2026-01-08T02:00:00,neutral,False,baseline
review_0003506,order_0005345,5,2026-12-03T00:00:00,2026-12-05T23:00:00,positive,False,baseline
review_0003507,order_0005348,5,2026-07-03T00:00:00,2026-07-03T10:00:00,positive,False,baseline
review_0003508,order_0005350,4,2025-05-14T00:00:00,2025-05-14T12:00:00,positive,False,baseline
review_0003509,order_0005352,5,2024-11-03T00:00:00,2024-11-04T20:00:00,positive,False,baseline
review_0003510,order_0005354,5,2024-12-31T00:00:00,2025-01-01T16:00:00,positive,False,baseline
review_0003511,order_0005355,5,2026-09-03T00:00:00,2026-09-05T18:00:00,positive,False,baseline
review_0003512,order_0005357,2,2025-01-23T00:00:00,2025-01-23T08:00:00,negative,True,baseline
review_0003513,order_0005361,4,2025-06-30T00:00:00,2025-07-01T03:00:00,positive,False,baseline
review_0003514,order_0005362,4,2024-07-19T00:00:00,2024-07-19T11:00:00,positive,False,baseline
review_0003515,order_0005363,3,2024-12-22T00:00:00,2024-12-24T11:00:00,neutral,False,baseline
review_0003516,order_0005366,5,2024-04-15T00:00:00,2024-04-17T21:00:00,positive,False,baseline
review_0003517,order_0005367,5,2026-04-28T00:00:00,2026-04-30T22:00:00,positive,False,baseline
review_0003518,order_0005368,5,2025-12-05T00:00:00,2025-12-06T06:00:00,positive,False,baseline
review_0003519,order_0005373,4,2026-10-20T00:00:00,2026-10-21T03:00:00,positive,False,baseline
review_0003520,order_0005375,5,2026-09-06T00:00:00,2026-09-08T06:00:00,positive,False,baseline
review_0003521,order_0005376,5,2025-06-21T00:00:00,2025-06-22T04:00:00,positive,False,baseline
review_0003522,order_0005377,4,2024-11-17T00:00:00,2024-11-19T04:00:00,positive,False,baseline
review_0003523,order_0005378,4,2025-03-22T00:00:00,2025-03-22T16:00:00,positive,False,baseline
review_0003524,order_0005380,4,2026-01-05T00:00:00,2026-01-06T23:00:00,positive,False,baseline
review_0003525,order_0005382,4,2024-08-16T00:00:00,2024-08-17T00:00:00,positive,False,baseline
review_0003526,order_0005383,5,2025-02-07T00:00:00,2025-02-08T14:00:00,positive,False,baseline
review_0003527,order_0005386,5,2025-08-09T00:00:00,2025-08-09T12:00:00,positive,False,baseline
review_0003528,order_0005388,3,2024-03-28T00:00:00,2024-03-31T00:00:00,neutral,False,baseline
review_0003529,order_0005389,4,2025-11-10T00:00:00,2025-11-10T14:00:00,positive,False,baseline
review_0003530,order_0005391,4,2025-03-27T00:00:00,2025-03-27T15:00:00,positive,False,baseline
review_0003531,order_0005392,4,2026-01-16T00:00:00,2026-01-18T16:00:00,positive,False,baseline
review_0003532,order_0005397,4,2026-11-05T00:00:00,2026-11-06T20:00:00,positive,False,baseline
review_0003533,order_0005398,5,2025-12-28T00:00:00,2025-12-28T12:00:00,positive,False,baseline
review_0003534,order_0005401,5,2025-02-28T00:00:00,2025-02-28T21:00:00,positive,False,baseline
review_0003535,order_0005402,5,2024-10-21T00:00:00,2024-10-21T08:00:00,positive,False,baseline
review_0003536,order_0005403,2,2025-05-08T00:00:00,2025-05-09T20:00:00,negative,True,baseline
review_0003537,order_0005404,4,2025-06-17T00:00:00,2025-06-18T09:00:00,positive,False,baseline
review_0003538,order_0005406,5,2025-06-21T00:00:00,2025-06-23T12:00:00,positive,False,baseline
review_0003539,order_0005408,4,2025-11-17T00:00:00,2025-11-17T22:00:00,positive,False,baseline
review_0003540,order_0005410,3,2025-03-19T00:00:00,2025-03-19T11:00:00,neutral,False,baseline
review_0003541,order_0005412,1,2025-01-18T00:00:00,2025-01-19T21:00:00,negative,True,baseline
review_0003542,order_0005414,3,2026-10-08T00:00:00,2026-10-09T20:00:00,neutral,False,baseline
review_0003543,order_0005415,4,2026-03-28T00:00:00,2026-03-28T20:00:00,positive,False,baseline
review_0003544,order_0005417,4,2026-11-15T00:00:00,2026-11-17T15:00:00,positive,False,baseline
review_0003545,order_0005418,4,2026-11-01T00:00:00,2026-11-01T15:00:00,positive,False,baseline
review_0003546,order_0005419,2,2025-09-09T00:00:00,2025-09-10T18:00:00,negative,True,baseline
review_0003547,order_0005422,3,2025-12-27T00:00:00,2025-12-29T15:00:00,neutral,False,baseline
review_0003548,order_0005423,4,2026-05-14T00:00:00,2026-05-14T20:00:00,positive,False,baseline
review_0003549,order_0005425,4,2024-11-17T00:00:00,2024-11-18T19:00:00,positive,False,baseline
review_0003550,order_0005426,4,2024-01-27T00:00:00,2024-01-28T14:00:00,positive,False,baseline
review_0003551,order_0005428,4,2024-11-18T00:00:00,2024-11-19T00:00:00,positive,False,baseline
review_0003552,order_0005429,4,2026-09-24T00:00:00,2026-09-25T16:00:00,positive,False,baseline
review_0003553,order_0005430,5,2024-08-24T00:00:00,2024-08-26T20:00:00,positive,False,baseline
review_0003554,order_0005431,2,2026-01-17T00:00:00,2026-01-17T21:00:00,negative,True,baseline
review_0003555,order_0005432,3,2024-05-24T00:00:00,2024-05-25T01:00:00,neutral,False,baseline
review_0003556,order_0005434,3,2025-06-24T00:00:00,2025-06-26T06:00:00,neutral,False,baseline
review_0003557,order_0005435,5,2026-12-07T00:00:00,2026-12-09T02:00:00,positive,False,baseline
review_0003558,order_0005436,4,2026-12-25T00:00:00,2026-12-25T14:00:00,positive,False,baseline
review_0003559,order_0005440,3,2025-08-31T00:00:00,2025-09-01T14:00:00,neutral,False,baseline
review_0003560,order_0005442,5,2026-05-30T00:00:00,2026-05-31T20:00:00,positive,False,baseline
review_0003561,order_0005443,4,2026-06-12T00:00:00,2026-06-12T23:00:00,positive,False,baseline
review_0003562,order_0005445,4,2025-09-25T00:00:00,2025-09-26T16:00:00,positive,False,baseline
review_0003563,order_0005446,5,2025-06-18T00:00:00,2025-06-20T14:00:00,positive,False,baseline
review_0003564,order_0005447,5,2025-09-20T00:00:00,2025-09-21T22:00:00,positive,False,baseline
review_0003565,order_0005448,4,2026-11-14T00:00:00,2026-11-15T08:00:00,positive,False,baseline
review_0003566,order_0005449,4,2024-10-17T00:00:00,2024-10-19T08:00:00,positive,False,baseline
review_0003567,order_0005451,4,2024-04-04T00:00:00,2024-04-06T01:00:00,positive,False,baseline
review_0003568,order_0005452,4,2025-06-18T00:00:00,2025-06-20T12:00:00,positive,False,baseline
review_0003569,order_0005453,4,2024-10-30T00:00:00,2024-10-30T09:00:00,positive,False,baseline
review_0003570,order_0005454,4,2025-01-21T00:00:00,2025-01-22T22:00:00,positive,False,baseline
review_0003571,order_0005458,4,2026-04-29T00:00:00,2026-04-30T23:00:00,positive,False,baseline
review_0003572,order_0005459,4,2025-03-06T00:00:00,2025-03-08T01:00:00,positive,False,baseline
review_0003573,order_0005462,4,2026-02-11T00:00:00,2026-02-12T23:00:00,positive,False,baseline
review_0003574,order_0005463,3,2024-05-03T00:00:00,2024-05-04T01:00:00,neutral,False,baseline
review_0003575,order_0005464,5,2025-11-28T00:00:00,2025-11-29T01:00:00,positive,False,baseline
review_0003576,order_0005465,2,2024-06-16T00:00:00,2024-06-18T06:00:00,negative,True,baseline
review_0003577,order_0005466,4,2026-12-27T00:00:00,2026-12-29T19:00:00,positive,False,baseline
review_0003578,order_0005468,5,2024-08-30T00:00:00,2024-09-01T09:00:00,positive,False,baseline
review_0003579,order_0005470,4,2024-10-18T00:00:00,2024-10-19T02:00:00,positive,False,baseline
review_0003580,order_0005471,3,2024-10-02T00:00:00,2024-10-03T21:00:00,neutral,False,baseline
review_0003581,order_0005472,4,2025-01-22T00:00:00,2025-01-24T20:00:00,positive,False,baseline
review_0003582,order_0005473,5,2024-09-01T00:00:00,2024-09-02T21:00:00,positive,False,baseline
review_0003583,order_0005474,5,2026-07-06T00:00:00,2026-07-08T11:00:00,positive,False,baseline
review_0003584,order_0005475,4,2025-12-10T00:00:00,2025-12-12T06:00:00,positive,False,baseline
review_0003585,order_0005476,4,2024-04-16T00:00:00,2024-04-17T04:00:00,positive,False,baseline
review_0003586,order_0005477,4,2025-02-25T00:00:00,2025-02-25T15:00:00,positive,False,baseline
review_0003587,order_0005478,3,2026-04-25T00:00:00,2026-04-27T18:00:00,neutral,False,baseline
review_0003588,order_0005479,5,2026-01-21T00:00:00,2026-01-22T22:00:00,positive,False,baseline
review_0003589,order_0005482,3,2024-09-23T00:00:00,2024-09-25T19:00:00,neutral,False,baseline
review_0003590,order_0005484,3,2025-02-28T00:00:00,2025-03-01T06:00:00,neutral,False,baseline
review_0003591,order_0005485,4,2025-03-10T00:00:00,2025-03-12T07:00:00,positive,False,baseline
review_0003592,order_0005486,3,2025-09-17T00:00:00,2025-09-19T21:00:00,neutral,False,baseline
review_0003593,order_0005487,5,2026-10-16T00:00:00,2026-10-18T11:00:00,positive,False,baseline
review_0003594,order_0005488,4,2026-02-26T00:00:00,2026-02-26T16:00:00,positive,False,baseline
review_0003595,order_0005490,5,2024-10-12T00:00:00,2024-10-13T04:00:00,positive,False,baseline
review_0003596,order_0005491,4,2026-05-29T00:00:00,2026-05-30T09:00:00,positive,False,baseline
review_0003597,order_0005493,5,2025-05-25T00:00:00,2025-05-27T17:00:00,positive,False,baseline
review_0003598,order_0005494,5,2024-02-24T00:00:00,2024-02-26T19:00:00,positive,False,baseline
review_0003599,order_0005497,4,2025-05-22T00:00:00,2025-05-23T08:00:00,positive,False,baseline
review_0003600,order_0005498,5,2025-09-26T00:00:00,2025-09-26T20:00:00,positive,False,baseline
review_0003601,order_0005504,4,2026-02-22T00:00:00,2026-02-24T20:00:00,positive,False,baseline
review_0003602,order_0005506,4,2024-08-26T00:00:00,2024-08-27T14:00:00,positive,False,baseline
review_0003603,order_0005508,5,2025-08-04T00:00:00,2025-08-04T08:00:00,positive,False,baseline
review_0003604,order_0005509,3,2024-04-14T00:00:00,2024-04-15T14:00:00,neutral,False,baseline
review_0003605,order_0005511,5,2024-05-12T00:00:00,2024-05-13T07:00:00,positive,False,baseline
review_0003606,order_0005512,4,2026-06-11T00:00:00,2026-06-11T15:00:00,positive,False,baseline
review_0003607,order_0005516,4,2024-11-30T00:00:00,2024-12-01T00:00:00,positive,False,baseline
review_0003608,order_0005517,4,2024-10-25T00:00:00,2024-10-27T15:00:00,positive,False,baseline
review_0003609,order_0005519,5,2025-01-09T00:00:00,2025-01-09T21:00:00,positive,False,baseline
review_0003610,order_0005520,3,2025-06-05T00:00:00,2025-06-06T05:00:00,neutral,False,baseline
review_0003611,order_0005521,4,2024-01-27T00:00:00,2024-01-28T03:00:00,positive,False,baseline
review_0003612,order_0005522,4,2025-01-08T00:00:00,2025-01-09T12:00:00,positive,False,baseline
review_0003613,order_0005523,4,2024-12-21T00:00:00,2024-12-23T12:00:00,positive,False,baseline
review_0003614,order_0005526,4,2025-06-15T00:00:00,2025-06-15T17:00:00,positive,False,baseline
review_0003615,order_0005527,5,2024-09-17T00:00:00,2024-09-18T12:00:00,positive,False,baseline
review_0003616,order_0005530,4,2024-02-13T00:00:00,2024-02-15T02:00:00,positive,False,baseline
review_0003617,order_0005533,4,2026-01-21T00:00:00,2026-01-22T11:00:00,positive,False,baseline
review_0003618,order_0005534,4,2026-12-27T00:00:00,2026-12-27T16:00:00,positive,False,baseline
review_0003619,order_0005537,4,2026-05-12T00:00:00,2026-05-13T05:00:00,positive,False,baseline
review_0003620,order_0005539,4,2026-11-15T00:00:00,2026-11-18T00:00:00,positive,False,baseline
review_0003621,order_0005540,3,2025-07-17T00:00:00,2025-07-17T16:00:00,neutral,False,baseline
review_0003622,order_0005541,3,2024-03-05T00:00:00,2024-03-05T19:00:00,neutral,False,baseline
review_0003623,order_0005547,4,2025-04-12T00:00:00,2025-04-14T16:00:00,positive,False,baseline
review_0003624,order_0005550,4,2025-07-21T00:00:00,2025-07-23T10:00:00,positive,False,baseline
review_0003625,order_0005553,4,2026-12-01T00:00:00,2026-12-03T18:00:00,positive,False,baseline
review_0003626,order_0005554,4,2025-09-04T00:00:00,2025-09-04T12:00:00,positive,False,baseline
review_0003627,order_0005555,4,2025-11-17T00:00:00,2025-11-17T22:00:00,positive,False,baseline
review_0003628,order_0005558,5,2026-01-04T00:00:00,2026-01-06T18:00:00,positive,False,baseline
review_0003629,order_0005559,3,2024-06-18T00:00:00,2024-06-18T14:00:00,neutral,False,baseline
review_0003630,order_0005560,4,2026-10-25T00:00:00,2026-10-27T23:00:00,positive,False,baseline
review_0003631,order_0005562,3,2024-04-07T00:00:00,2024-04-07T10:00:00,neutral,False,baseline
review_0003632,order_0005564,4,2026-03-06T00:00:00,2026-03-09T00:00:00,positive,False,baseline
review_0003633,order_0005566,4,2025-10-30T00:00:00,2025-10-31T13:00:00,positive,False,baseline
review_0003634,order_0005568,3,2025-12-22T00:00:00,2025-12-22T16:00:00,neutral,False,baseline
review_0003635,order_0005569,4,2026-10-30T00:00:00,2026-10-31T19:00:00,positive,False,baseline
review_0003636,order_0005570,4,2024-11-24T00:00:00,2024-11-25T10:00:00,positive,False,baseline
review_0003637,order_0005571,4,2026-07-30T00:00:00,2026-07-30T14:00:00,positive,False,baseline
review_0003638,order_0005572,5,2025-12-07T00:00:00,2025-12-09T09:00:00,positive,False,baseline
review_0003639,order_0005573,3,2024-03-11T00:00:00,2024-03-12T00:00:00,neutral,False,baseline
review_0003640,order_0005575,3,2026-12-31T00:00:00,2026-12-31T08:00:00,neutral,False,baseline
review_0003641,order_0005576,4,2025-03-21T00:00:00,2025-03-22T18:00:00,positive,False,baseline
review_0003642,order_0005579,3,2026-12-31T00:00:00,2026-12-31T23:59:00,neutral,False,baseline
review_0003643,order_0005580,3,2024-10-24T00:00:00,2024-10-26T11:00:00,neutral,False,baseline
review_0003644,order_0005582,3,2026-12-27T00:00:00,2026-12-27T17:00:00,neutral,False,baseline
review_0003645,order_0005583,2,2026-04-30T00:00:00,2026-04-30T11:00:00,negative,True,baseline
review_0003646,order_0005584,5,2024-08-04T00:00:00,2024-08-04T10:00:00,positive,False,baseline
review_0003647,order_0005585,5,2024-12-28T00:00:00,2024-12-28T09:00:00,positive,False,baseline
review_0003648,order_0005586,5,2026-11-13T00:00:00,2026-11-13T19:00:00,positive,False,baseline
review_0003649,order_0005587,3,2026-06-25T00:00:00,2026-06-26T23:00:00,neutral,False,baseline
review_0003650,order_0005588,4,2026-04-14T00:00:00,2026-04-14T16:00:00,positive,False,baseline
review_0003651,order_0005591,4,2025-04-18T00:00:00,2025-04-20T01:00:00,positive,False,baseline
review_0003652,order_0005592,4,2026-01-05T00:00:00,2026-01-07T07:00:00,positive,False,baseline
review_0003653,order_0005594,5,2026-10-29T00:00:00,2026-10-31T13:00:00,positive,False,baseline
review_0003654,order_0005597,3,2026-06-25T00:00:00,2026-06-28T00:00:00,neutral,False,baseline
review_0003655,order_0005598,2,2026-07-07T00:00:00,2026-07-08T01:00:00,negative,True,baseline
review_0003656,order_0005600,2,2025-11-16T00:00:00,2025-11-16T13:00:00,negative,True,baseline
review_0003657,order_0005601,5,2025-06-28T00:00:00,2025-06-29T20:00:00,positive,False,baseline
review_0003658,order_0005602,3,2026-03-14T00:00:00,2026-03-14T08:00:00,neutral,False,baseline
review_0003659,order_0005603,5,2025-08-06T00:00:00,2025-08-08T21:00:00,positive,False,baseline
review_0003660,order_0005604,4,2025-03-04T00:00:00,2025-03-06T11:00:00,positive,False,baseline
review_0003661,order_0005607,5,2025-09-30T00:00:00,2025-10-01T01:00:00,positive,False,baseline
review_0003662,order_0005609,4,2024-12-31T00:00:00,2024-12-31T19:00:00,positive,False,baseline
review_0003663,order_0005611,4,2026-04-17T00:00:00,2026-04-19T00:00:00,positive,False,baseline
review_0003664,order_0005615,5,2025-04-06T00:00:00,2025-04-07T16:00:00,positive,False,baseline
review_0003665,order_0005616,4,2024-06-01T00:00:00,2024-06-01T13:00:00,positive,False,baseline
review_0003666,order_0005618,5,2024-06-29T00:00:00,2024-06-29T13:00:00,positive,False,baseline
review_0003667,order_0005619,5,2025-06-10T00:00:00,2025-06-11T19:00:00,positive,False,baseline
review_0003668,order_0005620,5,2024-03-18T00:00:00,2024-03-20T14:00:00,positive,False,baseline
review_0003669,order_0005621,3,2025-06-21T00:00:00,2025-06-21T11:00:00,neutral,False,baseline
review_0003670,order_0005622,5,2025-07-27T00:00:00,2025-07-28T13:00:00,positive,False,baseline
review_0003671,order_0005623,3,2025-07-31T00:00:00,2025-08-01T11:00:00,neutral,False,baseline
review_0003672,order_0005624,4,2024-12-10T00:00:00,2024-12-12T05:00:00,positive,False,baseline
review_0003673,order_0005625,3,2024-01-22T00:00:00,2024-01-23T12:00:00,neutral,False,baseline
review_0003674,order_0005626,5,2025-04-06T00:00:00,2025-04-07T23:00:00,positive,False,baseline
review_0003675,order_0005629,4,2024-11-23T00:00:00,2024-11-24T22:00:00,positive,False,baseline
review_0003676,order_0005630,5,2026-08-07T00:00:00,2026-08-08T08:00:00,positive,False,baseline
review_0003677,order_0005631,4,2025-11-15T00:00:00,2025-11-17T15:00:00,positive,False,baseline
review_0003678,order_0005634,3,2026-09-14T00:00:00,2026-09-15T11:00:00,neutral,False,baseline
review_0003679,order_0005635,3,2026-03-30T00:00:00,2026-03-31T11:00:00,neutral,False,baseline
review_0003680,order_0005636,4,2024-12-30T00:00:00,2025-01-01T23:00:00,positive,False,baseline
review_0003681,order_0005637,4,2026-01-26T00:00:00,2026-01-28T18:00:00,positive,False,baseline
review_0003682,order_0005638,3,2024-11-03T00:00:00,2024-11-05T05:00:00,neutral,False,baseline
review_0003683,order_0005639,2,2026-12-13T00:00:00,2026-12-13T09:00:00,negative,True,baseline
review_0003684,order_0005641,4,2026-09-01T00:00:00,2026-09-02T01:00:00,positive,False,baseline
review_0003685,order_0005642,4,2024-11-12T00:00:00,2024-11-13T20:00:00,positive,False,baseline
review_0003686,order_0005646,4,2026-04-27T00:00:00,2026-04-28T03:00:00,positive,False,baseline
review_0003687,order_0005647,2,2026-06-02T00:00:00,2026-06-04T06:00:00,negative,True,baseline
review_0003688,order_0005648,5,2024-09-17T00:00:00,2024-09-18T04:00:00,positive,False,baseline
review_0003689,order_0005649,5,2024-06-10T00:00:00,2024-06-10T11:00:00,positive,False,baseline
review_0003690,order_0005651,4,2026-04-20T00:00:00,2026-04-21T20:00:00,positive,False,baseline
review_0003691,order_0005652,5,2025-01-06T00:00:00,2025-01-07T06:00:00,positive,False,baseline
review_0003692,order_0005653,4,2025-12-19T00:00:00,2025-12-20T05:00:00,positive,False,baseline
review_0003693,order_0005655,4,2025-01-12T00:00:00,2025-01-13T05:00:00,positive,False,baseline
review_0003694,order_0005656,4,2025-09-15T00:00:00,2025-09-16T14:00:00,positive,False,baseline
review_0003695,order_0005657,4,2026-09-10T00:00:00,2026-09-11T22:00:00,positive,False,baseline
review_0003696,order_0005658,5,2025-02-08T00:00:00,2025-02-10T09:00:00,positive,False,baseline
review_0003697,order_0005659,4,2026-02-10T00:00:00,2026-02-11T21:00:00,positive,False,baseline
review_0003698,order_0005660,1,2025-11-03T00:00:00,2025-11-04T09:00:00,negative,True,baseline
review_0003699,order_0005661,4,2026-01-08T00:00:00,2026-01-09T02:00:00,positive,False,baseline
review_0003700,order_0005662,5,2024-08-13T00:00:00,2024-08-14T04:00:00,positive,False,baseline
review_0003701,order_0005663,3,2025-07-26T00:00:00,2025-07-26T18:00:00,neutral,False,baseline
review_0003702,order_0005664,4,2025-04-18T00:00:00,2025-04-20T07:00:00,positive,False,baseline
review_0003703,order_0005665,5,2025-12-15T00:00:00,2025-12-16T15:00:00,positive,False,baseline
review_0003704,order_0005666,5,2024-11-03T00:00:00,2024-11-04T02:00:00,positive,False,baseline
review_0003705,order_0005668,4,2024-11-24T00:00:00,2024-11-25T15:00:00,positive,False,baseline
review_0003706,order_0005672,4,2026-08-31T00:00:00,2026-09-01T09:00:00,positive,False,baseline
review_0003707,order_0005673,4,2024-10-24T00:00:00,2024-10-27T00:00:00,positive,False,baseline
review_0003708,order_0005674,5,2026-03-12T00:00:00,2026-03-14T22:00:00,positive,False,baseline
review_0003709,order_0005675,4,2025-06-04T00:00:00,2025-06-06T00:00:00,positive,False,baseline
review_0003710,order_0005676,5,2025-08-26T00:00:00,2025-08-28T06:00:00,positive,False,baseline
review_0003711,order_0005679,4,2024-06-13T00:00:00,2024-06-14T19:00:00,positive,False,baseline
review_0003712,order_0005680,2,2025-01-06T00:00:00,2025-01-06T12:00:00,negative,True,baseline
review_0003713,order_0005682,2,2026-02-19T00:00:00,2026-02-21T07:00:00,negative,True,baseline
review_0003714,order_0005683,4,2026-11-26T00:00:00,2026-11-28T15:00:00,positive,False,baseline
review_0003715,order_0005687,4,2025-12-03T00:00:00,2025-12-03T14:00:00,positive,False,baseline
review_0003716,order_0005688,5,2024-05-17T00:00:00,2024-05-20T00:00:00,positive,False,baseline
review_0003717,order_0005689,4,2024-01-29T00:00:00,2024-01-30T15:00:00,positive,False,baseline
review_0003718,order_0005690,4,2024-06-08T00:00:00,2024-06-10T04:00:00,positive,False,baseline
review_0003719,order_0005691,5,2024-07-14T00:00:00,2024-07-15T13:00:00,positive,False,baseline
review_0003720,order_0005693,5,2026-04-14T00:00:00,2026-04-15T09:00:00,positive,False,baseline
review_0003721,order_0005697,3,2024-05-14T00:00:00,2024-05-14T19:00:00,neutral,False,baseline
review_0003722,order_0005700,2,2026-01-04T00:00:00,2026-01-05T03:00:00,negative,True,baseline
review_0003723,order_0005702,5,2025-05-28T00:00:00,2025-05-29T09:00:00,positive,False,baseline
review_0003724,order_0005703,3,2024-06-04T00:00:00,2024-06-06T06:00:00,neutral,False,baseline
review_0003725,order_0005704,5,2026-10-13T00:00:00,2026-10-13T12:00:00,positive,False,baseline
review_0003726,order_0005705,5,2025-03-19T00:00:00,2025-03-21T20:00:00,positive,False,baseline
review_0003727,order_0005706,4,2026-04-19T00:00:00,2026-04-20T23:00:00,positive,False,baseline
review_0003728,order_0005707,4,2026-10-20T00:00:00,2026-10-20T19:00:00,positive,False,baseline
review_0003729,order_0005708,4,2024-01-17T00:00:00,2024-01-17T12:00:00,positive,False,baseline
review_0003730,order_0005710,5,2026-03-18T00:00:00,2026-03-20T16:00:00,positive,False,baseline
review_0003731,order_0005711,4,2026-06-16T00:00:00,2026-06-19T00:00:00,positive,False,baseline
review_0003732,order_0005712,4,2025-04-12T00:00:00,2025-04-12T15:00:00,positive,False,baseline
review_0003733,order_0005713,4,2025-05-15T00:00:00,2025-05-17T17:00:00,positive,False,baseline
review_0003734,order_0005719,5,2024-09-07T00:00:00,2024-09-08T23:00:00,positive,False,baseline
review_0003735,order_0005722,5,2026-01-06T00:00:00,2026-01-07T14:00:00,positive,False,baseline
review_0003736,order_0005723,4,2024-06-26T00:00:00,2024-06-27T03:00:00,positive,False,baseline
review_0003737,order_0005724,5,2026-01-04T00:00:00,2026-01-04T22:00:00,positive,False,baseline
review_0003738,order_0005725,4,2025-04-01T00:00:00,2025-04-03T13:00:00,positive,False,baseline
review_0003739,order_0005726,4,2026-12-21T00:00:00,2026-12-22T18:00:00,positive,False,baseline
review_0003740,order_0005727,4,2024-05-29T00:00:00,2024-05-31T20:00:00,positive,False,baseline
review_0003741,order_0005728,4,2026-04-11T00:00:00,2026-04-12T08:00:00,positive,False,baseline
review_0003742,order_0005729,4,2025-05-01T00:00:00,2025-05-01T21:00:00,positive,False,baseline
review_0003743,order_0005731,5,2024-03-24T00:00:00,2024-03-25T17:00:00,positive,False,baseline
review_0003744,order_0005732,3,2025-07-21T00:00:00,2025-07-23T14:00:00,neutral,False,baseline
review_0003745,order_0005734,5,2024-02-05T00:00:00,2024-02-07T12:00:00,positive,False,baseline
review_0003746,order_0005735,4,2025-12-08T00:00:00,2025-12-09T18:00:00,positive,False,baseline
review_0003747,order_0005737,4,2025-12-10T00:00:00,2025-12-11T02:00:00,positive,False,baseline
review_0003748,order_0005739,4,2026-09-16T00:00:00,2026-09-17T09:00:00,positive,False,baseline
review_0003749,order_0005740,2,2025-11-23T00:00:00,2025-11-24T10:00:00,negative,True,baseline
review_0003750,order_0005741,5,2026-09-30T00:00:00,2026-09-30T22:00:00,positive,False,baseline
review_0003751,order_0005743,1,2025-02-20T00:00:00,2025-02-22T06:00:00,negative,True,baseline
review_0003752,order_0005744,4,2024-04-28T00:00:00,2024-04-28T12:00:00,positive,False,baseline
review_0003753,order_0005747,2,2025-02-06T00:00:00,2025-02-06T12:00:00,negative,True,baseline
review_0003754,order_0005748,2,2025-01-08T00:00:00,2025-01-10T21:00:00,negative,True,baseline
review_0003755,order_0005749,4,2026-01-01T00:00:00,2026-01-02T21:00:00,positive,False,baseline
review_0003756,order_0005750,5,2024-10-09T00:00:00,2024-10-10T09:00:00,positive,False,baseline
review_0003757,order_0005751,4,2025-11-14T00:00:00,2025-11-15T21:00:00,positive,False,baseline
review_0003758,order_0005752,3,2026-06-14T00:00:00,2026-06-16T03:00:00,neutral,False,baseline
review_0003759,order_0005753,4,2024-11-27T00:00:00,2024-11-29T03:00:00,positive,False,baseline
review_0003760,order_0005755,4,2025-04-10T00:00:00,2025-04-11T01:00:00,positive,False,baseline
review_0003761,order_0005756,4,2024-06-04T00:00:00,2024-06-05T23:00:00,positive,False,baseline
review_0003762,order_0005758,5,2025-04-21T00:00:00,2025-04-23T18:00:00,positive,False,baseline
review_0003763,order_0005759,3,2026-11-27T00:00:00,2026-11-27T16:00:00,neutral,False,baseline
review_0003764,order_0005760,3,2026-01-02T00:00:00,2026-01-04T19:00:00,neutral,False,baseline
review_0003765,order_0005762,5,2026-09-18T00:00:00,2026-09-19T08:00:00,positive,False,baseline
review_0003766,order_0005763,5,2025-06-09T00:00:00,2025-06-10T18:00:00,positive,False,baseline
review_0003767,order_0005764,4,2024-02-04T00:00:00,2024-02-06T01:00:00,positive,False,baseline
review_0003768,order_0005765,3,2025-12-27T00:00:00,2025-12-30T00:00:00,neutral,False,baseline
review_0003769,order_0005766,4,2026-01-22T00:00:00,2026-01-22T19:00:00,positive,False,baseline
review_0003770,order_0005767,4,2024-12-15T00:00:00,2024-12-17T04:00:00,positive,False,baseline
review_0003771,order_0005769,4,2025-03-06T00:00:00,2025-03-07T05:00:00,positive,False,baseline
review_0003772,order_0005770,5,2025-07-12T00:00:00,2025-07-14T09:00:00,positive,False,baseline
review_0003773,order_0005771,3,2026-11-19T00:00:00,2026-11-19T20:00:00,neutral,False,baseline
review_0003774,order_0005772,4,2026-06-20T00:00:00,2026-06-22T18:00:00,positive,False,baseline
review_0003775,order_0005774,3,2026-06-09T00:00:00,2026-06-10T02:00:00,neutral,False,baseline
review_0003776,order_0005775,4,2024-03-14T00:00:00,2024-03-14T09:00:00,positive,False,baseline
review_0003777,order_0005777,4,2024-03-18T00:00:00,2024-03-20T18:00:00,positive,False,baseline
review_0003778,order_0005778,5,2024-10-05T00:00:00,2024-10-05T16:00:00,positive,False,baseline
review_0003779,order_0005783,4,2026-07-24T00:00:00,2026-07-26T23:00:00,positive,False,baseline
review_0003780,order_0005784,2,2024-11-11T00:00:00,2024-11-13T02:00:00,negative,True,baseline
review_0003781,order_0005785,4,2024-07-02T00:00:00,2024-07-02T08:00:00,positive,False,baseline
review_0003782,order_0005786,5,2024-02-15T00:00:00,2024-02-16T10:00:00,positive,False,baseline
review_0003783,order_0005787,5,2026-04-12T00:00:00,2026-04-13T08:00:00,positive,False,baseline
review_0003784,order_0005791,5,2024-12-10T00:00:00,2024-12-12T17:00:00,positive,False,baseline
review_0003785,order_0005792,4,2024-06-22T00:00:00,2024-06-24T15:00:00,positive,False,baseline
review_0003786,order_0005793,4,2024-12-19T00:00:00,2024-12-21T00:00:00,positive,False,baseline
review_0003787,order_0005794,4,2025-07-09T00:00:00,2025-07-09T20:00:00,positive,False,baseline
review_0003788,order_0005795,3,2025-06-22T00:00:00,2025-06-23T12:00:00,neutral,False,baseline
review_0003789,order_0005796,4,2026-05-03T00:00:00,2026-05-03T17:00:00,positive,False,baseline
review_0003790,order_0005797,4,2024-06-12T00:00:00,2024-06-14T06:00:00,positive,False,baseline
review_0003791,order_0005798,4,2026-12-30T00:00:00,2026-12-31T23:59:00,positive,False,baseline
review_0003792,order_0005799,4,2024-02-18T00:00:00,2024-02-19T02:00:00,positive,False,baseline
review_0003793,order_0005800,3,2024-06-19T00:00:00,2024-06-20T16:00:00,neutral,False,baseline
review_0003794,order_0005802,4,2024-05-26T00:00:00,2024-05-28T09:00:00,positive,False,baseline
review_0003795,order_0005809,1,2024-03-20T00:00:00,2024-03-20T14:00:00,negative,True,baseline
review_0003796,order_0005811,5,2026-07-24T00:00:00,2026-07-26T07:00:00,positive,False,baseline
review_0003797,order_0005814,5,2024-06-08T00:00:00,2024-06-10T12:00:00,positive,False,baseline
review_0003798,order_0005815,4,2026-07-22T00:00:00,2026-07-22T09:00:00,positive,False,baseline
review_0003799,order_0005816,4,2026-08-17T00:00:00,2026-08-19T08:00:00,positive,False,baseline
review_0003800,order_0005817,4,2025-12-05T00:00:00,2025-12-07T16:00:00,positive,False,baseline
review_0003801,order_0005820,3,2024-08-15T00:00:00,2024-08-16T08:00:00,neutral,False,baseline
review_0003802,order_0005821,4,2025-08-26T00:00:00,2025-08-28T13:00:00,positive,False,baseline
review_0003803,order_0005822,4,2026-12-13T00:00:00,2026-12-13T16:00:00,positive,False,baseline
review_0003804,order_0005824,5,2024-09-05T00:00:00,2024-09-06T12:00:00,positive,False,baseline
review_0003805,order_0005825,5,2024-07-11T00:00:00,2024-07-11T19:00:00,positive,False,baseline
review_0003806,order_0005826,4,2024-09-14T00:00:00,2024-09-14T16:00:00,positive,False,baseline
review_0003807,order_0005827,4,2024-07-28T00:00:00,2024-07-29T16:00:00,positive,False,baseline
review_0003808,order_0005829,4,2024-10-12T00:00:00,2024-10-12T20:00:00,positive,False,baseline
review_0003809,order_0005830,4,2026-12-13T00:00:00,2026-12-14T23:00:00,positive,False,baseline
review_0003810,order_0005831,4,2026-06-30T00:00:00,2026-07-02T21:00:00,positive,False,baseline
review_0003811,order_0005832,5,2026-10-22T00:00:00,2026-10-23T20:00:00,positive,False,baseline
review_0003812,order_0005833,5,2026-02-13T00:00:00,2026-02-15T05:00:00,positive,False,baseline
review_0003813,order_0005834,4,2024-02-01T00:00:00,2024-02-02T02:00:00,positive,False,baseline
review_0003814,order_0005835,4,2025-12-11T00:00:00,2025-12-13T04:00:00,positive,False,baseline
review_0003815,order_0005838,5,2024-11-06T00:00:00,2024-11-08T11:00:00,positive,False,baseline
review_0003816,order_0005839,4,2024-08-08T00:00:00,2024-08-10T02:00:00,positive,False,baseline
review_0003817,order_0005840,5,2024-09-10T00:00:00,2024-09-11T21:00:00,positive,False,baseline
review_0003818,order_0005842,5,2024-06-29T00:00:00,2024-07-01T19:00:00,positive,False,baseline
review_0003819,order_0005845,4,2026-12-01T00:00:00,2026-12-02T08:00:00,positive,False,baseline
review_0003820,order_0005846,4,2026-03-17T00:00:00,2026-03-17T15:00:00,positive,False,baseline
review_0003821,order_0005847,5,2026-10-18T00:00:00,2026-10-19T10:00:00,positive,False,baseline
review_0003822,order_0005848,3,2026-12-29T00:00:00,2026-12-31T09:00:00,neutral,False,baseline
review_0003823,order_0005849,4,2025-08-06T00:00:00,2025-08-08T09:00:00,positive,False,baseline
review_0003824,order_0005850,5,2025-02-26T00:00:00,2025-02-27T13:00:00,positive,False,baseline
review_0003825,order_0005851,5,2026-01-08T00:00:00,2026-01-09T06:00:00,positive,False,baseline
review_0003826,order_0005853,4,2026-05-02T00:00:00,2026-05-04T09:00:00,positive,False,baseline
review_0003827,order_0005854,4,2026-02-13T00:00:00,2026-02-15T02:00:00,positive,False,baseline
review_0003828,order_0005855,4,2025-11-03T00:00:00,2025-11-04T15:00:00,positive,False,baseline
review_0003829,order_0005856,3,2026-10-08T00:00:00,2026-10-09T01:00:00,neutral,False,baseline
review_0003830,order_0005858,4,2026-03-17T00:00:00,2026-03-18T19:00:00,positive,False,baseline
review_0003831,order_0005859,3,2024-07-02T00:00:00,2024-07-04T12:00:00,neutral,False,baseline
review_0003832,order_0005860,4,2026-01-30T00:00:00,2026-01-31T22:00:00,positive,False,baseline
review_0003833,order_0005861,3,2024-10-26T00:00:00,2024-10-28T16:00:00,neutral,False,baseline
review_0003834,order_0005863,4,2026-08-26T00:00:00,2026-08-27T03:00:00,positive,False,baseline
review_0003835,order_0005864,4,2026-04-28T00:00:00,2026-04-30T11:00:00,positive,False,baseline
review_0003836,order_0005865,5,2025-08-22T00:00:00,2025-08-25T00:00:00,positive,False,baseline
review_0003837,order_0005867,5,2024-05-11T00:00:00,2024-05-11T08:00:00,positive,False,baseline
review_0003838,order_0005868,4,2025-04-16T00:00:00,2025-04-17T08:00:00,positive,False,baseline
review_0003839,order_0005869,3,2025-08-14T00:00:00,2025-08-14T08:00:00,neutral,False,baseline
review_0003840,order_0005870,4,2024-10-26T00:00:00,2024-10-26T15:00:00,positive,False,baseline
review_0003841,order_0005873,4,2025-06-23T00:00:00,2025-06-23T14:00:00,positive,False,baseline
review_0003842,order_0005876,2,2026-01-25T00:00:00,2026-01-25T10:00:00,negative,True,baseline
review_0003843,order_0005877,3,2026-07-30T00:00:00,2026-08-01T13:00:00,neutral,False,baseline
review_0003844,order_0005878,3,2025-05-10T00:00:00,2025-05-10T10:00:00,neutral,False,baseline
review_0003845,order_0005879,4,2025-01-31T00:00:00,2025-02-01T13:00:00,positive,False,baseline
review_0003846,order_0005880,4,2024-10-04T00:00:00,2024-10-04T20:00:00,positive,False,baseline
review_0003847,order_0005884,4,2026-02-23T00:00:00,2026-02-24T12:00:00,positive,False,baseline
review_0003848,order_0005887,4,2025-10-01T00:00:00,2025-10-01T16:00:00,positive,False,baseline
review_0003849,order_0005889,5,2025-04-23T00:00:00,2025-04-24T06:00:00,positive,False,baseline
review_0003850,order_0005890,4,2026-08-12T00:00:00,2026-08-14T23:00:00,positive,False,baseline
review_0003851,order_0005893,4,2026-02-07T00:00:00,2026-02-09T01:00:00,positive,False,baseline
review_0003852,order_0005896,3,2025-05-17T00:00:00,2025-05-18T16:00:00,neutral,False,baseline
review_0003853,order_0005897,4,2026-06-14T00:00:00,2026-06-16T15:00:00,positive,False,baseline
review_0003854,order_0005898,4,2025-03-03T00:00:00,2025-03-03T15:00:00,positive,False,baseline
review_0003855,order_0005899,4,2026-10-20T00:00:00,2026-10-20T10:00:00,positive,False,baseline
review_0003856,order_0005901,4,2026-09-15T00:00:00,2026-09-17T17:00:00,positive,False,baseline
review_0003857,order_0005903,5,2025-03-11T00:00:00,2025-03-13T07:00:00,positive,False,baseline
review_0003858,order_0005905,5,2026-12-30T00:00:00,2026-12-31T21:00:00,positive,False,baseline
review_0003859,order_0005906,4,2025-01-09T00:00:00,2025-01-10T08:00:00,positive,False,baseline
review_0003860,order_0005907,3,2024-07-24T00:00:00,2024-07-26T08:00:00,neutral,False,baseline
review_0003861,order_0005908,4,2024-05-17T00:00:00,2024-05-18T11:00:00,positive,False,baseline
review_0003862,order_0005909,5,2025-09-15T00:00:00,2025-09-16T23:00:00,positive,False,baseline
review_0003863,order_0005910,3,2026-02-24T00:00:00,2026-02-25T12:00:00,neutral,False,baseline
review_0003864,order_0005911,4,2026-07-22T00:00:00,2026-07-23T04:00:00,positive,False,baseline
review_0003865,order_0005912,5,2024-09-14T00:00:00,2024-09-14T15:00:00,positive,False,baseline
review_0003866,order_0005913,4,2026-05-14T00:00:00,2026-05-14T09:00:00,positive,False,baseline
review_0003867,order_0005917,4,2025-12-05T00:00:00,2025-12-06T16:00:00,positive,False,baseline
review_0003868,order_0005919,4,2025-12-11T00:00:00,2025-12-12T19:00:00,positive,False,baseline
review_0003869,order_0005920,4,2025-05-23T00:00:00,2025-05-24T19:00:00,positive,False,baseline
review_0003870,order_0005922,4,2024-09-21T00:00:00,2024-09-22T01:00:00,positive,False,baseline
review_0003871,order_0005923,4,2026-09-29T00:00:00,2026-10-01T06:00:00,positive,False,baseline
review_0003872,order_0005925,5,2024-06-01T00:00:00,2024-06-04T00:00:00,positive,False,baseline
review_0003873,order_0005926,5,2026-10-25T00:00:00,2026-10-25T15:00:00,positive,False,baseline
review_0003874,order_0005930,4,2025-01-01T00:00:00,2025-01-04T00:00:00,positive,False,baseline
review_0003875,order_0005932,5,2024-12-12T00:00:00,2024-12-14T19:00:00,positive,False,baseline
review_0003876,order_0005933,5,2025-12-27T00:00:00,2025-12-28T00:00:00,positive,False,baseline
review_0003877,order_0005934,4,2026-04-06T00:00:00,2026-04-07T22:00:00,positive,False,baseline
review_0003878,order_0005935,4,2025-11-11T00:00:00,2025-11-13T01:00:00,positive,False,baseline
review_0003879,order_0005938,3,2024-10-22T00:00:00,2024-10-24T15:00:00,neutral,False,baseline
review_0003880,order_0005941,3,2026-04-17T00:00:00,2026-04-19T13:00:00,neutral,False,baseline
review_0003881,order_0005943,3,2025-01-12T00:00:00,2025-01-13T22:00:00,neutral,False,baseline
review_0003882,order_0005944,4,2026-08-10T00:00:00,2026-08-11T08:00:00,positive,False,baseline
review_0003883,order_0005945,4,2024-07-19T00:00:00,2024-07-21T15:00:00,positive,False,baseline
review_0003884,order_0005946,3,2026-06-08T00:00:00,2026-06-10T05:00:00,neutral,False,baseline
review_0003885,order_0005947,4,2026-09-20T00:00:00,2026-09-21T20:00:00,positive,False,baseline
review_0003886,order_0005949,3,2026-11-15T00:00:00,2026-11-16T21:00:00,neutral,False,baseline
review_0003887,order_0005950,4,2025-09-19T00:00:00,2025-09-20T18:00:00,positive,False,baseline
review_0003888,order_0005954,3,2024-09-13T00:00:00,2024-09-14T13:00:00,neutral,False,baseline
review_0003889,order_0005955,3,2025-07-28T00:00:00,2025-07-30T23:00:00,neutral,False,baseline
review_0003890,order_0005956,5,2026-07-04T00:00:00,2026-07-06T23:00:00,positive,False,baseline
review_0003891,order_0005957,3,2026-05-21T00:00:00,2026-05-24T00:00:00,neutral,False,baseline
review_0003892,order_0005958,5,2026-11-16T00:00:00,2026-11-17T10:00:00,positive,False,baseline
review_0003893,order_0005959,4,2024-08-03T00:00:00,2024-08-04T13:00:00,positive,False,baseline
review_0003894,order_0005960,4,2024-07-14T00:00:00,2024-07-14T10:00:00,positive,False,baseline
review_0003895,order_0005961,4,2025-12-26T00:00:00,2025-12-28T07:00:00,positive,False,baseline
review_0003896,order_0005962,4,2024-02-23T00:00:00,2024-02-24T18:00:00,positive,False,baseline
review_0003897,order_0005963,2,2025-06-14T00:00:00,2025-06-16T22:00:00,negative,True,baseline
review_0003898,order_0005964,3,2025-10-26T00:00:00,2025-10-27T05:00:00,neutral,False,baseline
review_0003899,order_0005965,5,2024-12-16T00:00:00,2024-12-17T17:00:00,positive,False,baseline
review_0003900,order_0005966,4,2026-08-01T00:00:00,2026-08-03T08:00:00,positive,False,baseline
review_0003901,order_0005967,4,2026-01-09T00:00:00,2026-01-10T05:00:00,positive,False,baseline
review_0003902,order_0005968,4,2026-01-04T00:00:00,2026-01-04T19:00:00,positive,False,baseline
review_0003903,order_0005970,4,2025-07-02T00:00:00,2025-07-03T12:00:00,positive,False,baseline
review_0003904,order_0005973,5,2024-06-10T00:00:00,2024-06-12T00:00:00,positive,False,baseline
review_0003905,order_0005974,3,2025-11-24T00:00:00,2025-11-25T18:00:00,neutral,False,baseline
review_0003906,order_0005976,3,2024-02-05T00:00:00,2024-02-06T04:00:00,neutral,False,baseline
review_0003907,order_0005979,4,2025-12-09T00:00:00,2025-12-09T22:00:00,positive,False,baseline
review_0003908,order_0005980,3,2026-05-20T00:00:00,2026-05-22T06:00:00,neutral,False,baseline
review_0003909,order_0005983,4,2024-03-26T00:00:00,2024-03-28T05:00:00,positive,False,baseline
review_0003910,order_0005984,5,2026-08-13T00:00:00,2026-08-13T09:00:00,positive,False,baseline
review_0003911,order_0005985,4,2026-02-16T00:00:00,2026-02-16T19:00:00,positive,False,baseline
review_0003912,order_0005986,4,2024-05-19T00:00:00,2024-05-21T18:00:00,positive,False,baseline
review_0003913,order_0005987,4,2026-12-27T00:00:00,2026-12-29T00:00:00,positive,False,baseline
review_0003914,order_0005988,4,2025-10-27T00:00:00,2025-10-27T22:00:00,positive,False,baseline
review_0003915,order_0005990,4,2024-05-27T00:00:00,2024-05-28T01:00:00,positive,False,baseline
review_0003916,order_0005991,3,2026-05-04T00:00:00,2026-05-06T18:00:00,neutral,False,baseline
review_0003917,order_0005993,5,2024-09-24T00:00:00,2024-09-25T18:00:00,positive,False,baseline
review_0003918,order_0005994,5,2024-12-06T00:00:00,2024-12-09T00:00:00,positive,False,baseline
review_0003919,order_0005995,4,2025-08-23T00:00:00,2025-08-25T10:00:00,positive,False,baseline
review_0003920,order_0005996,4,2024-09-22T00:00:00,2024-09-24T17:00:00,positive,False,baseline
review_0003921,order_0005998,4,2025-01-01T00:00:00,2025-01-02T19:00:00,positive,False,baseline
review_0003922,order_0005999,1,2024-08-29T00:00:00,2024-08-31T23:00:00,negative,True,baseline
review_0003923,order_0006001,5,2024-03-12T00:00:00,2024-03-14T04:00:00,positive,False,baseline
review_0003924,order_0006002,4,2025-09-09T00:00:00,2025-09-11T10:00:00,positive,False,baseline
review_0003925,order_0006004,5,2026-07-28T00:00:00,2026-07-29T09:00:00,positive,False,baseline
review_0003926,order_0006006,4,2025-08-26T00:00:00,2025-08-28T09:00:00,positive,False,baseline
review_0003927,order_0006008,4,2024-01-18T00:00:00,2024-01-19T02:00:00,positive,False,baseline
review_0003928,order_0006011,4,2026-11-26T00:00:00,2026-11-28T20:00:00,positive,False,baseline
review_0003929,order_0006012,3,2026-12-10T00:00:00,2026-12-12T06:00:00,neutral,False,baseline
review_0003930,order_0006015,4,2025-01-19T00:00:00,2025-01-19T17:00:00,positive,False,baseline
review_0003931,order_0006016,4,2025-12-05T00:00:00,2025-12-07T04:00:00,positive,False,baseline
review_0003932,order_0006018,4,2024-06-22T00:00:00,2024-06-24T01:00:00,positive,False,baseline
review_0003933,order_0006019,5,2026-09-08T00:00:00,2026-09-09T23:00:00,positive,False,baseline
review_0003934,order_0006021,3,2025-01-11T00:00:00,2025-01-12T13:00:00,neutral,False,baseline
review_0003935,order_0006023,5,2026-12-07T00:00:00,2026-12-09T11:00:00,positive,False,baseline
review_0003936,order_0006025,4,2026-09-23T00:00:00,2026-09-24T10:00:00,positive,False,baseline
review_0003937,order_0006026,4,2026-04-06T00:00:00,2026-04-08T22:00:00,positive,False,baseline
review_0003938,order_0006027,4,2024-06-27T00:00:00,2024-06-28T19:00:00,positive,False,baseline
review_0003939,order_0006028,5,2025-05-20T00:00:00,2025-05-21T06:00:00,positive,False,baseline
review_0003940,order_0006029,5,2026-02-23T00:00:00,2026-02-23T20:00:00,positive,False,baseline
review_0003941,order_0006031,4,2024-12-11T00:00:00,2024-12-12T14:00:00,positive,False,baseline
review_0003942,order_0006033,2,2024-07-16T00:00:00,2024-07-19T00:00:00,negative,True,baseline
review_0003943,order_0006034,5,2026-05-09T00:00:00,2026-05-11T02:00:00,positive,False,baseline
review_0003944,order_0006035,4,2026-01-08T00:00:00,2026-01-10T10:00:00,positive,False,baseline
review_0003945,order_0006036,3,2024-05-05T00:00:00,2024-05-07T12:00:00,neutral,False,baseline
review_0003946,order_0006037,4,2026-07-21T00:00:00,2026-07-22T17:00:00,positive,False,baseline
review_0003947,order_0006038,4,2025-09-14T00:00:00,2025-09-16T20:00:00,positive,False,baseline
review_0003948,order_0006041,3,2025-11-23T00:00:00,2025-11-25T06:00:00,neutral,False,baseline
review_0003949,order_0006042,4,2025-08-22T00:00:00,2025-08-24T13:00:00,positive,False,baseline
review_0003950,order_0006046,4,2025-06-29T00:00:00,2025-06-29T22:00:00,positive,False,baseline
review_0003951,order_0006047,5,2026-02-06T00:00:00,2026-02-08T01:00:00,positive,False,baseline
review_0003952,order_0006048,5,2026-05-13T00:00:00,2026-05-15T14:00:00,positive,False,baseline
review_0003953,order_0006051,5,2025-06-18T00:00:00,2025-06-20T06:00:00,positive,False,baseline
review_0003954,order_0006053,5,2024-02-20T00:00:00,2024-02-21T01:00:00,positive,False,baseline
review_0003955,order_0006054,4,2025-06-05T00:00:00,2025-06-07T05:00:00,positive,False,baseline
review_0003956,order_0006055,3,2025-04-16T00:00:00,2025-04-18T05:00:00,neutral,False,baseline
review_0003957,order_0006058,4,2026-10-26T00:00:00,2026-10-28T16:00:00,positive,False,baseline
review_0003958,order_0006060,5,2024-08-18T00:00:00,2024-08-20T15:00:00,positive,False,baseline
review_0003959,order_0006063,5,2025-10-12T00:00:00,2025-10-14T17:00:00,positive,False,baseline
review_0003960,order_0006064,5,2024-06-24T00:00:00,2024-06-25T19:00:00,positive,False,baseline
review_0003961,order_0006066,4,2025-03-13T00:00:00,2025-03-15T04:00:00,positive,False,baseline
review_0003962,order_0006067,5,2026-08-29T00:00:00,2026-08-30T10:00:00,positive,False,baseline
review_0003963,order_0006068,5,2025-01-20T00:00:00,2025-01-21T18:00:00,positive,False,baseline
review_0003964,order_0006069,4,2025-12-13T00:00:00,2025-12-13T10:00:00,positive,False,baseline
review_0003965,order_0006071,4,2026-02-25T00:00:00,2026-02-27T07:00:00,positive,False,baseline
review_0003966,order_0006074,4,2025-03-30T00:00:00,2025-03-31T07:00:00,positive,False,baseline
review_0003967,order_0006076,5,2026-02-11T00:00:00,2026-02-13T14:00:00,positive,False,baseline
review_0003968,order_0006077,4,2026-12-04T00:00:00,2026-12-05T07:00:00,positive,False,baseline
review_0003969,order_0006078,5,2025-02-08T00:00:00,2025-02-10T19:00:00,positive,False,baseline
review_0003970,order_0006079,3,2024-07-02T00:00:00,2024-07-03T17:00:00,neutral,False,baseline
review_0003971,order_0006080,4,2026-11-25T00:00:00,2026-11-25T15:00:00,positive,False,baseline
review_0003972,order_0006081,4,2025-07-01T00:00:00,2025-07-03T00:00:00,positive,False,baseline
review_0003973,order_0006082,4,2026-08-02T00:00:00,2026-08-03T10:00:00,positive,False,baseline
review_0003974,order_0006083,4,2025-11-05T00:00:00,2025-11-06T04:00:00,positive,False,baseline
review_0003975,order_0006084,3,2026-04-29T00:00:00,2026-05-01T07:00:00,neutral,False,baseline
review_0003976,order_0006085,4,2026-02-08T00:00:00,2026-02-08T15:00:00,positive,False,baseline
review_0003977,order_0006086,4,2026-01-05T00:00:00,2026-01-07T11:00:00,positive,False,baseline
review_0003978,order_0006088,5,2025-09-16T00:00:00,2025-09-16T21:00:00,positive,False,baseline
review_0003979,order_0006089,5,2026-02-17T00:00:00,2026-02-17T12:00:00,positive,False,baseline
review_0003980,order_0006090,5,2024-07-11T00:00:00,2024-07-13T09:00:00,positive,False,baseline
review_0003981,order_0006093,4,2025-05-28T00:00:00,2025-05-28T18:00:00,positive,False,baseline
review_0003982,order_0006094,3,2025-02-10T00:00:00,2025-02-11T00:00:00,neutral,False,baseline
review_0003983,order_0006095,5,2026-12-14T00:00:00,2026-12-14T21:00:00,positive,False,baseline
review_0003984,order_0006096,4,2025-02-16T00:00:00,2025-02-16T22:00:00,positive,False,baseline
review_0003985,order_0006098,5,2025-04-17T00:00:00,2025-04-19T00:00:00,positive,False,baseline
review_0003986,order_0006099,3,2026-05-26T00:00:00,2026-05-27T22:00:00,neutral,False,baseline
review_0003987,order_0006100,2,2024-09-06T00:00:00,2024-09-08T20:00:00,negative,True,baseline
review_0003988,order_0006101,4,2024-08-15T00:00:00,2024-08-17T17:00:00,positive,False,baseline
review_0003989,order_0006103,4,2026-06-26T00:00:00,2026-06-26T22:00:00,positive,False,baseline
review_0003990,order_0006105,4,2026-01-07T00:00:00,2026-01-09T05:00:00,positive,False,baseline
review_0003991,order_0006106,4,2025-12-15T00:00:00,2025-12-16T05:00:00,positive,False,baseline
review_0003992,order_0006107,3,2024-04-23T00:00:00,2024-04-24T07:00:00,neutral,False,baseline
review_0003993,order_0006108,4,2025-09-05T00:00:00,2025-09-06T06:00:00,positive,False,baseline
review_0003994,order_0006109,4,2025-11-13T00:00:00,2025-11-15T08:00:00,positive,False,baseline
review_0003995,order_0006111,3,2025-10-07T00:00:00,2025-10-07T12:00:00,neutral,False,baseline
review_0003996,order_0006113,3,2025-05-26T00:00:00,2025-05-28T05:00:00,neutral,False,baseline
review_0003997,order_0006114,4,2026-10-23T00:00:00,2026-10-24T08:00:00,positive,False,baseline
review_0003998,order_0006115,5,2024-05-06T00:00:00,2024-05-08T23:00:00,positive,False,baseline
review_0003999,order_0006117,4,2026-08-18T00:00:00,2026-08-19T20:00:00,positive,False,baseline
review_0004000,order_0006120,2,2026-12-28T00:00:00,2026-12-30T19:00:00,negative,True,baseline
review_0004001,order_0006121,4,2025-09-14T00:00:00,2025-09-14T18:00:00,positive,False,baseline
review_0004002,order_0006122,4,2024-09-03T00:00:00,2024-09-04T19:00:00,positive,False,baseline
review_0004003,order_0006124,4,2024-09-21T00:00:00,2024-09-22T00:00:00,positive,False,baseline
review_0004004,order_0006127,5,2025-10-30T00:00:00,2025-10-31T12:00:00,positive,False,baseline
review_0004005,order_0006128,4,2024-08-02T00:00:00,2024-08-04T05:00:00,positive,False,baseline
review_0004006,order_0006129,4,2024-08-26T00:00:00,2024-08-26T15:00:00,positive,False,baseline
review_0004007,order_0006130,5,2025-01-08T00:00:00,2025-01-09T07:00:00,positive,False,baseline
review_0004008,order_0006131,5,2025-02-21T00:00:00,2025-02-23T13:00:00,positive,False,baseline
review_0004009,order_0006132,4,2026-08-13T00:00:00,2026-08-15T03:00:00,positive,False,baseline
review_0004010,order_0006133,4,2024-08-25T00:00:00,2024-08-26T06:00:00,positive,False,baseline
review_0004011,order_0006134,5,2025-11-07T00:00:00,2025-11-07T19:00:00,positive,False,baseline
review_0004012,order_0006135,4,2026-04-29T00:00:00,2026-05-01T22:00:00,positive,False,baseline
review_0004013,order_0006136,5,2026-08-15T00:00:00,2026-08-16T22:00:00,positive,False,baseline
review_0004014,order_0006137,5,2026-06-02T00:00:00,2026-06-04T10:00:00,positive,False,baseline
review_0004015,order_0006138,4,2025-06-30T00:00:00,2025-06-30T08:00:00,positive,False,baseline
review_0004016,order_0006139,5,2026-06-15T00:00:00,2026-06-17T15:00:00,positive,False,baseline
review_0004017,order_0006142,4,2024-09-24T00:00:00,2024-09-26T21:00:00,positive,False,baseline
review_0004018,order_0006143,3,2026-01-24T00:00:00,2026-01-24T12:00:00,neutral,False,baseline
review_0004019,order_0006144,5,2024-11-11T00:00:00,2024-11-11T08:00:00,positive,False,baseline
review_0004020,order_0006145,4,2025-04-21T00:00:00,2025-04-23T15:00:00,positive,False,baseline
review_0004021,order_0006146,5,2024-10-17T00:00:00,2024-10-18T04:00:00,positive,False,baseline
review_0004022,order_0006149,5,2026-08-17T00:00:00,2026-08-18T11:00:00,positive,False,baseline
review_0004023,order_0006150,4,2025-08-12T00:00:00,2025-08-12T13:00:00,positive,False,baseline
review_0004024,order_0006151,5,2026-03-19T00:00:00,2026-03-21T17:00:00,positive,False,baseline
review_0004025,order_0006153,5,2026-10-22T00:00:00,2026-10-24T11:00:00,positive,False,baseline
review_0004026,order_0006154,5,2026-04-03T00:00:00,2026-04-05T09:00:00,positive,False,baseline
review_0004027,order_0006155,5,2026-12-14T00:00:00,2026-12-14T16:00:00,positive,False,baseline
review_0004028,order_0006157,4,2025-09-01T00:00:00,2025-09-01T14:00:00,positive,False,baseline
review_0004029,order_0006158,5,2025-04-04T00:00:00,2025-04-06T20:00:00,positive,False,baseline
review_0004030,order_0006159,4,2024-11-05T00:00:00,2024-11-06T17:00:00,positive,False,baseline
review_0004031,order_0006160,4,2024-12-20T00:00:00,2024-12-22T15:00:00,positive,False,baseline
review_0004032,order_0006161,3,2026-08-28T00:00:00,2026-08-28T12:00:00,neutral,False,baseline
review_0004033,order_0006164,4,2026-06-28T00:00:00,2026-06-29T03:00:00,positive,False,baseline
review_0004034,order_0006166,4,2025-03-21T00:00:00,2025-03-22T16:00:00,positive,False,baseline
review_0004035,order_0006167,4,2026-10-26T00:00:00,2026-10-27T00:00:00,positive,False,baseline
review_0004036,order_0006168,2,2026-10-22T00:00:00,2026-10-23T17:00:00,negative,True,baseline
review_0004037,order_0006169,5,2026-12-06T00:00:00,2026-12-08T19:00:00,positive,False,baseline
review_0004038,order_0006170,3,2026-08-10T00:00:00,2026-08-10T11:00:00,neutral,False,baseline
review_0004039,order_0006171,5,2026-05-03T00:00:00,2026-05-04T10:00:00,positive,False,baseline
review_0004040,order_0006174,4,2026-09-02T00:00:00,2026-09-04T08:00:00,positive,False,baseline
review_0004041,order_0006177,2,2025-03-24T00:00:00,2025-03-26T04:00:00,negative,True,baseline
review_0004042,order_0006178,5,2025-07-22T00:00:00,2025-07-24T23:00:00,positive,False,baseline
review_0004043,order_0006179,3,2026-12-02T00:00:00,2026-12-03T20:00:00,neutral,False,baseline
review_0004044,order_0006180,4,2025-11-11T00:00:00,2025-11-11T21:00:00,positive,False,baseline
review_0004045,order_0006181,3,2024-03-31T00:00:00,2024-04-01T19:00:00,neutral,False,baseline
review_0004046,order_0006182,3,2025-12-19T00:00:00,2025-12-19T14:00:00,neutral,False,baseline
review_0004047,order_0006183,5,2024-06-22T00:00:00,2024-06-24T12:00:00,positive,False,baseline
review_0004048,order_0006184,4,2024-03-23T00:00:00,2024-03-24T13:00:00,positive,False,baseline
review_0004049,order_0006185,4,2025-08-03T00:00:00,2025-08-03T11:00:00,positive,False,baseline
review_0004050,order_0006187,4,2024-08-06T00:00:00,2024-08-06T20:00:00,positive,False,baseline
review_0004051,order_0006189,3,2024-08-04T00:00:00,2024-08-05T03:00:00,neutral,False,baseline
review_0004052,order_0006190,2,2026-11-23T00:00:00,2026-11-23T11:00:00,negative,True,baseline
review_0004053,order_0006191,4,2025-08-14T00:00:00,2025-08-15T20:00:00,positive,False,baseline
review_0004054,order_0006192,4,2026-08-22T00:00:00,2026-08-24T01:00:00,positive,False,baseline
review_0004055,order_0006193,4,2026-11-19T00:00:00,2026-11-21T08:00:00,positive,False,baseline
review_0004056,order_0006194,3,2025-05-22T00:00:00,2025-05-25T00:00:00,neutral,False,baseline
review_0004057,order_0006195,4,2026-12-25T00:00:00,2026-12-27T16:00:00,positive,False,baseline
review_0004058,order_0006200,3,2025-09-23T00:00:00,2025-09-24T23:00:00,neutral,False,baseline
review_0004059,order_0006202,5,2026-12-03T00:00:00,2026-12-04T21:00:00,positive,False,baseline
review_0004060,order_0006203,5,2025-12-31T00:00:00,2026-01-01T02:00:00,positive,False,baseline
review_0004061,order_0006206,4,2026-12-19T00:00:00,2026-12-21T07:00:00,positive,False,baseline
review_0004062,order_0006207,5,2024-10-21T00:00:00,2024-10-22T01:00:00,positive,False,baseline
review_0004063,order_0006208,3,2026-04-23T00:00:00,2026-04-23T08:00:00,neutral,False,baseline
review_0004064,order_0006211,2,2024-08-07T00:00:00,2024-08-08T04:00:00,negative,True,baseline
review_0004065,order_0006212,4,2024-06-22T00:00:00,2024-06-23T02:00:00,positive,False,baseline
review_0004066,order_0006220,4,2026-06-07T00:00:00,2026-06-09T09:00:00,positive,False,baseline
review_0004067,order_0006221,5,2025-11-12T00:00:00,2025-11-14T01:00:00,positive,False,baseline
review_0004068,order_0006223,3,2025-10-26T00:00:00,2025-10-27T00:00:00,neutral,False,baseline
review_0004069,order_0006225,4,2026-02-07T00:00:00,2026-02-08T00:00:00,positive,False,baseline
review_0004070,order_0006226,4,2025-06-11T00:00:00,2025-06-11T20:00:00,positive,False,baseline
review_0004071,order_0006229,1,2025-06-27T00:00:00,2025-06-28T18:00:00,negative,True,baseline
review_0004072,order_0006231,4,2024-05-14T00:00:00,2024-05-15T11:00:00,positive,False,baseline
review_0004073,order_0006232,5,2026-04-20T00:00:00,2026-04-22T11:00:00,positive,False,baseline
review_0004074,order_0006233,4,2026-10-27T00:00:00,2026-10-29T20:00:00,positive,False,baseline
review_0004075,order_0006234,4,2024-09-01T00:00:00,2024-09-01T08:00:00,positive,False,baseline
review_0004076,order_0006235,5,2026-07-25T00:00:00,2026-07-25T23:00:00,positive,False,baseline
review_0004077,order_0006236,4,2025-01-26T00:00:00,2025-01-28T17:00:00,positive,False,baseline
review_0004078,order_0006237,4,2024-04-19T00:00:00,2024-04-21T07:00:00,positive,False,baseline
review_0004079,order_0006239,4,2024-02-23T00:00:00,2024-02-24T09:00:00,positive,False,baseline
review_0004080,order_0006240,3,2026-07-29T00:00:00,2026-07-29T10:00:00,neutral,False,baseline
review_0004081,order_0006242,4,2026-02-02T00:00:00,2026-02-03T05:00:00,positive,False,baseline
review_0004082,order_0006243,5,2025-12-31T00:00:00,2026-01-02T10:00:00,positive,False,baseline
review_0004083,order_0006245,4,2025-07-10T00:00:00,2025-07-10T20:00:00,positive,False,baseline
review_0004084,order_0006247,4,2025-07-23T00:00:00,2025-07-25T09:00:00,positive,False,baseline
review_0004085,order_0006248,4,2025-07-01T00:00:00,2025-07-03T00:00:00,positive,False,baseline
review_0004086,order_0006249,4,2024-02-04T00:00:00,2024-02-06T06:00:00,positive,False,baseline
review_0004087,order_0006251,5,2025-08-29T00:00:00,2025-08-29T09:00:00,positive,False,baseline
review_0004088,order_0006252,4,2026-01-28T00:00:00,2026-01-29T12:00:00,positive,False,baseline
review_0004089,order_0006253,4,2026-12-10T00:00:00,2026-12-12T19:00:00,positive,False,baseline
review_0004090,order_0006257,3,2025-10-20T00:00:00,2025-10-20T12:00:00,neutral,False,baseline
review_0004091,order_0006258,5,2025-05-11T00:00:00,2025-05-11T18:00:00,positive,False,baseline
review_0004092,order_0006260,4,2025-12-11T00:00:00,2025-12-12T06:00:00,positive,False,baseline
review_0004093,order_0006261,3,2025-12-10T00:00:00,2025-12-10T12:00:00,neutral,False,baseline
review_0004094,order_0006262,4,2025-09-18T00:00:00,2025-09-19T06:00:00,positive,False,baseline
review_0004095,order_0006263,3,2024-02-28T00:00:00,2024-03-01T09:00:00,neutral,False,baseline
review_0004096,order_0006265,3,2026-03-06T00:00:00,2026-03-08T20:00:00,neutral,False,baseline
review_0004097,order_0006266,5,2025-01-28T00:00:00,2025-01-29T12:00:00,positive,False,baseline
review_0004098,order_0006267,4,2026-07-29T00:00:00,2026-07-30T23:00:00,positive,False,baseline
review_0004099,order_0006268,3,2024-11-23T00:00:00,2024-11-24T07:00:00,neutral,False,baseline
review_0004100,order_0006274,4,2024-10-13T00:00:00,2024-10-15T06:00:00,positive,False,baseline
review_0004101,order_0006275,4,2025-03-04T00:00:00,2025-03-05T17:00:00,positive,False,baseline
review_0004102,order_0006276,5,2025-01-08T00:00:00,2025-01-09T01:00:00,positive,False,baseline
review_0004103,order_0006277,5,2024-02-01T00:00:00,2024-02-03T18:00:00,positive,False,baseline
review_0004104,order_0006278,4,2025-02-24T00:00:00,2025-02-26T16:00:00,positive,False,baseline
review_0004105,order_0006279,4,2026-08-03T00:00:00,2026-08-04T04:00:00,positive,False,baseline
review_0004106,order_0006280,4,2024-10-30T00:00:00,2024-10-31T22:00:00,positive,False,baseline
review_0004107,order_0006282,5,2025-12-26T00:00:00,2025-12-28T10:00:00,positive,False,baseline
review_0004108,order_0006283,2,2024-08-07T00:00:00,2024-08-09T05:00:00,negative,True,baseline
review_0004109,order_0006284,4,2025-04-21T00:00:00,2025-04-22T18:00:00,positive,False,baseline
review_0004110,order_0006285,4,2025-03-16T00:00:00,2025-03-17T22:00:00,positive,False,baseline
review_0004111,order_0006286,5,2026-09-17T00:00:00,2026-09-18T21:00:00,positive,False,baseline
review_0004112,order_0006287,4,2026-07-24T00:00:00,2026-07-26T11:00:00,positive,False,baseline
review_0004113,order_0006290,4,2025-07-20T00:00:00,2025-07-21T22:00:00,positive,False,baseline
review_0004114,order_0006292,4,2024-11-07T00:00:00,2024-11-08T15:00:00,positive,False,baseline
review_0004115,order_0006294,4,2026-08-07T00:00:00,2026-08-07T21:00:00,positive,False,baseline
review_0004116,order_0006296,5,2026-07-14T00:00:00,2026-07-16T06:00:00,positive,False,baseline
review_0004117,order_0006299,4,2026-01-08T00:00:00,2026-01-10T23:00:00,positive,False,baseline
review_0004118,order_0006301,3,2026-09-04T00:00:00,2026-09-05T05:00:00,neutral,False,baseline
review_0004119,order_0006302,5,2026-05-28T00:00:00,2026-05-28T20:00:00,positive,False,baseline
review_0004120,order_0006303,4,2024-11-11T00:00:00,2024-11-11T15:00:00,positive,False,baseline
review_0004121,order_0006305,3,2024-11-02T00:00:00,2024-11-02T22:00:00,neutral,False,baseline
review_0004122,order_0006306,4,2025-07-07T00:00:00,2025-07-09T22:00:00,positive,False,baseline
review_0004123,order_0006308,3,2026-12-01T00:00:00,2026-12-02T01:00:00,neutral,False,baseline
review_0004124,order_0006309,4,2026-10-27T00:00:00,2026-10-28T23:00:00,positive,False,baseline
review_0004125,order_0006310,4,2026-12-25T00:00:00,2026-12-28T00:00:00,positive,False,baseline
review_0004126,order_0006311,1,2025-09-06T00:00:00,2025-09-09T00:00:00,negative,True,baseline
review_0004127,order_0006312,4,2024-09-11T00:00:00,2024-09-13T21:00:00,positive,False,baseline
review_0004128,order_0006313,5,2024-12-27T00:00:00,2024-12-29T10:00:00,positive,False,baseline
review_0004129,order_0006314,4,2026-05-20T00:00:00,2026-05-20T11:00:00,positive,False,baseline
review_0004130,order_0006315,4,2025-08-09T00:00:00,2025-08-11T23:00:00,positive,False,baseline
review_0004131,order_0006316,4,2025-01-12T00:00:00,2025-01-12T18:00:00,positive,False,baseline
review_0004132,order_0006317,4,2024-08-08T00:00:00,2024-08-10T05:00:00,positive,False,baseline
review_0004133,order_0006318,4,2024-04-30T00:00:00,2024-04-30T18:00:00,positive,False,baseline
review_0004134,order_0006322,4,2025-02-15T00:00:00,2025-02-17T22:00:00,positive,False,baseline
review_0004135,order_0006323,2,2024-03-14T00:00:00,2024-03-16T14:00:00,negative,True,baseline
review_0004136,order_0006324,4,2026-09-14T00:00:00,2026-09-16T20:00:00,positive,False,baseline
review_0004137,order_0006325,5,2025-05-13T00:00:00,2025-05-15T09:00:00,positive,False,baseline
review_0004138,order_0006328,4,2025-03-20T00:00:00,2025-03-22T06:00:00,positive,False,baseline
review_0004139,order_0006330,5,2025-04-29T00:00:00,2025-04-29T18:00:00,positive,False,baseline
review_0004140,order_0006331,2,2026-07-21T00:00:00,2026-07-21T16:00:00,negative,True,baseline
review_0004141,order_0006332,5,2024-12-11T00:00:00,2024-12-11T14:00:00,positive,False,baseline
review_0004142,order_0006333,2,2024-02-16T00:00:00,2024-02-16T18:00:00,negative,True,baseline
review_0004143,order_0006334,4,2026-01-26T00:00:00,2026-01-29T00:00:00,positive,False,baseline
review_0004144,order_0006336,4,2026-07-31T00:00:00,2026-08-02T19:00:00,positive,False,baseline
review_0004145,order_0006337,5,2024-04-18T00:00:00,2024-04-18T19:00:00,positive,False,baseline
review_0004146,order_0006341,4,2024-08-08T00:00:00,2024-08-10T18:00:00,positive,False,baseline
review_0004147,order_0006342,4,2024-06-24T00:00:00,2024-06-24T15:00:00,positive,False,baseline
review_0004148,order_0006344,4,2025-01-03T00:00:00,2025-01-05T23:00:00,positive,False,baseline
review_0004149,order_0006346,4,2024-08-22T00:00:00,2024-08-24T07:00:00,positive,False,baseline
review_0004150,order_0006347,5,2025-12-14T00:00:00,2025-12-14T23:00:00,positive,False,baseline
review_0004151,order_0006348,5,2026-01-29T00:00:00,2026-01-31T00:00:00,positive,False,baseline
review_0004152,order_0006349,4,2024-03-23T00:00:00,2024-03-25T20:00:00,positive,False,baseline
review_0004153,order_0006350,4,2026-02-20T00:00:00,2026-02-22T14:00:00,positive,False,baseline
review_0004154,order_0006351,5,2025-02-24T00:00:00,2025-02-26T20:00:00,positive,False,baseline
review_0004155,order_0006352,5,2026-06-01T00:00:00,2026-06-02T12:00:00,positive,False,baseline
review_0004156,order_0006354,4,2024-06-14T00:00:00,2024-06-16T06:00:00,positive,False,baseline
review_0004157,order_0006357,3,2025-12-13T00:00:00,2025-12-15T23:00:00,neutral,False,baseline
review_0004158,order_0006359,3,2025-11-18T00:00:00,2025-11-20T20:00:00,neutral,False,baseline
review_0004159,order_0006360,2,2025-09-16T00:00:00,2025-09-18T06:00:00,negative,True,baseline
review_0004160,order_0006361,4,2026-10-14T00:00:00,2026-10-15T20:00:00,positive,False,baseline
review_0004161,order_0006362,4,2026-03-03T00:00:00,2026-03-05T03:00:00,positive,False,baseline
review_0004162,order_0006366,4,2026-11-22T00:00:00,2026-11-22T15:00:00,positive,False,baseline
review_0004163,order_0006368,4,2026-01-26T00:00:00,2026-01-28T12:00:00,positive,False,baseline
review_0004164,order_0006371,4,2026-07-13T00:00:00,2026-07-14T01:00:00,positive,False,baseline
review_0004165,order_0006372,4,2025-04-30T00:00:00,2025-04-30T21:00:00,positive,False,baseline
review_0004166,order_0006373,4,2024-11-26T00:00:00,2024-11-28T10:00:00,positive,False,baseline
review_0004167,order_0006376,5,2024-10-29T00:00:00,2024-10-30T04:00:00,positive,False,baseline
review_0004168,order_0006377,5,2026-10-28T00:00:00,2026-10-29T05:00:00,positive,False,baseline
review_0004169,order_0006378,5,2024-05-22T00:00:00,2024-05-24T14:00:00,positive,False,baseline
review_0004170,order_0006379,4,2026-05-25T00:00:00,2026-05-26T23:00:00,positive,False,baseline
review_0004171,order_0006380,5,2026-07-18T00:00:00,2026-07-20T22:00:00,positive,False,baseline
review_0004172,order_0006381,5,2026-08-19T00:00:00,2026-08-20T08:00:00,positive,False,baseline
review_0004173,order_0006383,4,2025-06-28T00:00:00,2025-06-30T11:00:00,positive,False,baseline
review_0004174,order_0006384,4,2024-05-07T00:00:00,2024-05-09T00:00:00,positive,False,baseline
review_0004175,order_0006385,2,2024-08-11T00:00:00,2024-08-12T06:00:00,negative,True,baseline
review_0004176,order_0006386,3,2025-06-27T00:00:00,2025-06-29T20:00:00,neutral,False,baseline
review_0004177,order_0006387,3,2026-12-26T00:00:00,2026-12-27T01:00:00,neutral,False,baseline
review_0004178,order_0006388,4,2025-09-04T00:00:00,2025-09-06T21:00:00,positive,False,baseline
review_0004179,order_0006390,5,2024-05-21T00:00:00,2024-05-23T23:00:00,positive,False,baseline
review_0004180,order_0006391,5,2026-09-26T00:00:00,2026-09-28T00:00:00,positive,False,baseline
review_0004181,order_0006392,3,2024-07-18T00:00:00,2024-07-19T19:00:00,neutral,False,baseline
review_0004182,order_0006393,2,2025-02-02T00:00:00,2025-02-04T09:00:00,negative,True,baseline
review_0004183,order_0006395,2,2024-06-10T00:00:00,2024-06-11T06:00:00,negative,True,baseline
review_0004184,order_0006396,1,2025-10-21T00:00:00,2025-10-22T22:00:00,negative,True,baseline
review_0004185,order_0006397,4,2024-03-24T00:00:00,2024-03-26T14:00:00,positive,False,baseline
review_0004186,order_0006399,5,2024-08-08T00:00:00,2024-08-09T18:00:00,positive,False,baseline
review_0004187,order_0006400,4,2026-10-04T00:00:00,2026-10-06T15:00:00,positive,False,baseline
review_0004188,order_0006401,3,2024-08-10T00:00:00,2024-08-11T20:00:00,neutral,False,baseline
review_0004189,order_0006403,4,2024-11-29T00:00:00,2024-11-30T14:00:00,positive,False,baseline
review_0004190,order_0006404,4,2024-02-06T00:00:00,2024-02-09T00:00:00,positive,False,baseline
review_0004191,order_0006406,5,2026-09-24T00:00:00,2026-09-25T22:00:00,positive,False,baseline
review_0004192,order_0006407,4,2025-11-19T00:00:00,2025-11-21T01:00:00,positive,False,baseline
review_0004193,order_0006408,5,2025-06-01T00:00:00,2025-06-03T08:00:00,positive,False,baseline
review_0004194,order_0006410,4,2024-03-07T00:00:00,2024-03-07T21:00:00,positive,False,baseline
review_0004195,order_0006411,4,2025-03-14T00:00:00,2025-03-15T16:00:00,positive,False,baseline
review_0004196,order_0006412,4,2024-06-07T00:00:00,2024-06-07T17:00:00,positive,False,baseline
review_0004197,order_0006413,4,2024-08-15T00:00:00,2024-08-17T10:00:00,positive,False,baseline
review_0004198,order_0006414,5,2026-12-13T00:00:00,2026-12-14T16:00:00,positive,False,baseline
review_0004199,order_0006416,4,2024-02-25T00:00:00,2024-02-27T15:00:00,positive,False,baseline
review_0004200,order_0006417,5,2024-12-18T00:00:00,2024-12-20T15:00:00,positive,False,baseline
review_0004201,order_0006418,4,2025-01-09T00:00:00,2025-01-11T20:00:00,positive,False,baseline
review_0004202,order_0006419,3,2026-07-10T00:00:00,2026-07-10T20:00:00,neutral,False,baseline
review_0004203,order_0006420,4,2025-11-08T00:00:00,2025-11-09T02:00:00,positive,False,baseline
review_0004204,order_0006423,3,2026-06-07T00:00:00,2026-06-07T23:00:00,neutral,False,baseline
review_0004205,order_0006426,2,2026-06-14T00:00:00,2026-06-16T21:00:00,negative,True,baseline
review_0004206,order_0006427,4,2024-12-11T00:00:00,2024-12-12T20:00:00,positive,False,baseline
review_0004207,order_0006429,4,2026-03-01T00:00:00,2026-03-02T12:00:00,positive,False,baseline
review_0004208,order_0006430,2,2025-09-24T00:00:00,2025-09-25T21:00:00,negative,True,baseline
review_0004209,order_0006431,5,2025-09-22T00:00:00,2025-09-23T12:00:00,positive,False,baseline
review_0004210,order_0006432,4,2026-01-07T00:00:00,2026-01-09T17:00:00,positive,False,baseline
review_0004211,order_0006435,5,2025-03-14T00:00:00,2025-03-16T21:00:00,positive,False,baseline
review_0004212,order_0006440,4,2024-12-25T00:00:00,2024-12-26T11:00:00,positive,False,baseline
review_0004213,order_0006441,4,2026-07-15T00:00:00,2026-07-15T10:00:00,positive,False,baseline
review_0004214,order_0006442,5,2024-09-25T00:00:00,2024-09-26T02:00:00,positive,False,baseline
review_0004215,order_0006443,5,2024-09-14T00:00:00,2024-09-14T12:00:00,positive,False,baseline
review_0004216,order_0006444,3,2026-10-27T00:00:00,2026-10-28T11:00:00,neutral,False,baseline
review_0004217,order_0006447,4,2024-05-24T00:00:00,2024-05-25T01:00:00,positive,False,baseline
review_0004218,order_0006450,4,2026-02-14T00:00:00,2026-02-15T05:00:00,positive,False,baseline
review_0004219,order_0006451,5,2024-07-16T00:00:00,2024-07-18T21:00:00,positive,False,baseline
review_0004220,order_0006452,3,2025-08-28T00:00:00,2025-08-28T14:00:00,neutral,False,baseline
review_0004221,order_0006456,5,2024-10-18T00:00:00,2024-10-19T07:00:00,positive,False,baseline
review_0004222,order_0006457,2,2025-03-02T00:00:00,2025-03-04T17:00:00,negative,True,baseline
review_0004223,order_0006458,2,2025-06-30T00:00:00,2025-07-01T13:00:00,negative,True,baseline
review_0004224,order_0006460,4,2026-04-20T00:00:00,2026-04-20T10:00:00,positive,False,baseline
review_0004225,order_0006464,5,2024-12-06T00:00:00,2024-12-06T13:00:00,positive,False,baseline
review_0004226,order_0006466,5,2024-09-11T00:00:00,2024-09-12T11:00:00,positive,False,baseline
review_0004227,order_0006467,5,2025-07-26T00:00:00,2025-07-28T13:00:00,positive,False,baseline
review_0004228,order_0006468,2,2025-11-18T00:00:00,2025-11-20T17:00:00,negative,True,baseline
review_0004229,order_0006469,5,2024-07-07T00:00:00,2024-07-09T01:00:00,positive,False,baseline
review_0004230,order_0006470,3,2025-06-26T00:00:00,2025-06-26T09:00:00,neutral,False,baseline
review_0004231,order_0006472,5,2024-02-07T00:00:00,2024-02-09T20:00:00,positive,False,baseline
review_0004232,order_0006473,5,2025-12-27T00:00:00,2025-12-29T13:00:00,positive,False,baseline
review_0004233,order_0006474,3,2024-12-29T00:00:00,2024-12-30T07:00:00,neutral,False,baseline
review_0004234,order_0006475,4,2026-06-22T00:00:00,2026-06-22T17:00:00,positive,False,baseline
review_0004235,order_0006476,2,2024-03-30T00:00:00,2024-03-31T06:00:00,negative,True,baseline
review_0004236,order_0006477,5,2024-10-22T00:00:00,2024-10-24T20:00:00,positive,False,baseline
review_0004237,order_0006479,4,2025-05-13T00:00:00,2025-05-15T07:00:00,positive,False,baseline
review_0004238,order_0006481,5,2026-10-31T00:00:00,2026-11-02T05:00:00,positive,False,baseline
review_0004239,order_0006484,4,2025-11-05T00:00:00,2025-11-07T01:00:00,positive,False,baseline
review_0004240,order_0006487,5,2025-04-13T00:00:00,2025-04-13T12:00:00,positive,False,baseline
review_0004241,order_0006489,3,2024-05-30T00:00:00,2024-05-30T22:00:00,neutral,False,baseline
review_0004242,order_0006490,3,2024-03-19T00:00:00,2024-03-20T02:00:00,neutral,False,baseline
review_0004243,order_0006493,4,2025-08-20T00:00:00,2025-08-22T03:00:00,positive,False,baseline
review_0004244,order_0006494,4,2024-10-20T00:00:00,2024-10-21T14:00:00,positive,False,baseline
review_0004245,order_0006495,5,2026-10-05T00:00:00,2026-10-07T13:00:00,positive,False,baseline
review_0004246,order_0006496,5,2025-03-08T00:00:00,2025-03-08T15:00:00,positive,False,baseline
review_0004247,order_0006497,5,2026-01-31T00:00:00,2026-02-02T11:00:00,positive,False,baseline
review_0004248,order_0006499,2,2026-08-27T00:00:00,2026-08-29T02:00:00,negative,True,baseline
review_0004249,order_0006502,3,2025-02-07T00:00:00,2025-02-09T18:00:00,neutral,False,baseline
review_0004250,order_0006505,5,2025-10-09T00:00:00,2025-10-11T15:00:00,positive,False,baseline
review_0004251,order_0006507,5,2024-08-25T00:00:00,2024-08-26T07:00:00,positive,False,baseline
review_0004252,order_0006508,5,2024-03-15T00:00:00,2024-03-16T14:00:00,positive,False,baseline
review_0004253,order_0006509,3,2024-08-01T00:00:00,2024-08-02T05:00:00,neutral,False,baseline
review_0004254,order_0006510,4,2025-07-12T00:00:00,2025-07-14T23:00:00,positive,False,baseline
review_0004255,order_0006511,5,2026-01-02T00:00:00,2026-01-05T00:00:00,positive,False,baseline
review_0004256,order_0006512,5,2024-11-19T00:00:00,2024-11-20T15:00:00,positive,False,baseline
review_0004257,order_0006514,4,2025-02-01T00:00:00,2025-02-02T13:00:00,positive,False,baseline
review_0004258,order_0006515,5,2024-02-22T00:00:00,2024-02-22T14:00:00,positive,False,baseline
review_0004259,order_0006518,4,2025-12-02T00:00:00,2025-12-02T22:00:00,positive,False,baseline
review_0004260,order_0006519,4,2025-03-29T00:00:00,2025-03-31T01:00:00,positive,False,baseline
review_0004261,order_0006520,5,2024-03-30T00:00:00,2024-03-31T21:00:00,positive,False,baseline
review_0004262,order_0006522,4,2026-04-30T00:00:00,2026-05-02T08:00:00,positive,False,baseline
review_0004263,order_0006523,5,2026-09-08T00:00:00,2026-09-10T15:00:00,positive,False,baseline
review_0004264,order_0006524,5,2026-01-10T00:00:00,2026-01-12T23:00:00,positive,False,baseline
review_0004265,order_0006525,3,2025-03-31T00:00:00,2025-04-01T20:00:00,neutral,False,baseline
review_0004266,order_0006527,4,2026-05-17T00:00:00,2026-05-19T08:00:00,positive,False,baseline
review_0004267,order_0006528,5,2025-08-20T00:00:00,2025-08-22T05:00:00,positive,False,baseline
review_0004268,order_0006529,4,2026-09-17T00:00:00,2026-09-18T15:00:00,positive,False,baseline
review_0004269,order_0006531,3,2026-12-09T00:00:00,2026-12-11T12:00:00,neutral,False,baseline
review_0004270,order_0006532,4,2026-02-04T00:00:00,2026-02-05T13:00:00,positive,False,baseline
review_0004271,order_0006533,3,2026-01-18T00:00:00,2026-01-19T06:00:00,neutral,False,baseline
review_0004272,order_0006534,4,2025-02-12T00:00:00,2025-02-13T03:00:00,positive,False,baseline
review_0004273,order_0006535,5,2025-09-01T00:00:00,2025-09-01T13:00:00,positive,False,baseline
review_0004274,order_0006536,3,2025-02-16T00:00:00,2025-02-18T01:00:00,neutral,False,baseline
review_0004275,order_0006538,3,2025-11-25T00:00:00,2025-11-27T04:00:00,neutral,False,baseline
review_0004276,order_0006540,4,2026-03-10T00:00:00,2026-03-10T20:00:00,positive,False,baseline
review_0004277,order_0006542,3,2025-06-05T00:00:00,2025-06-07T23:00:00,neutral,False,baseline
review_0004278,order_0006543,4,2025-10-07T00:00:00,2025-10-07T18:00:00,positive,False,baseline
review_0004279,order_0006544,5,2024-05-28T00:00:00,2024-05-29T14:00:00,positive,False,baseline
review_0004280,order_0006545,4,2025-01-16T00:00:00,2025-01-18T17:00:00,positive,False,baseline
review_0004281,order_0006546,4,2024-05-29T00:00:00,2024-05-29T13:00:00,positive,False,baseline
review_0004282,order_0006549,4,2024-10-26T00:00:00,2024-10-26T16:00:00,positive,False,baseline
review_0004283,order_0006550,5,2025-01-05T00:00:00,2025-01-06T11:00:00,positive,False,baseline
review_0004284,order_0006552,5,2025-03-21T00:00:00,2025-03-23T13:00:00,positive,False,baseline
review_0004285,order_0006555,1,2025-11-08T00:00:00,2025-11-09T11:00:00,negative,True,baseline
review_0004286,order_0006556,5,2024-09-20T00:00:00,2024-09-22T10:00:00,positive,False,baseline
review_0004287,order_0006557,3,2026-04-29T00:00:00,2026-04-29T08:00:00,neutral,False,baseline
review_0004288,order_0006559,5,2026-07-11T00:00:00,2026-07-11T12:00:00,positive,False,baseline
review_0004289,order_0006560,4,2024-09-24T00:00:00,2024-09-24T12:00:00,positive,False,baseline
review_0004290,order_0006561,4,2024-04-03T00:00:00,2024-04-04T17:00:00,positive,False,baseline
review_0004291,order_0006563,4,2026-06-17T00:00:00,2026-06-19T02:00:00,positive,False,baseline
review_0004292,order_0006564,5,2026-09-11T00:00:00,2026-09-11T17:00:00,positive,False,baseline
review_0004293,order_0006567,5,2024-11-08T00:00:00,2024-11-09T13:00:00,positive,False,baseline
review_0004294,order_0006568,3,2025-04-14T00:00:00,2025-04-16T20:00:00,neutral,False,baseline
review_0004295,order_0006569,3,2024-05-29T00:00:00,2024-05-30T19:00:00,neutral,False,baseline
review_0004296,order_0006570,3,2025-12-16T00:00:00,2025-12-18T11:00:00,neutral,False,baseline
review_0004297,order_0006571,5,2026-02-19T00:00:00,2026-02-20T07:00:00,positive,False,baseline
review_0004298,order_0006572,3,2024-11-05T00:00:00,2024-11-06T22:00:00,neutral,False,baseline
review_0004299,order_0006573,2,2026-08-15T00:00:00,2026-08-15T15:00:00,negative,True,baseline
review_0004300,order_0006575,5,2026-04-12T00:00:00,2026-04-14T13:00:00,positive,False,baseline
review_0004301,order_0006578,3,2025-12-09T00:00:00,2025-12-10T05:00:00,neutral,False,baseline
review_0004302,order_0006581,4,2025-01-24T00:00:00,2025-01-26T12:00:00,positive,False,baseline
review_0004303,order_0006582,2,2026-11-10T00:00:00,2026-11-12T20:00:00,negative,True,baseline
review_0004304,order_0006585,2,2024-07-13T00:00:00,2024-07-14T17:00:00,negative,True,baseline
review_0004305,order_0006586,4,2024-08-25T00:00:00,2024-08-27T17:00:00,positive,False,baseline
review_0004306,order_0006587,3,2026-12-20T00:00:00,2026-12-22T03:00:00,neutral,False,baseline
review_0004307,order_0006588,5,2026-03-09T00:00:00,2026-03-10T22:00:00,positive,False,baseline
review_0004308,order_0006591,4,2026-08-23T00:00:00,2026-08-23T13:00:00,positive,False,baseline
review_0004309,order_0006593,4,2026-02-19T00:00:00,2026-02-19T20:00:00,positive,False,baseline
review_0004310,order_0006594,5,2024-05-09T00:00:00,2024-05-11T10:00:00,positive,False,baseline
review_0004311,order_0006595,5,2024-02-25T00:00:00,2024-02-27T02:00:00,positive,False,baseline
review_0004312,order_0006596,4,2026-08-26T00:00:00,2026-08-27T03:00:00,positive,False,baseline
review_0004313,order_0006597,4,2025-08-23T00:00:00,2025-08-23T21:00:00,positive,False,baseline
review_0004314,order_0006599,5,2024-07-31T00:00:00,2024-07-31T11:00:00,positive,False,baseline
review_0004315,order_0006601,5,2026-11-05T00:00:00,2026-11-07T04:00:00,positive,False,baseline
review_0004316,order_0006602,4,2025-09-05T00:00:00,2025-09-05T22:00:00,positive,False,baseline
review_0004317,order_0006603,5,2026-03-19T00:00:00,2026-03-21T07:00:00,positive,False,baseline
review_0004318,order_0006604,4,2024-06-11T00:00:00,2024-06-11T20:00:00,positive,False,baseline
review_0004319,order_0006605,5,2025-01-21T00:00:00,2025-01-22T12:00:00,positive,False,baseline
review_0004320,order_0006606,3,2026-02-16T00:00:00,2026-02-17T13:00:00,neutral,False,baseline
review_0004321,order_0006607,3,2025-03-30T00:00:00,2025-03-31T02:00:00,neutral,False,baseline
review_0004322,order_0006609,2,2025-03-03T00:00:00,2025-03-03T16:00:00,negative,True,baseline
review_0004323,order_0006610,3,2026-08-01T00:00:00,2026-08-03T22:00:00,neutral,False,baseline
review_0004324,order_0006611,4,2025-10-11T00:00:00,2025-10-12T12:00:00,positive,False,baseline
review_0004325,order_0006612,5,2024-05-16T00:00:00,2024-05-16T13:00:00,positive,False,baseline
review_0004326,order_0006613,4,2026-09-19T00:00:00,2026-09-19T08:00:00,positive,False,baseline
review_0004327,order_0006618,5,2025-03-17T00:00:00,2025-03-19T05:00:00,positive,False,baseline
review_0004328,order_0006619,5,2026-06-28T00:00:00,2026-06-28T18:00:00,positive,False,baseline
review_0004329,order_0006620,4,2024-03-27T00:00:00,2024-03-27T22:00:00,positive,False,baseline
review_0004330,order_0006622,5,2024-08-09T00:00:00,2024-08-11T14:00:00,positive,False,baseline
review_0004331,order_0006623,4,2025-10-19T00:00:00,2025-10-20T18:00:00,positive,False,baseline
review_0004332,order_0006624,4,2025-11-21T00:00:00,2025-11-23T18:00:00,positive,False,baseline
review_0004333,order_0006625,4,2024-07-21T00:00:00,2024-07-23T01:00:00,positive,False,baseline
review_0004334,order_0006626,5,2026-12-10T00:00:00,2026-12-12T04:00:00,positive,False,baseline
review_0004335,order_0006627,5,2024-06-28T00:00:00,2024-06-29T12:00:00,positive,False,baseline
review_0004336,order_0006628,4,2026-03-18T00:00:00,2026-03-19T12:00:00,positive,False,baseline
review_0004337,order_0006629,4,2026-05-10T00:00:00,2026-05-12T23:00:00,positive,False,baseline
review_0004338,order_0006630,4,2024-03-25T00:00:00,2024-03-26T17:00:00,positive,False,baseline
review_0004339,order_0006631,4,2025-12-04T00:00:00,2025-12-04T16:00:00,positive,False,baseline
review_0004340,order_0006633,5,2026-12-30T00:00:00,2026-12-31T23:59:00,positive,False,baseline
review_0004341,order_0006634,4,2024-12-20T00:00:00,2024-12-22T08:00:00,positive,False,baseline
review_0004342,order_0006635,3,2025-12-23T00:00:00,2025-12-23T16:00:00,neutral,False,baseline
review_0004343,order_0006639,4,2024-12-07T00:00:00,2024-12-07T12:00:00,positive,False,baseline
review_0004344,order_0006640,2,2025-04-06T00:00:00,2025-04-08T13:00:00,negative,True,baseline
review_0004345,order_0006641,5,2026-01-15T00:00:00,2026-01-16T12:00:00,positive,False,baseline
review_0004346,order_0006642,4,2026-07-18T00:00:00,2026-07-19T08:00:00,positive,False,baseline
review_0004347,order_0006645,4,2024-07-20T00:00:00,2024-07-21T23:00:00,positive,False,baseline
review_0004348,order_0006646,5,2026-01-01T00:00:00,2026-01-03T12:00:00,positive,False,baseline
review_0004349,order_0006647,4,2024-09-09T00:00:00,2024-09-10T17:00:00,positive,False,baseline
review_0004350,order_0006649,4,2025-03-21T00:00:00,2025-03-23T22:00:00,positive,False,baseline
review_0004351,order_0006650,3,2026-03-01T00:00:00,2026-03-02T07:00:00,neutral,False,baseline
review_0004352,order_0006651,3,2024-07-01T00:00:00,2024-07-02T07:00:00,neutral,False,baseline
review_0004353,order_0006653,2,2025-03-21T00:00:00,2025-03-23T01:00:00,negative,True,baseline
review_0004354,order_0006655,5,2026-03-08T00:00:00,2026-03-10T09:00:00,positive,False,baseline
review_0004355,order_0006656,4,2026-06-25T00:00:00,2026-06-25T15:00:00,positive,False,baseline
review_0004356,order_0006657,4,2024-12-01T00:00:00,2024-12-03T01:00:00,positive,False,baseline
review_0004357,order_0006658,4,2025-10-25T00:00:00,2025-10-26T23:00:00,positive,False,baseline
review_0004358,order_0006659,4,2026-09-06T00:00:00,2026-09-06T14:00:00,positive,False,baseline
review_0004359,order_0006660,4,2026-02-25T00:00:00,2026-02-25T12:00:00,positive,False,baseline
review_0004360,order_0006662,4,2024-12-25T00:00:00,2024-12-25T23:00:00,positive,False,baseline
review_0004361,order_0006664,4,2024-07-06T00:00:00,2024-07-08T04:00:00,positive,False,baseline
review_0004362,order_0006665,4,2025-05-30T00:00:00,2025-05-31T08:00:00,positive,False,baseline
review_0004363,order_0006666,4,2026-04-29T00:00:00,2026-04-29T13:00:00,positive,False,baseline
review_0004364,order_0006667,3,2025-05-25T00:00:00,2025-05-27T05:00:00,neutral,False,baseline
review_0004365,order_0006668,4,2025-02-04T00:00:00,2025-02-06T16:00:00,positive,False,baseline
review_0004366,order_0006669,5,2026-09-17T00:00:00,2026-09-18T17:00:00,positive,False,baseline
review_0004367,order_0006670,5,2024-11-18T00:00:00,2024-11-20T07:00:00,positive,False,baseline
review_0004368,order_0006672,4,2025-01-13T00:00:00,2025-01-14T13:00:00,positive,False,baseline
review_0004369,order_0006673,4,2024-04-16T00:00:00,2024-04-16T22:00:00,positive,False,baseline
review_0004370,order_0006674,4,2025-12-19T00:00:00,2025-12-21T21:00:00,positive,False,baseline
review_0004371,order_0006675,4,2024-07-06T00:00:00,2024-07-08T15:00:00,positive,False,baseline
review_0004372,order_0006676,4,2026-08-27T00:00:00,2026-08-29T09:00:00,positive,False,baseline
review_0004373,order_0006678,4,2025-11-24T00:00:00,2025-11-26T01:00:00,positive,False,baseline
review_0004374,order_0006679,4,2026-10-16T00:00:00,2026-10-16T18:00:00,positive,False,baseline
review_0004375,order_0006680,4,2024-11-04T00:00:00,2024-11-06T06:00:00,positive,False,baseline
review_0004376,order_0006682,4,2026-01-04T00:00:00,2026-01-04T13:00:00,positive,False,baseline
review_0004377,order_0006684,4,2025-03-07T00:00:00,2025-03-07T15:00:00,positive,False,baseline
review_0004378,order_0006685,5,2024-03-23T00:00:00,2024-03-25T18:00:00,positive,False,baseline
review_0004379,order_0006686,4,2024-12-07T00:00:00,2024-12-08T14:00:00,positive,False,baseline
review_0004380,order_0006692,4,2025-09-28T00:00:00,2025-09-30T21:00:00,positive,False,baseline
review_0004381,order_0006693,3,2026-01-20T00:00:00,2026-01-22T12:00:00,neutral,False,baseline
review_0004382,order_0006694,3,2025-06-23T00:00:00,2025-06-23T18:00:00,neutral,False,baseline
review_0004383,order_0006695,4,2025-04-24T00:00:00,2025-04-26T11:00:00,positive,False,baseline
review_0004384,order_0006698,4,2024-10-01T00:00:00,2024-10-02T13:00:00,positive,False,baseline
review_0004385,order_0006701,5,2026-11-22T00:00:00,2026-11-24T00:00:00,positive,False,baseline
review_0004386,order_0006702,3,2025-08-14T00:00:00,2025-08-16T20:00:00,neutral,False,baseline
review_0004387,order_0006705,5,2026-02-05T00:00:00,2026-02-07T13:00:00,positive,False,baseline
review_0004388,order_0006706,4,2026-10-09T00:00:00,2026-10-11T04:00:00,positive,False,baseline
review_0004389,order_0006708,3,2026-09-11T00:00:00,2026-09-13T19:00:00,neutral,False,baseline
review_0004390,order_0006711,5,2024-10-02T00:00:00,2024-10-03T12:00:00,positive,False,baseline
review_0004391,order_0006713,4,2026-01-26T00:00:00,2026-01-28T18:00:00,positive,False,baseline
review_0004392,order_0006714,5,2025-08-10T00:00:00,2025-08-10T23:00:00,positive,False,baseline
review_0004393,order_0006715,3,2026-05-23T00:00:00,2026-05-25T09:00:00,neutral,False,baseline
review_0004394,order_0006716,3,2026-06-30T00:00:00,2026-07-01T07:00:00,neutral,False,baseline
review_0004395,order_0006717,1,2025-10-17T00:00:00,2025-10-18T18:00:00,negative,True,baseline
review_0004396,order_0006718,4,2025-10-27T00:00:00,2025-10-29T05:00:00,positive,False,baseline
review_0004397,order_0006719,4,2024-12-09T00:00:00,2024-12-10T23:00:00,positive,False,baseline
review_0004398,order_0006720,5,2026-03-22T00:00:00,2026-03-24T03:00:00,positive,False,baseline
review_0004399,order_0006721,4,2024-03-11T00:00:00,2024-03-12T21:00:00,positive,False,baseline
review_0004400,order_0006722,3,2025-02-22T00:00:00,2025-02-24T12:00:00,neutral,False,baseline
review_0004401,order_0006723,5,2024-05-09T00:00:00,2024-05-11T21:00:00,positive,False,baseline
review_0004402,order_0006724,5,2026-05-14T00:00:00,2026-05-16T02:00:00,positive,False,baseline
review_0004403,order_0006725,4,2025-04-27T00:00:00,2025-04-28T23:00:00,positive,False,baseline
review_0004404,order_0006726,5,2024-04-04T00:00:00,2024-04-04T21:00:00,positive,False,baseline
review_0004405,order_0006727,5,2026-11-07T00:00:00,2026-11-08T01:00:00,positive,False,baseline
review_0004406,order_0006730,4,2025-09-30T00:00:00,2025-10-02T12:00:00,positive,False,baseline
review_0004407,order_0006732,4,2025-08-12T00:00:00,2025-08-14T16:00:00,positive,False,baseline
review_0004408,order_0006733,5,2026-12-30T00:00:00,2026-12-31T05:00:00,positive,False,baseline
review_0004409,order_0006734,4,2024-02-19T00:00:00,2024-02-20T23:00:00,positive,False,baseline
review_0004410,order_0006735,4,2025-12-30T00:00:00,2026-01-01T04:00:00,positive,False,baseline
review_0004411,order_0006737,4,2025-12-10T00:00:00,2025-12-10T21:00:00,positive,False,baseline
review_0004412,order_0006740,5,2026-05-19T00:00:00,2026-05-20T22:00:00,positive,False,baseline
review_0004413,order_0006742,4,2024-01-21T00:00:00,2024-01-22T08:00:00,positive,False,baseline
review_0004414,order_0006744,4,2026-09-08T00:00:00,2026-09-09T06:00:00,positive,False,baseline
review_0004415,order_0006745,1,2024-11-09T00:00:00,2024-11-10T10:00:00,negative,True,baseline
review_0004416,order_0006746,5,2024-11-07T00:00:00,2024-11-08T05:00:00,positive,False,baseline
review_0004417,order_0006747,3,2026-12-11T00:00:00,2026-12-12T20:00:00,neutral,False,baseline
review_0004418,order_0006748,5,2024-11-15T00:00:00,2024-11-15T15:00:00,positive,False,baseline
review_0004419,order_0006749,3,2024-10-08T00:00:00,2024-10-10T19:00:00,neutral,False,baseline
review_0004420,order_0006750,5,2026-11-16T00:00:00,2026-11-18T21:00:00,positive,False,baseline
review_0004421,order_0006752,4,2026-02-14T00:00:00,2026-02-15T19:00:00,positive,False,baseline
review_0004422,order_0006753,5,2024-06-03T00:00:00,2024-06-05T04:00:00,positive,False,baseline
review_0004423,order_0006754,3,2025-03-12T00:00:00,2025-03-12T09:00:00,neutral,False,baseline
review_0004424,order_0006755,5,2025-12-26T00:00:00,2025-12-28T05:00:00,positive,False,baseline
review_0004425,order_0006756,4,2025-08-31T00:00:00,2025-09-02T01:00:00,positive,False,baseline
review_0004426,order_0006758,5,2025-12-29T00:00:00,2025-12-29T12:00:00,positive,False,baseline
review_0004427,order_0006759,5,2025-07-12T00:00:00,2025-07-14T19:00:00,positive,False,baseline
review_0004428,order_0006760,4,2024-12-06T00:00:00,2024-12-06T22:00:00,positive,False,baseline
review_0004429,order_0006761,4,2024-02-09T00:00:00,2024-02-10T08:00:00,positive,False,baseline
review_0004430,order_0006764,4,2024-11-26T00:00:00,2024-11-26T23:00:00,positive,False,baseline
review_0004431,order_0006765,4,2025-10-01T00:00:00,2025-10-03T05:00:00,positive,False,baseline
review_0004432,order_0006766,5,2025-11-01T00:00:00,2025-11-03T02:00:00,positive,False,baseline
review_0004433,order_0006768,4,2024-12-04T00:00:00,2024-12-05T20:00:00,positive,False,baseline
review_0004434,order_0006769,3,2025-09-09T00:00:00,2025-09-09T18:00:00,neutral,False,baseline
review_0004435,order_0006770,4,2026-05-01T00:00:00,2026-05-02T17:00:00,positive,False,baseline
review_0004436,order_0006771,4,2025-10-02T00:00:00,2025-10-03T04:00:00,positive,False,baseline
review_0004437,order_0006773,5,2024-07-18T00:00:00,2024-07-19T11:00:00,positive,False,baseline
review_0004438,order_0006774,4,2024-12-28T00:00:00,2024-12-29T14:00:00,positive,False,baseline
review_0004439,order_0006778,4,2026-08-04T00:00:00,2026-08-06T23:00:00,positive,False,baseline
review_0004440,order_0006780,5,2024-08-24T00:00:00,2024-08-26T18:00:00,positive,False,baseline
review_0004441,order_0006781,3,2026-02-04T00:00:00,2026-02-06T15:00:00,neutral,False,baseline
review_0004442,order_0006782,4,2025-05-19T00:00:00,2025-05-19T16:00:00,positive,False,baseline
review_0004443,order_0006783,5,2025-08-01T00:00:00,2025-08-02T12:00:00,positive,False,baseline
review_0004444,order_0006785,3,2024-09-19T00:00:00,2024-09-21T06:00:00,neutral,False,baseline
review_0004445,order_0006786,5,2024-04-03T00:00:00,2024-04-04T05:00:00,positive,False,baseline
review_0004446,order_0006787,5,2025-07-09T00:00:00,2025-07-09T16:00:00,positive,False,baseline
review_0004447,order_0006788,4,2024-09-27T00:00:00,2024-09-29T08:00:00,positive,False,baseline
review_0004448,order_0006790,4,2024-11-18T00:00:00,2024-11-19T10:00:00,positive,False,baseline
review_0004449,order_0006791,4,2025-08-17T00:00:00,2025-08-17T09:00:00,positive,False,baseline
review_0004450,order_0006792,3,2024-01-30T00:00:00,2024-01-30T17:00:00,neutral,False,baseline
review_0004451,order_0006794,5,2026-10-02T00:00:00,2026-10-03T20:00:00,positive,False,baseline
review_0004452,order_0006796,4,2026-03-17T00:00:00,2026-03-19T06:00:00,positive,False,baseline
review_0004453,order_0006797,4,2025-03-28T00:00:00,2025-03-29T13:00:00,positive,False,baseline
review_0004454,order_0006798,4,2025-01-27T00:00:00,2025-01-28T08:00:00,positive,False,baseline
review_0004455,order_0006799,5,2026-05-19T00:00:00,2026-05-19T15:00:00,positive,False,baseline
review_0004456,order_0006800,5,2026-11-30T00:00:00,2026-12-02T03:00:00,positive,False,baseline
review_0004457,order_0006801,4,2026-06-03T00:00:00,2026-06-05T23:00:00,positive,False,baseline
review_0004458,order_0006802,4,2026-04-30T00:00:00,2026-05-02T02:00:00,positive,False,baseline
review_0004459,order_0006803,5,2024-02-28T00:00:00,2024-03-01T03:00:00,positive,False,baseline
review_0004460,order_0006804,4,2026-02-01T00:00:00,2026-02-03T06:00:00,positive,False,baseline
review_0004461,order_0006805,4,2025-09-25T00:00:00,2025-09-27T01:00:00,positive,False,baseline
review_0004462,order_0006806,4,2024-02-02T00:00:00,2024-02-03T07:00:00,positive,False,baseline
review_0004463,order_0006808,5,2025-10-05T00:00:00,2025-10-06T23:00:00,positive,False,baseline
review_0004464,order_0006809,2,2025-05-10T00:00:00,2025-05-12T19:00:00,negative,True,baseline
review_0004465,order_0006810,4,2026-10-26T00:00:00,2026-10-28T01:00:00,positive,False,baseline
review_0004466,order_0006812,4,2024-08-22T00:00:00,2024-08-23T14:00:00,positive,False,baseline
review_0004467,order_0006813,2,2026-07-03T00:00:00,2026-07-04T20:00:00,negative,True,baseline
review_0004468,order_0006814,4,2025-07-30T00:00:00,2025-08-01T11:00:00,positive,False,baseline
review_0004469,order_0006815,4,2024-10-13T00:00:00,2024-10-15T17:00:00,positive,False,baseline
review_0004470,order_0006817,4,2026-06-30T00:00:00,2026-07-02T00:00:00,positive,False,baseline
review_0004471,order_0006818,4,2025-08-28T00:00:00,2025-08-30T15:00:00,positive,False,baseline
review_0004472,order_0006820,4,2025-01-30T00:00:00,2025-02-01T11:00:00,positive,False,baseline
review_0004473,order_0006821,5,2025-01-05T00:00:00,2025-01-07T18:00:00,positive,False,baseline
review_0004474,order_0006822,3,2024-03-08T00:00:00,2024-03-10T20:00:00,neutral,False,baseline
review_0004475,order_0006823,4,2024-09-26T00:00:00,2024-09-28T00:00:00,positive,False,baseline
review_0004476,order_0006825,4,2024-02-11T00:00:00,2024-02-11T10:00:00,positive,False,baseline
review_0004477,order_0006826,3,2026-03-27T00:00:00,2026-03-28T16:00:00,neutral,False,baseline
review_0004478,order_0006827,4,2025-05-29T00:00:00,2025-05-30T00:00:00,positive,False,baseline
review_0004479,order_0006829,5,2024-07-08T00:00:00,2024-07-08T15:00:00,positive,False,baseline
review_0004480,order_0006830,3,2026-09-12T00:00:00,2026-09-13T23:00:00,neutral,False,baseline
review_0004481,order_0006831,5,2024-01-23T00:00:00,2024-01-24T02:00:00,positive,False,baseline
review_0004482,order_0006832,4,2026-05-21T00:00:00,2026-05-21T22:00:00,positive,False,baseline
review_0004483,order_0006833,5,2026-12-23T00:00:00,2026-12-24T04:00:00,positive,False,baseline
review_0004484,order_0006834,4,2026-11-12T00:00:00,2026-11-13T13:00:00,positive,False,baseline
review_0004485,order_0006835,3,2026-06-05T00:00:00,2026-06-06T04:00:00,neutral,False,baseline
review_0004486,order_0006838,4,2025-06-06T00:00:00,2025-06-07T17:00:00,positive,False,baseline
review_0004487,order_0006841,4,2024-07-12T00:00:00,2024-07-12T10:00:00,positive,False,baseline
review_0004488,order_0006842,5,2024-05-10T00:00:00,2024-05-12T23:00:00,positive,False,baseline
review_0004489,order_0006843,2,2026-07-26T00:00:00,2026-07-27T22:00:00,negative,True,baseline
review_0004490,order_0006844,4,2025-02-18T00:00:00,2025-02-18T22:00:00,positive,False,baseline
review_0004491,order_0006845,3,2025-03-20T00:00:00,2025-03-21T10:00:00,neutral,False,baseline
review_0004492,order_0006846,2,2025-11-23T00:00:00,2025-11-25T21:00:00,negative,True,baseline
review_0004493,order_0006847,5,2025-06-01T00:00:00,2025-06-02T10:00:00,positive,False,baseline
review_0004494,order_0006850,5,2026-07-13T00:00:00,2026-07-15T13:00:00,positive,False,baseline
review_0004495,order_0006853,4,2026-04-22T00:00:00,2026-04-24T16:00:00,positive,False,baseline
review_0004496,order_0006854,3,2024-09-10T00:00:00,2024-09-11T12:00:00,neutral,False,baseline
review_0004497,order_0006857,2,2025-05-19T00:00:00,2025-05-19T10:00:00,negative,True,baseline
review_0004498,order_0006859,4,2026-01-15T00:00:00,2026-01-15T21:00:00,positive,False,baseline
review_0004499,order_0006860,4,2026-05-19T00:00:00,2026-05-19T17:00:00,positive,False,baseline
review_0004500,order_0006862,4,2026-10-09T00:00:00,2026-10-10T04:00:00,positive,False,baseline
review_0004501,order_0006863,3,2024-05-04T00:00:00,2024-05-05T11:00:00,neutral,False,baseline
review_0004502,order_0006864,4,2025-01-23T00:00:00,2025-01-24T20:00:00,positive,False,baseline
review_0004503,order_0006865,4,2024-08-28T00:00:00,2024-08-29T03:00:00,positive,False,baseline
review_0004504,order_0006866,4,2025-05-02T00:00:00,2025-05-04T14:00:00,positive,False,baseline
review_0004505,order_0006867,4,2025-04-30T00:00:00,2025-04-30T20:00:00,positive,False,baseline
review_0004506,order_0006868,3,2025-08-03T00:00:00,2025-08-05T19:00:00,neutral,False,baseline
review_0004507,order_0006870,2,2024-10-17T00:00:00,2024-10-19T07:00:00,negative,True,baseline
review_0004508,order_0006871,5,2024-12-22T00:00:00,2024-12-24T00:00:00,positive,False,baseline
review_0004509,order_0006872,5,2026-09-09T00:00:00,2026-09-10T23:00:00,positive,False,baseline
review_0004510,order_0006876,2,2025-05-31T00:00:00,2025-06-02T06:00:00,negative,True,baseline
review_0004511,order_0006877,4,2024-02-29T00:00:00,2024-03-02T23:00:00,positive,False,baseline
review_0004512,order_0006878,3,2026-01-07T00:00:00,2026-01-07T20:00:00,neutral,False,baseline
review_0004513,order_0006880,4,2025-08-07T00:00:00,2025-08-09T23:00:00,positive,False,baseline
review_0004514,order_0006881,5,2024-10-25T00:00:00,2024-10-26T01:00:00,positive,False,baseline
review_0004515,order_0006882,4,2025-01-05T00:00:00,2025-01-06T23:00:00,positive,False,baseline
review_0004516,order_0006883,3,2024-05-28T00:00:00,2024-05-29T01:00:00,neutral,False,baseline
review_0004517,order_0006885,4,2025-03-31T00:00:00,2025-03-31T20:00:00,positive,False,baseline
review_0004518,order_0006886,4,2025-11-05T00:00:00,2025-11-06T18:00:00,positive,False,baseline
review_0004519,order_0006887,4,2024-09-07T00:00:00,2024-09-09T11:00:00,positive,False,baseline
review_0004520,order_0006888,4,2025-04-14T00:00:00,2025-04-15T06:00:00,positive,False,baseline
review_0004521,order_0006889,3,2025-09-06T00:00:00,2025-09-08T09:00:00,neutral,False,baseline
review_0004522,order_0006892,3,2025-07-22T00:00:00,2025-07-23T10:00:00,neutral,False,baseline
review_0004523,order_0006893,4,2026-03-11T00:00:00,2026-03-11T17:00:00,positive,False,baseline
review_0004524,order_0006894,5,2024-05-29T00:00:00,2024-05-29T11:00:00,positive,False,baseline
review_0004525,order_0006895,4,2026-11-23T00:00:00,2026-11-25T22:00:00,positive,False,baseline
review_0004526,order_0006896,4,2026-10-24T00:00:00,2026-10-26T23:00:00,positive,False,baseline
review_0004527,order_0006897,5,2026-03-28T00:00:00,2026-03-29T18:00:00,positive,False,baseline
review_0004528,order_0006901,4,2024-06-18T00:00:00,2024-06-19T15:00:00,positive,False,baseline
review_0004529,order_0006903,4,2024-06-10T00:00:00,2024-06-10T10:00:00,positive,False,baseline
review_0004530,order_0006904,4,2025-04-21T00:00:00,2025-04-22T12:00:00,positive,False,baseline
review_0004531,order_0006906,5,2025-10-07T00:00:00,2025-10-08T23:00:00,positive,False,baseline
review_0004532,order_0006908,4,2026-06-26T00:00:00,2026-06-27T23:00:00,positive,False,baseline
review_0004533,order_0006910,5,2026-12-14T00:00:00,2026-12-16T19:00:00,positive,False,baseline
review_0004534,order_0006911,4,2025-09-20T00:00:00,2025-09-21T17:00:00,positive,False,baseline
review_0004535,order_0006912,5,2024-07-27T00:00:00,2024-07-27T13:00:00,positive,False,baseline
review_0004536,order_0006914,4,2025-01-30T00:00:00,2025-01-31T15:00:00,positive,False,baseline
review_0004537,order_0006918,4,2024-07-10T00:00:00,2024-07-11T15:00:00,positive,False,baseline
review_0004538,order_0006919,4,2026-11-05T00:00:00,2026-11-07T04:00:00,positive,False,baseline
review_0004539,order_0006922,4,2026-09-08T00:00:00,2026-09-09T22:00:00,positive,False,baseline
review_0004540,order_0006923,3,2025-07-26T00:00:00,2025-07-26T11:00:00,neutral,False,baseline
review_0004541,order_0006924,3,2025-10-09T00:00:00,2025-10-11T07:00:00,neutral,False,baseline
review_0004542,order_0006925,3,2026-04-25T00:00:00,2026-04-26T00:00:00,neutral,False,baseline
review_0004543,order_0006926,4,2025-07-16T00:00:00,2025-07-18T09:00:00,positive,False,baseline
review_0004544,order_0006928,5,2025-02-19T00:00:00,2025-02-20T07:00:00,positive,False,baseline
review_0004545,order_0006929,5,2026-03-16T00:00:00,2026-03-17T10:00:00,positive,False,baseline
review_0004546,order_0006930,4,2026-09-26T00:00:00,2026-09-28T00:00:00,positive,False,baseline
review_0004547,order_0006931,4,2026-04-05T00:00:00,2026-04-05T22:00:00,positive,False,baseline
review_0004548,order_0006935,5,2025-10-29T00:00:00,2025-10-31T05:00:00,positive,False,baseline
review_0004549,order_0006938,4,2025-11-02T00:00:00,2025-11-03T19:00:00,positive,False,baseline
review_0004550,order_0006940,4,2024-05-02T00:00:00,2024-05-03T17:00:00,positive,False,baseline
review_0004551,order_0006941,3,2025-10-05T00:00:00,2025-10-07T10:00:00,neutral,False,baseline
review_0004552,order_0006944,2,2026-01-05T00:00:00,2026-01-07T12:00:00,negative,True,baseline
review_0004553,order_0006945,4,2026-09-01T00:00:00,2026-09-02T16:00:00,positive,False,baseline
review_0004554,order_0006946,3,2024-11-27T00:00:00,2024-11-29T18:00:00,neutral,False,baseline
review_0004555,order_0006951,4,2026-03-20T00:00:00,2026-03-21T11:00:00,positive,False,baseline
review_0004556,order_0006954,4,2026-06-22T00:00:00,2026-06-22T22:00:00,positive,False,baseline
review_0004557,order_0006955,3,2024-12-31T00:00:00,2025-01-02T23:00:00,neutral,False,baseline
review_0004558,order_0006958,5,2026-09-07T00:00:00,2026-09-08T23:00:00,positive,False,baseline
review_0004559,order_0006960,4,2025-12-20T00:00:00,2025-12-21T07:00:00,positive,False,baseline
review_0004560,order_0006961,5,2025-01-05T00:00:00,2025-01-06T09:00:00,positive,False,baseline
review_0004561,order_0006965,3,2025-01-14T00:00:00,2025-01-15T09:00:00,neutral,False,baseline
review_0004562,order_0006967,2,2024-08-24T00:00:00,2024-08-25T20:00:00,negative,True,baseline
review_0004563,order_0006969,4,2025-11-18T00:00:00,2025-11-20T12:00:00,positive,False,baseline
review_0004564,order_0006970,4,2026-12-17T00:00:00,2026-12-19T03:00:00,positive,False,baseline
review_0004565,order_0006971,4,2026-05-01T00:00:00,2026-05-03T02:00:00,positive,False,baseline
review_0004566,order_0006973,5,2025-06-18T00:00:00,2025-06-19T18:00:00,positive,False,baseline
review_0004567,order_0006976,5,2024-05-16T00:00:00,2024-05-16T13:00:00,positive,False,baseline
review_0004568,order_0006978,5,2024-05-30T00:00:00,2024-05-30T15:00:00,positive,False,baseline
review_0004569,order_0006979,1,2026-11-30T00:00:00,2026-12-02T01:00:00,negative,True,baseline
review_0004570,order_0006981,3,2024-10-02T00:00:00,2024-10-02T09:00:00,neutral,False,baseline
review_0004571,order_0006982,3,2026-02-01T00:00:00,2026-02-03T18:00:00,neutral,False,baseline
review_0004572,order_0006983,4,2025-01-17T00:00:00,2025-01-17T13:00:00,positive,False,baseline
review_0004573,order_0006986,4,2025-10-20T00:00:00,2025-10-22T06:00:00,positive,False,baseline
review_0004574,order_0006989,5,2024-06-23T00:00:00,2024-06-24T14:00:00,positive,False,baseline
review_0004575,order_0006990,4,2025-12-25T00:00:00,2025-12-27T01:00:00,positive,False,baseline
review_0004576,order_0006993,4,2026-09-05T00:00:00,2026-09-06T19:00:00,positive,False,baseline
review_0004577,order_0006994,3,2026-07-21T00:00:00,2026-07-21T22:00:00,neutral,False,baseline
review_0004578,order_0006996,3,2025-02-12T00:00:00,2025-02-12T10:00:00,neutral,False,baseline
review_0004579,order_0006997,5,2025-12-04T00:00:00,2025-12-06T22:00:00,positive,False,baseline
review_0004580,order_0007000,4,2024-08-17T00:00:00,2024-08-17T11:00:00,positive,False,baseline
review_0004581,order_0007001,4,2026-10-15T00:00:00,2026-10-15T12:00:00,positive,False,baseline
review_0004582,order_0007002,5,2026-09-18T00:00:00,2026-09-18T20:00:00,positive,False,baseline
review_0004583,order_0007004,5,2024-07-16T00:00:00,2024-07-18T13:00:00,positive,False,baseline
review_0004584,order_0007005,4,2026-10-12T00:00:00,2026-10-13T00:00:00,positive,False,baseline
review_0004585,order_0007006,3,2025-07-14T00:00:00,2025-07-15T23:00:00,neutral,False,baseline
review_0004586,order_0007007,3,2024-03-20T00:00:00,2024-03-23T00:00:00,neutral,False,baseline
review_0004587,order_0007008,2,2024-12-11T00:00:00,2024-12-11T19:00:00,negative,True,baseline
review_0004588,order_0007009,5,2026-03-27T00:00:00,2026-03-27T08:00:00,positive,False,baseline
review_0004589,order_0007010,5,2026-04-16T00:00:00,2026-04-17T12:00:00,positive,False,baseline
review_0004590,order_0007011,4,2026-02-15T00:00:00,2026-02-17T02:00:00,positive,False,baseline
review_0004591,order_0007012,3,2024-10-23T00:00:00,2024-10-23T16:00:00,neutral,False,baseline
review_0004592,order_0007013,4,2026-03-18T00:00:00,2026-03-19T11:00:00,positive,False,baseline
review_0004593,order_0007015,5,2024-07-27T00:00:00,2024-07-29T16:00:00,positive,False,baseline
review_0004594,order_0007016,4,2024-10-24T00:00:00,2024-10-26T09:00:00,positive,False,baseline
review_0004595,order_0007017,4,2024-09-15T00:00:00,2024-09-16T12:00:00,positive,False,baseline
review_0004596,order_0007018,3,2025-03-02T00:00:00,2025-03-03T06:00:00,neutral,False,baseline
review_0004597,order_0007019,3,2025-08-16T00:00:00,2025-08-18T04:00:00,neutral,False,baseline
review_0004598,order_0007021,4,2025-12-03T00:00:00,2025-12-05T07:00:00,positive,False,baseline
review_0004599,order_0007023,4,2026-02-28T00:00:00,2026-02-28T08:00:00,positive,False,baseline
review_0004600,order_0007025,4,2025-08-29T00:00:00,2025-08-30T04:00:00,positive,False,baseline
review_0004601,order_0007026,5,2026-08-13T00:00:00,2026-08-13T23:00:00,positive,False,baseline
review_0004602,order_0007027,3,2025-10-31T00:00:00,2025-11-02T11:00:00,neutral,False,baseline
review_0004603,order_0007028,3,2026-02-23T00:00:00,2026-02-25T15:00:00,neutral,False,baseline
review_0004604,order_0007029,5,2026-12-30T00:00:00,2026-12-30T09:00:00,positive,False,baseline
review_0004605,order_0007031,5,2025-02-11T00:00:00,2025-02-12T23:00:00,positive,False,baseline
review_0004606,order_0007033,5,2025-07-03T00:00:00,2025-07-03T13:00:00,positive,False,baseline
review_0004607,order_0007034,4,2024-06-13T00:00:00,2024-06-13T17:00:00,positive,False,baseline
review_0004608,order_0007035,4,2026-07-24T00:00:00,2026-07-24T18:00:00,positive,False,baseline
review_0004609,order_0007036,2,2026-02-01T00:00:00,2026-02-02T21:00:00,negative,True,baseline
review_0004610,order_0007037,5,2024-03-23T00:00:00,2024-03-25T13:00:00,positive,False,baseline
review_0004611,order_0007040,4,2024-03-28T00:00:00,2024-03-30T09:00:00,positive,False,baseline
review_0004612,order_0007042,4,2024-03-02T00:00:00,2024-03-02T21:00:00,positive,False,baseline
review_0004613,order_0007043,4,2025-04-19T00:00:00,2025-04-20T23:00:00,positive,False,baseline
review_0004614,order_0007044,5,2025-08-18T00:00:00,2025-08-18T21:00:00,positive,False,baseline
review_0004615,order_0007045,5,2026-07-01T00:00:00,2026-07-03T08:00:00,positive,False,baseline
review_0004616,order_0007046,1,2024-07-15T00:00:00,2024-07-16T13:00:00,negative,True,baseline
review_0004617,order_0007048,5,2025-10-19T00:00:00,2025-10-21T03:00:00,positive,False,baseline
review_0004618,order_0007049,5,2025-09-21T00:00:00,2025-09-21T16:00:00,positive,False,baseline
review_0004619,order_0007050,4,2025-02-04T00:00:00,2025-02-06T07:00:00,positive,False,baseline
review_0004620,order_0007051,5,2026-03-08T00:00:00,2026-03-09T15:00:00,positive,False,baseline
review_0004621,order_0007052,4,2026-09-25T00:00:00,2026-09-26T11:00:00,positive,False,baseline
review_0004622,order_0007054,3,2024-12-23T00:00:00,2024-12-23T18:00:00,neutral,False,baseline
review_0004623,order_0007055,4,2024-06-23T00:00:00,2024-06-25T11:00:00,positive,False,baseline
review_0004624,order_0007057,4,2025-11-12T00:00:00,2025-11-14T19:00:00,positive,False,baseline
review_0004625,order_0007060,3,2026-10-07T00:00:00,2026-10-07T09:00:00,neutral,False,baseline
review_0004626,order_0007062,4,2024-12-04T00:00:00,2024-12-04T18:00:00,positive,False,baseline
review_0004627,order_0007065,3,2025-11-26T00:00:00,2025-11-28T20:00:00,neutral,False,baseline
review_0004628,order_0007066,5,2025-06-12T00:00:00,2025-06-14T17:00:00,positive,False,baseline
review_0004629,order_0007067,4,2025-05-31T00:00:00,2025-06-01T15:00:00,positive,False,baseline
review_0004630,order_0007068,3,2025-01-13T00:00:00,2025-01-14T19:00:00,neutral,False,baseline
review_0004631,order_0007069,4,2025-05-16T00:00:00,2025-05-18T22:00:00,positive,False,baseline
review_0004632,order_0007070,5,2025-10-22T00:00:00,2025-10-22T15:00:00,positive,False,baseline
review_0004633,order_0007071,4,2026-06-11T00:00:00,2026-06-13T15:00:00,positive,False,baseline
review_0004634,order_0007074,4,2026-11-19T00:00:00,2026-11-20T19:00:00,positive,False,baseline
review_0004635,order_0007075,3,2025-11-12T00:00:00,2025-11-13T08:00:00,neutral,False,baseline
review_0004636,order_0007076,4,2025-12-24T00:00:00,2025-12-26T05:00:00,positive,False,baseline
review_0004637,order_0007077,5,2026-10-11T00:00:00,2026-10-13T13:00:00,positive,False,baseline
review_0004638,order_0007080,3,2026-08-20T00:00:00,2026-08-22T21:00:00,neutral,False,baseline
review_0004639,order_0007081,4,2025-02-02T00:00:00,2025-02-03T10:00:00,positive,False,baseline
review_0004640,order_0007083,4,2025-04-07T00:00:00,2025-04-09T06:00:00,positive,False,baseline
review_0004641,order_0007087,4,2026-12-08T00:00:00,2026-12-10T22:00:00,positive,False,baseline
review_0004642,order_0007088,3,2024-10-26T00:00:00,2024-10-27T23:00:00,neutral,False,baseline
review_0004643,order_0007091,5,2024-12-11T00:00:00,2024-12-12T23:00:00,positive,False,baseline
review_0004644,order_0007092,3,2024-11-07T00:00:00,2024-11-08T11:00:00,neutral,False,baseline
review_0004645,order_0007093,5,2025-01-01T00:00:00,2025-01-03T20:00:00,positive,False,baseline
review_0004646,order_0007094,4,2024-03-09T00:00:00,2024-03-10T06:00:00,positive,False,baseline
review_0004647,order_0007095,3,2026-02-18T00:00:00,2026-02-19T06:00:00,neutral,False,baseline
review_0004648,order_0007096,5,2024-06-06T00:00:00,2024-06-08T00:00:00,positive,False,baseline
review_0004649,order_0007098,4,2025-01-21T00:00:00,2025-01-22T03:00:00,positive,False,baseline
review_0004650,order_0007099,3,2025-10-19T00:00:00,2025-10-19T17:00:00,neutral,False,baseline
review_0004651,order_0007100,4,2025-01-12T00:00:00,2025-01-14T23:00:00,positive,False,baseline
review_0004652,order_0007101,3,2024-05-27T00:00:00,2024-05-27T08:00:00,neutral,False,baseline
review_0004653,order_0007102,5,2025-05-19T00:00:00,2025-05-19T18:00:00,positive,False,baseline
review_0004654,order_0007103,4,2025-10-27T00:00:00,2025-10-27T23:00:00,positive,False,baseline
review_0004655,order_0007104,4,2026-12-31T00:00:00,2026-12-31T23:59:00,positive,False,baseline
review_0004656,order_0007105,4,2025-11-20T00:00:00,2025-11-21T13:00:00,positive,False,baseline
review_0004657,order_0007106,5,2024-05-08T00:00:00,2024-05-10T00:00:00,positive,False,baseline
review_0004658,order_0007107,3,2024-06-14T00:00:00,2024-06-16T03:00:00,neutral,False,baseline
review_0004659,order_0007109,3,2026-04-11T00:00:00,2026-04-11T19:00:00,neutral,False,baseline
review_0004660,order_0007110,4,2025-12-30T00:00:00,2025-12-30T20:00:00,positive,False,baseline
review_0004661,order_0007111,4,2024-07-13T00:00:00,2024-07-14T10:00:00,positive,False,baseline
review_0004662,order_0007113,4,2026-04-06T00:00:00,2026-04-06T19:00:00,positive,False,baseline
review_0004663,order_0007114,4,2025-11-17T00:00:00,2025-11-19T08:00:00,positive,False,baseline
review_0004664,order_0007115,4,2024-10-28T00:00:00,2024-10-28T21:00:00,positive,False,baseline
review_0004665,order_0007116,5,2024-07-24T00:00:00,2024-07-26T23:00:00,positive,False,baseline
review_0004666,order_0007118,4,2024-05-03T00:00:00,2024-05-05T08:00:00,positive,False,baseline
review_0004667,order_0007119,5,2026-10-21T00:00:00,2026-10-22T20:00:00,positive,False,baseline
review_0004668,order_0007120,5,2025-04-10T00:00:00,2025-04-10T09:00:00,positive,False,baseline
review_0004669,order_0007121,3,2024-10-21T00:00:00,2024-10-21T13:00:00,neutral,False,baseline
review_0004670,order_0007122,4,2024-04-04T00:00:00,2024-04-04T17:00:00,positive,False,baseline
review_0004671,order_0007124,1,2024-01-27T00:00:00,2024-01-29T11:00:00,negative,True,baseline
review_0004672,order_0007127,5,2026-12-19T00:00:00,2026-12-19T20:00:00,positive,False,baseline
review_0004673,order_0007128,4,2024-01-20T00:00:00,2024-01-21T03:00:00,positive,False,baseline
review_0004674,order_0007130,5,2024-03-03T00:00:00,2024-03-03T21:00:00,positive,False,baseline
review_0004675,order_0007132,4,2026-06-03T00:00:00,2026-06-03T22:00:00,positive,False,baseline
review_0004676,order_0007134,2,2024-06-06T00:00:00,2024-06-07T05:00:00,negative,True,baseline
review_0004677,order_0007135,3,2024-07-16T00:00:00,2024-07-17T21:00:00,neutral,False,baseline
review_0004678,order_0007136,3,2026-01-10T00:00:00,2026-01-12T17:00:00,neutral,False,baseline
review_0004679,order_0007138,5,2024-09-17T00:00:00,2024-09-19T03:00:00,positive,False,baseline
review_0004680,order_0007140,4,2025-05-15T00:00:00,2025-05-16T07:00:00,positive,False,baseline
review_0004681,order_0007141,5,2025-09-19T00:00:00,2025-09-19T11:00:00,positive,False,baseline
review_0004682,order_0007142,4,2024-11-29T00:00:00,2024-11-30T16:00:00,positive,False,baseline
review_0004683,order_0007145,5,2025-05-24T00:00:00,2025-05-25T13:00:00,positive,False,baseline
review_0004684,order_0007146,4,2026-12-05T00:00:00,2026-12-06T21:00:00,positive,False,baseline
review_0004685,order_0007147,4,2026-08-29T00:00:00,2026-08-30T00:00:00,positive,False,baseline
review_0004686,order_0007149,2,2024-11-24T00:00:00,2024-11-25T18:00:00,negative,True,baseline
review_0004687,order_0007150,5,2024-01-17T00:00:00,2024-01-18T16:00:00,positive,False,baseline
review_0004688,order_0007152,3,2025-03-09T00:00:00,2025-03-09T10:00:00,neutral,False,baseline
review_0004689,order_0007155,4,2024-07-21T00:00:00,2024-07-22T02:00:00,positive,False,baseline
review_0004690,order_0007156,5,2026-03-04T00:00:00,2026-03-05T23:00:00,positive,False,baseline
review_0004691,order_0007159,4,2025-04-06T00:00:00,2025-04-07T11:00:00,positive,False,baseline
review_0004692,order_0007162,4,2025-06-08T00:00:00,2025-06-10T19:00:00,positive,False,baseline
review_0004693,order_0007163,4,2025-05-31T00:00:00,2025-05-31T11:00:00,positive,False,baseline
review_0004694,order_0007164,4,2026-08-14T00:00:00,2026-08-15T15:00:00,positive,False,baseline
review_0004695,order_0007165,4,2026-12-22T00:00:00,2026-12-24T04:00:00,positive,False,baseline
review_0004696,order_0007166,4,2025-03-31T00:00:00,2025-04-01T02:00:00,positive,False,baseline
review_0004697,order_0007169,4,2026-11-23T00:00:00,2026-11-24T23:00:00,positive,False,baseline
review_0004698,order_0007170,2,2026-11-05T00:00:00,2026-11-07T16:00:00,negative,True,baseline
review_0004699,order_0007172,4,2024-02-21T00:00:00,2024-02-22T10:00:00,positive,False,baseline
review_0004700,order_0007175,4,2026-01-12T00:00:00,2026-01-12T18:00:00,positive,False,baseline
review_0004701,order_0007176,4,2025-07-07T00:00:00,2025-07-08T06:00:00,positive,False,baseline
review_0004702,order_0007177,5,2024-10-10T00:00:00,2024-10-11T21:00:00,positive,False,baseline
review_0004703,order_0007179,4,2025-01-03T00:00:00,2025-01-03T18:00:00,positive,False,baseline
review_0004704,order_0007184,4,2024-08-24T00:00:00,2024-08-24T18:00:00,positive,False,baseline
review_0004705,order_0007185,5,2024-11-06T00:00:00,2024-11-06T13:00:00,positive,False,baseline
review_0004706,order_0007186,4,2025-04-17T00:00:00,2025-04-18T13:00:00,positive,False,baseline
review_0004707,order_0007187,4,2024-06-08T00:00:00,2024-06-08T20:00:00,positive,False,baseline
review_0004708,order_0007188,4,2025-06-17T00:00:00,2025-06-19T23:00:00,positive,False,baseline
review_0004709,order_0007189,4,2025-06-21T00:00:00,2025-06-22T01:00:00,positive,False,baseline
review_0004710,order_0007190,5,2025-10-14T00:00:00,2025-10-15T18:00:00,positive,False,baseline
review_0004711,order_0007191,4,2025-01-12T00:00:00,2025-01-12T20:00:00,positive,False,baseline
review_0004712,order_0007192,5,2025-09-17T00:00:00,2025-09-19T23:00:00,positive,False,baseline
review_0004713,order_0007193,4,2024-04-18T00:00:00,2024-04-19T04:00:00,positive,False,baseline
review_0004714,order_0007194,4,2024-12-23T00:00:00,2024-12-26T00:00:00,positive,False,baseline
review_0004715,order_0007195,5,2024-11-10T00:00:00,2024-11-11T09:00:00,positive,False,baseline
review_0004716,order_0007197,4,2024-11-30T00:00:00,2024-11-30T16:00:00,positive,False,baseline
review_0004717,order_0007198,4,2026-02-04T00:00:00,2026-02-05T07:00:00,positive,False,baseline
review_0004718,order_0007201,5,2025-11-08T00:00:00,2025-11-10T19:00:00,positive,False,baseline
review_0004719,order_0007202,4,2024-02-21T00:00:00,2024-02-23T15:00:00,positive,False,baseline
review_0004720,order_0007203,3,2025-04-01T00:00:00,2025-04-02T02:00:00,neutral,False,baseline
review_0004721,order_0007204,4,2025-03-12T00:00:00,2025-03-13T07:00:00,positive,False,baseline
review_0004722,order_0007206,5,2024-12-27T00:00:00,2024-12-29T16:00:00,positive,False,baseline
review_0004723,order_0007207,4,2025-02-13T00:00:00,2025-02-13T23:00:00,positive,False,baseline
review_0004724,order_0007208,3,2025-10-11T00:00:00,2025-10-12T20:00:00,neutral,False,baseline
review_0004725,order_0007209,4,2025-04-17T00:00:00,2025-04-19T13:00:00,positive,False,baseline
review_0004726,order_0007210,3,2025-08-24T00:00:00,2025-08-26T07:00:00,neutral,False,baseline
review_0004727,order_0007211,5,2025-02-13T00:00:00,2025-02-14T02:00:00,positive,False,baseline
review_0004728,order_0007212,5,2025-07-06T00:00:00,2025-07-08T13:00:00,positive,False,baseline
review_0004729,order_0007214,3,2024-05-26T00:00:00,2024-05-28T07:00:00,neutral,False,baseline
review_0004730,order_0007215,4,2024-10-28T00:00:00,2024-10-28T11:00:00,positive,False,baseline
review_0004731,order_0007216,5,2024-12-19T00:00:00,2024-12-21T16:00:00,positive,False,baseline
review_0004732,order_0007218,4,2026-02-01T00:00:00,2026-02-03T00:00:00,positive,False,baseline
review_0004733,order_0007219,3,2026-06-03T00:00:00,2026-06-05T16:00:00,neutral,False,baseline
review_0004734,order_0007220,2,2024-12-07T00:00:00,2024-12-08T07:00:00,negative,True,baseline
review_0004735,order_0007221,4,2026-12-31T00:00:00,2026-12-31T23:59:00,positive,False,baseline
review_0004736,order_0007222,5,2026-08-05T00:00:00,2026-08-05T21:00:00,positive,False,baseline
review_0004737,order_0007225,4,2025-07-03T00:00:00,2025-07-05T06:00:00,positive,False,baseline
review_0004738,order_0007226,4,2024-09-29T00:00:00,2024-09-29T22:00:00,positive,False,baseline
review_0004739,order_0007227,3,2026-05-19T00:00:00,2026-05-21T23:00:00,neutral,False,baseline
review_0004740,order_0007230,5,2025-08-19T00:00:00,2025-08-21T12:00:00,positive,False,baseline
review_0004741,order_0007231,4,2026-12-17T00:00:00,2026-12-18T01:00:00,positive,False,baseline
review_0004742,order_0007235,3,2026-07-02T00:00:00,2026-07-04T23:00:00,neutral,False,baseline
review_0004743,order_0007237,5,2024-09-24T00:00:00,2024-09-25T07:00:00,positive,False,baseline
review_0004744,order_0007238,5,2026-06-03T00:00:00,2026-06-05T06:00:00,positive,False,baseline
review_0004745,order_0007239,5,2026-02-13T00:00:00,2026-02-15T09:00:00,positive,False,baseline
review_0004746,order_0007240,4,2026-11-06T00:00:00,2026-11-07T14:00:00,positive,False,baseline
review_0004747,order_0007243,4,2026-01-25T00:00:00,2026-01-26T10:00:00,positive,False,baseline
review_0004748,order_0007244,4,2025-12-21T00:00:00,2025-12-22T14:00:00,positive,False,baseline
review_0004749,order_0007248,3,2025-07-07T00:00:00,2025-07-09T00:00:00,neutral,False,baseline
review_0004750,order_0007249,5,2026-10-05T00:00:00,2026-10-07T10:00:00,positive,False,baseline
review_0004751,order_0007250,4,2026-02-04T00:00:00,2026-02-05T01:00:00,positive,False,baseline
review_0004752,order_0007253,5,2024-04-18T00:00:00,2024-04-19T10:00:00,positive,False,baseline
review_0004753,order_0007254,4,2025-05-30T00:00:00,2025-05-31T11:00:00,positive,False,baseline
review_0004754,order_0007256,4,2026-03-28T00:00:00,2026-03-28T23:00:00,positive,False,baseline
review_0004755,order_0007257,4,2026-09-04T00:00:00,2026-09-05T00:00:00,positive,False,baseline
review_0004756,order_0007259,4,2026-11-09T00:00:00,2026-11-09T20:00:00,positive,False,baseline
review_0004757,order_0007260,4,2024-11-11T00:00:00,2024-11-12T05:00:00,positive,False,baseline
review_0004758,order_0007262,4,2024-10-24T00:00:00,2024-10-26T14:00:00,positive,False,baseline
review_0004759,order_0007263,4,2024-03-17T00:00:00,2024-03-19T03:00:00,positive,False,baseline
review_0004760,order_0007265,4,2024-01-20T00:00:00,2024-01-21T04:00:00,positive,False,baseline
review_0004761,order_0007266,3,2026-07-24T00:00:00,2026-07-25T20:00:00,neutral,False,baseline
review_0004762,order_0007268,4,2024-07-24T00:00:00,2024-07-24T17:00:00,positive,False,baseline
review_0004763,order_0007269,5,2026-08-15T00:00:00,2026-08-16T19:00:00,positive,False,baseline
review_0004764,order_0007273,4,2026-04-14T00:00:00,2026-04-15T10:00:00,positive,False,baseline
review_0004765,order_0007274,5,2024-03-16T00:00:00,2024-03-18T15:00:00,positive,False,baseline
review_0004766,order_0007275,4,2025-01-22T00:00:00,2025-01-22T11:00:00,positive,False,baseline
review_0004767,order_0007276,5,2026-05-01T00:00:00,2026-05-02T16:00:00,positive,False,baseline
review_0004768,order_0007277,4,2026-12-05T00:00:00,2026-12-07T01:00:00,positive,False,baseline
review_0004769,order_0007279,4,2025-03-07T00:00:00,2025-03-08T12:00:00,positive,False,baseline
review_0004770,order_0007282,4,2025-08-02T00:00:00,2025-08-03T03:00:00,positive,False,baseline
review_0004771,order_0007283,5,2025-01-04T00:00:00,2025-01-04T14:00:00,positive,False,baseline
review_0004772,order_0007284,3,2025-05-11T00:00:00,2025-05-11T09:00:00,neutral,False,baseline
review_0004773,order_0007285,4,2024-11-06T00:00:00,2024-11-07T04:00:00,positive,False,baseline
review_0004774,order_0007287,3,2024-12-13T00:00:00,2024-12-13T11:00:00,neutral,False,baseline
review_0004775,order_0007288,3,2026-01-26T00:00:00,2026-01-26T12:00:00,neutral,False,baseline
review_0004776,order_0007289,5,2025-06-04T00:00:00,2025-06-06T17:00:00,positive,False,baseline
review_0004777,order_0007291,4,2026-06-03T00:00:00,2026-06-03T20:00:00,positive,False,baseline
review_0004778,order_0007294,1,2025-10-12T00:00:00,2025-10-13T07:00:00,negative,True,baseline
review_0004779,order_0007295,5,2024-08-20T00:00:00,2024-08-20T17:00:00,positive,False,baseline
review_0004780,order_0007296,5,2025-06-23T00:00:00,2025-06-25T14:00:00,positive,False,baseline
review_0004781,order_0007298,3,2026-09-27T00:00:00,2026-09-29T04:00:00,neutral,False,baseline
review_0004782,order_0007299,4,2026-09-14T00:00:00,2026-09-16T08:00:00,positive,False,baseline
review_0004783,order_0007300,4,2026-10-13T00:00:00,2026-10-14T21:00:00,positive,False,baseline
review_0004784,order_0007303,3,2024-07-23T00:00:00,2024-07-24T08:00:00,neutral,False,baseline
review_0004785,order_0007305,5,2026-01-13T00:00:00,2026-01-13T14:00:00,positive,False,baseline
review_0004786,order_0007307,4,2026-11-21T00:00:00,2026-11-21T08:00:00,positive,False,baseline
review_0004787,order_0007310,5,2026-07-03T00:00:00,2026-07-05T10:00:00,positive,False,baseline
review_0004788,order_0007311,5,2026-08-19T00:00:00,2026-08-19T12:00:00,positive,False,baseline
review_0004789,order_0007312,5,2024-05-27T00:00:00,2024-05-27T20:00:00,positive,False,baseline
review_0004790,order_0007316,4,2025-11-06T00:00:00,2025-11-07T21:00:00,positive,False,baseline
review_0004791,order_0007317,4,2025-07-27T00:00:00,2025-07-29T12:00:00,positive,False,baseline
review_0004792,order_0007318,4,2025-03-16T00:00:00,2025-03-17T11:00:00,positive,False,baseline
review_0004793,order_0007319,5,2026-03-03T00:00:00,2026-03-04T19:00:00,positive,False,baseline
review_0004794,order_0007320,5,2026-11-04T00:00:00,2026-11-06T19:00:00,positive,False,baseline
review_0004795,order_0007321,5,2026-01-02T00:00:00,2026-01-03T16:00:00,positive,False,baseline
review_0004796,order_0007322,4,2025-07-19T00:00:00,2025-07-21T00:00:00,positive,False,baseline
review_0004797,order_0007324,4,2026-12-09T00:00:00,2026-12-09T09:00:00,positive,False,baseline
review_0004798,order_0007325,5,2024-08-12T00:00:00,2024-08-14T18:00:00,positive,False,baseline
review_0004799,order_0007328,4,2024-10-24T00:00:00,2024-10-27T00:00:00,positive,False,baseline
review_0004800,order_0007332,5,2025-10-18T00:00:00,2025-10-18T18:00:00,positive,False,baseline
review_0004801,order_0007333,4,2026-01-03T00:00:00,2026-01-04T18:00:00,positive,False,baseline
review_0004802,order_0007334,4,2026-05-24T00:00:00,2026-05-26T03:00:00,positive,False,baseline
review_0004803,order_0007335,3,2024-01-20T00:00:00,2024-01-21T20:00:00,neutral,False,baseline
review_0004804,order_0007336,4,2026-06-01T00:00:00,2026-06-02T05:00:00,positive,False,baseline
review_0004805,order_0007337,4,2025-11-17T00:00:00,2025-11-18T19:00:00,positive,False,baseline
review_0004806,order_0007342,4,2024-02-22T00:00:00,2024-02-23T10:00:00,positive,False,baseline
review_0004807,order_0007343,4,2026-01-09T00:00:00,2026-01-09T16:00:00,positive,False,baseline
review_0004808,order_0007346,3,2026-01-08T00:00:00,2026-01-10T22:00:00,neutral,False,baseline
review_0004809,order_0007347,3,2025-07-15T00:00:00,2025-07-17T00:00:00,neutral,False,baseline
review_0004810,order_0007348,5,2026-06-20T00:00:00,2026-06-21T03:00:00,positive,False,baseline
review_0004811,order_0007349,5,2024-12-26T00:00:00,2024-12-28T23:00:00,positive,False,baseline
review_0004812,order_0007350,5,2024-09-27T00:00:00,2024-09-29T15:00:00,positive,False,baseline
review_0004813,order_0007351,5,2025-07-05T00:00:00,2025-07-06T18:00:00,positive,False,baseline
review_0004814,order_0007352,4,2026-07-15T00:00:00,2026-07-16T14:00:00,positive,False,baseline
review_0004815,order_0007353,4,2024-10-20T00:00:00,2024-10-22T03:00:00,positive,False,baseline
review_0004816,order_0007355,5,2024-02-02T00:00:00,2024-02-04T23:00:00,positive,False,baseline
review_0004817,order_0007357,3,2026-12-06T00:00:00,2026-12-07T04:00:00,neutral,False,baseline
review_0004818,order_0007358,3,2024-10-23T00:00:00,2024-10-23T10:00:00,neutral,False,baseline
review_0004819,order_0007359,5,2026-12-19T00:00:00,2026-12-19T20:00:00,positive,False,baseline
review_0004820,order_0007360,4,2026-12-25T00:00:00,2026-12-27T06:00:00,positive,False,baseline
review_0004821,order_0007361,5,2026-07-11T00:00:00,2026-07-13T22:00:00,positive,False,baseline
review_0004822,order_0007362,3,2025-01-17T00:00:00,2025-01-18T07:00:00,neutral,False,baseline
review_0004823,order_0007363,3,2026-06-16T00:00:00,2026-06-17T14:00:00,neutral,False,baseline
review_0004824,order_0007364,4,2025-01-11T00:00:00,2025-01-11T13:00:00,positive,False,baseline
review_0004825,order_0007365,5,2026-03-13T00:00:00,2026-03-15T12:00:00,positive,False,baseline
review_0004826,order_0007368,5,2026-08-21T00:00:00,2026-08-23T00:00:00,positive,False,baseline
review_0004827,order_0007376,3,2026-07-04T00:00:00,2026-07-07T00:00:00,neutral,False,baseline
review_0004828,order_0007377,4,2024-07-22T00:00:00,2024-07-23T16:00:00,positive,False,baseline
review_0004829,order_0007379,4,2025-05-03T00:00:00,2025-05-05T18:00:00,positive,False,baseline
review_0004830,order_0007380,5,2024-09-13T00:00:00,2024-09-13T21:00:00,positive,False,baseline
review_0004831,order_0007381,4,2025-01-13T00:00:00,2025-01-15T04:00:00,positive,False,baseline
review_0004832,order_0007382,5,2026-12-09T00:00:00,2026-12-11T01:00:00,positive,False,baseline
review_0004833,order_0007384,5,2025-06-19T00:00:00,2025-06-19T11:00:00,positive,False,baseline
review_0004834,order_0007385,4,2025-12-17T00:00:00,2025-12-18T20:00:00,positive,False,baseline
review_0004835,order_0007386,2,2024-12-12T00:00:00,2024-12-14T23:00:00,negative,True,baseline
review_0004836,order_0007388,3,2024-11-04T00:00:00,2024-11-05T06:00:00,neutral,False,baseline
review_0004837,order_0007389,3,2025-11-22T00:00:00,2025-11-22T13:00:00,neutral,False,baseline
review_0004838,order_0007390,5,2025-02-12T00:00:00,2025-02-12T23:00:00,positive,False,baseline
review_0004839,order_0007391,5,2024-02-08T00:00:00,2024-02-09T13:00:00,positive,False,baseline
review_0004840,order_0007392,4,2025-03-16T00:00:00,2025-03-17T22:00:00,positive,False,baseline
review_0004841,order_0007394,5,2026-02-24T00:00:00,2026-02-25T00:00:00,positive,False,baseline
review_0004842,order_0007395,5,2024-07-29T00:00:00,2024-07-29T20:00:00,positive,False,baseline
review_0004843,order_0007399,4,2026-03-14T00:00:00,2026-03-15T07:00:00,positive,False,baseline
review_0004844,order_0007400,5,2024-06-03T00:00:00,2024-06-04T08:00:00,positive,False,baseline
review_0004845,order_0007401,4,2026-04-21T00:00:00,2026-04-22T20:00:00,positive,False,baseline
review_0004846,order_0007403,4,2024-10-29T00:00:00,2024-10-29T20:00:00,positive,False,baseline
review_0004847,order_0007404,5,2026-04-04T00:00:00,2026-04-04T22:00:00,positive,False,baseline
review_0004848,order_0007405,4,2026-01-12T00:00:00,2026-01-14T13:00:00,positive,False,baseline
review_0004849,order_0007406,4,2026-02-23T00:00:00,2026-02-23T19:00:00,positive,False,baseline
review_0004850,order_0007408,5,2026-01-01T00:00:00,2026-01-01T21:00:00,positive,False,baseline
review_0004851,order_0007410,4,2026-11-30T00:00:00,2026-12-02T07:00:00,positive,False,baseline
review_0004852,order_0007411,4,2024-11-05T00:00:00,2024-11-05T09:00:00,positive,False,baseline
review_0004853,order_0007413,3,2024-08-26T00:00:00,2024-08-27T12:00:00,neutral,False,baseline
review_0004854,order_0007415,5,2025-07-09T00:00:00,2025-07-11T15:00:00,positive,False,baseline
review_0004855,order_0007416,5,2024-05-30T00:00:00,2024-06-01T01:00:00,positive,False,baseline
review_0004856,order_0007417,1,2026-11-15T00:00:00,2026-11-16T08:00:00,negative,True,baseline
review_0004857,order_0007419,5,2026-01-22T00:00:00,2026-01-24T13:00:00,positive,False,baseline
review_0004858,order_0007421,4,2025-08-29T00:00:00,2025-08-29T21:00:00,positive,False,baseline
review_0004859,order_0007423,5,2024-05-19T00:00:00,2024-05-19T08:00:00,positive,False,baseline
review_0004860,order_0007424,4,2025-03-08T00:00:00,2025-03-09T02:00:00,positive,False,baseline
review_0004861,order_0007429,4,2025-10-22T00:00:00,2025-10-22T14:00:00,positive,False,baseline
review_0004862,order_0007430,4,2025-07-12T00:00:00,2025-07-12T23:00:00,positive,False,baseline
review_0004863,order_0007431,5,2025-02-04T00:00:00,2025-02-06T08:00:00,positive,False,baseline
review_0004864,order_0007433,5,2026-03-20T00:00:00,2026-03-22T22:00:00,positive,False,baseline
review_0004865,order_0007434,4,2024-04-02T00:00:00,2024-04-02T13:00:00,positive,False,baseline
review_0004866,order_0007436,5,2025-11-12T00:00:00,2025-11-14T00:00:00,positive,False,baseline
review_0004867,order_0007437,5,2026-07-20T00:00:00,2026-07-20T12:00:00,positive,False,baseline
review_0004868,order_0007439,4,2026-01-08T00:00:00,2026-01-09T16:00:00,positive,False,baseline
review_0004869,order_0007440,4,2025-10-22T00:00:00,2025-10-24T11:00:00,positive,False,baseline
review_0004870,order_0007441,4,2025-01-14T00:00:00,2025-01-16T17:00:00,positive,False,baseline
review_0004871,order_0007442,3,2026-12-07T00:00:00,2026-12-08T01:00:00,neutral,False,baseline
review_0004872,order_0007443,5,2026-08-30T00:00:00,2026-09-01T14:00:00,positive,False,baseline
review_0004873,order_0007445,4,2025-10-10T00:00:00,2025-10-11T07:00:00,positive,False,baseline
review_0004874,order_0007446,4,2026-10-24T00:00:00,2026-10-26T07:00:00,positive,False,baseline
review_0004875,order_0007448,4,2025-07-05T00:00:00,2025-07-07T04:00:00,positive,False,baseline
review_0004876,order_0007449,4,2026-01-05T00:00:00,2026-01-07T07:00:00,positive,False,baseline
review_0004877,order_0007450,5,2025-01-19T00:00:00,2025-01-21T14:00:00,positive,False,baseline
review_0004878,order_0007452,4,2025-04-25T00:00:00,2025-04-25T13:00:00,positive,False,baseline
review_0004879,order_0007453,4,2026-10-17T00:00:00,2026-10-18T22:00:00,positive,False,baseline
review_0004880,order_0007454,2,2024-02-07T00:00:00,2024-02-08T10:00:00,negative,True,baseline
review_0004881,order_0007456,4,2025-11-12T00:00:00,2025-11-14T16:00:00,positive,False,baseline
review_0004882,order_0007458,4,2024-06-03T00:00:00,2024-06-04T00:00:00,positive,False,baseline
review_0004883,order_0007460,4,2026-03-15T00:00:00,2026-03-17T17:00:00,positive,False,baseline
review_0004884,order_0007461,4,2024-03-09T00:00:00,2024-03-09T18:00:00,positive,False,baseline
review_0004885,order_0007462,4,2024-08-28T00:00:00,2024-08-30T13:00:00,positive,False,baseline
review_0004886,order_0007463,5,2026-08-12T00:00:00,2026-08-14T19:00:00,positive,False,baseline
review_0004887,order_0007466,4,2026-04-11T00:00:00,2026-04-12T03:00:00,positive,False,baseline
review_0004888,order_0007467,4,2025-08-12T00:00:00,2025-08-14T02:00:00,positive,False,baseline
review_0004889,order_0007468,5,2025-03-21T00:00:00,2025-03-22T23:00:00,positive,False,baseline
review_0004890,order_0007469,4,2024-05-05T00:00:00,2024-05-07T23:00:00,positive,False,baseline
review_0004891,order_0007470,4,2025-01-29T00:00:00,2025-01-31T15:00:00,positive,False,baseline
review_0004892,order_0007471,4,2026-02-20T00:00:00,2026-02-22T06:00:00,positive,False,baseline
review_0004893,order_0007472,4,2025-11-16T00:00:00,2025-11-18T09:00:00,positive,False,baseline
review_0004894,order_0007473,3,2024-05-12T00:00:00,2024-05-14T14:00:00,neutral,False,baseline
review_0004895,order_0007475,3,2025-12-02T00:00:00,2025-12-03T08:00:00,neutral,False,baseline
review_0004896,order_0007476,4,2026-04-25T00:00:00,2026-04-25T11:00:00,positive,False,baseline
review_0004897,order_0007477,5,2024-03-15T00:00:00,2024-03-15T21:00:00,positive,False,baseline
review_0004898,order_0007478,5,2026-11-02T00:00:00,2026-11-04T19:00:00,positive,False,baseline
review_0004899,order_0007479,4,2025-01-02T00:00:00,2025-01-04T21:00:00,positive,False,baseline
review_0004900,order_0007481,4,2025-09-17T00:00:00,2025-09-19T15:00:00,positive,False,baseline
review_0004901,order_0007483,4,2026-11-02T00:00:00,2026-11-02T13:00:00,positive,False,baseline
review_0004902,order_0007486,5,2025-10-25T00:00:00,2025-10-27T16:00:00,positive,False,baseline
review_0004903,order_0007488,3,2026-02-28T00:00:00,2026-03-01T08:00:00,neutral,False,baseline
review_0004904,order_0007489,3,2024-03-03T00:00:00,2024-03-03T13:00:00,neutral,False,baseline
review_0004905,order_0007492,5,2025-08-16T00:00:00,2025-08-17T17:00:00,positive,False,baseline
review_0004906,order_0007493,4,2026-05-19T00:00:00,2026-05-19T21:00:00,positive,False,baseline
review_0004907,order_0007494,3,2026-08-08T00:00:00,2026-08-09T11:00:00,neutral,False,baseline
review_0004908,order_0007496,4,2026-12-02T00:00:00,2026-12-03T22:00:00,positive,False,baseline
review_0004909,order_0007498,4,2025-08-31T00:00:00,2025-09-03T00:00:00,positive,False,baseline
review_0004910,order_0007501,5,2026-08-27T00:00:00,2026-08-27T12:00:00,positive,False,baseline
review_0004911,order_0007502,4,2025-04-28T00:00:00,2025-04-30T08:00:00,positive,False,baseline
review_0004912,order_0007504,2,2025-11-07T00:00:00,2025-11-07T15:00:00,negative,True,baseline
review_0004913,order_0007505,4,2025-02-13T00:00:00,2025-02-14T04:00:00,positive,False,baseline
review_0004914,order_0007506,4,2026-06-08T00:00:00,2026-06-10T22:00:00,positive,False,baseline
review_0004915,order_0007507,5,2024-10-20T00:00:00,2024-10-20T10:00:00,positive,False,baseline
review_0004916,order_0007508,4,2026-09-18T00:00:00,2026-09-19T23:00:00,positive,False,baseline
review_0004917,order_0007509,5,2025-09-05T00:00:00,2025-09-07T05:00:00,positive,False,baseline
review_0004918,order_0007510,4,2025-11-20T00:00:00,2025-11-21T07:00:00,positive,False,baseline
review_0004919,order_0007512,3,2025-04-20T00:00:00,2025-04-21T20:00:00,neutral,False,baseline
review_0004920,order_0007513,4,2026-08-19T00:00:00,2026-08-20T07:00:00,positive,False,baseline
review_0004921,order_0007517,4,2025-08-25T00:00:00,2025-08-25T20:00:00,positive,False,baseline
review_0004922,order_0007519,4,2025-08-07T00:00:00,2025-08-07T15:00:00,positive,False,baseline
review_0004923,order_0007521,4,2026-10-29T00:00:00,2026-10-31T08:00:00,positive,False,baseline
review_0004924,order_0007522,4,2026-10-14T00:00:00,2026-10-15T04:00:00,positive,False,baseline
review_0004925,order_0007523,4,2024-08-07T00:00:00,2024-08-08T09:00:00,positive,False,baseline
review_0004926,order_0007524,4,2026-08-11T00:00:00,2026-08-11T15:00:00,positive,False,baseline
review_0004927,order_0007525,5,2025-05-23T00:00:00,2025-05-24T16:00:00,positive,False,baseline
review_0004928,order_0007528,3,2025-09-10T00:00:00,2025-09-12T01:00:00,neutral,False,baseline
review_0004929,order_0007529,4,2024-08-26T00:00:00,2024-08-27T13:00:00,positive,False,baseline
review_0004930,order_0007530,3,2026-01-21T00:00:00,2026-01-24T00:00:00,neutral,False,baseline
review_0004931,order_0007533,4,2024-04-02T00:00:00,2024-04-04T16:00:00,positive,False,baseline
review_0004932,order_0007534,2,2025-10-12T00:00:00,2025-10-13T00:00:00,negative,True,baseline
review_0004933,order_0007535,4,2026-11-13T00:00:00,2026-11-13T20:00:00,positive,False,baseline
review_0004934,order_0007536,4,2025-07-16T00:00:00,2025-07-17T20:00:00,positive,False,baseline
review_0004935,order_0007537,5,2026-09-02T00:00:00,2026-09-03T10:00:00,positive,False,baseline
review_0004936,order_0007538,4,2024-05-13T00:00:00,2024-05-14T10:00:00,positive,False,baseline
review_0004937,order_0007539,3,2024-03-29T00:00:00,2024-03-31T10:00:00,neutral,False,baseline
review_0004938,order_0007540,5,2026-08-20T00:00:00,2026-08-22T12:00:00,positive,False,baseline
review_0004939,order_0007541,2,2026-03-19T00:00:00,2026-03-20T04:00:00,negative,True,baseline
review_0004940,order_0007543,4,2025-11-17T00:00:00,2025-11-18T18:00:00,positive,False,baseline
review_0004941,order_0007544,5,2024-04-14T00:00:00,2024-04-15T10:00:00,positive,False,baseline
review_0004942,order_0007546,5,2024-03-09T00:00:00,2024-03-10T03:00:00,positive,False,baseline
review_0004943,order_0007552,3,2026-11-19T00:00:00,2026-11-21T20:00:00,neutral,False,baseline
review_0004944,order_0007553,3,2026-12-28T00:00:00,2026-12-29T00:00:00,neutral,False,baseline
review_0004945,order_0007554,4,2024-12-05T00:00:00,2024-12-06T18:00:00,positive,False,baseline
review_0004946,order_0007555,3,2026-04-01T00:00:00,2026-04-02T01:00:00,neutral,False,baseline
review_0004947,order_0007556,4,2024-07-08T00:00:00,2024-07-10T03:00:00,positive,False,baseline
review_0004948,order_0007557,4,2025-08-08T00:00:00,2025-08-09T10:00:00,positive,False,baseline
review_0004949,order_0007558,3,2026-02-13T00:00:00,2026-02-14T21:00:00,neutral,False,baseline
review_0004950,order_0007559,4,2026-12-12T00:00:00,2026-12-13T11:00:00,positive,False,baseline
review_0004951,order_0007561,3,2026-02-16T00:00:00,2026-02-18T23:00:00,neutral,False,baseline
review_0004952,order_0007562,4,2024-07-09T00:00:00,2024-07-11T12:00:00,positive,False,baseline
review_0004953,order_0007563,5,2025-02-12T00:00:00,2025-02-14T00:00:00,positive,False,baseline
review_0004954,order_0007564,5,2026-10-19T00:00:00,2026-10-21T07:00:00,positive,False,baseline
review_0004955,order_0007565,4,2024-04-05T00:00:00,2024-04-05T16:00:00,positive,False,baseline
review_0004956,order_0007566,4,2026-11-20T00:00:00,2026-11-21T17:00:00,positive,False,baseline
review_0004957,order_0007569,3,2024-11-15T00:00:00,2024-11-15T16:00:00,neutral,False,baseline
review_0004958,order_0007570,5,2026-03-29T00:00:00,2026-03-30T11:00:00,positive,False,baseline
review_0004959,order_0007572,4,2026-10-10T00:00:00,2026-10-10T13:00:00,positive,False,baseline
review_0004960,order_0007573,3,2026-01-30T00:00:00,2026-01-31T08:00:00,neutral,False,baseline
review_0004961,order_0007575,5,2025-06-21T00:00:00,2025-06-23T15:00:00,positive,False,baseline
review_0004962,order_0007576,4,2026-08-13T00:00:00,2026-08-14T03:00:00,positive,False,baseline
review_0004963,order_0007579,4,2025-03-23T00:00:00,2025-03-24T22:00:00,positive,False,baseline
review_0004964,order_0007580,4,2026-10-28T00:00:00,2026-10-29T04:00:00,positive,False,baseline
review_0004965,order_0007582,4,2024-09-12T00:00:00,2024-09-12T15:00:00,positive,False,baseline
review_0004966,order_0007584,4,2024-06-15T00:00:00,2024-06-17T16:00:00,positive,False,baseline
review_0004967,order_0007587,5,2024-11-19T00:00:00,2024-11-21T13:00:00,positive,False,baseline
review_0004968,order_0007591,4,2025-07-06T00:00:00,2025-07-08T07:00:00,positive,False,baseline
review_0004969,order_0007592,4,2026-06-06T00:00:00,2026-06-07T07:00:00,positive,False,baseline
review_0004970,order_0007596,5,2024-02-23T00:00:00,2024-02-25T06:00:00,positive,False,baseline
review_0004971,order_0007599,4,2026-07-18T00:00:00,2026-07-19T07:00:00,positive,False,baseline
review_0004972,order_0007600,5,2024-08-16T00:00:00,2024-08-18T10:00:00,positive,False,baseline
review_0004973,order_0007602,4,2025-10-20T00:00:00,2025-10-21T09:00:00,positive,False,baseline
review_0004974,order_0007603,4,2025-11-16T00:00:00,2025-11-18T20:00:00,positive,False,baseline
review_0004975,order_0007604,4,2025-11-24T00:00:00,2025-11-24T19:00:00,positive,False,baseline
review_0004976,order_0007606,4,2024-07-30T00:00:00,2024-08-01T09:00:00,positive,False,baseline
review_0004977,order_0007609,4,2026-04-10T00:00:00,2026-04-12T16:00:00,positive,False,baseline
review_0004978,order_0007611,4,2025-11-05T00:00:00,2025-11-05T16:00:00,positive,False,baseline
review_0004979,order_0007612,4,2026-08-14T00:00:00,2026-08-15T15:00:00,positive,False,baseline
review_0004980,order_0007613,4,2026-01-14T00:00:00,2026-01-15T05:00:00,positive,False,baseline
review_0004981,order_0007614,4,2026-10-08T00:00:00,2026-10-09T14:00:00,positive,False,baseline
review_0004982,order_0007615,4,2024-02-29T00:00:00,2024-03-01T23:00:00,positive,False,baseline
review_0004983,order_0007616,3,2024-04-06T00:00:00,2024-04-08T23:00:00,neutral,False,baseline
review_0004984,order_0007617,5,2024-11-17T00:00:00,2024-11-17T13:00:00,positive,False,baseline
review_0004985,order_0007619,3,2025-05-30T00:00:00,2025-05-31T02:00:00,neutral,False,baseline
review_0004986,order_0007620,4,2025-11-13T00:00:00,2025-11-14T20:00:00,positive,False,baseline
review_0004987,order_0007621,4,2025-06-13T00:00:00,2025-06-13T11:00:00,positive,False,baseline
review_0004988,order_0007622,3,2024-10-14T00:00:00,2024-10-16T08:00:00,neutral,False,baseline
review_0004989,order_0007623,4,2025-04-25T00:00:00,2025-04-27T05:00:00,positive,False,baseline
review_0004990,order_0007625,4,2025-09-03T00:00:00,2025-09-05T19:00:00,positive,False,baseline
review_0004991,order_0007626,4,2026-03-01T00:00:00,2026-03-03T07:00:00,positive,False,baseline
review_0004992,order_0007627,5,2026-01-14T00:00:00,2026-01-15T05:00:00,positive,False,baseline
review_0004993,order_0007628,5,2025-05-20T00:00:00,2025-05-22T15:00:00,positive,False,baseline
review_0004994,order_0007629,3,2026-10-27T00:00:00,2026-10-28T17:00:00,neutral,False,baseline
review_0004995,order_0007630,4,2024-09-24T00:00:00,2024-09-25T16:00:00,positive,False,baseline
review_0004996,order_0007631,5,2024-08-28T00:00:00,2024-08-28T17:00:00,positive,False,baseline
review_0004997,order_0007632,4,2025-02-13T00:00:00,2025-02-15T16:00:00,positive,False,baseline
review_0004998,order_0007633,5,2024-08-31T00:00:00,2024-08-31T14:00:00,positive,False,baseline
review_0004999,order_0007636,3,2025-12-07T00:00:00,2025-12-07T16:00:00,neutral,False,baseline
review_0005000,order_0007637,4,2024-08-17T00:00:00,2024-08-19T18:00:00,positive,False,baseline
review_0005001,order_0007639,5,2024-02-08T00:00:00,2024-02-08T14:00:00,positive,False,baseline
review_0005002,order_0007642,4,2026-01-04T00:00:00,2026-01-04T09:00:00,positive,False,baseline
review_0005003,order_0007643,5,2024-08-27T00:00:00,2024-08-29T08:00:00,positive,False,baseline
review_0005004,order_0007645,4,2024-06-13T00:00:00,2024-06-13T14:00:00,positive,False,baseline
review_0005005,order_0007646,5,2024-08-29T00:00:00,2024-08-29T11:00:00,positive,False,baseline
review_0005006,order_0007649,3,2025-11-07T00:00:00,2025-11-07T10:00:00,neutral,False,baseline
review_0005007,order_0007650,4,2026-06-06T00:00:00,2026-06-06T17:00:00,positive,False,baseline
review_0005008,order_0007651,4,2026-11-09T00:00:00,2026-11-09T09:00:00,positive,False,baseline
review_0005009,order_0007653,3,2026-09-03T00:00:00,2026-09-04T17:00:00,neutral,False,baseline
review_0005010,order_0007654,5,2025-04-09T00:00:00,2025-04-11T22:00:00,positive,False,baseline
review_0005011,order_0007656,4,2026-07-08T00:00:00,2026-07-10T00:00:00,positive,False,baseline
review_0005012,order_0007657,4,2026-12-21T00:00:00,2026-12-23T12:00:00,positive,False,baseline
review_0005013,order_0007658,4,2025-02-06T00:00:00,2025-02-07T07:00:00,positive,False,baseline
review_0005014,order_0007660,4,2024-04-21T00:00:00,2024-04-21T16:00:00,positive,False,baseline
review_0005015,order_0007661,4,2026-06-11T00:00:00,2026-06-13T10:00:00,positive,False,baseline
review_0005016,order_0007664,5,2024-04-03T00:00:00,2024-04-03T20:00:00,positive,False,baseline
review_0005017,order_0007665,4,2024-04-15T00:00:00,2024-04-17T12:00:00,positive,False,baseline
review_0005018,order_0007667,3,2024-03-31T00:00:00,2024-04-02T05:00:00,neutral,False,baseline
review_0005019,order_0007669,4,2025-04-24T00:00:00,2025-04-24T19:00:00,positive,False,baseline
review_0005020,order_0007670,3,2025-11-09T00:00:00,2025-11-11T05:00:00,neutral,False,baseline
review_0005021,order_0007671,4,2024-04-30T00:00:00,2024-04-30T11:00:00,positive,False,baseline
review_0005022,order_0007673,5,2026-09-03T00:00:00,2026-09-04T22:00:00,positive,False,baseline
review_0005023,order_0007675,4,2024-09-29T00:00:00,2024-09-30T15:00:00,positive,False,baseline
review_0005024,order_0007677,4,2026-11-19T00:00:00,2026-11-19T22:00:00,positive,False,baseline
review_0005025,order_0007678,4,2024-12-03T00:00:00,2024-12-03T15:00:00,positive,False,baseline
review_0005026,order_0007681,3,2026-07-20T00:00:00,2026-07-20T16:00:00,neutral,False,baseline
review_0005027,order_0007682,4,2025-11-11T00:00:00,2025-11-11T16:00:00,positive,False,baseline
review_0005028,order_0007684,5,2026-12-14T00:00:00,2026-12-15T10:00:00,positive,False,baseline
review_0005029,order_0007685,4,2024-06-05T00:00:00,2024-06-07T23:00:00,positive,False,baseline
review_0005030,order_0007686,4,2025-11-23T00:00:00,2025-11-25T03:00:00,positive,False,baseline
review_0005031,order_0007691,5,2024-07-25T00:00:00,2024-07-26T23:00:00,positive,False,baseline
review_0005032,order_0007692,5,2024-08-08T00:00:00,2024-08-09T21:00:00,positive,False,baseline
review_0005033,order_0007694,5,2026-09-15T00:00:00,2026-09-16T01:00:00,positive,False,baseline
review_0005034,order_0007696,4,2026-12-20T00:00:00,2026-12-21T18:00:00,positive,False,baseline
review_0005035,order_0007697,4,2025-11-15T00:00:00,2025-11-17T07:00:00,positive,False,baseline
review_0005036,order_0007698,4,2026-01-10T00:00:00,2026-01-12T02:00:00,positive,False,baseline
review_0005037,order_0007699,5,2024-10-15T00:00:00,2024-10-17T16:00:00,positive,False,baseline
review_0005038,order_0007701,4,2026-11-05T00:00:00,2026-11-07T18:00:00,positive,False,baseline
review_0005039,order_0007702,4,2024-03-24T00:00:00,2024-03-24T19:00:00,positive,False,baseline
review_0005040,order_0007705,4,2025-03-12T00:00:00,2025-03-13T18:00:00,positive,False,baseline
review_0005041,order_0007706,5,2025-04-11T00:00:00,2025-04-12T10:00:00,positive,False,baseline
review_0005042,order_0007707,4,2025-12-07T00:00:00,2025-12-08T17:00:00,positive,False,baseline
review_0005043,order_0007708,3,2025-03-27T00:00:00,2025-03-27T12:00:00,neutral,False,baseline
review_0005044,order_0007709,5,2025-01-02T00:00:00,2025-01-03T16:00:00,positive,False,baseline
review_0005045,order_0007712,5,2026-01-25T00:00:00,2026-01-26T11:00:00,positive,False,baseline
review_0005046,order_0007713,5,2024-06-03T00:00:00,2024-06-03T18:00:00,positive,False,baseline
review_0005047,order_0007715,5,2024-04-19T00:00:00,2024-04-21T07:00:00,positive,False,baseline
review_0005048,order_0007716,4,2025-07-21T00:00:00,2025-07-22T15:00:00,positive,False,baseline
review_0005049,order_0007719,4,2026-11-13T00:00:00,2026-11-13T11:00:00,positive,False,baseline
review_0005050,order_0007720,3,2024-11-20T00:00:00,2024-11-20T08:00:00,neutral,False,baseline
review_0005051,order_0007721,4,2025-11-22T00:00:00,2025-11-24T21:00:00,positive,False,baseline
review_0005052,order_0007723,3,2026-12-15T00:00:00,2026-12-15T21:00:00,neutral,False,baseline
review_0005053,order_0007724,4,2024-06-05T00:00:00,2024-06-06T11:00:00,positive,False,baseline
review_0005054,order_0007725,5,2024-12-22T00:00:00,2024-12-24T04:00:00,positive,False,baseline
review_0005055,order_0007726,4,2026-12-23T00:00:00,2026-12-25T12:00:00,positive,False,baseline
review_0005056,order_0007727,4,2025-05-04T00:00:00,2025-05-05T13:00:00,positive,False,baseline
review_0005057,order_0007728,4,2026-05-24T00:00:00,2026-05-25T21:00:00,positive,False,baseline
review_0005058,order_0007729,3,2024-03-12T00:00:00,2024-03-13T13:00:00,neutral,False,baseline
review_0005059,order_0007732,4,2024-07-24T00:00:00,2024-07-26T12:00:00,positive,False,baseline
review_0005060,order_0007734,5,2024-10-17T00:00:00,2024-10-19T19:00:00,positive,False,baseline
review_0005061,order_0007735,4,2026-08-03T00:00:00,2026-08-04T14:00:00,positive,False,baseline
review_0005062,order_0007737,4,2026-08-04T00:00:00,2026-08-06T10:00:00,positive,False,baseline
review_0005063,order_0007739,5,2026-10-01T00:00:00,2026-10-02T23:00:00,positive,False,baseline
review_0005064,order_0007740,2,2024-08-23T00:00:00,2024-08-24T16:00:00,negative,True,baseline
review_0005065,order_0007741,4,2026-02-02T00:00:00,2026-02-02T20:00:00,positive,False,baseline
review_0005066,order_0007743,5,2024-05-28T00:00:00,2024-05-29T22:00:00,positive,False,baseline
review_0005067,order_0007744,4,2024-08-04T00:00:00,2024-08-05T07:00:00,positive,False,baseline
review_0005068,order_0007745,5,2026-11-29T00:00:00,2026-11-30T19:00:00,positive,False,baseline
review_0005069,order_0007746,4,2024-12-16T00:00:00,2024-12-18T08:00:00,positive,False,baseline
review_0005070,order_0007747,4,2024-09-07T00:00:00,2024-09-07T10:00:00,positive,False,baseline
review_0005071,order_0007749,4,2026-11-20T00:00:00,2026-11-22T18:00:00,positive,False,baseline
review_0005072,order_0007750,4,2024-01-31T00:00:00,2024-02-01T02:00:00,positive,False,baseline
review_0005073,order_0007753,4,2024-10-08T00:00:00,2024-10-09T03:00:00,positive,False,baseline
review_0005074,order_0007756,4,2024-11-18T00:00:00,2024-11-20T10:00:00,positive,False,baseline
review_0005075,order_0007758,3,2026-04-26T00:00:00,2026-04-26T21:00:00,neutral,False,baseline
review_0005076,order_0007759,4,2025-11-17T00:00:00,2025-11-19T12:00:00,positive,False,baseline
review_0005077,order_0007760,3,2025-12-25T00:00:00,2025-12-25T17:00:00,neutral,False,baseline
review_0005078,order_0007761,3,2024-08-04T00:00:00,2024-08-04T11:00:00,neutral,False,baseline
review_0005079,order_0007762,3,2025-01-06T00:00:00,2025-01-08T21:00:00,neutral,False,baseline
review_0005080,order_0007763,4,2026-07-03T00:00:00,2026-07-03T11:00:00,positive,False,baseline
review_0005081,order_0007764,5,2024-11-24T00:00:00,2024-11-26T03:00:00,positive,False,baseline
review_0005082,order_0007765,4,2025-01-21T00:00:00,2025-01-22T17:00:00,positive,False,baseline
review_0005083,order_0007766,3,2025-04-06T00:00:00,2025-04-06T17:00:00,neutral,False,baseline
review_0005084,order_0007768,5,2025-06-12T00:00:00,2025-06-12T16:00:00,positive,False,baseline
review_0005085,order_0007772,4,2024-12-05T00:00:00,2024-12-06T22:00:00,positive,False,baseline
review_0005086,order_0007776,5,2026-12-24T00:00:00,2026-12-25T02:00:00,positive,False,baseline
review_0005087,order_0007778,5,2026-10-12T00:00:00,2026-10-13T19:00:00,positive,False,baseline
review_0005088,order_0007779,5,2025-12-19T00:00:00,2025-12-19T21:00:00,positive,False,baseline
review_0005089,order_0007783,4,2026-02-27T00:00:00,2026-02-27T14:00:00,positive,False,baseline
review_0005090,order_0007788,3,2024-08-28T00:00:00,2024-08-29T00:00:00,neutral,False,baseline
review_0005091,order_0007789,4,2026-12-07T00:00:00,2026-12-09T05:00:00,positive,False,baseline
review_0005092,order_0007790,4,2026-11-01T00:00:00,2026-11-01T10:00:00,positive,False,baseline
review_0005093,order_0007791,5,2025-05-12T00:00:00,2025-05-13T04:00:00,positive,False,baseline
review_0005094,order_0007792,3,2025-01-06T00:00:00,2025-01-06T23:00:00,neutral,False,baseline
review_0005095,order_0007795,4,2025-09-07T00:00:00,2025-09-08T01:00:00,positive,False,baseline
review_0005096,order_0007796,4,2025-09-22T00:00:00,2025-09-23T14:00:00,positive,False,baseline
review_0005097,order_0007797,4,2024-12-22T00:00:00,2024-12-24T09:00:00,positive,False,baseline
review_0005098,order_0007798,5,2024-06-20T00:00:00,2024-06-20T15:00:00,positive,False,baseline
review_0005099,order_0007800,4,2026-07-11T00:00:00,2026-07-13T17:00:00,positive,False,baseline
review_0005100,order_0007801,4,2024-04-22T00:00:00,2024-04-23T09:00:00,positive,False,baseline
review_0005101,order_0007803,4,2026-01-07T00:00:00,2026-01-08T04:00:00,positive,False,baseline
review_0005102,order_0007804,3,2024-03-24T00:00:00,2024-03-25T19:00:00,neutral,False,baseline
review_0005103,order_0007805,3,2026-12-16T00:00:00,2026-12-16T22:00:00,neutral,False,baseline
review_0005104,order_0007806,4,2025-04-13T00:00:00,2025-04-14T11:00:00,positive,False,baseline
review_0005105,order_0007809,3,2026-08-13T00:00:00,2026-08-16T00:00:00,neutral,False,baseline
review_0005106,order_0007811,2,2026-12-31T00:00:00,2026-12-31T23:59:00,negative,True,baseline
review_0005107,order_0007812,5,2026-10-21T00:00:00,2026-10-22T23:00:00,positive,False,baseline
review_0005108,order_0007813,4,2025-07-31T00:00:00,2025-07-31T20:00:00,positive,False,baseline
review_0005109,order_0007815,5,2024-03-16T00:00:00,2024-03-17T15:00:00,positive,False,baseline
review_0005110,order_0007818,4,2026-10-15T00:00:00,2026-10-15T10:00:00,positive,False,baseline
review_0005111,order_0007820,5,2024-04-16T00:00:00,2024-04-16T23:00:00,positive,False,baseline
review_0005112,order_0007822,5,2025-09-03T00:00:00,2025-09-05T00:00:00,positive,False,baseline
review_0005113,order_0007823,5,2025-10-07T00:00:00,2025-10-09T17:00:00,positive,False,baseline
review_0005114,order_0007825,5,2026-11-04T00:00:00,2026-11-04T09:00:00,positive,False,baseline
review_0005115,order_0007826,5,2024-05-02T00:00:00,2024-05-03T22:00:00,positive,False,baseline
review_0005116,order_0007828,3,2024-12-29T00:00:00,2024-12-29T09:00:00,neutral,False,baseline
review_0005117,order_0007829,4,2026-12-25T00:00:00,2026-12-27T13:00:00,positive,False,baseline
review_0005118,order_0007830,3,2026-11-27T00:00:00,2026-11-29T07:00:00,neutral,False,baseline
review_0005119,order_0007832,5,2025-07-05T00:00:00,2025-07-05T10:00:00,positive,False,baseline
review_0005120,order_0007833,4,2025-02-08T00:00:00,2025-02-08T21:00:00,positive,False,baseline
review_0005121,order_0007834,3,2026-09-19T00:00:00,2026-09-20T23:00:00,neutral,False,baseline
review_0005122,order_0007836,2,2025-05-26T00:00:00,2025-05-28T07:00:00,negative,True,baseline
review_0005123,order_0007837,3,2026-05-29T00:00:00,2026-05-29T22:00:00,neutral,False,baseline
review_0005124,order_0007839,4,2024-04-26T00:00:00,2024-04-26T17:00:00,positive,False,baseline
review_0005125,order_0007841,4,2024-05-24T00:00:00,2024-05-25T18:00:00,positive,False,baseline
review_0005126,order_0007842,4,2025-09-08T00:00:00,2025-09-09T21:00:00,positive,False,baseline
review_0005127,order_0007843,4,2024-06-10T00:00:00,2024-06-12T00:00:00,positive,False,baseline
review_0005128,order_0007846,5,2025-12-28T00:00:00,2025-12-29T18:00:00,positive,False,baseline
review_0005129,order_0007849,5,2024-02-01T00:00:00,2024-02-02T13:00:00,positive,False,baseline
review_0005130,order_0007850,3,2026-02-01T00:00:00,2026-02-02T17:00:00,neutral,False,baseline
review_0005131,order_0007852,3,2025-11-09T00:00:00,2025-11-10T19:00:00,neutral,False,baseline
review_0005132,order_0007853,4,2024-03-01T00:00:00,2024-03-03T22:00:00,positive,False,baseline
review_0005133,order_0007854,5,2025-06-09T00:00:00,2025-06-11T11:00:00,positive,False,baseline
review_0005134,order_0007855,4,2026-01-28T00:00:00,2026-01-30T06:00:00,positive,False,baseline
review_0005135,order_0007856,5,2024-08-27T00:00:00,2024-08-28T21:00:00,positive,False,baseline
review_0005136,order_0007857,4,2026-04-26T00:00:00,2026-04-28T22:00:00,positive,False,baseline
review_0005137,order_0007858,5,2025-04-13T00:00:00,2025-04-15T17:00:00,positive,False,baseline
review_0005138,order_0007860,3,2024-12-24T00:00:00,2024-12-25T10:00:00,neutral,False,baseline
review_0005139,order_0007861,4,2026-09-13T00:00:00,2026-09-15T13:00:00,positive,False,baseline
review_0005140,order_0007864,3,2025-03-14T00:00:00,2025-03-16T16:00:00,neutral,False,baseline
review_0005141,order_0007865,5,2025-01-23T00:00:00,2025-01-24T12:00:00,positive,False,baseline
review_0005142,order_0007866,5,2026-11-24T00:00:00,2026-11-26T05:00:00,positive,False,baseline
review_0005143,order_0007867,5,2025-05-17T00:00:00,2025-05-18T11:00:00,positive,False,baseline
review_0005144,order_0007868,5,2026-11-09T00:00:00,2026-11-11T14:00:00,positive,False,baseline
review_0005145,order_0007869,4,2024-09-26T00:00:00,2024-09-26T10:00:00,positive,False,baseline
review_0005146,order_0007871,4,2024-06-17T00:00:00,2024-06-18T11:00:00,positive,False,baseline
review_0005147,order_0007872,5,2024-05-10T00:00:00,2024-05-12T11:00:00,positive,False,baseline
review_0005148,order_0007873,5,2024-05-13T00:00:00,2024-05-14T18:00:00,positive,False,baseline
review_0005149,order_0007875,4,2024-11-25T00:00:00,2024-11-25T12:00:00,positive,False,baseline
review_0005150,order_0007877,5,2025-08-18T00:00:00,2025-08-19T04:00:00,positive,False,baseline
review_0005151,order_0007878,5,2025-05-09T00:00:00,2025-05-10T21:00:00,positive,False,baseline
review_0005152,order_0007879,1,2026-10-06T00:00:00,2026-10-07T16:00:00,negative,True,baseline
review_0005153,order_0007880,5,2026-07-30T00:00:00,2026-08-01T23:00:00,positive,False,baseline
review_0005154,order_0007883,5,2024-11-22T00:00:00,2024-11-23T10:00:00,positive,False,baseline
review_0005155,order_0007884,4,2024-10-21T00:00:00,2024-10-21T23:00:00,positive,False,baseline
review_0005156,order_0007885,5,2025-04-26T00:00:00,2025-04-26T20:00:00,positive,False,baseline
review_0005157,order_0007886,5,2025-11-17T00:00:00,2025-11-18T12:00:00,positive,False,baseline
review_0005158,order_0007887,4,2024-12-24T00:00:00,2024-12-25T17:00:00,positive,False,baseline
review_0005159,order_0007888,4,2025-05-17T00:00:00,2025-05-17T22:00:00,positive,False,baseline
review_0005160,order_0007890,4,2024-07-04T00:00:00,2024-07-06T15:00:00,positive,False,baseline
review_0005161,order_0007891,5,2024-06-15T00:00:00,2024-06-16T02:00:00,positive,False,baseline
review_0005162,order_0007892,4,2024-05-02T00:00:00,2024-05-03T00:00:00,positive,False,baseline
review_0005163,order_0007894,3,2025-10-15T00:00:00,2025-10-17T05:00:00,neutral,False,baseline
review_0005164,order_0007895,4,2026-07-07T00:00:00,2026-07-09T06:00:00,positive,False,baseline
review_0005165,order_0007898,4,2025-09-12T00:00:00,2025-09-14T17:00:00,positive,False,baseline
review_0005166,order_0007900,3,2026-09-07T00:00:00,2026-09-08T22:00:00,neutral,False,baseline
review_0005167,order_0007901,3,2025-07-08T00:00:00,2025-07-09T08:00:00,neutral,False,baseline
review_0005168,order_0007902,4,2026-03-17T00:00:00,2026-03-18T00:00:00,positive,False,baseline
review_0005169,order_0007905,5,2025-07-14T00:00:00,2025-07-14T19:00:00,positive,False,baseline
review_0005170,order_0007907,4,2024-03-03T00:00:00,2024-03-04T17:00:00,positive,False,baseline
review_0005171,order_0007908,3,2026-05-21T00:00:00,2026-05-22T02:00:00,neutral,False,baseline
review_0005172,order_0007909,4,2024-02-05T00:00:00,2024-02-06T13:00:00,positive,False,baseline
review_0005173,order_0007914,4,2026-07-12T00:00:00,2026-07-14T23:00:00,positive,False,baseline
review_0005174,order_0007915,3,2025-11-12T00:00:00,2025-11-12T16:00:00,neutral,False,baseline
review_0005175,order_0007916,4,2024-10-22T00:00:00,2024-10-22T18:00:00,positive,False,baseline
review_0005176,order_0007917,4,2026-12-11T00:00:00,2026-12-12T01:00:00,positive,False,baseline
review_0005177,order_0007918,4,2026-06-23T00:00:00,2026-06-25T18:00:00,positive,False,baseline
review_0005178,order_0007920,4,2025-10-08T00:00:00,2025-10-08T19:00:00,positive,False,baseline
review_0005179,order_0007921,4,2025-10-08T00:00:00,2025-10-10T01:00:00,positive,False,baseline
review_0005180,order_0007922,3,2024-05-16T00:00:00,2024-05-17T15:00:00,neutral,False,baseline
review_0005181,order_0007924,4,2026-02-23T00:00:00,2026-02-24T10:00:00,positive,False,baseline
review_0005182,order_0007926,3,2025-02-28T00:00:00,2025-03-02T13:00:00,neutral,False,baseline
review_0005183,order_0007929,3,2024-07-15T00:00:00,2024-07-16T05:00:00,neutral,False,baseline
review_0005184,order_0007932,4,2024-03-13T00:00:00,2024-03-13T14:00:00,positive,False,baseline
review_0005185,order_0007933,4,2025-01-08T00:00:00,2025-01-10T03:00:00,positive,False,baseline
review_0005186,order_0007934,3,2026-03-09T00:00:00,2026-03-10T04:00:00,neutral,False,baseline
review_0005187,order_0007935,5,2026-01-09T00:00:00,2026-01-09T15:00:00,positive,False,baseline
review_0005188,order_0007937,3,2026-10-13T00:00:00,2026-10-13T10:00:00,neutral,False,baseline
review_0005189,order_0007939,4,2025-12-11T00:00:00,2025-12-13T17:00:00,positive,False,baseline
review_0005190,order_0007940,2,2025-09-12T00:00:00,2025-09-14T21:00:00,negative,True,baseline
review_0005191,order_0007941,3,2026-11-18T00:00:00,2026-11-20T05:00:00,neutral,False,baseline
review_0005192,order_0007943,5,2026-03-29T00:00:00,2026-03-29T15:00:00,positive,False,baseline
review_0005193,order_0007944,4,2024-08-02T00:00:00,2024-08-02T11:00:00,positive,False,baseline
review_0005194,order_0007945,5,2024-04-01T00:00:00,2024-04-02T05:00:00,positive,False,baseline
review_0005195,order_0007946,5,2026-10-03T00:00:00,2026-10-05T06:00:00,positive,False,baseline
review_0005196,order_0007947,4,2026-01-23T00:00:00,2026-01-24T18:00:00,positive,False,baseline
review_0005197,order_0007948,4,2026-03-29T00:00:00,2026-03-31T07:00:00,positive,False,baseline
review_0005198,order_0007949,5,2026-11-28T00:00:00,2026-11-29T23:00:00,positive,False,baseline
review_0005199,order_0007951,5,2024-09-19T00:00:00,2024-09-19T08:00:00,positive,False,baseline
review_0005200,order_0007952,3,2026-06-21T00:00:00,2026-06-23T12:00:00,neutral,False,baseline
review_0005201,order_0007953,4,2024-10-11T00:00:00,2024-10-11T12:00:00,positive,False,baseline
review_0005202,order_0007954,5,2025-06-18T00:00:00,2025-06-20T23:00:00,positive,False,baseline
review_0005203,order_0007955,5,2025-10-26T00:00:00,2025-10-28T14:00:00,positive,False,baseline
review_0005204,order_0007957,3,2025-01-22T00:00:00,2025-01-24T21:00:00,neutral,False,baseline
review_0005205,order_0007958,2,2025-07-17T00:00:00,2025-07-18T06:00:00,negative,True,baseline
review_0005206,order_0007959,5,2024-08-16T00:00:00,2024-08-18T03:00:00,positive,False,baseline
review_0005207,order_0007960,3,2024-07-24T00:00:00,2024-07-26T05:00:00,neutral,False,baseline
review_0005208,order_0007961,5,2026-12-12T00:00:00,2026-12-14T05:00:00,positive,False,baseline
review_0005209,order_0007962,3,2026-07-14T00:00:00,2026-07-14T08:00:00,neutral,False,baseline
review_0005210,order_0007963,4,2025-08-19T00:00:00,2025-08-20T08:00:00,positive,False,baseline
review_0005211,order_0007966,4,2024-10-29T00:00:00,2024-10-29T15:00:00,positive,False,baseline
review_0005212,order_0007967,4,2024-07-23T00:00:00,2024-07-25T03:00:00,positive,False,baseline
review_0005213,order_0007968,3,2024-09-17T00:00:00,2024-09-19T15:00:00,neutral,False,baseline
review_0005214,order_0007970,4,2025-04-25T00:00:00,2025-04-25T23:00:00,positive,False,baseline
review_0005215,order_0007971,5,2025-09-22T00:00:00,2025-09-24T15:00:00,positive,False,baseline
review_0005216,order_0007972,4,2025-06-30T00:00:00,2025-07-02T00:00:00,positive,False,baseline
review_0005217,order_0007973,5,2025-04-05T00:00:00,2025-04-06T04:00:00,positive,False,baseline
review_0005218,order_0007974,4,2026-04-04T00:00:00,2026-04-06T09:00:00,positive,False,baseline
review_0005219,order_0007977,5,2025-06-18T00:00:00,2025-06-19T09:00:00,positive,False,baseline
review_0005220,order_0007981,5,2024-11-20T00:00:00,2024-11-20T16:00:00,positive,False,baseline
review_0005221,order_0007984,3,2025-03-03T00:00:00,2025-03-03T18:00:00,neutral,False,baseline
review_0005222,order_0007986,3,2025-01-31T00:00:00,2025-01-31T12:00:00,neutral,False,baseline
review_0005223,order_0007987,5,2024-12-30T00:00:00,2025-01-01T18:00:00,positive,False,baseline
review_0005224,order_0007988,3,2026-06-05T00:00:00,2026-06-07T20:00:00,neutral,False,baseline
review_0005225,order_0007990,3,2025-02-14T00:00:00,2025-02-15T15:00:00,neutral,False,baseline
review_0005226,order_0007991,5,2026-09-29T00:00:00,2026-09-29T08:00:00,positive,False,baseline
review_0005227,order_0007992,5,2026-04-21T00:00:00,2026-04-22T23:00:00,positive,False,baseline
review_0005228,order_0007993,3,2025-03-17T00:00:00,2025-03-19T07:00:00,neutral,False,baseline
review_0005229,order_0007994,4,2026-08-31T00:00:00,2026-09-02T04:00:00,positive,False,baseline
review_0005230,order_0007998,4,2026-09-07T00:00:00,2026-09-07T12:00:00,positive,False,baseline
review_0005231,order_0007999,5,2025-02-21T00:00:00,2025-02-21T22:00:00,positive,False,baseline
review_0005232,order_0008000,4,2024-05-13T00:00:00,2024-05-13T09:00:00,positive,False,baseline
review_0005233,order_0008003,5,2026-02-17T00:00:00,2026-02-17T23:00:00,positive,False,baseline
review_0005234,order_0008004,4,2026-12-17T00:00:00,2026-12-18T04:00:00,positive,False,baseline
review_0005235,order_0008006,3,2025-07-28T00:00:00,2025-07-30T12:00:00,neutral,False,baseline
review_0005236,order_0008008,4,2026-04-23T00:00:00,2026-04-24T04:00:00,positive,False,baseline
review_0005237,order_0008010,5,2025-07-24T00:00:00,2025-07-26T06:00:00,positive,False,baseline
review_0005238,order_0008013,4,2026-09-27T00:00:00,2026-09-27T20:00:00,positive,False,baseline
review_0005239,order_0008014,4,2025-03-25T00:00:00,2025-03-26T13:00:00,positive,False,baseline
review_0005240,order_0008019,5,2024-03-05T00:00:00,2024-03-05T12:00:00,positive,False,baseline
review_0005241,order_0008020,4,2026-03-24T00:00:00,2026-03-26T18:00:00,positive,False,baseline
review_0005242,order_0008021,4,2026-03-08T00:00:00,2026-03-10T12:00:00,positive,False,baseline
review_0005243,order_0008022,5,2024-06-18T00:00:00,2024-06-20T18:00:00,positive,False,baseline
review_0005244,order_0008024,3,2026-06-18T00:00:00,2026-06-18T11:00:00,neutral,False,baseline
review_0005245,order_0008025,5,2025-03-14T00:00:00,2025-03-16T15:00:00,positive,False,baseline
review_0005246,order_0008026,4,2024-04-15T00:00:00,2024-04-16T04:00:00,positive,False,baseline
review_0005247,order_0008027,4,2024-12-08T00:00:00,2024-12-09T14:00:00,positive,False,baseline
review_0005248,order_0008029,2,2025-11-07T00:00:00,2025-11-09T00:00:00,negative,True,baseline
review_0005249,order_0008030,4,2026-08-11T00:00:00,2026-08-12T07:00:00,positive,False,baseline
review_0005250,order_0008032,4,2025-05-23T00:00:00,2025-05-25T06:00:00,positive,False,baseline
review_0005251,order_0008033,4,2026-06-07T00:00:00,2026-06-07T14:00:00,positive,False,baseline
review_0005252,order_0008034,5,2024-12-13T00:00:00,2024-12-13T19:00:00,positive,False,baseline
review_0005253,order_0008035,4,2024-07-12T00:00:00,2024-07-12T14:00:00,positive,False,baseline
review_0005254,order_0008036,3,2025-01-05T00:00:00,2025-01-07T05:00:00,neutral,False,baseline
review_0005255,order_0008037,1,2024-01-23T00:00:00,2024-01-23T11:00:00,negative,True,baseline
review_0005256,order_0008039,4,2025-10-08T00:00:00,2025-10-10T09:00:00,positive,False,baseline
review_0005257,order_0008040,4,2026-09-25T00:00:00,2026-09-27T16:00:00,positive,False,baseline
review_0005258,order_0008042,3,2024-02-18T00:00:00,2024-02-20T14:00:00,neutral,False,baseline
review_0005259,order_0008043,3,2025-10-23T00:00:00,2025-10-23T22:00:00,neutral,False,baseline
review_0005260,order_0008044,2,2025-12-12T00:00:00,2025-12-13T22:00:00,negative,True,baseline
review_0005261,order_0008045,4,2024-04-18T00:00:00,2024-04-19T13:00:00,positive,False,baseline
review_0005262,order_0008046,4,2026-10-15T00:00:00,2026-10-17T20:00:00,positive,False,baseline
review_0005263,order_0008047,4,2025-12-08T00:00:00,2025-12-08T14:00:00,positive,False,baseline
review_0005264,order_0008048,4,2024-09-01T00:00:00,2024-09-04T00:00:00,positive,False,baseline
review_0005265,order_0008052,4,2024-10-22T00:00:00,2024-10-22T20:00:00,positive,False,baseline
review_0005266,order_0008053,4,2024-02-17T00:00:00,2024-02-19T03:00:00,positive,False,baseline
review_0005267,order_0008055,4,2025-05-10T00:00:00,2025-05-10T22:00:00,positive,False,baseline
review_0005268,order_0008058,4,2025-04-11T00:00:00,2025-04-11T14:00:00,positive,False,baseline
review_0005269,order_0008059,4,2024-02-09T00:00:00,2024-02-11T00:00:00,positive,False,baseline
review_0005270,order_0008060,4,2025-12-13T00:00:00,2025-12-14T05:00:00,positive,False,baseline
review_0005271,order_0008061,3,2025-04-01T00:00:00,2025-04-01T15:00:00,neutral,False,baseline
review_0005272,order_0008062,4,2024-02-12T00:00:00,2024-02-13T11:00:00,positive,False,baseline
review_0005273,order_0008063,3,2025-08-25T00:00:00,2025-08-25T18:00:00,neutral,False,baseline
review_0005274,order_0008065,4,2026-09-09T00:00:00,2026-09-10T12:00:00,positive,False,baseline
review_0005275,order_0008069,5,2024-02-26T00:00:00,2024-02-28T01:00:00,positive,False,baseline
review_0005276,order_0008071,4,2026-02-10T00:00:00,2026-02-11T15:00:00,positive,False,baseline
review_0005277,order_0008072,3,2024-02-15T00:00:00,2024-02-17T10:00:00,neutral,False,baseline
review_0005278,order_0008074,3,2025-06-29T00:00:00,2025-07-01T22:00:00,neutral,False,baseline
review_0005279,order_0008075,4,2024-02-22T00:00:00,2024-02-22T23:00:00,positive,False,baseline
review_0005280,order_0008076,4,2025-04-19T00:00:00,2025-04-20T01:00:00,positive,False,baseline
review_0005281,order_0008078,3,2025-06-30T00:00:00,2025-06-30T13:00:00,neutral,False,baseline
review_0005282,order_0008079,4,2025-11-16T00:00:00,2025-11-18T23:00:00,positive,False,baseline
review_0005283,order_0008080,4,2026-12-19T00:00:00,2026-12-20T02:00:00,positive,False,baseline
review_0005284,order_0008081,4,2024-04-03T00:00:00,2024-04-05T17:00:00,positive,False,baseline
review_0005285,order_0008082,3,2024-12-22T00:00:00,2024-12-24T14:00:00,neutral,False,baseline
review_0005286,order_0008084,3,2026-11-23T00:00:00,2026-11-25T18:00:00,neutral,False,baseline
review_0005287,order_0008085,5,2025-06-30T00:00:00,2025-06-30T18:00:00,positive,False,baseline
review_0005288,order_0008086,5,2024-02-11T00:00:00,2024-02-12T20:00:00,positive,False,baseline
review_0005289,order_0008087,5,2025-03-19T00:00:00,2025-03-20T21:00:00,positive,False,baseline
review_0005290,order_0008089,4,2025-04-29T00:00:00,2025-05-01T13:00:00,positive,False,baseline
review_0005291,order_0008090,5,2024-10-01T00:00:00,2024-10-01T11:00:00,positive,False,baseline
review_0005292,order_0008093,5,2024-08-14T00:00:00,2024-08-16T15:00:00,positive,False,baseline
review_0005293,order_0008094,5,2024-11-08T00:00:00,2024-11-08T13:00:00,positive,False,baseline
review_0005294,order_0008096,2,2024-11-07T00:00:00,2024-11-07T10:00:00,negative,True,baseline
review_0005295,order_0008097,4,2024-11-13T00:00:00,2024-11-16T00:00:00,positive,False,baseline
review_0005296,order_0008100,4,2025-01-20T00:00:00,2025-01-22T12:00:00,positive,False,baseline
review_0005297,order_0008101,4,2025-12-16T00:00:00,2025-12-17T21:00:00,positive,False,baseline
review_0005298,order_0008102,4,2025-05-22T00:00:00,2025-05-23T23:00:00,positive,False,baseline
review_0005299,order_0008103,4,2024-11-11T00:00:00,2024-11-13T12:00:00,positive,False,baseline
review_0005300,order_0008104,5,2024-07-13T00:00:00,2024-07-15T04:00:00,positive,False,baseline
review_0005301,order_0008105,5,2024-02-02T00:00:00,2024-02-03T16:00:00,positive,False,baseline
review_0005302,order_0008108,4,2025-07-17T00:00:00,2025-07-19T18:00:00,positive,False,baseline
review_0005303,order_0008109,3,2026-11-02T00:00:00,2026-11-04T06:00:00,neutral,False,baseline
review_0005304,order_0008110,4,2024-10-06T00:00:00,2024-10-06T09:00:00,positive,False,baseline
review_0005305,order_0008112,5,2026-07-14T00:00:00,2026-07-16T01:00:00,positive,False,baseline
review_0005306,order_0008114,4,2024-10-26T00:00:00,2024-10-27T03:00:00,positive,False,baseline
review_0005307,order_0008115,5,2024-08-14T00:00:00,2024-08-15T14:00:00,positive,False,baseline
review_0005308,order_0008117,4,2026-11-05T00:00:00,2026-11-05T17:00:00,positive,False,baseline
review_0005309,order_0008119,4,2024-02-16T00:00:00,2024-02-16T15:00:00,positive,False,baseline
review_0005310,order_0008120,5,2025-08-15T00:00:00,2025-08-17T12:00:00,positive,False,baseline
review_0005311,order_0008123,3,2025-12-30T00:00:00,2026-01-01T18:00:00,neutral,False,baseline
review_0005312,order_0008128,5,2026-06-03T00:00:00,2026-06-03T10:00:00,positive,False,baseline
review_0005313,order_0008129,2,2025-10-02T00:00:00,2025-10-03T08:00:00,negative,True,baseline
review_0005314,order_0008130,4,2026-12-15T00:00:00,2026-12-16T23:00:00,positive,False,baseline
review_0005315,order_0008131,3,2026-01-08T00:00:00,2026-01-11T00:00:00,neutral,False,baseline
review_0005316,order_0008132,4,2024-01-29T00:00:00,2024-01-30T18:00:00,positive,False,baseline
review_0005317,order_0008133,4,2024-12-24T00:00:00,2024-12-26T17:00:00,positive,False,baseline
review_0005318,order_0008136,3,2026-01-16T00:00:00,2026-01-16T12:00:00,neutral,False,baseline
review_0005319,order_0008137,4,2025-12-20T00:00:00,2025-12-21T11:00:00,positive,False,baseline
review_0005320,order_0008138,4,2026-01-11T00:00:00,2026-01-13T22:00:00,positive,False,baseline
review_0005321,order_0008141,4,2025-08-23T00:00:00,2025-08-24T11:00:00,positive,False,baseline
review_0005322,order_0008142,4,2026-08-20T00:00:00,2026-08-20T18:00:00,positive,False,baseline
review_0005323,order_0008144,5,2026-12-10T00:00:00,2026-12-10T08:00:00,positive,False,baseline
review_0005324,order_0008145,4,2025-12-30T00:00:00,2026-01-01T14:00:00,positive,False,baseline
review_0005325,order_0008146,1,2024-09-11T00:00:00,2024-09-12T19:00:00,negative,True,baseline
review_0005326,order_0008147,4,2024-01-14T00:00:00,2024-01-16T05:00:00,positive,False,baseline
review_0005327,order_0008148,4,2024-12-17T00:00:00,2024-12-18T13:00:00,positive,False,baseline
review_0005328,order_0008149,5,2025-09-26T00:00:00,2025-09-27T14:00:00,positive,False,baseline
review_0005329,order_0008150,5,2025-09-07T00:00:00,2025-09-08T21:00:00,positive,False,baseline
review_0005330,order_0008151,5,2026-08-10T00:00:00,2026-08-11T10:00:00,positive,False,baseline
review_0005331,order_0008152,5,2025-11-19T00:00:00,2025-11-21T22:00:00,positive,False,baseline
review_0005332,order_0008153,4,2024-11-26T00:00:00,2024-11-27T03:00:00,positive,False,baseline
review_0005333,order_0008154,3,2024-08-04T00:00:00,2024-08-04T10:00:00,neutral,False,baseline
review_0005334,order_0008155,5,2025-10-11T00:00:00,2025-10-13T04:00:00,positive,False,baseline
review_0005335,order_0008157,4,2025-08-11T00:00:00,2025-08-12T09:00:00,positive,False,baseline
review_0005336,order_0008158,4,2026-02-02T00:00:00,2026-02-03T12:00:00,positive,False,baseline
review_0005337,order_0008159,5,2026-02-02T00:00:00,2026-02-04T14:00:00,positive,False,baseline
review_0005338,order_0008160,4,2024-12-03T00:00:00,2024-12-05T04:00:00,positive,False,baseline
review_0005339,order_0008162,2,2026-10-09T00:00:00,2026-10-11T19:00:00,negative,True,baseline
review_0005340,order_0008164,3,2024-09-24T00:00:00,2024-09-26T20:00:00,neutral,False,baseline
review_0005341,order_0008165,4,2025-02-11T00:00:00,2025-02-12T17:00:00,positive,False,baseline
review_0005342,order_0008167,3,2026-12-19T00:00:00,2026-12-19T17:00:00,neutral,False,baseline
review_0005343,order_0008170,2,2026-12-23T00:00:00,2026-12-25T15:00:00,negative,True,baseline
review_0005344,order_0008171,4,2025-01-28T00:00:00,2025-01-30T07:00:00,positive,False,baseline
review_0005345,order_0008172,4,2025-04-26T00:00:00,2025-04-26T09:00:00,positive,False,baseline
review_0005346,order_0008174,4,2026-01-08T00:00:00,2026-01-10T18:00:00,positive,False,baseline
review_0005347,order_0008175,4,2025-03-18T00:00:00,2025-03-19T22:00:00,positive,False,baseline
review_0005348,order_0008176,4,2026-11-17T00:00:00,2026-11-18T17:00:00,positive,False,baseline
review_0005349,order_0008178,4,2025-11-25T00:00:00,2025-11-26T10:00:00,positive,False,baseline
review_0005350,order_0008179,4,2026-03-20T00:00:00,2026-03-21T23:00:00,positive,False,baseline
review_0005351,order_0008186,4,2026-07-09T00:00:00,2026-07-11T04:00:00,positive,False,baseline
review_0005352,order_0008187,4,2025-12-15T00:00:00,2025-12-15T14:00:00,positive,False,baseline
review_0005353,order_0008190,3,2024-02-23T00:00:00,2024-02-24T10:00:00,neutral,False,baseline
review_0005354,order_0008191,4,2024-11-10T00:00:00,2024-11-10T11:00:00,positive,False,baseline
review_0005355,order_0008192,4,2026-02-01T00:00:00,2026-02-03T07:00:00,positive,False,baseline
review_0005356,order_0008194,4,2026-06-24T00:00:00,2026-06-25T15:00:00,positive,False,baseline
review_0005357,order_0008195,3,2026-05-15T00:00:00,2026-05-17T17:00:00,neutral,False,baseline
review_0005358,order_0008196,4,2024-11-29T00:00:00,2024-11-30T01:00:00,positive,False,baseline
review_0005359,order_0008197,4,2024-05-19T00:00:00,2024-05-21T14:00:00,positive,False,baseline
review_0005360,order_0008198,2,2025-04-26T00:00:00,2025-04-26T08:00:00,negative,True,baseline
review_0005361,order_0008199,4,2026-12-27T00:00:00,2026-12-29T20:00:00,positive,False,baseline
review_0005362,order_0008200,5,2024-06-05T00:00:00,2024-06-05T23:00:00,positive,False,baseline
review_0005363,order_0008203,4,2024-06-10T00:00:00,2024-06-11T16:00:00,positive,False,baseline
review_0005364,order_0008204,5,2025-04-29T00:00:00,2025-05-01T09:00:00,positive,False,baseline
review_0005365,order_0008207,5,2025-08-22T00:00:00,2025-08-23T10:00:00,positive,False,baseline
review_0005366,order_0008208,4,2025-11-05T00:00:00,2025-11-06T15:00:00,positive,False,baseline
review_0005367,order_0008209,4,2025-07-13T00:00:00,2025-07-14T12:00:00,positive,False,baseline
review_0005368,order_0008210,4,2025-10-22T00:00:00,2025-10-23T13:00:00,positive,False,baseline
review_0005369,order_0008212,5,2026-05-11T00:00:00,2026-05-12T06:00:00,positive,False,baseline
review_0005370,order_0008214,4,2024-01-28T00:00:00,2024-01-28T22:00:00,positive,False,baseline
review_0005371,order_0008215,4,2024-07-01T00:00:00,2024-07-01T11:00:00,positive,False,baseline
review_0005372,order_0008217,5,2026-12-23T00:00:00,2026-12-25T09:00:00,positive,False,baseline
review_0005373,order_0008219,4,2024-12-13T00:00:00,2024-12-14T06:00:00,positive,False,baseline
review_0005374,order_0008220,5,2026-12-29T00:00:00,2026-12-30T12:00:00,positive,False,baseline
review_0005375,order_0008221,4,2026-12-26T00:00:00,2026-12-27T05:00:00,positive,False,baseline
review_0005376,order_0008223,3,2026-05-01T00:00:00,2026-05-02T05:00:00,neutral,False,baseline
review_0005377,order_0008224,4,2026-12-26T00:00:00,2026-12-26T20:00:00,positive,False,baseline
review_0005378,order_0008225,4,2025-01-06T00:00:00,2025-01-07T06:00:00,positive,False,baseline
review_0005379,order_0008226,4,2025-01-29T00:00:00,2025-01-29T17:00:00,positive,False,baseline
review_0005380,order_0008227,3,2025-09-28T00:00:00,2025-10-01T00:00:00,neutral,False,baseline
review_0005381,order_0008228,4,2024-05-31T00:00:00,2024-06-01T04:00:00,positive,False,baseline
review_0005382,order_0008230,5,2025-04-17T00:00:00,2025-04-18T09:00:00,positive,False,baseline
review_0005383,order_0008231,4,2026-09-01T00:00:00,2026-09-02T19:00:00,positive,False,baseline
review_0005384,order_0008232,4,2025-12-15T00:00:00,2025-12-17T18:00:00,positive,False,baseline
review_0005385,order_0008233,5,2025-05-19T00:00:00,2025-05-22T00:00:00,positive,False,baseline
review_0005386,order_0008235,5,2024-11-07T00:00:00,2024-11-09T20:00:00,positive,False,baseline
review_0005387,order_0008236,5,2024-02-12T00:00:00,2024-02-12T16:00:00,positive,False,baseline
review_0005388,order_0008239,5,2024-12-22T00:00:00,2024-12-22T11:00:00,positive,False,baseline
review_0005389,order_0008240,3,2026-08-18T00:00:00,2026-08-19T00:00:00,neutral,False,baseline
review_0005390,order_0008241,5,2025-04-10T00:00:00,2025-04-11T10:00:00,positive,False,baseline
review_0005391,order_0008244,3,2025-02-25T00:00:00,2025-02-26T15:00:00,neutral,False,baseline
review_0005392,order_0008245,4,2025-12-06T00:00:00,2025-12-08T09:00:00,positive,False,baseline
review_0005393,order_0008248,3,2025-06-27T00:00:00,2025-06-29T10:00:00,neutral,False,baseline
review_0005394,order_0008249,4,2024-10-06T00:00:00,2024-10-06T13:00:00,positive,False,baseline
review_0005395,order_0008250,4,2026-08-26T00:00:00,2026-08-28T12:00:00,positive,False,baseline
review_0005396,order_0008251,5,2024-11-30T00:00:00,2024-12-02T11:00:00,positive,False,baseline
review_0005397,order_0008252,5,2026-06-12T00:00:00,2026-06-12T17:00:00,positive,False,baseline
review_0005398,order_0008253,3,2026-12-18T00:00:00,2026-12-20T10:00:00,neutral,False,baseline
review_0005399,order_0008254,5,2026-10-06T00:00:00,2026-10-07T18:00:00,positive,False,baseline
review_0005400,order_0008256,4,2024-05-02T00:00:00,2024-05-04T08:00:00,positive,False,baseline
review_0005401,order_0008257,4,2025-03-18T00:00:00,2025-03-19T18:00:00,positive,False,baseline
review_0005402,order_0008258,4,2026-11-14T00:00:00,2026-11-16T12:00:00,positive,False,baseline
review_0005403,order_0008259,5,2024-04-03T00:00:00,2024-04-04T02:00:00,positive,False,baseline
review_0005404,order_0008260,3,2026-12-10T00:00:00,2026-12-10T20:00:00,neutral,False,baseline
review_0005405,order_0008261,4,2024-11-02T00:00:00,2024-11-03T05:00:00,positive,False,baseline
review_0005406,order_0008263,4,2024-05-01T00:00:00,2024-05-02T09:00:00,positive,False,baseline
review_0005407,order_0008265,4,2026-06-28T00:00:00,2026-06-29T04:00:00,positive,False,baseline
review_0005408,order_0008266,3,2024-08-21T00:00:00,2024-08-22T05:00:00,neutral,False,baseline
review_0005409,order_0008269,3,2025-12-08T00:00:00,2025-12-09T07:00:00,neutral,False,baseline
review_0005410,order_0008271,5,2026-11-20T00:00:00,2026-11-21T13:00:00,positive,False,baseline
review_0005411,order_0008272,4,2024-06-17T00:00:00,2024-06-19T08:00:00,positive,False,baseline
review_0005412,order_0008273,5,2025-12-11T00:00:00,2025-12-12T11:00:00,positive,False,baseline
review_0005413,order_0008274,4,2026-02-23T00:00:00,2026-02-24T16:00:00,positive,False,baseline
review_0005414,order_0008275,3,2025-12-06T00:00:00,2025-12-09T00:00:00,neutral,False,baseline
review_0005415,order_0008278,3,2024-05-13T00:00:00,2024-05-14T18:00:00,neutral,False,baseline
review_0005416,order_0008279,4,2026-02-12T00:00:00,2026-02-12T19:00:00,positive,False,baseline
review_0005417,order_0008281,4,2024-12-19T00:00:00,2024-12-19T09:00:00,positive,False,baseline
review_0005418,order_0008282,5,2025-04-15T00:00:00,2025-04-15T08:00:00,positive,False,baseline
review_0005419,order_0008283,5,2026-07-27T00:00:00,2026-07-29T05:00:00,positive,False,baseline
review_0005420,order_0008285,3,2026-08-22T00:00:00,2026-08-24T21:00:00,neutral,False,baseline
review_0005421,order_0008286,5,2025-04-05T00:00:00,2025-04-07T12:00:00,positive,False,baseline
review_0005422,order_0008287,3,2026-05-27T00:00:00,2026-05-28T19:00:00,neutral,False,baseline
review_0005423,order_0008288,5,2025-07-13T00:00:00,2025-07-14T06:00:00,positive,False,baseline
review_0005424,order_0008290,4,2026-03-05T00:00:00,2026-03-05T14:00:00,positive,False,baseline
review_0005425,order_0008292,5,2024-03-12T00:00:00,2024-03-13T21:00:00,positive,False,baseline
review_0005426,order_0008294,5,2024-07-25T00:00:00,2024-07-26T12:00:00,positive,False,baseline
review_0005427,order_0008295,5,2024-05-16T00:00:00,2024-05-18T04:00:00,positive,False,baseline
review_0005428,order_0008300,3,2025-03-21T00:00:00,2025-03-22T06:00:00,neutral,False,baseline
review_0005429,order_0008301,3,2026-03-30T00:00:00,2026-03-30T08:00:00,neutral,False,baseline
review_0005430,order_0008303,4,2024-11-02T00:00:00,2024-11-04T02:00:00,positive,False,baseline
review_0005431,order_0008304,4,2025-12-12T00:00:00,2025-12-13T06:00:00,positive,False,baseline
review_0005432,order_0008305,2,2025-02-09T00:00:00,2025-02-09T12:00:00,negative,True,baseline
review_0005433,order_0008306,4,2024-11-11T00:00:00,2024-11-11T09:00:00,positive,False,baseline
review_0005434,order_0008310,4,2026-06-01T00:00:00,2026-06-02T00:00:00,positive,False,baseline
review_0005435,order_0008311,5,2025-08-29T00:00:00,2025-08-31T15:00:00,positive,False,baseline
review_0005436,order_0008313,5,2025-04-01T00:00:00,2025-04-01T22:00:00,positive,False,baseline
review_0005437,order_0008315,3,2026-04-30T00:00:00,2026-05-02T20:00:00,neutral,False,baseline
review_0005438,order_0008317,5,2025-07-14T00:00:00,2025-07-15T03:00:00,positive,False,baseline
review_0005439,order_0008318,3,2025-07-28T00:00:00,2025-07-29T17:00:00,neutral,False,baseline
review_0005440,order_0008320,3,2025-04-26T00:00:00,2025-04-27T02:00:00,neutral,False,baseline
review_0005441,order_0008323,5,2024-07-27T00:00:00,2024-07-29T14:00:00,positive,False,baseline
review_0005442,order_0008324,3,2025-03-11T00:00:00,2025-03-12T15:00:00,neutral,False,baseline
review_0005443,order_0008325,4,2025-11-25T00:00:00,2025-11-26T06:00:00,positive,False,baseline
review_0005444,order_0008326,5,2026-11-12T00:00:00,2026-11-12T19:00:00,positive,False,baseline
review_0005445,order_0008328,4,2025-01-12T00:00:00,2025-01-14T15:00:00,positive,False,baseline
review_0005446,order_0008329,5,2025-03-09T00:00:00,2025-03-11T09:00:00,positive,False,baseline
review_0005447,order_0008330,3,2026-09-19T00:00:00,2026-09-19T18:00:00,neutral,False,baseline
review_0005448,order_0008331,5,2024-10-18T00:00:00,2024-10-20T00:00:00,positive,False,baseline
review_0005449,order_0008335,5,2025-04-21T00:00:00,2025-04-23T22:00:00,positive,False,baseline
review_0005450,order_0008337,4,2025-05-21T00:00:00,2025-05-22T05:00:00,positive,False,baseline
review_0005451,order_0008341,4,2025-10-08T00:00:00,2025-10-08T20:00:00,positive,False,baseline
review_0005452,order_0008345,5,2024-07-27T00:00:00,2024-07-29T12:00:00,positive,False,baseline
review_0005453,order_0008348,4,2024-11-25T00:00:00,2024-11-26T13:00:00,positive,False,baseline
review_0005454,order_0008349,5,2026-07-05T00:00:00,2026-07-06T09:00:00,positive,False,baseline
review_0005455,order_0008350,3,2025-12-18T00:00:00,2025-12-19T01:00:00,neutral,False,baseline
review_0005456,order_0008351,2,2024-10-19T00:00:00,2024-10-21T18:00:00,negative,True,baseline
review_0005457,order_0008352,4,2024-12-25T00:00:00,2024-12-26T00:00:00,positive,False,baseline
review_0005458,order_0008354,5,2024-02-09T00:00:00,2024-02-11T21:00:00,positive,False,baseline
review_0005459,order_0008355,5,2026-11-20T00:00:00,2026-11-22T15:00:00,positive,False,baseline
review_0005460,order_0008356,5,2026-12-23T00:00:00,2026-12-24T07:00:00,positive,False,baseline
review_0005461,order_0008358,4,2024-03-26T00:00:00,2024-03-27T01:00:00,positive,False,baseline
review_0005462,order_0008359,5,2024-06-21T00:00:00,2024-06-22T10:00:00,positive,False,baseline
review_0005463,order_0008360,3,2026-12-30T00:00:00,2026-12-31T18:00:00,neutral,False,baseline
review_0005464,order_0008361,4,2026-09-14T00:00:00,2026-09-14T11:00:00,positive,False,baseline
review_0005465,order_0008362,3,2024-02-20T00:00:00,2024-02-22T19:00:00,neutral,False,baseline
review_0005466,order_0008364,5,2026-07-31T00:00:00,2026-08-01T07:00:00,positive,False,baseline
review_0005467,order_0008366,5,2025-01-14T00:00:00,2025-01-15T13:00:00,positive,False,baseline
review_0005468,order_0008367,5,2026-06-03T00:00:00,2026-06-03T12:00:00,positive,False,baseline
review_0005469,order_0008368,4,2024-12-11T00:00:00,2024-12-12T20:00:00,positive,False,baseline
review_0005470,order_0008372,5,2024-08-16T00:00:00,2024-08-17T03:00:00,positive,False,baseline
review_0005471,order_0008373,4,2025-09-11T00:00:00,2025-09-13T12:00:00,positive,False,baseline
review_0005472,order_0008374,4,2025-11-14T00:00:00,2025-11-14T11:00:00,positive,False,baseline
review_0005473,order_0008375,4,2024-02-11T00:00:00,2024-02-12T07:00:00,positive,False,baseline
review_0005474,order_0008376,5,2024-11-02T00:00:00,2024-11-03T03:00:00,positive,False,baseline
review_0005475,order_0008378,4,2026-01-26T00:00:00,2026-01-26T16:00:00,positive,False,baseline
review_0005476,order_0008380,3,2026-06-04T00:00:00,2026-06-05T08:00:00,neutral,False,baseline
review_0005477,order_0008382,4,2026-01-07T00:00:00,2026-01-10T00:00:00,positive,False,baseline
review_0005478,order_0008383,3,2026-01-12T00:00:00,2026-01-13T16:00:00,neutral,False,baseline
review_0005479,order_0008385,5,2025-11-19T00:00:00,2025-11-19T23:00:00,positive,False,baseline
review_0005480,order_0008387,3,2026-04-22T00:00:00,2026-04-24T22:00:00,neutral,False,baseline
review_0005481,order_0008389,4,2024-07-08T00:00:00,2024-07-10T06:00:00,positive,False,baseline
review_0005482,order_0008390,4,2026-03-02T00:00:00,2026-03-02T08:00:00,positive,False,baseline
review_0005483,order_0008391,4,2025-08-14T00:00:00,2025-08-14T20:00:00,positive,False,baseline
review_0005484,order_0008393,4,2025-06-25T00:00:00,2025-06-27T20:00:00,positive,False,baseline
review_0005485,order_0008396,3,2026-12-10T00:00:00,2026-12-11T06:00:00,neutral,False,baseline
review_0005486,order_0008397,4,2025-04-24T00:00:00,2025-04-24T19:00:00,positive,False,baseline
review_0005487,order_0008399,4,2026-01-24T00:00:00,2026-01-26T01:00:00,positive,False,baseline
review_0005488,order_0008400,4,2024-11-22T00:00:00,2024-11-24T10:00:00,positive,False,baseline
review_0005489,order_0008401,4,2025-12-22T00:00:00,2025-12-23T13:00:00,positive,False,baseline
review_0005490,order_0008402,4,2024-09-22T00:00:00,2024-09-23T00:00:00,positive,False,baseline
review_0005491,order_0008404,4,2025-08-04T00:00:00,2025-08-05T02:00:00,positive,False,baseline
review_0005492,order_0008405,4,2025-05-06T00:00:00,2025-05-07T05:00:00,positive,False,baseline
review_0005493,order_0008406,4,2026-06-12T00:00:00,2026-06-14T05:00:00,positive,False,baseline
review_0005494,order_0008407,4,2024-07-17T00:00:00,2024-07-18T06:00:00,positive,False,baseline
review_0005495,order_0008408,4,2024-08-08T00:00:00,2024-08-08T16:00:00,positive,False,baseline
review_0005496,order_0008409,3,2024-09-20T00:00:00,2024-09-21T13:00:00,neutral,False,baseline
review_0005497,order_0008413,3,2025-12-14T00:00:00,2025-12-15T04:00:00,neutral,False,baseline
review_0005498,order_0008414,4,2025-03-03T00:00:00,2025-03-04T21:00:00,positive,False,baseline
review_0005499,order_0008419,5,2024-09-23T00:00:00,2024-09-25T03:00:00,positive,False,baseline
review_0005500,order_0008420,3,2024-04-28T00:00:00,2024-04-28T21:00:00,neutral,False,baseline
review_0005501,order_0008422,4,2025-11-28T00:00:00,2025-11-28T09:00:00,positive,False,baseline
review_0005502,order_0008425,4,2025-12-14T00:00:00,2025-12-16T08:00:00,positive,False,baseline
review_0005503,order_0008428,4,2024-11-23T00:00:00,2024-11-25T14:00:00,positive,False,baseline
review_0005504,order_0008431,4,2024-11-08T00:00:00,2024-11-08T14:00:00,positive,False,baseline
review_0005505,order_0008432,5,2024-03-12T00:00:00,2024-03-12T09:00:00,positive,False,baseline
review_0005506,order_0008433,5,2024-02-02T00:00:00,2024-02-03T06:00:00,positive,False,baseline
review_0005507,order_0008434,4,2024-09-28T00:00:00,2024-09-28T11:00:00,positive,False,baseline
review_0005508,order_0008435,4,2026-01-05T00:00:00,2026-01-06T11:00:00,positive,False,baseline
review_0005509,order_0008436,5,2024-06-07T00:00:00,2024-06-08T23:00:00,positive,False,baseline
review_0005510,order_0008438,4,2024-11-09T00:00:00,2024-11-10T12:00:00,positive,False,baseline
review_0005511,order_0008439,3,2026-11-15T00:00:00,2026-11-15T16:00:00,neutral,False,baseline
review_0005512,order_0008440,4,2026-01-10T00:00:00,2026-01-12T07:00:00,positive,False,baseline
review_0005513,order_0008441,3,2024-03-06T00:00:00,2024-03-07T15:00:00,neutral,False,baseline
review_0005514,order_0008442,4,2024-05-08T00:00:00,2024-05-08T17:00:00,positive,False,baseline
review_0005515,order_0008443,4,2024-11-26T00:00:00,2024-11-27T23:00:00,positive,False,baseline
review_0005516,order_0008446,3,2025-11-26T00:00:00,2025-11-27T11:00:00,neutral,False,baseline
review_0005517,order_0008447,4,2025-06-04T00:00:00,2025-06-04T11:00:00,positive,False,baseline
review_0005518,order_0008448,4,2026-11-22T00:00:00,2026-11-24T00:00:00,positive,False,baseline
review_0005519,order_0008449,4,2024-02-12T00:00:00,2024-02-12T19:00:00,positive,False,baseline
review_0005520,order_0008450,4,2026-11-06T00:00:00,2026-11-06T11:00:00,positive,False,baseline
review_0005521,order_0008451,2,2026-07-10T00:00:00,2026-07-10T20:00:00,negative,True,baseline
review_0005522,order_0008453,5,2025-11-16T00:00:00,2025-11-18T22:00:00,positive,False,baseline
review_0005523,order_0008454,5,2025-05-20T00:00:00,2025-05-22T12:00:00,positive,False,baseline
review_0005524,order_0008457,5,2024-05-13T00:00:00,2024-05-15T08:00:00,positive,False,baseline
review_0005525,order_0008459,5,2025-12-24T00:00:00,2025-12-25T03:00:00,positive,False,baseline
review_0005526,order_0008460,4,2025-03-18T00:00:00,2025-03-18T15:00:00,positive,False,baseline
review_0005527,order_0008462,4,2026-05-16T00:00:00,2026-05-18T11:00:00,positive,False,baseline
review_0005528,order_0008463,3,2025-04-08T00:00:00,2025-04-08T22:00:00,neutral,False,baseline
review_0005529,order_0008464,4,2026-11-30T00:00:00,2026-11-30T18:00:00,positive,False,baseline
review_0005530,order_0008466,3,2025-07-28T00:00:00,2025-07-30T03:00:00,neutral,False,baseline
review_0005531,order_0008467,4,2024-10-31T00:00:00,2024-11-02T11:00:00,positive,False,baseline
review_0005532,order_0008469,5,2026-08-29T00:00:00,2026-08-31T23:00:00,positive,False,baseline
review_0005533,order_0008471,3,2025-02-19T00:00:00,2025-02-21T09:00:00,neutral,False,baseline
review_0005534,order_0008472,5,2024-07-02T00:00:00,2024-07-04T09:00:00,positive,False,baseline
review_0005535,order_0008473,4,2025-12-18T00:00:00,2025-12-20T17:00:00,positive,False,baseline
review_0005536,order_0008475,4,2024-07-13T00:00:00,2024-07-13T11:00:00,positive,False,baseline
review_0005537,order_0008476,3,2025-12-13T00:00:00,2025-12-13T09:00:00,neutral,False,baseline
review_0005538,order_0008477,3,2025-03-12T00:00:00,2025-03-14T05:00:00,neutral,False,baseline
review_0005539,order_0008479,4,2024-10-16T00:00:00,2024-10-18T02:00:00,positive,False,baseline
review_0005540,order_0008480,4,2025-03-17T00:00:00,2025-03-18T05:00:00,positive,False,baseline
review_0005541,order_0008483,3,2025-01-01T00:00:00,2025-01-03T20:00:00,neutral,False,baseline
review_0005542,order_0008484,4,2026-12-18T00:00:00,2026-12-18T23:00:00,positive,False,baseline
review_0005543,order_0008485,4,2024-05-28T00:00:00,2024-05-30T02:00:00,positive,False,baseline
review_0005544,order_0008490,4,2025-12-28T00:00:00,2025-12-28T17:00:00,positive,False,baseline
review_0005545,order_0008491,5,2025-05-09T00:00:00,2025-05-10T08:00:00,positive,False,baseline
review_0005546,order_0008493,4,2025-01-11T00:00:00,2025-01-12T10:00:00,positive,False,baseline
review_0005547,order_0008494,2,2025-02-12T00:00:00,2025-02-12T17:00:00,negative,True,baseline
review_0005548,order_0008495,2,2025-02-11T00:00:00,2025-02-12T15:00:00,negative,True,baseline
review_0005549,order_0008496,4,2026-03-25T00:00:00,2026-03-26T07:00:00,positive,False,baseline
review_0005550,order_0008497,4,2026-12-02T00:00:00,2026-12-03T05:00:00,positive,False,baseline
review_0005551,order_0008499,4,2025-04-24T00:00:00,2025-04-26T15:00:00,positive,False,baseline
review_0005552,order_0008500,1,2026-01-03T00:00:00,2026-01-04T06:00:00,negative,True,baseline
review_0005553,order_0008504,5,2026-09-11T00:00:00,2026-09-13T18:00:00,positive,False,baseline
review_0005554,order_0008506,5,2026-12-29T00:00:00,2026-12-30T01:00:00,positive,False,baseline
review_0005555,order_0008507,5,2024-04-28T00:00:00,2024-04-29T19:00:00,positive,False,baseline
review_0005556,order_0008508,5,2025-11-26T00:00:00,2025-11-28T18:00:00,positive,False,baseline
review_0005557,order_0008512,5,2024-07-21T00:00:00,2024-07-22T20:00:00,positive,False,baseline
review_0005558,order_0008514,4,2025-11-14T00:00:00,2025-11-15T04:00:00,positive,False,baseline
review_0005559,order_0008515,2,2026-01-16T00:00:00,2026-01-16T18:00:00,negative,True,baseline
review_0005560,order_0008516,3,2026-01-21T00:00:00,2026-01-23T15:00:00,neutral,False,baseline
review_0005561,order_0008517,4,2026-04-26T00:00:00,2026-04-26T14:00:00,positive,False,baseline
review_0005562,order_0008518,4,2025-01-01T00:00:00,2025-01-03T03:00:00,positive,False,baseline
review_0005563,order_0008519,4,2026-05-24T00:00:00,2026-05-24T23:00:00,positive,False,baseline
review_0005564,order_0008520,4,2024-10-12T00:00:00,2024-10-13T15:00:00,positive,False,baseline
review_0005565,order_0008521,5,2024-03-02T00:00:00,2024-03-03T18:00:00,positive,False,baseline
review_0005566,order_0008522,4,2024-06-23T00:00:00,2024-06-23T12:00:00,positive,False,baseline
review_0005567,order_0008523,4,2026-09-26T00:00:00,2026-09-26T13:00:00,positive,False,baseline
review_0005568,order_0008524,5,2026-11-03T00:00:00,2026-11-04T01:00:00,positive,False,baseline
review_0005569,order_0008525,4,2024-06-26T00:00:00,2024-06-26T23:00:00,positive,False,baseline
review_0005570,order_0008526,4,2026-01-14T00:00:00,2026-01-16T00:00:00,positive,False,baseline
review_0005571,order_0008527,3,2026-11-28T00:00:00,2026-11-28T15:00:00,neutral,False,baseline
review_0005572,order_0008529,3,2025-05-05T00:00:00,2025-05-05T22:00:00,neutral,False,baseline
review_0005573,order_0008530,5,2024-12-04T00:00:00,2024-12-04T11:00:00,positive,False,baseline
review_0005574,order_0008531,4,2025-05-06T00:00:00,2025-05-06T08:00:00,positive,False,baseline
review_0005575,order_0008533,3,2024-06-28T00:00:00,2024-06-30T16:00:00,neutral,False,baseline
review_0005576,order_0008534,5,2024-10-01T00:00:00,2024-10-02T00:00:00,positive,False,baseline
review_0005577,order_0008536,4,2025-12-16T00:00:00,2025-12-17T07:00:00,positive,False,baseline
review_0005578,order_0008538,2,2024-07-31T00:00:00,2024-08-02T11:00:00,negative,True,baseline
review_0005579,order_0008539,3,2025-03-17T00:00:00,2025-03-18T08:00:00,neutral,False,baseline
review_0005580,order_0008540,3,2026-10-24T00:00:00,2026-10-24T22:00:00,neutral,False,baseline
review_0005581,order_0008542,5,2024-01-16T00:00:00,2024-01-17T02:00:00,positive,False,baseline
review_0005582,order_0008543,4,2025-08-02T00:00:00,2025-08-03T20:00:00,positive,False,baseline
review_0005583,order_0008544,4,2024-07-16T00:00:00,2024-07-16T09:00:00,positive,False,baseline
review_0005584,order_0008546,4,2026-02-13T00:00:00,2026-02-13T14:00:00,positive,False,baseline
review_0005585,order_0008547,5,2024-07-07T00:00:00,2024-07-08T08:00:00,positive,False,baseline
review_0005586,order_0008549,4,2024-06-17T00:00:00,2024-06-18T00:00:00,positive,False,baseline
review_0005587,order_0008550,4,2024-03-30T00:00:00,2024-03-30T19:00:00,positive,False,baseline
review_0005588,order_0008552,2,2024-12-31T00:00:00,2025-01-03T00:00:00,negative,True,baseline
review_0005589,order_0008553,3,2026-12-20T00:00:00,2026-12-20T17:00:00,neutral,False,baseline
review_0005590,order_0008554,4,2025-10-09T00:00:00,2025-10-11T08:00:00,positive,False,baseline
review_0005591,order_0008557,5,2026-09-26T00:00:00,2026-09-27T04:00:00,positive,False,baseline
review_0005592,order_0008558,5,2026-02-14T00:00:00,2026-02-14T10:00:00,positive,False,baseline
review_0005593,order_0008559,5,2024-04-29T00:00:00,2024-05-01T01:00:00,positive,False,baseline
review_0005594,order_0008560,5,2026-02-01T00:00:00,2026-02-02T01:00:00,positive,False,baseline
review_0005595,order_0008562,4,2024-11-13T00:00:00,2024-11-15T04:00:00,positive,False,baseline
review_0005596,order_0008563,4,2025-06-24T00:00:00,2025-06-24T15:00:00,positive,False,baseline
review_0005597,order_0008564,5,2026-12-14T00:00:00,2026-12-16T08:00:00,positive,False,baseline
review_0005598,order_0008565,5,2025-03-06T00:00:00,2025-03-08T14:00:00,positive,False,baseline
review_0005599,order_0008567,4,2025-09-18T00:00:00,2025-09-20T21:00:00,positive,False,baseline
review_0005600,order_0008568,4,2026-07-16T00:00:00,2026-07-16T15:00:00,positive,False,baseline
review_0005601,order_0008569,4,2026-07-02T00:00:00,2026-07-04T09:00:00,positive,False,baseline
review_0005602,order_0008570,4,2024-05-06T00:00:00,2024-05-08T03:00:00,positive,False,baseline
review_0005603,order_0008571,5,2025-12-21T00:00:00,2025-12-21T21:00:00,positive,False,baseline
review_0005604,order_0008573,5,2026-02-23T00:00:00,2026-02-23T19:00:00,positive,False,baseline
review_0005605,order_0008576,2,2024-10-09T00:00:00,2024-10-10T00:00:00,negative,True,baseline
review_0005606,order_0008579,5,2024-07-28T00:00:00,2024-07-29T18:00:00,positive,False,baseline
review_0005607,order_0008581,4,2025-04-05T00:00:00,2025-04-06T07:00:00,positive,False,baseline
review_0005608,order_0008582,5,2025-09-18T00:00:00,2025-09-20T13:00:00,positive,False,baseline
review_0005609,order_0008584,4,2026-05-23T00:00:00,2026-05-23T08:00:00,positive,False,baseline
review_0005610,order_0008593,3,2025-11-03T00:00:00,2025-11-04T17:00:00,neutral,False,baseline
review_0005611,order_0008595,5,2026-06-24T00:00:00,2026-06-26T21:00:00,positive,False,baseline
review_0005612,order_0008597,2,2025-07-16T00:00:00,2025-07-18T02:00:00,negative,True,baseline
review_0005613,order_0008598,5,2025-03-18T00:00:00,2025-03-19T22:00:00,positive,False,baseline
review_0005614,order_0008599,3,2025-07-15T00:00:00,2025-07-15T17:00:00,neutral,False,baseline
review_0005615,order_0008601,4,2026-08-11T00:00:00,2026-08-11T12:00:00,positive,False,baseline
review_0005616,order_0008602,4,2026-03-06T00:00:00,2026-03-06T08:00:00,positive,False,baseline
review_0005617,order_0008604,4,2026-09-03T00:00:00,2026-09-05T05:00:00,positive,False,baseline
review_0005618,order_0008605,5,2025-02-21T00:00:00,2025-02-22T07:00:00,positive,False,baseline
review_0005619,order_0008606,4,2024-08-02T00:00:00,2024-08-02T08:00:00,positive,False,baseline
review_0005620,order_0008607,2,2026-08-29T00:00:00,2026-08-31T07:00:00,negative,True,baseline
review_0005621,order_0008608,4,2025-01-11T00:00:00,2025-01-13T22:00:00,positive,False,baseline
review_0005622,order_0008609,4,2026-11-03T00:00:00,2026-11-05T02:00:00,positive,False,baseline
review_0005623,order_0008610,3,2024-08-13T00:00:00,2024-08-13T19:00:00,neutral,False,baseline
review_0005624,order_0008612,4,2026-01-10T00:00:00,2026-01-12T16:00:00,positive,False,baseline
review_0005625,order_0008613,3,2024-07-28T00:00:00,2024-07-30T18:00:00,neutral,False,baseline
review_0005626,order_0008614,4,2025-08-05T00:00:00,2025-08-06T19:00:00,positive,False,baseline
review_0005627,order_0008615,3,2025-10-22T00:00:00,2025-10-24T19:00:00,neutral,False,baseline
review_0005628,order_0008617,4,2026-10-21T00:00:00,2026-10-21T23:00:00,positive,False,baseline
review_0005629,order_0008618,3,2024-09-01T00:00:00,2024-09-01T19:00:00,neutral,False,baseline
review_0005630,order_0008619,4,2024-10-08T00:00:00,2024-10-09T11:00:00,positive,False,baseline
review_0005631,order_0008620,2,2025-02-11T00:00:00,2025-02-14T00:00:00,negative,True,baseline
review_0005632,order_0008621,4,2025-03-12T00:00:00,2025-03-13T12:00:00,positive,False,baseline
review_0005633,order_0008622,4,2024-01-15T00:00:00,2024-01-17T06:00:00,positive,False,baseline
review_0005634,order_0008623,4,2026-02-22T00:00:00,2026-02-23T17:00:00,positive,False,baseline
review_0005635,order_0008624,3,2025-07-01T00:00:00,2025-07-02T00:00:00,neutral,False,baseline
review_0005636,order_0008625,5,2025-10-12T00:00:00,2025-10-12T23:00:00,positive,False,baseline
review_0005637,order_0008626,5,2026-05-08T00:00:00,2026-05-08T14:00:00,positive,False,baseline
review_0005638,order_0008627,4,2025-10-27T00:00:00,2025-10-27T14:00:00,positive,False,baseline
review_0005639,order_0008629,4,2025-06-02T00:00:00,2025-06-03T12:00:00,positive,False,baseline
review_0005640,order_0008630,5,2024-02-11T00:00:00,2024-02-11T21:00:00,positive,False,baseline
review_0005641,order_0008631,4,2025-01-06T00:00:00,2025-01-08T03:00:00,positive,False,baseline
review_0005642,order_0008632,5,2025-11-19T00:00:00,2025-11-21T08:00:00,positive,False,baseline
review_0005643,order_0008633,4,2024-12-09T00:00:00,2024-12-11T03:00:00,positive,False,baseline
review_0005644,order_0008635,4,2026-11-10T00:00:00,2026-11-11T19:00:00,positive,False,baseline
review_0005645,order_0008640,1,2025-12-28T00:00:00,2025-12-29T18:00:00,negative,True,baseline
review_0005646,order_0008641,4,2025-09-01T00:00:00,2025-09-03T02:00:00,positive,False,baseline
review_0005647,order_0008645,4,2025-03-25T00:00:00,2025-03-25T08:00:00,positive,False,baseline
review_0005648,order_0008646,5,2024-11-16T00:00:00,2024-11-17T12:00:00,positive,False,baseline
review_0005649,order_0008648,4,2026-05-11T00:00:00,2026-05-13T07:00:00,positive,False,baseline
review_0005650,order_0008649,4,2024-12-20T00:00:00,2024-12-22T04:00:00,positive,False,baseline
review_0005651,order_0008651,4,2026-03-26T00:00:00,2026-03-28T16:00:00,positive,False,baseline
review_0005652,order_0008652,4,2024-07-09T00:00:00,2024-07-09T09:00:00,positive,False,baseline
review_0005653,order_0008653,5,2025-09-14T00:00:00,2025-09-14T15:00:00,positive,False,baseline
review_0005654,order_0008654,3,2024-05-23T00:00:00,2024-05-25T15:00:00,neutral,False,baseline
review_0005655,order_0008655,4,2024-09-16T00:00:00,2024-09-16T13:00:00,positive,False,baseline
review_0005656,order_0008656,4,2024-01-16T00:00:00,2024-01-17T17:00:00,positive,False,baseline
review_0005657,order_0008658,5,2024-11-29T00:00:00,2024-12-01T07:00:00,positive,False,baseline
review_0005658,order_0008661,5,2024-06-27T00:00:00,2024-06-29T20:00:00,positive,False,baseline
review_0005659,order_0008663,4,2026-12-08T00:00:00,2026-12-08T11:00:00,positive,False,baseline
review_0005660,order_0008664,4,2026-03-17T00:00:00,2026-03-18T18:00:00,positive,False,baseline
review_0005661,order_0008665,5,2026-06-08T00:00:00,2026-06-09T06:00:00,positive,False,baseline
review_0005662,order_0008666,3,2025-02-07T00:00:00,2025-02-07T21:00:00,neutral,False,baseline
review_0005663,order_0008670,4,2024-12-11T00:00:00,2024-12-12T23:00:00,positive,False,baseline
review_0005664,order_0008671,3,2024-02-26T00:00:00,2024-02-27T23:00:00,neutral,False,baseline
review_0005665,order_0008672,5,2026-04-08T00:00:00,2026-04-09T09:00:00,positive,False,baseline
review_0005666,order_0008677,4,2026-04-03T00:00:00,2026-04-05T20:00:00,positive,False,baseline
review_0005667,order_0008680,5,2024-05-13T00:00:00,2024-05-15T04:00:00,positive,False,baseline
review_0005668,order_0008681,4,2026-09-24T00:00:00,2026-09-24T10:00:00,positive,False,baseline
review_0005669,order_0008682,4,2024-05-29T00:00:00,2024-05-31T02:00:00,positive,False,baseline
review_0005670,order_0008683,3,2024-03-23T00:00:00,2024-03-25T00:00:00,neutral,False,baseline
review_0005671,order_0008684,4,2026-07-13T00:00:00,2026-07-13T19:00:00,positive,False,baseline
review_0005672,order_0008685,3,2026-06-01T00:00:00,2026-06-02T00:00:00,neutral,False,baseline
review_0005673,order_0008688,5,2025-10-06T00:00:00,2025-10-06T18:00:00,positive,False,baseline
review_0005674,order_0008689,4,2025-05-14T00:00:00,2025-05-14T13:00:00,positive,False,baseline
review_0005675,order_0008690,4,2025-09-28T00:00:00,2025-09-29T20:00:00,positive,False,baseline
review_0005676,order_0008691,4,2026-03-20T00:00:00,2026-03-21T16:00:00,positive,False,baseline
review_0005677,order_0008692,3,2024-09-30T00:00:00,2024-10-01T18:00:00,neutral,False,baseline
review_0005678,order_0008693,3,2024-10-01T00:00:00,2024-10-02T15:00:00,neutral,False,baseline
review_0005679,order_0008694,5,2025-09-25T00:00:00,2025-09-27T18:00:00,positive,False,baseline
review_0005680,order_0008695,4,2025-10-27T00:00:00,2025-10-29T09:00:00,positive,False,baseline
review_0005681,order_0008696,4,2025-07-23T00:00:00,2025-07-24T07:00:00,positive,False,baseline
review_0005682,order_0008697,2,2025-12-07T00:00:00,2025-12-09T23:00:00,negative,True,baseline
review_0005683,order_0008698,5,2024-05-30T00:00:00,2024-05-30T09:00:00,positive,False,baseline
review_0005684,order_0008700,3,2025-12-19T00:00:00,2025-12-20T21:00:00,neutral,False,baseline
review_0005685,order_0008701,3,2025-10-12T00:00:00,2025-10-12T16:00:00,neutral,False,baseline
review_0005686,order_0008702,4,2025-02-18T00:00:00,2025-02-19T16:00:00,positive,False,baseline
review_0005687,order_0008704,4,2026-07-15T00:00:00,2026-07-16T16:00:00,positive,False,baseline
review_0005688,order_0008706,5,2024-07-16T00:00:00,2024-07-18T17:00:00,positive,False,baseline
review_0005689,order_0008707,5,2026-01-16T00:00:00,2026-01-19T00:00:00,positive,False,baseline
review_0005690,order_0008708,5,2026-08-12T00:00:00,2026-08-14T22:00:00,positive,False,baseline
review_0005691,order_0008710,3,2024-05-17T00:00:00,2024-05-19T21:00:00,neutral,False,baseline
review_0005692,order_0008711,5,2025-03-31T00:00:00,2025-04-01T11:00:00,positive,False,baseline
review_0005693,order_0008713,5,2025-04-08T00:00:00,2025-04-10T13:00:00,positive,False,baseline
review_0005694,order_0008714,2,2024-04-22T00:00:00,2024-04-23T01:00:00,negative,True,baseline
review_0005695,order_0008717,5,2025-09-27T00:00:00,2025-09-29T04:00:00,positive,False,baseline
review_0005696,order_0008718,4,2025-06-21T00:00:00,2025-06-23T15:00:00,positive,False,baseline
review_0005697,order_0008719,4,2025-07-18T00:00:00,2025-07-20T16:00:00,positive,False,baseline
review_0005698,order_0008720,4,2026-10-25T00:00:00,2026-10-26T17:00:00,positive,False,baseline
review_0005699,order_0008722,4,2025-01-27T00:00:00,2025-01-27T21:00:00,positive,False,baseline
review_0005700,order_0008723,5,2024-04-06T00:00:00,2024-04-07T17:00:00,positive,False,baseline
review_0005701,order_0008724,4,2026-12-29T00:00:00,2026-12-30T06:00:00,positive,False,baseline
review_0005702,order_0008726,3,2025-03-16T00:00:00,2025-03-16T08:00:00,neutral,False,baseline
review_0005703,order_0008727,4,2024-10-19T00:00:00,2024-10-21T02:00:00,positive,False,baseline
review_0005704,order_0008728,4,2024-02-15T00:00:00,2024-02-17T08:00:00,positive,False,baseline
review_0005705,order_0008729,4,2024-02-01T00:00:00,2024-02-02T18:00:00,positive,False,baseline
review_0005706,order_0008730,1,2024-12-24T00:00:00,2024-12-24T21:00:00,negative,True,baseline
review_0005707,order_0008731,4,2026-10-18T00:00:00,2026-10-19T03:00:00,positive,False,baseline
review_0005708,order_0008732,3,2024-05-25T00:00:00,2024-05-26T17:00:00,neutral,False,baseline
review_0005709,order_0008733,2,2025-10-14T00:00:00,2025-10-15T14:00:00,negative,True,baseline
review_0005710,order_0008734,5,2025-11-08T00:00:00,2025-11-10T02:00:00,positive,False,baseline
review_0005711,order_0008735,5,2025-02-08T00:00:00,2025-02-09T15:00:00,positive,False,baseline
review_0005712,order_0008736,4,2024-06-02T00:00:00,2024-06-03T15:00:00,positive,False,baseline
review_0005713,order_0008737,5,2026-01-01T00:00:00,2026-01-02T02:00:00,positive,False,baseline
review_0005714,order_0008738,5,2024-11-16T00:00:00,2024-11-16T19:00:00,positive,False,baseline
review_0005715,order_0008740,5,2024-08-26T00:00:00,2024-08-27T19:00:00,positive,False,baseline
review_0005716,order_0008743,4,2026-12-16T00:00:00,2026-12-18T02:00:00,positive,False,baseline
review_0005717,order_0008746,3,2024-03-30T00:00:00,2024-03-30T14:00:00,neutral,False,baseline
review_0005718,order_0008747,4,2026-05-26T00:00:00,2026-05-28T14:00:00,positive,False,baseline
review_0005719,order_0008749,4,2026-12-28T00:00:00,2026-12-30T17:00:00,positive,False,baseline
review_0005720,order_0008750,5,2025-08-14T00:00:00,2025-08-16T11:00:00,positive,False,baseline
review_0005721,order_0008752,4,2025-11-08T00:00:00,2025-11-08T08:00:00,positive,False,baseline
review_0005722,order_0008757,3,2026-06-09T00:00:00,2026-06-11T11:00:00,neutral,False,baseline
review_0005723,order_0008758,3,2025-01-05T00:00:00,2025-01-07T21:00:00,neutral,False,baseline
review_0005724,order_0008760,5,2026-01-29T00:00:00,2026-01-29T23:00:00,positive,False,baseline
review_0005725,order_0008762,4,2026-12-22T00:00:00,2026-12-22T09:00:00,positive,False,baseline
review_0005726,order_0008763,5,2024-06-10T00:00:00,2024-06-12T19:00:00,positive,False,baseline
review_0005727,order_0008764,3,2026-03-25T00:00:00,2026-03-27T00:00:00,neutral,False,baseline
review_0005728,order_0008765,4,2024-04-28T00:00:00,2024-04-29T18:00:00,positive,False,baseline
review_0005729,order_0008767,5,2025-01-01T00:00:00,2025-01-03T10:00:00,positive,False,baseline
review_0005730,order_0008769,5,2025-07-10T00:00:00,2025-07-11T23:00:00,positive,False,baseline
review_0005731,order_0008771,5,2024-04-01T00:00:00,2024-04-03T13:00:00,positive,False,baseline
review_0005732,order_0008772,4,2025-12-05T00:00:00,2025-12-07T21:00:00,positive,False,baseline
review_0005733,order_0008774,3,2026-04-01T00:00:00,2026-04-03T10:00:00,neutral,False,baseline
review_0005734,order_0008775,4,2026-01-22T00:00:00,2026-01-24T11:00:00,positive,False,baseline
review_0005735,order_0008776,5,2025-06-16T00:00:00,2025-06-18T05:00:00,positive,False,baseline
review_0005736,order_0008779,4,2026-06-28T00:00:00,2026-06-28T19:00:00,positive,False,baseline
review_0005737,order_0008780,5,2026-01-01T00:00:00,2026-01-01T10:00:00,positive,False,baseline
review_0005738,order_0008781,4,2024-10-08T00:00:00,2024-10-10T07:00:00,positive,False,baseline
review_0005739,order_0008786,4,2026-07-30T00:00:00,2026-08-01T12:00:00,positive,False,baseline
review_0005740,order_0008787,4,2024-11-22T00:00:00,2024-11-22T18:00:00,positive,False,baseline
review_0005741,order_0008788,4,2024-08-24T00:00:00,2024-08-25T14:00:00,positive,False,baseline
review_0005742,order_0008790,5,2025-09-08T00:00:00,2025-09-08T16:00:00,positive,False,baseline
review_0005743,order_0008791,5,2026-05-07T00:00:00,2026-05-07T10:00:00,positive,False,baseline
review_0005744,order_0008794,5,2025-08-31T00:00:00,2025-09-02T19:00:00,positive,False,baseline
review_0005745,order_0008795,4,2025-02-24T00:00:00,2025-02-26T07:00:00,positive,False,baseline
review_0005746,order_0008796,5,2026-08-14T00:00:00,2026-08-16T02:00:00,positive,False,baseline
review_0005747,order_0008797,4,2025-01-12T00:00:00,2025-01-12T16:00:00,positive,False,baseline
review_0005748,order_0008798,4,2024-10-25T00:00:00,2024-10-25T17:00:00,positive,False,baseline
review_0005749,order_0008799,4,2025-09-04T00:00:00,2025-09-04T10:00:00,positive,False,baseline
review_0005750,order_0008801,4,2025-03-06T00:00:00,2025-03-08T05:00:00,positive,False,baseline
review_0005751,order_0008802,4,2026-04-08T00:00:00,2026-04-08T12:00:00,positive,False,baseline
review_0005752,order_0008804,4,2026-11-21T00:00:00,2026-11-21T12:00:00,positive,False,baseline
review_0005753,order_0008805,4,2026-02-22T00:00:00,2026-02-23T08:00:00,positive,False,baseline
review_0005754,order_0008808,4,2026-03-01T00:00:00,2026-03-03T03:00:00,positive,False,baseline
review_0005755,order_0008810,3,2026-02-01T00:00:00,2026-02-03T19:00:00,neutral,False,baseline
review_0005756,order_0008811,4,2026-08-20T00:00:00,2026-08-21T07:00:00,positive,False,baseline
review_0005757,order_0008812,4,2024-08-02T00:00:00,2024-08-03T19:00:00,positive,False,baseline
review_0005758,order_0008815,5,2025-05-26T00:00:00,2025-05-27T14:00:00,positive,False,baseline
review_0005759,order_0008816,4,2026-04-04T00:00:00,2026-04-06T22:00:00,positive,False,baseline
review_0005760,order_0008817,5,2025-12-06T00:00:00,2025-12-08T04:00:00,positive,False,baseline
review_0005761,order_0008818,4,2026-09-05T00:00:00,2026-09-05T17:00:00,positive,False,baseline
review_0005762,order_0008820,5,2024-12-22T00:00:00,2024-12-24T01:00:00,positive,False,baseline
review_0005763,order_0008821,5,2024-03-29T00:00:00,2024-03-29T15:00:00,positive,False,baseline
review_0005764,order_0008826,5,2025-09-04T00:00:00,2025-09-04T17:00:00,positive,False,baseline
review_0005765,order_0008828,3,2026-01-04T00:00:00,2026-01-04T11:00:00,neutral,False,baseline
review_0005766,order_0008829,4,2026-12-29T00:00:00,2026-12-30T18:00:00,positive,False,baseline
review_0005767,order_0008830,5,2024-12-27T00:00:00,2024-12-28T12:00:00,positive,False,baseline
review_0005768,order_0008832,5,2026-02-11T00:00:00,2026-02-11T16:00:00,positive,False,baseline
review_0005769,order_0008833,4,2025-12-20T00:00:00,2025-12-20T10:00:00,positive,False,baseline
review_0005770,order_0008834,4,2024-02-01T00:00:00,2024-02-03T09:00:00,positive,False,baseline
review_0005771,order_0008835,4,2024-11-11T00:00:00,2024-11-13T12:00:00,positive,False,baseline
review_0005772,order_0008836,5,2024-07-29T00:00:00,2024-07-30T17:00:00,positive,False,baseline
review_0005773,order_0008838,5,2024-07-16T00:00:00,2024-07-16T10:00:00,positive,False,baseline
review_0005774,order_0008839,4,2026-04-14T00:00:00,2026-04-16T13:00:00,positive,False,baseline
review_0005775,order_0008840,5,2024-11-01T00:00:00,2024-11-02T08:00:00,positive,False,baseline
review_0005776,order_0008843,5,2026-08-25T00:00:00,2026-08-25T21:00:00,positive,False,baseline
review_0005777,order_0008847,4,2024-09-21T00:00:00,2024-09-22T09:00:00,positive,False,baseline
review_0005778,order_0008848,4,2024-11-26T00:00:00,2024-11-26T18:00:00,positive,False,baseline
review_0005779,order_0008849,3,2024-10-30T00:00:00,2024-11-01T02:00:00,neutral,False,baseline
review_0005780,order_0008850,5,2025-10-11T00:00:00,2025-10-13T00:00:00,positive,False,baseline
review_0005781,order_0008851,5,2026-06-18T00:00:00,2026-06-18T21:00:00,positive,False,baseline
review_0005782,order_0008852,4,2024-09-12T00:00:00,2024-09-14T03:00:00,positive,False,baseline
review_0005783,order_0008859,5,2025-02-11T00:00:00,2025-02-12T01:00:00,positive,False,baseline
review_0005784,order_0008860,3,2025-02-07T00:00:00,2025-02-09T21:00:00,neutral,False,baseline
review_0005785,order_0008862,3,2026-11-04T00:00:00,2026-11-06T10:00:00,neutral,False,baseline
review_0005786,order_0008864,3,2024-07-08T00:00:00,2024-07-10T01:00:00,neutral,False,baseline
review_0005787,order_0008866,4,2026-06-12T00:00:00,2026-06-13T15:00:00,positive,False,baseline
review_0005788,order_0008867,3,2026-06-10T00:00:00,2026-06-12T11:00:00,neutral,False,baseline
review_0005789,order_0008868,4,2026-06-16T00:00:00,2026-06-18T07:00:00,positive,False,baseline
review_0005790,order_0008869,4,2026-08-30T00:00:00,2026-09-01T13:00:00,positive,False,baseline
review_0005791,order_0008871,3,2026-11-22T00:00:00,2026-11-22T08:00:00,neutral,False,baseline
review_0005792,order_0008872,4,2025-11-18T00:00:00,2025-11-19T06:00:00,positive,False,baseline
review_0005793,order_0008873,5,2025-11-26T00:00:00,2025-11-26T18:00:00,positive,False,baseline
review_0005794,order_0008876,4,2026-04-07T00:00:00,2026-04-08T19:00:00,positive,False,baseline
review_0005795,order_0008879,5,2025-07-02T00:00:00,2025-07-04T20:00:00,positive,False,baseline
review_0005796,order_0008880,4,2024-04-08T00:00:00,2024-04-08T20:00:00,positive,False,baseline
review_0005797,order_0008883,4,2024-11-22T00:00:00,2024-11-24T21:00:00,positive,False,baseline
review_0005798,order_0008888,5,2024-03-21T00:00:00,2024-03-23T09:00:00,positive,False,baseline
review_0005799,order_0008890,5,2025-03-27T00:00:00,2025-03-28T21:00:00,positive,False,baseline
review_0005800,order_0008891,3,2024-06-04T00:00:00,2024-06-06T08:00:00,neutral,False,baseline
review_0005801,order_0008892,4,2024-03-23T00:00:00,2024-03-23T22:00:00,positive,False,baseline
review_0005802,order_0008893,5,2025-02-21T00:00:00,2025-02-21T21:00:00,positive,False,baseline
review_0005803,order_0008894,4,2026-05-18T00:00:00,2026-05-20T02:00:00,positive,False,baseline
review_0005804,order_0008895,5,2025-02-02T00:00:00,2025-02-04T18:00:00,positive,False,baseline
review_0005805,order_0008897,4,2026-02-22T00:00:00,2026-02-22T15:00:00,positive,False,baseline
review_0005806,order_0008899,4,2026-07-15T00:00:00,2026-07-17T23:00:00,positive,False,baseline
review_0005807,order_0008901,4,2026-06-06T00:00:00,2026-06-08T19:00:00,positive,False,baseline
review_0005808,order_0008903,5,2026-09-27T00:00:00,2026-09-27T15:00:00,positive,False,baseline
review_0005809,order_0008904,3,2025-12-03T00:00:00,2025-12-04T09:00:00,neutral,False,baseline
review_0005810,order_0008905,4,2024-08-24T00:00:00,2024-08-24T17:00:00,positive,False,baseline
review_0005811,order_0008906,5,2026-02-18T00:00:00,2026-02-20T12:00:00,positive,False,baseline
review_0005812,order_0008907,5,2024-05-14T00:00:00,2024-05-16T07:00:00,positive,False,baseline
review_0005813,order_0008911,4,2024-08-31T00:00:00,2024-08-31T19:00:00,positive,False,baseline
review_0005814,order_0008912,4,2024-10-30T00:00:00,2024-10-31T02:00:00,positive,False,baseline
review_0005815,order_0008917,2,2025-04-10T00:00:00,2025-04-10T22:00:00,negative,True,baseline
review_0005816,order_0008918,5,2024-12-20T00:00:00,2024-12-20T11:00:00,positive,False,baseline
review_0005817,order_0008919,5,2024-03-08T00:00:00,2024-03-09T15:00:00,positive,False,baseline
review_0005818,order_0008924,5,2024-05-07T00:00:00,2024-05-08T03:00:00,positive,False,baseline
review_0005819,order_0008925,5,2024-02-02T00:00:00,2024-02-04T21:00:00,positive,False,baseline
review_0005820,order_0008926,4,2026-11-12T00:00:00,2026-11-14T12:00:00,positive,False,baseline
review_0005821,order_0008927,4,2024-02-24T00:00:00,2024-02-26T16:00:00,positive,False,baseline
review_0005822,order_0008928,5,2025-09-03T00:00:00,2025-09-03T19:00:00,positive,False,baseline
review_0005823,order_0008930,3,2024-12-23T00:00:00,2024-12-23T23:00:00,neutral,False,baseline
review_0005824,order_0008932,4,2025-01-28T00:00:00,2025-01-28T19:00:00,positive,False,baseline
review_0005825,order_0008936,5,2025-09-26T00:00:00,2025-09-27T13:00:00,positive,False,baseline
review_0005826,order_0008937,4,2024-10-24T00:00:00,2024-10-25T05:00:00,positive,False,baseline
review_0005827,order_0008938,3,2026-12-11T00:00:00,2026-12-13T18:00:00,neutral,False,baseline
review_0005828,order_0008939,3,2024-12-06T00:00:00,2024-12-08T04:00:00,neutral,False,baseline
review_0005829,order_0008942,4,2024-10-24T00:00:00,2024-10-24T15:00:00,positive,False,baseline
review_0005830,order_0008944,5,2024-06-18T00:00:00,2024-06-18T11:00:00,positive,False,baseline
review_0005831,order_0008945,4,2026-10-19T00:00:00,2026-10-20T10:00:00,positive,False,baseline
review_0005832,order_0008946,4,2024-11-03T00:00:00,2024-11-05T16:00:00,positive,False,baseline
review_0005833,order_0008948,5,2025-12-27T00:00:00,2025-12-28T12:00:00,positive,False,baseline
review_0005834,order_0008949,4,2024-10-08T00:00:00,2024-10-08T13:00:00,positive,False,baseline
review_0005835,order_0008950,3,2025-01-28T00:00:00,2025-01-30T02:00:00,neutral,False,baseline
review_0005836,order_0008951,4,2024-02-01T00:00:00,2024-02-03T07:00:00,positive,False,baseline
review_0005837,order_0008952,2,2024-06-25T00:00:00,2024-06-27T07:00:00,negative,True,baseline
review_0005838,order_0008953,4,2025-02-22T00:00:00,2025-02-22T08:00:00,positive,False,baseline
review_0005839,order_0008955,3,2024-10-16T00:00:00,2024-10-16T21:00:00,neutral,False,baseline
review_0005840,order_0008956,5,2024-08-02T00:00:00,2024-08-04T06:00:00,positive,False,baseline
review_0005841,order_0008957,4,2024-08-30T00:00:00,2024-08-30T15:00:00,positive,False,baseline
review_0005842,order_0008959,4,2025-08-10T00:00:00,2025-08-12T19:00:00,positive,False,baseline
review_0005843,order_0008962,4,2024-08-08T00:00:00,2024-08-09T07:00:00,positive,False,baseline
review_0005844,order_0008964,4,2025-01-18T00:00:00,2025-01-20T15:00:00,positive,False,baseline
review_0005845,order_0008965,5,2026-01-18T00:00:00,2026-01-18T22:00:00,positive,False,baseline
review_0005846,order_0008967,5,2026-02-07T00:00:00,2026-02-08T12:00:00,positive,False,baseline
review_0005847,order_0008969,2,2025-08-06T00:00:00,2025-08-07T00:00:00,negative,True,baseline
review_0005848,order_0008971,4,2024-02-17T00:00:00,2024-02-19T00:00:00,positive,False,baseline
review_0005849,order_0008973,4,2025-08-24T00:00:00,2025-08-26T16:00:00,positive,False,baseline
review_0005850,order_0008977,4,2024-12-19T00:00:00,2024-12-19T13:00:00,positive,False,baseline
review_0005851,order_0008978,4,2025-01-24T00:00:00,2025-01-25T14:00:00,positive,False,baseline
review_0005852,order_0008979,5,2025-05-24T00:00:00,2025-05-24T08:00:00,positive,False,baseline
review_0005853,order_0008981,5,2026-05-06T00:00:00,2026-05-07T15:00:00,positive,False,baseline
review_0005854,order_0008986,5,2024-10-23T00:00:00,2024-10-25T14:00:00,positive,False,baseline
review_0005855,order_0008987,3,2025-11-03T00:00:00,2025-11-03T18:00:00,neutral,False,baseline
review_0005856,order_0008990,4,2025-02-19T00:00:00,2025-02-20T15:00:00,positive,False,baseline
review_0005857,order_0008991,4,2024-07-14T00:00:00,2024-07-14T17:00:00,positive,False,baseline
review_0005858,order_0008992,4,2025-04-02T00:00:00,2025-04-03T13:00:00,positive,False,baseline
review_0005859,order_0008993,3,2024-06-26T00:00:00,2024-06-28T16:00:00,neutral,False,baseline
review_0005860,order_0008994,4,2025-05-08T00:00:00,2025-05-10T18:00:00,positive,False,baseline
review_0005861,order_0008995,4,2026-09-28T00:00:00,2026-09-30T10:00:00,positive,False,baseline
review_0005862,order_0008996,4,2025-11-23T00:00:00,2025-11-25T09:00:00,positive,False,baseline
review_0005863,order_0008997,4,2024-06-11T00:00:00,2024-06-14T00:00:00,positive,False,baseline
review_0005864,order_0008999,4,2025-04-02T00:00:00,2025-04-03T09:00:00,positive,False,baseline
review_0005865,order_0009000,3,2024-05-08T00:00:00,2024-05-10T17:00:00,neutral,False,baseline
review_0005866,order_0009001,5,2024-04-22T00:00:00,2024-04-24T07:00:00,positive,False,baseline
review_0005867,order_0009002,4,2024-03-16T00:00:00,2024-03-18T02:00:00,positive,False,baseline
review_0005868,order_0009003,4,2025-11-25T00:00:00,2025-11-27T12:00:00,positive,False,baseline
review_0005869,order_0009004,5,2024-03-26T00:00:00,2024-03-28T22:00:00,positive,False,baseline
review_0005870,order_0009005,5,2025-02-09T00:00:00,2025-02-10T20:00:00,positive,False,baseline
review_0005871,order_0009006,4,2026-10-03T00:00:00,2026-10-04T07:00:00,positive,False,baseline
review_0005872,order_0009007,5,2026-06-12T00:00:00,2026-06-13T07:00:00,positive,False,baseline
review_0005873,order_0009009,4,2025-03-09T00:00:00,2025-03-10T09:00:00,positive,False,baseline
review_0005874,order_0009013,5,2026-05-30T00:00:00,2026-05-31T06:00:00,positive,False,baseline
review_0005875,order_0009014,5,2026-11-12T00:00:00,2026-11-13T19:00:00,positive,False,baseline
review_0005876,order_0009015,5,2025-07-28T00:00:00,2025-07-30T22:00:00,positive,False,baseline
review_0005877,order_0009016,4,2026-06-07T00:00:00,2026-06-08T23:00:00,positive,False,baseline
review_0005878,order_0009017,5,2026-05-09T00:00:00,2026-05-11T13:00:00,positive,False,baseline
review_0005879,order_0009019,5,2024-10-09T00:00:00,2024-10-11T15:00:00,positive,False,baseline
review_0005880,order_0009021,2,2024-12-14T00:00:00,2024-12-14T15:00:00,negative,True,baseline
review_0005881,order_0009022,3,2024-09-30T00:00:00,2024-10-01T03:00:00,neutral,False,baseline
review_0005882,order_0009024,4,2025-10-12T00:00:00,2025-10-14T10:00:00,positive,False,baseline
review_0005883,order_0009026,5,2025-11-01T00:00:00,2025-11-03T16:00:00,positive,False,baseline
review_0005884,order_0009028,5,2024-03-02T00:00:00,2024-03-02T15:00:00,positive,False,baseline
review_0005885,order_0009029,3,2025-08-12T00:00:00,2025-08-12T08:00:00,neutral,False,baseline
review_0005886,order_0009033,4,2025-11-10T00:00:00,2025-11-11T17:00:00,positive,False,baseline
review_0005887,order_0009034,4,2024-10-14T00:00:00,2024-10-14T09:00:00,positive,False,baseline
review_0005888,order_0009035,5,2026-10-24T00:00:00,2026-10-25T09:00:00,positive,False,baseline
review_0005889,order_0009038,4,2026-10-18T00:00:00,2026-10-20T03:00:00,positive,False,baseline
review_0005890,order_0009039,3,2026-01-13T00:00:00,2026-01-13T14:00:00,neutral,False,baseline
review_0005891,order_0009041,4,2025-07-11T00:00:00,2025-07-11T09:00:00,positive,False,baseline
review_0005892,order_0009042,4,2026-12-09T00:00:00,2026-12-11T14:00:00,positive,False,baseline
review_0005893,order_0009043,4,2025-09-09T00:00:00,2025-09-09T09:00:00,positive,False,baseline
review_0005894,order_0009045,4,2025-07-21T00:00:00,2025-07-22T19:00:00,positive,False,baseline
review_0005895,order_0009046,4,2024-07-25T00:00:00,2024-07-27T19:00:00,positive,False,baseline
review_0005896,order_0009047,5,2026-01-14T00:00:00,2026-01-14T13:00:00,positive,False,baseline
review_0005897,order_0009049,5,2024-02-16T00:00:00,2024-02-18T03:00:00,positive,False,baseline
review_0005898,order_0009051,5,2025-09-14T00:00:00,2025-09-16T05:00:00,positive,False,baseline
review_0005899,order_0009052,4,2026-11-01T00:00:00,2026-11-03T08:00:00,positive,False,baseline
review_0005900,order_0009053,5,2025-12-26T00:00:00,2025-12-27T04:00:00,positive,False,baseline
review_0005901,order_0009055,4,2026-10-04T00:00:00,2026-10-05T13:00:00,positive,False,baseline
review_0005902,order_0009057,4,2024-10-31T00:00:00,2024-11-02T23:00:00,positive,False,baseline
review_0005903,order_0009058,4,2026-08-01T00:00:00,2026-08-01T14:00:00,positive,False,baseline
review_0005904,order_0009060,4,2026-12-25T00:00:00,2026-12-27T02:00:00,positive,False,baseline
review_0005905,order_0009061,4,2026-10-25T00:00:00,2026-10-26T15:00:00,positive,False,baseline
review_0005906,order_0009062,4,2024-10-31T00:00:00,2024-11-02T08:00:00,positive,False,baseline
review_0005907,order_0009063,4,2024-04-12T00:00:00,2024-04-13T20:00:00,positive,False,baseline
review_0005908,order_0009064,3,2025-01-18T00:00:00,2025-01-20T02:00:00,neutral,False,baseline
review_0005909,order_0009065,5,2024-12-16T00:00:00,2024-12-16T17:00:00,positive,False,baseline
review_0005910,order_0009066,2,2025-06-11T00:00:00,2025-06-13T21:00:00,negative,True,baseline
review_0005911,order_0009068,3,2024-11-16T00:00:00,2024-11-17T20:00:00,neutral,False,baseline
review_0005912,order_0009070,4,2024-09-01T00:00:00,2024-09-01T21:00:00,positive,False,baseline
review_0005913,order_0009073,4,2025-09-03T00:00:00,2025-09-04T04:00:00,positive,False,baseline
review_0005914,order_0009076,4,2026-11-06T00:00:00,2026-11-07T22:00:00,positive,False,baseline
review_0005915,order_0009077,4,2024-06-11T00:00:00,2024-06-12T13:00:00,positive,False,baseline
review_0005916,order_0009078,4,2026-03-21T00:00:00,2026-03-21T23:00:00,positive,False,baseline
review_0005917,order_0009079,4,2024-07-10T00:00:00,2024-07-11T07:00:00,positive,False,baseline
review_0005918,order_0009081,4,2024-10-05T00:00:00,2024-10-07T22:00:00,positive,False,baseline
review_0005919,order_0009082,4,2026-04-08T00:00:00,2026-04-10T21:00:00,positive,False,baseline
review_0005920,order_0009083,4,2025-08-16T00:00:00,2025-08-18T23:00:00,positive,False,baseline
review_0005921,order_0009084,4,2025-09-07T00:00:00,2025-09-08T09:00:00,positive,False,baseline
review_0005922,order_0009086,5,2024-10-13T00:00:00,2024-10-14T02:00:00,positive,False,baseline
review_0005923,order_0009088,4,2025-07-19T00:00:00,2025-07-19T12:00:00,positive,False,baseline
review_0005924,order_0009089,4,2025-11-06T00:00:00,2025-11-06T13:00:00,positive,False,baseline
review_0005925,order_0009090,3,2024-09-28T00:00:00,2024-09-29T18:00:00,neutral,False,baseline
review_0005926,order_0009093,4,2024-11-14T00:00:00,2024-11-14T15:00:00,positive,False,baseline
review_0005927,order_0009095,4,2026-11-18T00:00:00,2026-11-19T08:00:00,positive,False,baseline
review_0005928,order_0009097,4,2024-05-30T00:00:00,2024-05-30T20:00:00,positive,False,baseline
review_0005929,order_0009098,3,2025-06-04T00:00:00,2025-06-06T14:00:00,neutral,False,baseline
review_0005930,order_0009099,4,2026-08-17T00:00:00,2026-08-17T20:00:00,positive,False,baseline
review_0005931,order_0009100,4,2024-01-31T00:00:00,2024-02-02T21:00:00,positive,False,baseline
review_0005932,order_0009102,4,2025-11-22T00:00:00,2025-11-23T04:00:00,positive,False,baseline
review_0005933,order_0009103,3,2025-08-15T00:00:00,2025-08-16T20:00:00,neutral,False,baseline
review_0005934,order_0009104,4,2024-06-18T00:00:00,2024-06-19T06:00:00,positive,False,baseline
review_0005935,order_0009107,2,2024-03-06T00:00:00,2024-03-08T16:00:00,negative,True,baseline
review_0005936,order_0009108,5,2026-11-11T00:00:00,2026-11-12T01:00:00,positive,False,baseline
review_0005937,order_0009109,4,2024-01-29T00:00:00,2024-01-29T09:00:00,positive,False,baseline
review_0005938,order_0009110,3,2025-01-16T00:00:00,2025-01-16T17:00:00,neutral,False,baseline
review_0005939,order_0009111,5,2024-11-25T00:00:00,2024-11-25T16:00:00,positive,False,baseline
review_0005940,order_0009112,4,2026-06-27T00:00:00,2026-06-29T05:00:00,positive,False,baseline
review_0005941,order_0009113,5,2024-11-16T00:00:00,2024-11-17T16:00:00,positive,False,baseline
review_0005942,order_0009114,4,2024-11-21T00:00:00,2024-11-22T09:00:00,positive,False,baseline
review_0005943,order_0009119,5,2024-11-13T00:00:00,2024-11-15T11:00:00,positive,False,baseline
review_0005944,order_0009122,5,2026-07-17T00:00:00,2026-07-19T01:00:00,positive,False,baseline
review_0005945,order_0009123,2,2024-04-27T00:00:00,2024-04-29T08:00:00,negative,True,baseline
review_0005946,order_0009124,2,2026-12-10T00:00:00,2026-12-10T15:00:00,negative,True,baseline
review_0005947,order_0009125,3,2025-10-11T00:00:00,2025-10-12T20:00:00,neutral,False,baseline
review_0005948,order_0009126,3,2024-09-22T00:00:00,2024-09-24T19:00:00,neutral,False,baseline
review_0005949,order_0009127,5,2024-07-02T00:00:00,2024-07-02T18:00:00,positive,False,baseline
review_0005950,order_0009130,4,2025-12-08T00:00:00,2025-12-10T03:00:00,positive,False,baseline
review_0005951,order_0009132,3,2024-09-28T00:00:00,2024-09-30T06:00:00,neutral,False,baseline
review_0005952,order_0009133,4,2024-07-16T00:00:00,2024-07-17T08:00:00,positive,False,baseline
review_0005953,order_0009134,4,2025-02-11T00:00:00,2025-02-12T01:00:00,positive,False,baseline
review_0005954,order_0009136,5,2024-10-06T00:00:00,2024-10-06T12:00:00,positive,False,baseline
review_0005955,order_0009137,4,2025-12-30T00:00:00,2026-01-01T11:00:00,positive,False,baseline
review_0005956,order_0009138,5,2024-09-03T00:00:00,2024-09-03T22:00:00,positive,False,baseline
review_0005957,order_0009139,3,2024-12-14T00:00:00,2024-12-14T18:00:00,neutral,False,baseline
review_0005958,order_0009141,5,2026-07-16T00:00:00,2026-07-16T18:00:00,positive,False,baseline
review_0005959,order_0009143,4,2025-10-03T00:00:00,2025-10-03T12:00:00,positive,False,baseline
review_0005960,order_0009144,1,2026-11-01T00:00:00,2026-11-02T23:00:00,negative,True,baseline
review_0005961,order_0009146,5,2026-02-26T00:00:00,2026-02-26T22:00:00,positive,False,baseline
review_0005962,order_0009148,4,2025-11-07T00:00:00,2025-11-09T15:00:00,positive,False,baseline
review_0005963,order_0009151,4,2025-02-22T00:00:00,2025-02-24T17:00:00,positive,False,baseline
review_0005964,order_0009152,4,2025-05-24T00:00:00,2025-05-24T09:00:00,positive,False,baseline
review_0005965,order_0009157,4,2025-05-28T00:00:00,2025-05-29T03:00:00,positive,False,baseline
review_0005966,order_0009158,3,2025-12-19T00:00:00,2025-12-19T17:00:00,neutral,False,baseline
review_0005967,order_0009159,5,2026-04-15T00:00:00,2026-04-16T06:00:00,positive,False,baseline
review_0005968,order_0009160,1,2024-10-02T00:00:00,2024-10-03T04:00:00,negative,True,baseline
review_0005969,order_0009162,4,2024-12-16T00:00:00,2024-12-17T21:00:00,positive,False,baseline
review_0005970,order_0009164,5,2024-02-17T00:00:00,2024-02-17T08:00:00,positive,False,baseline
review_0005971,order_0009166,3,2025-05-26T00:00:00,2025-05-26T16:00:00,neutral,False,baseline
review_0005972,order_0009167,4,2026-08-27T00:00:00,2026-08-29T10:00:00,positive,False,baseline
review_0005973,order_0009169,4,2025-01-27T00:00:00,2025-01-29T20:00:00,positive,False,baseline
review_0005974,order_0009171,4,2025-07-15T00:00:00,2025-07-16T21:00:00,positive,False,baseline
review_0005975,order_0009172,4,2026-10-16T00:00:00,2026-10-18T21:00:00,positive,False,baseline
review_0005976,order_0009173,3,2025-04-02T00:00:00,2025-04-04T17:00:00,neutral,False,baseline
review_0005977,order_0009174,3,2026-04-27T00:00:00,2026-04-29T09:00:00,neutral,False,baseline
review_0005978,order_0009175,4,2024-08-17T00:00:00,2024-08-19T07:00:00,positive,False,baseline
review_0005979,order_0009176,4,2025-06-02T00:00:00,2025-06-03T18:00:00,positive,False,baseline
review_0005980,order_0009178,4,2026-07-26T00:00:00,2026-07-27T07:00:00,positive,False,baseline
review_0005981,order_0009179,5,2026-08-03T00:00:00,2026-08-04T22:00:00,positive,False,baseline
review_0005982,order_0009180,5,2024-04-11T00:00:00,2024-04-13T07:00:00,positive,False,baseline
review_0005983,order_0009181,5,2026-05-26T00:00:00,2026-05-28T02:00:00,positive,False,baseline
review_0005984,order_0009182,2,2026-11-13T00:00:00,2026-11-15T09:00:00,negative,True,baseline
review_0005985,order_0009183,4,2024-10-10T00:00:00,2024-10-11T05:00:00,positive,False,baseline
review_0005986,order_0009184,5,2025-12-21T00:00:00,2025-12-23T23:00:00,positive,False,baseline
review_0005987,order_0009185,4,2026-12-13T00:00:00,2026-12-13T10:00:00,positive,False,baseline
review_0005988,order_0009186,5,2026-07-04T00:00:00,2026-07-06T12:00:00,positive,False,baseline
review_0005989,order_0009187,4,2025-08-04T00:00:00,2025-08-04T11:00:00,positive,False,baseline
review_0005990,order_0009188,4,2024-07-04T00:00:00,2024-07-06T19:00:00,positive,False,baseline
review_0005991,order_0009189,5,2025-11-22T00:00:00,2025-11-22T12:00:00,positive,False,baseline
review_0005992,order_0009190,4,2025-10-07T00:00:00,2025-10-08T13:00:00,positive,False,baseline
review_0005993,order_0009191,5,2025-10-27T00:00:00,2025-10-29T10:00:00,positive,False,baseline
review_0005994,order_0009193,4,2025-01-20T00:00:00,2025-01-21T01:00:00,positive,False,baseline
review_0005995,order_0009194,4,2026-01-24T00:00:00,2026-01-24T11:00:00,positive,False,baseline
review_0005996,order_0009196,4,2026-09-15T00:00:00,2026-09-16T06:00:00,positive,False,baseline
review_0005997,order_0009197,4,2025-07-10T00:00:00,2025-07-11T15:00:00,positive,False,baseline
review_0005998,order_0009198,4,2024-06-30T00:00:00,2024-07-01T05:00:00,positive,False,baseline
review_0005999,order_0009202,4,2026-05-31T00:00:00,2026-06-01T04:00:00,positive,False,baseline
review_0006000,order_0009203,4,2024-02-06T00:00:00,2024-02-06T08:00:00,positive,False,baseline
review_0006001,order_0009204,3,2024-06-06T00:00:00,2024-06-06T08:00:00,neutral,False,baseline
review_0006002,order_0009205,5,2026-02-10T00:00:00,2026-02-11T08:00:00,positive,False,baseline
review_0006003,order_0009206,4,2026-12-31T00:00:00,2026-12-31T23:59:00,positive,False,baseline
review_0006004,order_0009207,3,2024-09-04T00:00:00,2024-09-05T16:00:00,neutral,False,baseline
review_0006005,order_0009208,5,2026-12-25T00:00:00,2026-12-27T04:00:00,positive,False,baseline
review_0006006,order_0009209,5,2024-10-24T00:00:00,2024-10-24T15:00:00,positive,False,baseline
review_0006007,order_0009210,5,2024-05-12T00:00:00,2024-05-14T10:00:00,positive,False,baseline
review_0006008,order_0009211,4,2024-08-20T00:00:00,2024-08-20T12:00:00,positive,False,baseline
review_0006009,order_0009212,4,2025-02-12T00:00:00,2025-02-13T22:00:00,positive,False,baseline
review_0006010,order_0009213,4,2024-11-17T00:00:00,2024-11-17T09:00:00,positive,False,baseline
review_0006011,order_0009214,1,2026-05-31T00:00:00,2026-06-01T20:00:00,negative,True,baseline
review_0006012,order_0009215,4,2026-07-30T00:00:00,2026-08-01T20:00:00,positive,False,baseline
review_0006013,order_0009216,4,2025-09-14T00:00:00,2025-09-16T03:00:00,positive,False,baseline
review_0006014,order_0009218,4,2026-11-04T00:00:00,2026-11-06T06:00:00,positive,False,baseline
review_0006015,order_0009219,2,2025-11-14T00:00:00,2025-11-15T19:00:00,negative,True,baseline
review_0006016,order_0009220,5,2025-02-28T00:00:00,2025-03-02T23:00:00,positive,False,baseline
review_0006017,order_0009222,3,2026-09-29T00:00:00,2026-10-01T21:00:00,neutral,False,baseline
review_0006018,order_0009227,3,2024-10-11T00:00:00,2024-10-13T13:00:00,neutral,False,baseline
review_0006019,order_0009228,4,2025-11-14T00:00:00,2025-11-15T22:00:00,positive,False,baseline
review_0006020,order_0009229,3,2025-12-30T00:00:00,2025-12-31T13:00:00,neutral,False,baseline
review_0006021,order_0009231,5,2025-11-05T00:00:00,2025-11-06T17:00:00,positive,False,baseline
review_0006022,order_0009232,4,2024-11-24T00:00:00,2024-11-26T09:00:00,positive,False,baseline
review_0006023,order_0009234,5,2025-08-14T00:00:00,2025-08-15T13:00:00,positive,False,baseline
review_0006024,order_0009236,3,2026-10-27T00:00:00,2026-10-28T12:00:00,neutral,False,baseline
review_0006025,order_0009238,5,2025-08-08T00:00:00,2025-08-10T22:00:00,positive,False,baseline
review_0006026,order_0009240,4,2024-10-18T00:00:00,2024-10-20T00:00:00,positive,False,baseline
review_0006027,order_0009241,5,2026-05-25T00:00:00,2026-05-27T14:00:00,positive,False,baseline
review_0006028,order_0009242,4,2026-02-08T00:00:00,2026-02-09T13:00:00,positive,False,baseline
review_0006029,order_0009243,4,2025-05-15T00:00:00,2025-05-17T01:00:00,positive,False,baseline
review_0006030,order_0009244,4,2024-10-06T00:00:00,2024-10-07T19:00:00,positive,False,baseline
review_0006031,order_0009247,4,2024-09-17T00:00:00,2024-09-18T17:00:00,positive,False,baseline
review_0006032,order_0009249,4,2024-02-29T00:00:00,2024-02-29T11:00:00,positive,False,baseline
review_0006033,order_0009250,4,2025-12-20T00:00:00,2025-12-22T20:00:00,positive,False,baseline
review_0006034,order_0009252,4,2026-10-20T00:00:00,2026-10-21T12:00:00,positive,False,baseline
review_0006035,order_0009253,4,2026-11-20T00:00:00,2026-11-21T16:00:00,positive,False,baseline
review_0006036,order_0009254,5,2025-04-24T00:00:00,2025-04-26T00:00:00,positive,False,baseline
review_0006037,order_0009256,3,2025-05-27T00:00:00,2025-05-28T22:00:00,neutral,False,baseline
review_0006038,order_0009258,4,2024-07-14T00:00:00,2024-07-15T07:00:00,positive,False,baseline
review_0006039,order_0009259,4,2025-05-04T00:00:00,2025-05-05T09:00:00,positive,False,baseline
review_0006040,order_0009260,3,2024-01-27T00:00:00,2024-01-28T04:00:00,neutral,False,baseline
review_0006041,order_0009261,4,2025-08-26T00:00:00,2025-08-26T23:00:00,positive,False,baseline
review_0006042,order_0009262,4,2025-11-06T00:00:00,2025-11-07T17:00:00,positive,False,baseline
review_0006043,order_0009265,4,2024-09-26T00:00:00,2024-09-28T18:00:00,positive,False,baseline
review_0006044,order_0009266,3,2024-03-27T00:00:00,2024-03-29T01:00:00,neutral,False,baseline
review_0006045,order_0009268,5,2026-06-21T00:00:00,2026-06-23T16:00:00,positive,False,baseline
review_0006046,order_0009271,1,2025-01-08T00:00:00,2025-01-09T10:00:00,negative,True,baseline
review_0006047,order_0009272,4,2025-12-22T00:00:00,2025-12-23T20:00:00,positive,False,baseline
review_0006048,order_0009273,4,2026-02-11T00:00:00,2026-02-12T18:00:00,positive,False,baseline
review_0006049,order_0009276,3,2024-10-30T00:00:00,2024-10-31T11:00:00,neutral,False,baseline
review_0006050,order_0009277,3,2026-12-17T00:00:00,2026-12-19T16:00:00,neutral,False,baseline
review_0006051,order_0009278,5,2025-06-13T00:00:00,2025-06-14T23:00:00,positive,False,baseline
review_0006052,order_0009279,4,2026-12-22T00:00:00,2026-12-22T11:00:00,positive,False,baseline
review_0006053,order_0009280,5,2026-12-01T00:00:00,2026-12-03T06:00:00,positive,False,baseline
review_0006054,order_0009281,5,2024-08-21T00:00:00,2024-08-21T10:00:00,positive,False,baseline
review_0006055,order_0009283,5,2026-06-21T00:00:00,2026-06-21T22:00:00,positive,False,baseline
review_0006056,order_0009284,5,2026-12-24T00:00:00,2026-12-25T11:00:00,positive,False,baseline
review_0006057,order_0009288,3,2025-08-11T00:00:00,2025-08-11T10:00:00,neutral,False,baseline
review_0006058,order_0009289,4,2026-05-04T00:00:00,2026-05-05T23:00:00,positive,False,baseline
review_0006059,order_0009290,3,2024-08-18T00:00:00,2024-08-18T18:00:00,neutral,False,baseline
review_0006060,order_0009292,5,2025-12-30T00:00:00,2026-01-01T03:00:00,positive,False,baseline
review_0006061,order_0009294,4,2026-12-19T00:00:00,2026-12-21T02:00:00,positive,False,baseline
review_0006062,order_0009295,5,2025-03-22T00:00:00,2025-03-24T01:00:00,positive,False,baseline
review_0006063,order_0009298,3,2024-06-15T00:00:00,2024-06-17T22:00:00,neutral,False,baseline
review_0006064,order_0009299,4,2025-06-06T00:00:00,2025-06-07T08:00:00,positive,False,baseline
review_0006065,order_0009301,4,2024-04-24T00:00:00,2024-04-26T17:00:00,positive,False,baseline
review_0006066,order_0009302,5,2026-09-27T00:00:00,2026-09-28T19:00:00,positive,False,baseline
review_0006067,order_0009303,3,2025-12-24T00:00:00,2025-12-26T20:00:00,neutral,False,baseline
review_0006068,order_0009305,5,2024-07-27T00:00:00,2024-07-29T22:00:00,positive,False,baseline
review_0006069,order_0009307,5,2024-12-10T00:00:00,2024-12-10T21:00:00,positive,False,baseline
review_0006070,order_0009308,4,2026-09-06T00:00:00,2026-09-08T02:00:00,positive,False,baseline
review_0006071,order_0009309,5,2026-01-04T00:00:00,2026-01-05T16:00:00,positive,False,baseline
review_0006072,order_0009310,3,2024-02-13T00:00:00,2024-02-13T08:00:00,neutral,False,baseline
review_0006073,order_0009313,4,2024-08-29T00:00:00,2024-08-31T14:00:00,positive,False,baseline
review_0006074,order_0009314,4,2025-07-29T00:00:00,2025-08-01T00:00:00,positive,False,baseline
review_0006075,order_0009315,1,2025-01-27T00:00:00,2025-01-27T08:00:00,negative,True,baseline
review_0006076,order_0009316,3,2026-12-07T00:00:00,2026-12-09T05:00:00,neutral,False,baseline
review_0006077,order_0009317,3,2024-11-07T00:00:00,2024-11-10T00:00:00,neutral,False,baseline
review_0006078,order_0009318,4,2025-02-14T00:00:00,2025-02-15T21:00:00,positive,False,baseline
review_0006079,order_0009320,2,2026-11-13T00:00:00,2026-11-15T22:00:00,negative,True,baseline
review_0006080,order_0009322,3,2024-11-02T00:00:00,2024-11-04T11:00:00,neutral,False,baseline
review_0006081,order_0009326,3,2025-05-05T00:00:00,2025-05-05T13:00:00,neutral,False,baseline
review_0006082,order_0009327,4,2026-05-10T00:00:00,2026-05-11T05:00:00,positive,False,baseline
review_0006083,order_0009328,4,2026-11-25T00:00:00,2026-11-26T12:00:00,positive,False,baseline
review_0006084,order_0009329,5,2024-04-23T00:00:00,2024-04-25T07:00:00,positive,False,baseline
review_0006085,order_0009331,5,2026-12-01T00:00:00,2026-12-02T09:00:00,positive,False,baseline
review_0006086,order_0009334,5,2026-12-25T00:00:00,2026-12-27T10:00:00,positive,False,baseline
review_0006087,order_0009335,5,2026-07-23T00:00:00,2026-07-23T23:00:00,positive,False,baseline
review_0006088,order_0009336,4,2026-09-24T00:00:00,2026-09-24T13:00:00,positive,False,baseline
review_0006089,order_0009337,4,2025-11-16T00:00:00,2025-11-17T07:00:00,positive,False,baseline
review_0006090,order_0009338,3,2024-11-27T00:00:00,2024-11-27T18:00:00,neutral,False,baseline
review_0006091,order_0009339,4,2026-01-03T00:00:00,2026-01-04T01:00:00,positive,False,baseline
review_0006092,order_0009340,4,2024-03-03T00:00:00,2024-03-04T00:00:00,positive,False,baseline
review_0006093,order_0009341,4,2024-05-17T00:00:00,2024-05-18T04:00:00,positive,False,baseline
review_0006094,order_0009342,4,2026-09-04T00:00:00,2026-09-04T08:00:00,positive,False,baseline
review_0006095,order_0009343,5,2024-03-21T00:00:00,2024-03-22T04:00:00,positive,False,baseline
review_0006096,order_0009345,4,2025-07-17T00:00:00,2025-07-19T18:00:00,positive,False,baseline
review_0006097,order_0009346,3,2026-12-05T00:00:00,2026-12-07T22:00:00,neutral,False,baseline
review_0006098,order_0009347,3,2025-02-24T00:00:00,2025-02-25T13:00:00,neutral,False,baseline
review_0006099,order_0009348,3,2026-12-06T00:00:00,2026-12-07T05:00:00,neutral,False,baseline
review_0006100,order_0009350,5,2026-01-06T00:00:00,2026-01-08T12:00:00,positive,False,baseline
review_0006101,order_0009351,4,2025-11-24T00:00:00,2025-11-26T03:00:00,positive,False,baseline
review_0006102,order_0009352,4,2026-11-03T00:00:00,2026-11-05T03:00:00,positive,False,baseline
review_0006103,order_0009353,4,2026-01-12T00:00:00,2026-01-14T23:00:00,positive,False,baseline
review_0006104,order_0009355,4,2024-10-27T00:00:00,2024-10-28T15:00:00,positive,False,baseline
review_0006105,order_0009356,5,2026-10-24T00:00:00,2026-10-24T20:00:00,positive,False,baseline
review_0006106,order_0009357,3,2024-01-31T00:00:00,2024-02-02T17:00:00,neutral,False,baseline
review_0006107,order_0009358,4,2025-08-24T00:00:00,2025-08-26T19:00:00,positive,False,baseline
review_0006108,order_0009359,4,2026-12-05T00:00:00,2026-12-07T23:00:00,positive,False,baseline
review_0006109,order_0009361,5,2024-01-19T00:00:00,2024-01-19T15:00:00,positive,False,baseline
review_0006110,order_0009362,3,2026-09-10T00:00:00,2026-09-12T01:00:00,neutral,False,baseline
review_0006111,order_0009363,4,2025-09-24T00:00:00,2025-09-25T23:00:00,positive,False,baseline
review_0006112,order_0009364,3,2026-09-19T00:00:00,2026-09-21T22:00:00,neutral,False,baseline
review_0006113,order_0009365,4,2026-07-04T00:00:00,2026-07-04T13:00:00,positive,False,baseline
review_0006114,order_0009368,5,2024-03-03T00:00:00,2024-03-03T22:00:00,positive,False,baseline
review_0006115,order_0009371,5,2025-11-28T00:00:00,2025-11-29T08:00:00,positive,False,baseline
review_0006116,order_0009372,5,2026-06-19T00:00:00,2026-06-21T09:00:00,positive,False,baseline
review_0006117,order_0009373,4,2025-10-11T00:00:00,2025-10-13T14:00:00,positive,False,baseline
review_0006118,order_0009374,4,2025-03-30T00:00:00,2025-04-01T06:00:00,positive,False,baseline
review_0006119,order_0009375,4,2026-03-25T00:00:00,2026-03-25T13:00:00,positive,False,baseline
review_0006120,order_0009377,5,2025-04-20T00:00:00,2025-04-21T14:00:00,positive,False,baseline
review_0006121,order_0009378,5,2024-06-19T00:00:00,2024-06-19T08:00:00,positive,False,baseline
review_0006122,order_0009379,5,2026-05-24T00:00:00,2026-05-26T05:00:00,positive,False,baseline
review_0006123,order_0009381,4,2024-08-24T00:00:00,2024-08-25T08:00:00,positive,False,baseline
review_0006124,order_0009382,5,2024-01-19T00:00:00,2024-01-21T13:00:00,positive,False,baseline
review_0006125,order_0009384,4,2025-04-02T00:00:00,2025-04-04T16:00:00,positive,False,baseline
review_0006126,order_0009386,5,2026-12-16T00:00:00,2026-12-16T19:00:00,positive,False,baseline
review_0006127,order_0009387,4,2024-03-04T00:00:00,2024-03-06T23:00:00,positive,False,baseline
review_0006128,order_0009389,5,2024-03-16T00:00:00,2024-03-18T02:00:00,positive,False,baseline
review_0006129,order_0009390,5,2024-11-17T00:00:00,2024-11-19T02:00:00,positive,False,baseline
review_0006130,order_0009393,5,2024-01-22T00:00:00,2024-01-23T12:00:00,positive,False,baseline
review_0006131,order_0009394,4,2025-05-12T00:00:00,2025-05-12T15:00:00,positive,False,baseline
review_0006132,order_0009396,5,2025-09-23T00:00:00,2025-09-24T23:00:00,positive,False,baseline
review_0006133,order_0009398,3,2024-03-16T00:00:00,2024-03-18T00:00:00,neutral,False,baseline
review_0006134,order_0009400,4,2026-11-07T00:00:00,2026-11-07T08:00:00,positive,False,baseline
review_0006135,order_0009401,4,2025-09-06T00:00:00,2025-09-06T13:00:00,positive,False,baseline
review_0006136,order_0009403,5,2024-04-04T00:00:00,2024-04-04T17:00:00,positive,False,baseline
review_0006137,order_0009404,5,2025-12-17T00:00:00,2025-12-18T02:00:00,positive,False,baseline
review_0006138,order_0009405,4,2025-09-04T00:00:00,2025-09-05T04:00:00,positive,False,baseline
review_0006139,order_0009406,5,2024-10-16T00:00:00,2024-10-16T18:00:00,positive,False,baseline
review_0006140,order_0009410,5,2025-01-08T00:00:00,2025-01-10T04:00:00,positive,False,baseline
review_0006141,order_0009412,4,2024-09-03T00:00:00,2024-09-03T17:00:00,positive,False,baseline
review_0006142,order_0009413,5,2026-03-21T00:00:00,2026-03-22T13:00:00,positive,False,baseline
review_0006143,order_0009414,3,2025-09-20T00:00:00,2025-09-22T00:00:00,neutral,False,baseline
review_0006144,order_0009416,5,2026-08-14T00:00:00,2026-08-16T17:00:00,positive,False,baseline
review_0006145,order_0009417,5,2025-03-02T00:00:00,2025-03-02T14:00:00,positive,False,baseline
review_0006146,order_0009419,5,2025-05-15T00:00:00,2025-05-15T09:00:00,positive,False,baseline
review_0006147,order_0009421,3,2025-12-29T00:00:00,2025-12-31T11:00:00,neutral,False,baseline
review_0006148,order_0009422,4,2026-08-15T00:00:00,2026-08-16T02:00:00,positive,False,baseline
review_0006149,order_0009425,4,2025-10-25T00:00:00,2025-10-26T15:00:00,positive,False,baseline
review_0006150,order_0009427,4,2024-12-21T00:00:00,2024-12-23T01:00:00,positive,False,baseline
review_0006151,order_0009428,4,2024-11-29T00:00:00,2024-11-29T18:00:00,positive,False,baseline
review_0006152,order_0009430,4,2025-04-14T00:00:00,2025-04-16T11:00:00,positive,False,baseline
review_0006153,order_0009432,4,2024-07-28T00:00:00,2024-07-29T13:00:00,positive,False,baseline
review_0006154,order_0009436,4,2025-07-20T00:00:00,2025-07-22T00:00:00,positive,False,baseline
review_0006155,order_0009437,4,2025-01-02T00:00:00,2025-01-03T05:00:00,positive,False,baseline
review_0006156,order_0009438,3,2024-08-27T00:00:00,2024-08-28T16:00:00,neutral,False,baseline
review_0006157,order_0009439,4,2025-03-23T00:00:00,2025-03-25T11:00:00,positive,False,baseline
review_0006158,order_0009440,4,2025-02-18T00:00:00,2025-02-20T14:00:00,positive,False,baseline
review_0006159,order_0009441,4,2026-10-07T00:00:00,2026-10-09T11:00:00,positive,False,baseline
review_0006160,order_0009443,3,2024-03-10T00:00:00,2024-03-12T20:00:00,neutral,False,baseline
review_0006161,order_0009444,4,2025-03-29T00:00:00,2025-03-31T02:00:00,positive,False,baseline
review_0006162,order_0009445,4,2025-10-15T00:00:00,2025-10-17T09:00:00,positive,False,baseline
review_0006163,order_0009446,4,2025-05-15T00:00:00,2025-05-17T05:00:00,positive,False,baseline
review_0006164,order_0009449,4,2025-07-05T00:00:00,2025-07-08T00:00:00,positive,False,baseline
review_0006165,order_0009450,4,2026-12-05T00:00:00,2026-12-05T13:00:00,positive,False,baseline
review_0006166,order_0009451,5,2026-08-14T00:00:00,2026-08-15T06:00:00,positive,False,baseline
review_0006167,order_0009452,4,2025-01-02T00:00:00,2025-01-04T01:00:00,positive,False,baseline
review_0006168,order_0009453,4,2026-12-31T00:00:00,2026-12-31T23:59:00,positive,False,baseline
review_0006169,order_0009454,5,2026-06-05T00:00:00,2026-06-07T11:00:00,positive,False,baseline
review_0006170,order_0009456,4,2026-09-05T00:00:00,2026-09-07T11:00:00,positive,False,baseline
review_0006171,order_0009458,4,2024-08-04T00:00:00,2024-08-05T09:00:00,positive,False,baseline
review_0006172,order_0009459,5,2026-10-29T00:00:00,2026-10-30T19:00:00,positive,False,baseline
review_0006173,order_0009467,4,2026-05-13T00:00:00,2026-05-14T17:00:00,positive,False,baseline
review_0006174,order_0009468,3,2026-01-09T00:00:00,2026-01-10T17:00:00,neutral,False,baseline
review_0006175,order_0009469,5,2024-03-31T00:00:00,2024-04-02T12:00:00,positive,False,baseline
review_0006176,order_0009470,4,2026-01-05T00:00:00,2026-01-06T02:00:00,positive,False,baseline
review_0006177,order_0009471,5,2026-07-04T00:00:00,2026-07-05T03:00:00,positive,False,baseline
review_0006178,order_0009474,5,2025-11-12T00:00:00,2025-11-13T10:00:00,positive,False,baseline
review_0006179,order_0009475,4,2024-09-13T00:00:00,2024-09-13T18:00:00,positive,False,baseline
review_0006180,order_0009476,5,2024-11-16T00:00:00,2024-11-16T16:00:00,positive,False,baseline
review_0006181,order_0009477,5,2025-09-23T00:00:00,2025-09-23T09:00:00,positive,False,baseline
review_0006182,order_0009478,4,2024-12-23T00:00:00,2024-12-24T02:00:00,positive,False,baseline
review_0006183,order_0009479,4,2024-02-16T00:00:00,2024-02-18T02:00:00,positive,False,baseline
review_0006184,order_0009480,4,2026-03-10T00:00:00,2026-03-12T05:00:00,positive,False,baseline
review_0006185,order_0009481,4,2024-12-20T00:00:00,2024-12-22T23:00:00,positive,False,baseline
review_0006186,order_0009482,3,2025-10-26T00:00:00,2025-10-28T18:00:00,neutral,False,baseline
review_0006187,order_0009483,3,2024-12-10T00:00:00,2024-12-10T20:00:00,neutral,False,baseline
review_0006188,order_0009484,5,2025-01-15T00:00:00,2025-01-15T11:00:00,positive,False,baseline
review_0006189,order_0009485,3,2025-01-25T00:00:00,2025-01-27T02:00:00,neutral,False,baseline
review_0006190,order_0009486,3,2026-04-15T00:00:00,2026-04-15T23:00:00,neutral,False,baseline
review_0006191,order_0009487,5,2026-03-14T00:00:00,2026-03-15T14:00:00,positive,False,baseline
review_0006192,order_0009488,4,2024-06-14T00:00:00,2024-06-14T23:00:00,positive,False,baseline
review_0006193,order_0009489,4,2025-06-04T00:00:00,2025-06-06T20:00:00,positive,False,baseline
review_0006194,order_0009491,4,2026-05-12T00:00:00,2026-05-14T13:00:00,positive,False,baseline
review_0006195,order_0009492,4,2025-02-24T00:00:00,2025-02-25T20:00:00,positive,False,baseline
review_0006196,order_0009495,4,2024-09-05T00:00:00,2024-09-06T14:00:00,positive,False,baseline
review_0006197,order_0009496,3,2024-10-14T00:00:00,2024-10-15T11:00:00,neutral,False,baseline
review_0006198,order_0009497,3,2024-06-18T00:00:00,2024-06-18T10:00:00,neutral,False,baseline
review_0006199,order_0009499,4,2026-01-29T00:00:00,2026-01-29T16:00:00,positive,False,baseline
review_0006200,order_0009500,4,2025-08-27T00:00:00,2025-08-27T23:00:00,positive,False,baseline
review_0006201,order_0009502,5,2026-11-07T00:00:00,2026-11-08T17:00:00,positive,False,baseline
review_0006202,order_0009503,5,2026-12-06T00:00:00,2026-12-07T06:00:00,positive,False,baseline
review_0006203,order_0009506,5,2026-12-11T00:00:00,2026-12-13T04:00:00,positive,False,baseline
review_0006204,order_0009507,5,2024-10-17T00:00:00,2024-10-18T09:00:00,positive,False,baseline
review_0006205,order_0009510,4,2026-12-25T00:00:00,2026-12-25T17:00:00,positive,False,baseline
review_0006206,order_0009511,5,2026-09-23T00:00:00,2026-09-25T00:00:00,positive,False,baseline
review_0006207,order_0009512,5,2025-12-10T00:00:00,2025-12-11T21:00:00,positive,False,baseline
review_0006208,order_0009513,3,2026-11-04T00:00:00,2026-11-04T16:00:00,neutral,False,baseline
review_0006209,order_0009516,5,2024-06-11T00:00:00,2024-06-11T16:00:00,positive,False,baseline
review_0006210,order_0009517,4,2025-11-05T00:00:00,2025-11-05T14:00:00,positive,False,baseline
review_0006211,order_0009518,4,2025-12-31T00:00:00,2026-01-01T08:00:00,positive,False,baseline
review_0006212,order_0009519,5,2024-12-04T00:00:00,2024-12-07T00:00:00,positive,False,baseline
review_0006213,order_0009520,4,2025-04-11T00:00:00,2025-04-12T08:00:00,positive,False,baseline
review_0006214,order_0009523,4,2024-04-28T00:00:00,2024-04-30T06:00:00,positive,False,baseline
review_0006215,order_0009524,4,2025-03-14T00:00:00,2025-03-15T13:00:00,positive,False,baseline
review_0006216,order_0009526,4,2026-09-04T00:00:00,2026-09-05T06:00:00,positive,False,baseline
review_0006217,order_0009527,4,2024-12-26T00:00:00,2024-12-27T05:00:00,positive,False,baseline
review_0006218,order_0009530,4,2025-05-31T00:00:00,2025-05-31T17:00:00,positive,False,baseline
review_0006219,order_0009531,4,2024-08-30T00:00:00,2024-09-01T16:00:00,positive,False,baseline
review_0006220,order_0009534,5,2026-01-27T00:00:00,2026-01-28T12:00:00,positive,False,baseline
review_0006221,order_0009535,4,2026-09-29T00:00:00,2026-09-30T09:00:00,positive,False,baseline
review_0006222,order_0009536,4,2026-09-01T00:00:00,2026-09-02T01:00:00,positive,False,baseline
review_0006223,order_0009537,4,2024-11-23T00:00:00,2024-11-25T12:00:00,positive,False,baseline
review_0006224,order_0009538,5,2025-05-04T00:00:00,2025-05-06T21:00:00,positive,False,baseline
review_0006225,order_0009539,4,2024-05-17T00:00:00,2024-05-18T02:00:00,positive,False,baseline
review_0006226,order_0009540,5,2025-09-01T00:00:00,2025-09-02T18:00:00,positive,False,baseline
review_0006227,order_0009541,4,2026-06-08T00:00:00,2026-06-08T19:00:00,positive,False,baseline
review_0006228,order_0009542,3,2025-04-23T00:00:00,2025-04-24T06:00:00,neutral,False,baseline
review_0006229,order_0009543,5,2025-12-23T00:00:00,2025-12-24T02:00:00,positive,False,baseline
review_0006230,order_0009544,4,2026-09-05T00:00:00,2026-09-05T10:00:00,positive,False,baseline
review_0006231,order_0009546,3,2024-11-01T00:00:00,2024-11-02T01:00:00,neutral,False,baseline
review_0006232,order_0009547,4,2024-12-23T00:00:00,2024-12-25T18:00:00,positive,False,baseline
review_0006233,order_0009549,4,2025-07-17T00:00:00,2025-07-17T18:00:00,positive,False,baseline
review_0006234,order_0009550,4,2024-06-27T00:00:00,2024-06-29T04:00:00,positive,False,baseline
review_0006235,order_0009551,4,2026-01-19T00:00:00,2026-01-21T14:00:00,positive,False,baseline
review_0006236,order_0009552,3,2025-12-29T00:00:00,2025-12-29T15:00:00,neutral,False,baseline
review_0006237,order_0009553,4,2025-05-19T00:00:00,2025-05-21T07:00:00,positive,False,baseline
review_0006238,order_0009554,4,2024-11-05T00:00:00,2024-11-06T13:00:00,positive,False,baseline
review_0006239,order_0009555,4,2024-03-02T00:00:00,2024-03-03T02:00:00,positive,False,baseline
review_0006240,order_0009562,3,2024-10-18T00:00:00,2024-10-18T15:00:00,neutral,False,baseline
review_0006241,order_0009564,5,2024-05-31T00:00:00,2024-06-01T22:00:00,positive,False,baseline
review_0006242,order_0009565,3,2024-03-20T00:00:00,2024-03-22T10:00:00,neutral,False,baseline
review_0006243,order_0009567,3,2026-01-02T00:00:00,2026-01-04T08:00:00,neutral,False,baseline
review_0006244,order_0009568,5,2026-04-16T00:00:00,2026-04-18T19:00:00,positive,False,baseline
review_0006245,order_0009569,3,2025-01-18T00:00:00,2025-01-18T15:00:00,neutral,False,baseline
review_0006246,order_0009570,5,2025-12-10T00:00:00,2025-12-12T17:00:00,positive,False,baseline
review_0006247,order_0009573,5,2026-04-29T00:00:00,2026-04-30T09:00:00,positive,False,baseline
review_0006248,order_0009578,5,2024-11-09T00:00:00,2024-11-10T11:00:00,positive,False,baseline
review_0006249,order_0009579,4,2025-11-30T00:00:00,2025-11-30T18:00:00,positive,False,baseline
review_0006250,order_0009581,4,2026-05-04T00:00:00,2026-05-05T13:00:00,positive,False,baseline
review_0006251,order_0009583,5,2026-01-30T00:00:00,2026-01-30T11:00:00,positive,False,baseline
review_0006252,order_0009584,4,2025-05-01T00:00:00,2025-05-01T08:00:00,positive,False,baseline
review_0006253,order_0009585,4,2025-04-04T00:00:00,2025-04-06T18:00:00,positive,False,baseline
review_0006254,order_0009586,2,2026-10-19T00:00:00,2026-10-20T17:00:00,negative,True,baseline
review_0006255,order_0009587,5,2024-06-03T00:00:00,2024-06-05T11:00:00,positive,False,baseline
review_0006256,order_0009589,4,2024-12-30T00:00:00,2024-12-30T08:00:00,positive,False,baseline
review_0006257,order_0009591,5,2025-09-07T00:00:00,2025-09-09T03:00:00,positive,False,baseline
review_0006258,order_0009592,4,2026-06-04T00:00:00,2026-06-06T23:00:00,positive,False,baseline
review_0006259,order_0009593,4,2026-11-16T00:00:00,2026-11-17T00:00:00,positive,False,baseline
review_0006260,order_0009594,4,2024-11-06T00:00:00,2024-11-08T02:00:00,positive,False,baseline
review_0006261,order_0009595,4,2025-02-15T00:00:00,2025-02-16T10:00:00,positive,False,baseline
review_0006262,order_0009597,4,2026-01-11T00:00:00,2026-01-12T13:00:00,positive,False,baseline
review_0006263,order_0009602,4,2026-08-02T00:00:00,2026-08-04T06:00:00,positive,False,baseline
review_0006264,order_0009604,5,2026-01-04T00:00:00,2026-01-05T01:00:00,positive,False,baseline
review_0006265,order_0009606,3,2025-08-11T00:00:00,2025-08-13T04:00:00,neutral,False,baseline
review_0006266,order_0009607,5,2024-11-24T00:00:00,2024-11-26T12:00:00,positive,False,baseline
review_0006267,order_0009608,3,2024-11-03T00:00:00,2024-11-03T15:00:00,neutral,False,baseline
review_0006268,order_0009609,4,2025-11-16T00:00:00,2025-11-17T15:00:00,positive,False,baseline
review_0006269,order_0009610,4,2025-09-02T00:00:00,2025-09-03T00:00:00,positive,False,baseline
review_0006270,order_0009611,4,2024-06-08T00:00:00,2024-06-08T22:00:00,positive,False,baseline
review_0006271,order_0009612,4,2026-07-06T00:00:00,2026-07-07T04:00:00,positive,False,baseline
review_0006272,order_0009615,3,2025-12-31T00:00:00,2026-01-02T03:00:00,neutral,False,baseline
review_0006273,order_0009616,4,2024-10-07T00:00:00,2024-10-07T09:00:00,positive,False,baseline
review_0006274,order_0009617,4,2026-10-14T00:00:00,2026-10-15T03:00:00,positive,False,baseline
review_0006275,order_0009618,4,2025-07-16T00:00:00,2025-07-17T06:00:00,positive,False,baseline
review_0006276,order_0009619,3,2026-10-05T00:00:00,2026-10-07T00:00:00,neutral,False,baseline
review_0006277,order_0009622,4,2026-07-19T00:00:00,2026-07-20T01:00:00,positive,False,baseline
review_0006278,order_0009623,4,2025-07-27T00:00:00,2025-07-29T21:00:00,positive,False,baseline
review_0006279,order_0009624,3,2025-02-28T00:00:00,2025-03-01T04:00:00,neutral,False,baseline
review_0006280,order_0009625,4,2025-07-23T00:00:00,2025-07-25T08:00:00,positive,False,baseline
review_0006281,order_0009626,5,2024-02-24T00:00:00,2024-02-25T10:00:00,positive,False,baseline
review_0006282,order_0009628,4,2026-05-22T00:00:00,2026-05-22T21:00:00,positive,False,baseline
review_0006283,order_0009630,4,2024-12-22T00:00:00,2024-12-23T08:00:00,positive,False,baseline
review_0006284,order_0009631,3,2026-01-21T00:00:00,2026-01-22T06:00:00,neutral,False,baseline
review_0006285,order_0009632,3,2026-01-16T00:00:00,2026-01-18T17:00:00,neutral,False,baseline
review_0006286,order_0009633,1,2024-06-29T00:00:00,2024-07-01T22:00:00,negative,True,baseline
review_0006287,order_0009635,4,2025-07-16T00:00:00,2025-07-17T03:00:00,positive,False,baseline
review_0006288,order_0009641,4,2024-12-30T00:00:00,2024-12-30T10:00:00,positive,False,baseline
review_0006289,order_0009643,4,2024-03-20T00:00:00,2024-03-22T02:00:00,positive,False,baseline
review_0006290,order_0009645,4,2026-10-09T00:00:00,2026-10-09T11:00:00,positive,False,baseline
review_0006291,order_0009646,4,2024-07-03T00:00:00,2024-07-04T13:00:00,positive,False,baseline
review_0006292,order_0009647,4,2026-02-26T00:00:00,2026-02-28T23:00:00,positive,False,baseline
review_0006293,order_0009649,3,2025-11-07T00:00:00,2025-11-09T13:00:00,neutral,False,baseline
review_0006294,order_0009650,5,2024-08-10T00:00:00,2024-08-12T15:00:00,positive,False,baseline
review_0006295,order_0009651,4,2026-01-01T00:00:00,2026-01-02T03:00:00,positive,False,baseline
review_0006296,order_0009652,4,2026-03-01T00:00:00,2026-03-01T23:00:00,positive,False,baseline
review_0006297,order_0009654,5,2024-11-13T00:00:00,2024-11-15T04:00:00,positive,False,baseline
review_0006298,order_0009655,5,2025-12-28T00:00:00,2025-12-30T05:00:00,positive,False,baseline
review_0006299,order_0009656,4,2024-11-07T00:00:00,2024-11-09T18:00:00,positive,False,baseline
review_0006300,order_0009658,3,2024-11-11T00:00:00,2024-11-12T07:00:00,neutral,False,baseline
review_0006301,order_0009659,4,2024-03-27T00:00:00,2024-03-27T08:00:00,positive,False,baseline
review_0006302,order_0009660,3,2025-03-22T00:00:00,2025-03-22T21:00:00,neutral,False,baseline
review_0006303,order_0009661,2,2025-01-23T00:00:00,2025-01-24T03:00:00,negative,True,baseline
review_0006304,order_0009665,4,2026-08-01T00:00:00,2026-08-02T22:00:00,positive,False,baseline
review_0006305,order_0009666,4,2026-08-28T00:00:00,2026-08-30T16:00:00,positive,False,baseline
review_0006306,order_0009667,4,2024-07-29T00:00:00,2024-07-29T15:00:00,positive,False,baseline
review_0006307,order_0009668,2,2024-04-24T00:00:00,2024-04-26T12:00:00,negative,True,baseline
review_0006308,order_0009669,5,2024-04-06T00:00:00,2024-04-08T12:00:00,positive,False,baseline
review_0006309,order_0009670,4,2024-09-18T00:00:00,2024-09-19T18:00:00,positive,False,baseline
review_0006310,order_0009671,4,2024-03-27T00:00:00,2024-03-29T09:00:00,positive,False,baseline
review_0006311,order_0009672,4,2026-04-19T00:00:00,2026-04-20T19:00:00,positive,False,baseline
review_0006312,order_0009674,3,2025-03-19T00:00:00,2025-03-21T20:00:00,neutral,False,baseline
review_0006313,order_0009676,4,2026-12-08T00:00:00,2026-12-09T23:00:00,positive,False,baseline
review_0006314,order_0009679,4,2025-05-24T00:00:00,2025-05-25T00:00:00,positive,False,baseline
review_0006315,order_0009681,2,2024-05-14T00:00:00,2024-05-14T20:00:00,negative,True,baseline
review_0006316,order_0009684,3,2026-11-04T00:00:00,2026-11-06T15:00:00,neutral,False,baseline
review_0006317,order_0009685,4,2024-10-22T00:00:00,2024-10-23T05:00:00,positive,False,baseline
review_0006318,order_0009686,4,2026-11-29T00:00:00,2026-11-29T22:00:00,positive,False,baseline
review_0006319,order_0009688,3,2026-04-03T00:00:00,2026-04-04T06:00:00,neutral,False,baseline
review_0006320,order_0009691,3,2026-01-12T00:00:00,2026-01-14T09:00:00,neutral,False,baseline
review_0006321,order_0009692,3,2024-10-01T00:00:00,2024-10-02T20:00:00,neutral,False,baseline
review_0006322,order_0009694,5,2026-10-20T00:00:00,2026-10-21T05:00:00,positive,False,baseline
review_0006323,order_0009695,4,2026-12-16T00:00:00,2026-12-17T23:00:00,positive,False,baseline
review_0006324,order_0009697,4,2024-06-30T00:00:00,2024-07-02T20:00:00,positive,False,baseline
review_0006325,order_0009698,4,2026-11-22T00:00:00,2026-11-24T07:00:00,positive,False,baseline
review_0006326,order_0009700,4,2025-10-10T00:00:00,2025-10-11T18:00:00,positive,False,baseline
review_0006327,order_0009701,5,2024-12-07T00:00:00,2024-12-08T05:00:00,positive,False,baseline
review_0006328,order_0009703,3,2024-01-23T00:00:00,2024-01-23T21:00:00,neutral,False,baseline
review_0006329,order_0009704,1,2025-11-27T00:00:00,2025-11-27T11:00:00,negative,True,baseline
review_0006330,order_0009705,3,2026-01-13T00:00:00,2026-01-14T13:00:00,neutral,False,baseline
review_0006331,order_0009707,5,2026-07-21T00:00:00,2026-07-23T06:00:00,positive,False,baseline
review_0006332,order_0009708,4,2024-08-04T00:00:00,2024-08-04T21:00:00,positive,False,baseline
review_0006333,order_0009709,4,2024-02-29T00:00:00,2024-02-29T12:00:00,positive,False,baseline
review_0006334,order_0009710,5,2024-05-28T00:00:00,2024-05-30T03:00:00,positive,False,baseline
review_0006335,order_0009712,3,2024-12-30T00:00:00,2025-01-01T11:00:00,neutral,False,baseline
review_0006336,order_0009713,4,2026-12-11T00:00:00,2026-12-12T18:00:00,positive,False,baseline
review_0006337,order_0009714,4,2024-07-02T00:00:00,2024-07-03T14:00:00,positive,False,baseline
review_0006338,order_0009716,4,2024-10-17T00:00:00,2024-10-19T19:00:00,positive,False,baseline
review_0006339,order_0009717,4,2026-11-09T00:00:00,2026-11-11T05:00:00,positive,False,baseline
review_0006340,order_0009726,4,2024-07-25T00:00:00,2024-07-27T18:00:00,positive,False,baseline
review_0006341,order_0009727,5,2024-09-08T00:00:00,2024-09-10T06:00:00,positive,False,baseline
review_0006342,order_0009728,4,2025-03-18T00:00:00,2025-03-20T06:00:00,positive,False,baseline
review_0006343,order_0009729,5,2026-12-08T00:00:00,2026-12-08T17:00:00,positive,False,baseline
review_0006344,order_0009730,4,2025-03-28T00:00:00,2025-03-29T23:00:00,positive,False,baseline
review_0006345,order_0009731,5,2026-07-07T00:00:00,2026-07-07T21:00:00,positive,False,baseline
review_0006346,order_0009732,3,2026-12-20T00:00:00,2026-12-21T17:00:00,neutral,False,baseline
review_0006347,order_0009733,5,2025-06-17T00:00:00,2025-06-18T18:00:00,positive,False,baseline
review_0006348,order_0009735,4,2024-02-21T00:00:00,2024-02-23T11:00:00,positive,False,baseline
review_0006349,order_0009738,5,2025-03-23T00:00:00,2025-03-25T19:00:00,positive,False,baseline
review_0006350,order_0009741,4,2024-02-04T00:00:00,2024-02-06T04:00:00,positive,False,baseline
review_0006351,order_0009742,4,2025-11-23T00:00:00,2025-11-23T18:00:00,positive,False,baseline
review_0006352,order_0009745,4,2026-11-21T00:00:00,2026-11-22T14:00:00,positive,False,baseline
review_0006353,order_0009746,3,2025-06-15T00:00:00,2025-06-16T17:00:00,neutral,False,baseline
review_0006354,order_0009747,4,2024-08-13T00:00:00,2024-08-15T05:00:00,positive,False,baseline
review_0006355,order_0009750,5,2024-08-05T00:00:00,2024-08-06T10:00:00,positive,False,baseline
review_0006356,order_0009751,5,2026-05-17T00:00:00,2026-05-19T14:00:00,positive,False,baseline
review_0006357,order_0009752,4,2024-06-09T00:00:00,2024-06-10T13:00:00,positive,False,baseline
review_0006358,order_0009753,4,2026-05-11T00:00:00,2026-05-11T18:00:00,positive,False,baseline
review_0006359,order_0009755,4,2026-06-06T00:00:00,2026-06-06T09:00:00,positive,False,baseline
review_0006360,order_0009756,4,2026-05-15T00:00:00,2026-05-17T08:00:00,positive,False,baseline
review_0006361,order_0009757,5,2026-04-01T00:00:00,2026-04-03T04:00:00,positive,False,baseline
review_0006362,order_0009759,4,2026-02-10T00:00:00,2026-02-11T07:00:00,positive,False,baseline
review_0006363,order_0009760,3,2026-11-28T00:00:00,2026-11-30T10:00:00,neutral,False,baseline
review_0006364,order_0009762,3,2025-07-05T00:00:00,2025-07-07T15:00:00,neutral,False,baseline
review_0006365,order_0009763,5,2024-06-29T00:00:00,2024-07-01T06:00:00,positive,False,baseline
review_0006366,order_0009764,4,2024-11-01T00:00:00,2024-11-01T17:00:00,positive,False,baseline
review_0006367,order_0009766,3,2025-12-03T00:00:00,2025-12-05T03:00:00,neutral,False,baseline
review_0006368,order_0009767,5,2024-11-22T00:00:00,2024-11-25T00:00:00,positive,False,baseline
review_0006369,order_0009768,3,2024-09-12T00:00:00,2024-09-14T07:00:00,neutral,False,baseline
review_0006370,order_0009769,4,2025-05-15T00:00:00,2025-05-15T16:00:00,positive,False,baseline
review_0006371,order_0009770,2,2026-12-07T00:00:00,2026-12-08T07:00:00,negative,True,baseline
review_0006372,order_0009776,5,2025-05-09T00:00:00,2025-05-11T15:00:00,positive,False,baseline
review_0006373,order_0009777,5,2025-07-21T00:00:00,2025-07-21T15:00:00,positive,False,baseline
review_0006374,order_0009779,4,2025-12-29T00:00:00,2025-12-30T00:00:00,positive,False,baseline
review_0006375,order_0009780,5,2024-10-08T00:00:00,2024-10-09T16:00:00,positive,False,baseline
review_0006376,order_0009782,3,2026-08-12T00:00:00,2026-08-14T16:00:00,neutral,False,baseline
review_0006377,order_0009783,5,2025-02-06T00:00:00,2025-02-08T06:00:00,positive,False,baseline
review_0006378,order_0009784,3,2024-04-14T00:00:00,2024-04-15T17:00:00,neutral,False,baseline
review_0006379,order_0009785,4,2026-05-17T00:00:00,2026-05-18T08:00:00,positive,False,baseline
review_0006380,order_0009786,4,2025-09-18T00:00:00,2025-09-20T19:00:00,positive,False,baseline
review_0006381,order_0009787,4,2026-04-25T00:00:00,2026-04-26T10:00:00,positive,False,baseline
review_0006382,order_0009788,4,2025-03-11T00:00:00,2025-03-13T05:00:00,positive,False,baseline
review_0006383,order_0009789,4,2026-10-30T00:00:00,2026-11-01T02:00:00,positive,False,baseline
review_0006384,order_0009792,3,2025-01-05T00:00:00,2025-01-05T08:00:00,neutral,False,baseline
review_0006385,order_0009793,3,2025-02-01T00:00:00,2025-02-01T15:00:00,neutral,False,baseline
review_0006386,order_0009795,4,2026-04-02T00:00:00,2026-04-03T14:00:00,positive,False,baseline
review_0006387,order_0009796,4,2025-04-03T00:00:00,2025-04-04T22:00:00,positive,False,baseline
review_0006388,order_0009797,4,2025-09-12T00:00:00,2025-09-12T22:00:00,positive,False,baseline
review_0006389,order_0009798,4,2024-03-09T00:00:00,2024-03-10T10:00:00,positive,False,baseline
review_0006390,order_0009801,3,2024-03-07T00:00:00,2024-03-07T11:00:00,neutral,False,baseline
review_0006391,order_0009802,3,2025-11-07T00:00:00,2025-11-09T08:00:00,neutral,False,baseline
review_0006392,order_0009804,4,2025-12-16T00:00:00,2025-12-16T13:00:00,positive,False,baseline
review_0006393,order_0009806,4,2024-08-08T00:00:00,2024-08-08T14:00:00,positive,False,baseline
review_0006394,order_0009807,3,2025-04-19T00:00:00,2025-04-21T07:00:00,neutral,False,baseline
review_0006395,order_0009809,4,2026-11-27T00:00:00,2026-11-29T19:00:00,positive,False,baseline
review_0006396,order_0009811,3,2025-05-16T00:00:00,2025-05-17T13:00:00,neutral,False,baseline
review_0006397,order_0009812,4,2026-10-31T00:00:00,2026-11-02T01:00:00,positive,False,baseline
review_0006398,order_0009813,4,2024-01-23T00:00:00,2024-01-25T02:00:00,positive,False,baseline
review_0006399,order_0009814,5,2026-06-12T00:00:00,2026-06-13T21:00:00,positive,False,baseline
review_0006400,order_0009815,4,2026-12-17T00:00:00,2026-12-18T19:00:00,positive,False,baseline
review_0006401,order_0009816,4,2026-10-03T00:00:00,2026-10-03T09:00:00,positive,False,baseline
review_0006402,order_0009817,4,2025-10-09T00:00:00,2025-10-10T10:00:00,positive,False,baseline
review_0006403,order_0009818,4,2025-04-25T00:00:00,2025-04-27T14:00:00,positive,False,baseline
review_0006404,order_0009819,5,2025-07-20T00:00:00,2025-07-21T21:00:00,positive,False,baseline
review_0006405,order_0009821,2,2026-03-16T00:00:00,2026-03-16T12:00:00,negative,True,baseline
review_0006406,order_0009822,4,2024-12-16T00:00:00,2024-12-16T09:00:00,positive,False,baseline
review_0006407,order_0009825,4,2024-06-03T00:00:00,2024-06-03T15:00:00,positive,False,baseline
review_0006408,order_0009826,5,2025-11-05T00:00:00,2025-11-07T17:00:00,positive,False,baseline
review_0006409,order_0009828,5,2026-02-10T00:00:00,2026-02-11T12:00:00,positive,False,baseline
review_0006410,order_0009829,5,2026-09-29T00:00:00,2026-09-29T21:00:00,positive,False,baseline
review_0006411,order_0009830,4,2025-02-08T00:00:00,2025-02-10T22:00:00,positive,False,baseline
review_0006412,order_0009832,4,2026-09-16T00:00:00,2026-09-16T12:00:00,positive,False,baseline
review_0006413,order_0009834,5,2025-01-27T00:00:00,2025-01-28T08:00:00,positive,False,baseline
review_0006414,order_0009835,5,2024-02-21T00:00:00,2024-02-23T10:00:00,positive,False,baseline
review_0006415,order_0009836,5,2024-07-26T00:00:00,2024-07-27T07:00:00,positive,False,baseline
review_0006416,order_0009837,5,2025-12-04T00:00:00,2025-12-05T19:00:00,positive,False,baseline
review_0006417,order_0009839,4,2025-12-07T00:00:00,2025-12-09T12:00:00,positive,False,baseline
review_0006418,order_0009841,5,2026-06-20T00:00:00,2026-06-20T21:00:00,positive,False,baseline
review_0006419,order_0009842,4,2026-06-17T00:00:00,2026-06-18T03:00:00,positive,False,baseline
review_0006420,order_0009843,4,2026-08-18T00:00:00,2026-08-19T06:00:00,positive,False,baseline
review_0006421,order_0009845,4,2025-03-17T00:00:00,2025-03-18T04:00:00,positive,False,baseline
review_0006422,order_0009846,4,2024-06-29T00:00:00,2024-06-30T00:00:00,positive,False,baseline
review_0006423,order_0009847,4,2025-06-26T00:00:00,2025-06-27T06:00:00,positive,False,baseline
review_0006424,order_0009849,5,2025-08-06T00:00:00,2025-08-07T06:00:00,positive,False,baseline
review_0006425,order_0009850,2,2024-09-02T00:00:00,2024-09-04T17:00:00,negative,True,baseline
review_0006426,order_0009851,5,2024-05-29T00:00:00,2024-05-31T17:00:00,positive,False,baseline
review_0006427,order_0009852,4,2026-05-10T00:00:00,2026-05-10T11:00:00,positive,False,baseline
review_0006428,order_0009853,3,2024-06-04T00:00:00,2024-06-04T23:00:00,neutral,False,baseline
review_0006429,order_0009854,5,2025-04-15T00:00:00,2025-04-17T09:00:00,positive,False,baseline
review_0006430,order_0009855,4,2025-11-21T00:00:00,2025-11-21T21:00:00,positive,False,baseline
review_0006431,order_0009859,3,2024-11-18T00:00:00,2024-11-20T10:00:00,neutral,False,baseline
review_0006432,order_0009860,4,2024-10-17T00:00:00,2024-10-18T09:00:00,positive,False,baseline
review_0006433,order_0009861,5,2024-10-20T00:00:00,2024-10-23T00:00:00,positive,False,baseline
review_0006434,order_0009862,4,2024-09-15T00:00:00,2024-09-17T21:00:00,positive,False,baseline
review_0006435,order_0009863,5,2024-11-09T00:00:00,2024-11-09T19:00:00,positive,False,baseline
review_0006436,order_0009865,3,2024-12-28T00:00:00,2024-12-29T04:00:00,neutral,False,baseline
review_0006437,order_0009866,4,2024-02-12T00:00:00,2024-02-14T08:00:00,positive,False,baseline
review_0006438,order_0009867,4,2026-05-29T00:00:00,2026-05-31T01:00:00,positive,False,baseline
review_0006439,order_0009869,4,2026-07-22T00:00:00,2026-07-22T18:00:00,positive,False,baseline
review_0006440,order_0009870,4,2025-07-16T00:00:00,2025-07-16T09:00:00,positive,False,baseline
review_0006441,order_0009872,4,2026-03-26T00:00:00,2026-03-27T01:00:00,positive,False,baseline
review_0006442,order_0009873,3,2025-02-26T00:00:00,2025-02-27T18:00:00,neutral,False,baseline
review_0006443,order_0009874,4,2026-02-16T00:00:00,2026-02-16T21:00:00,positive,False,baseline
review_0006444,order_0009876,4,2025-08-03T00:00:00,2025-08-04T19:00:00,positive,False,baseline
review_0006445,order_0009877,4,2024-11-26T00:00:00,2024-11-28T05:00:00,positive,False,baseline
review_0006446,order_0009878,2,2024-06-15T00:00:00,2024-06-16T22:00:00,negative,True,baseline
review_0006447,order_0009880,2,2024-06-10T00:00:00,2024-06-11T02:00:00,negative,True,baseline
review_0006448,order_0009884,3,2026-07-04T00:00:00,2026-07-04T08:00:00,neutral,False,baseline
review_0006449,order_0009885,4,2026-12-16T00:00:00,2026-12-18T20:00:00,positive,False,baseline
review_0006450,order_0009886,5,2026-11-23T00:00:00,2026-11-23T13:00:00,positive,False,baseline
review_0006451,order_0009889,5,2024-12-16T00:00:00,2024-12-18T20:00:00,positive,False,baseline
review_0006452,order_0009890,5,2024-08-04T00:00:00,2024-08-04T13:00:00,positive,False,baseline
review_0006453,order_0009891,3,2025-11-13T00:00:00,2025-11-14T22:00:00,neutral,False,baseline
review_0006454,order_0009896,5,2024-11-05T00:00:00,2024-11-05T18:00:00,positive,False,baseline
review_0006455,order_0009898,4,2025-10-28T00:00:00,2025-10-29T18:00:00,positive,False,baseline
review_0006456,order_0009899,5,2025-12-16T00:00:00,2025-12-17T06:00:00,positive,False,baseline
review_0006457,order_0009900,4,2025-06-15T00:00:00,2025-06-17T03:00:00,positive,False,baseline
review_0006458,order_0009901,3,2025-08-15T00:00:00,2025-08-17T15:00:00,neutral,False,baseline
review_0006459,order_0009903,4,2025-08-12T00:00:00,2025-08-14T13:00:00,positive,False,baseline
review_0006460,order_0009904,3,2025-10-21T00:00:00,2025-10-23T04:00:00,neutral,False,baseline
review_0006461,order_0009905,5,2025-04-07T00:00:00,2025-04-09T00:00:00,positive,False,baseline
review_0006462,order_0009906,4,2026-03-14T00:00:00,2026-03-16T16:00:00,positive,False,baseline
review_0006463,order_0009908,4,2025-10-02T00:00:00,2025-10-02T08:00:00,positive,False,baseline
review_0006464,order_0009909,4,2026-09-09T00:00:00,2026-09-11T08:00:00,positive,False,baseline
review_0006465,order_0009910,5,2025-10-29T00:00:00,2025-10-29T17:00:00,positive,False,baseline
review_0006466,order_0009911,4,2024-02-13T00:00:00,2024-02-15T14:00:00,positive,False,baseline
review_0006467,order_0009912,2,2026-11-18T00:00:00,2026-11-19T20:00:00,negative,True,baseline
review_0006468,order_0009913,4,2026-01-12T00:00:00,2026-01-14T18:00:00,positive,False,baseline
review_0006469,order_0009914,4,2026-04-29T00:00:00,2026-04-30T12:00:00,positive,False,baseline
review_0006470,order_0009916,3,2026-07-12T00:00:00,2026-07-14T15:00:00,neutral,False,baseline
review_0006471,order_0009917,1,2024-03-04T00:00:00,2024-03-04T14:00:00,negative,True,baseline
review_0006472,order_0009919,3,2026-10-23T00:00:00,2026-10-25T16:00:00,neutral,False,baseline
review_0006473,order_0009920,5,2026-11-24T00:00:00,2026-11-26T04:00:00,positive,False,baseline
review_0006474,order_0009922,4,2025-09-08T00:00:00,2025-09-09T13:00:00,positive,False,baseline
review_0006475,order_0009923,4,2026-06-24T00:00:00,2026-06-25T02:00:00,positive,False,baseline
review_0006476,order_0009924,5,2025-03-28T00:00:00,2025-03-30T19:00:00,positive,False,baseline
review_0006477,order_0009925,3,2024-10-23T00:00:00,2024-10-25T03:00:00,neutral,False,baseline
review_0006478,order_0009926,5,2025-01-25T00:00:00,2025-01-27T12:00:00,positive,False,baseline
review_0006479,order_0009927,4,2026-02-12T00:00:00,2026-02-12T23:00:00,positive,False,baseline
review_0006480,order_0009928,4,2026-10-09T00:00:00,2026-10-12T00:00:00,positive,False,baseline
review_0006481,order_0009929,5,2026-05-23T00:00:00,2026-05-25T23:00:00,positive,False,baseline
review_0006482,order_0009930,4,2025-01-09T00:00:00,2025-01-11T20:00:00,positive,False,baseline
review_0006483,order_0009931,3,2024-10-03T00:00:00,2024-10-04T14:00:00,neutral,False,baseline
review_0006484,order_0009932,4,2024-03-16T00:00:00,2024-03-17T07:00:00,positive,False,baseline
review_0006485,order_0009933,4,2026-01-13T00:00:00,2026-01-14T06:00:00,positive,False,baseline
review_0006486,order_0009936,3,2024-09-01T00:00:00,2024-09-02T20:00:00,neutral,False,baseline
review_0006487,order_0009938,4,2025-02-18T00:00:00,2025-02-20T15:00:00,positive,False,baseline
review_0006488,order_0009940,5,2026-08-21T00:00:00,2026-08-23T00:00:00,positive,False,baseline
review_0006489,order_0009941,5,2026-12-23T00:00:00,2026-12-25T02:00:00,positive,False,baseline
review_0006490,order_0009943,3,2025-03-29T00:00:00,2025-03-30T14:00:00,neutral,False,baseline
review_0006491,order_0009945,5,2024-04-11T00:00:00,2024-04-13T04:00:00,positive,False,baseline
review_0006492,order_0009947,4,2026-01-17T00:00:00,2026-01-18T18:00:00,positive,False,baseline
review_0006493,order_0009951,4,2025-11-17T00:00:00,2025-11-17T18:00:00,positive,False,baseline
review_0006494,order_0009952,3,2024-02-28T00:00:00,2024-03-01T19:00:00,neutral,False,baseline
review_0006495,order_0009953,3,2026-01-06T00:00:00,2026-01-08T16:00:00,neutral,False,baseline
review_0006496,order_0009954,5,2024-12-21T00:00:00,2024-12-22T05:00:00,positive,False,baseline
review_0006497,order_0009955,4,2026-10-06T00:00:00,2026-10-06T13:00:00,positive,False,baseline
review_0006498,order_0009957,5,2025-12-21T00:00:00,2025-12-21T12:00:00,positive,False,baseline
review_0006499,order_0009958,2,2025-11-10T00:00:00,2025-11-11T02:00:00,negative,True,baseline
review_0006500,order_0009959,5,2024-02-20T00:00:00,2024-02-22T01:00:00,positive,False,baseline
review_0006501,order_0009961,4,2024-04-06T00:00:00,2024-04-08T19:00:00,positive,False,baseline
review_0006502,order_0009962,5,2026-02-08T00:00:00,2026-02-09T00:00:00,positive,False,baseline
review_0006503,order_0009963,4,2025-12-03T00:00:00,2025-12-03T11:00:00,positive,False,baseline
review_0006504,order_0009964,4,2025-10-03T00:00:00,2025-10-03T22:00:00,positive,False,baseline
review_0006505,order_0009965,5,2025-05-31T00:00:00,2025-06-03T00:00:00,positive,False,baseline
review_0006506,order_0009966,4,2026-02-12T00:00:00,2026-02-13T13:00:00,positive,False,baseline
review_0006507,order_0009967,4,2025-07-25T00:00:00,2025-07-26T21:00:00,positive,False,baseline
review_0006508,order_0009968,5,2024-09-28T00:00:00,2024-09-30T12:00:00,positive,False,baseline
review_0006509,order_0009970,3,2024-02-12T00:00:00,2024-02-14T18:00:00,neutral,False,baseline
review_0006510,order_0009971,4,2026-01-31T00:00:00,2026-02-02T06:00:00,positive,False,baseline
review_0006511,order_0009972,4,2026-11-13T00:00:00,2026-11-14T19:00:00,positive,False,baseline
review_0006512,order_0009973,4,2026-05-06T00:00:00,2026-05-08T07:00:00,positive,False,baseline
review_0006513,order_0009974,4,2025-02-06T00:00:00,2025-02-07T21:00:00,positive,False,baseline
review_0006514,order_0009975,5,2025-10-20T00:00:00,2025-10-20T23:00:00,positive,False,baseline
review_0006515,order_0009976,5,2025-11-18T00:00:00,2025-11-20T12:00:00,positive,False,baseline
review_0006516,order_0009977,2,2025-01-02T00:00:00,2025-01-04T02:00:00,negative,True,baseline
review_0006517,order_0009980,4,2024-08-04T00:00:00,2024-08-04T15:00:00,positive,False,baseline
review_0006518,order_0009981,5,2025-10-27T00:00:00,2025-10-29T17:00:00,positive,False,baseline
review_0006519,order_0009982,4,2024-11-05T00:00:00,2024-11-07T10:00:00,positive,False,baseline
review_0006520,order_0009984,5,2024-09-14T00:00:00,2024-09-14T21:00:00,positive,False,baseline
review_0006521,order_0009985,3,2024-05-01T00:00:00,2024-05-01T22:00:00,neutral,False,baseline
review_0006522,order_0009986,5,2026-11-12T00:00:00,2026-11-13T11:00:00,positive,False,baseline
review_0006523,order_0009987,4,2024-09-13T00:00:00,2024-09-15T05:00:00,positive,False,baseline
review_0006524,order_0009990,4,2025-12-25T00:00:00,2025-12-26T12:00:00,positive,False,baseline
review_0006525,order_0009992,4,2026-04-25T00:00:00,2026-04-26T22:00:00,positive,False,baseline
review_0006526,order_0009994,5,2024-04-12T00:00:00,2024-04-12T14:00:00,positive,False,baseline
review_0006527,order_0009996,4,2026-10-02T00:00:00,2026-10-02T14:00:00,positive,False,baseline
review_0006528,order_0010000,3,2024-06-23T00:00:00,2024-06-24T08:00:00,neutral,False,baseline
