seller_id,seller_state,seller_city,seller_region,seller_zip_prefix,seller_segment,seller_quality_score,seller_fulfillment_capacity,seller_active_flag,created_at,deactivated_at
seller_000001,AL,Montgomery,South,90585,high_volume,0.9031,0.2505,True,2024-01-01T00:00:00,
seller_000002,OH,Columbus,Midwest,78062,at_risk,0.4799,0.5041,True,2024-01-01T00:00:00,
seller_000003,CO,Colorado Springs,West,67793,long_tail,0.8733,0.2896,True,2024-01-01T00:00:00,
seller_000004,WA,Seattle,West,86309,long_tail,0.813,0.3911,True,2024-01-01T00:00:00,
seller_000005,SC,Charleston,South,49346,premium,0.7986,0.2388,True,2024-01-01T00:00:00,
seller_000006,NJ,Newark,Northeast,93956,long_tail,0.8165,0.4629,True,2024-01-01T00:00:00,
seller_000007,MD,Baltimore,South,56928,long_tail,0.6075,0.3292,True,2024-01-01T00:00:00,
seller_000008,GA,Savannah,South,48913,growth_seller,0.6715,0.4557,True,2024-01-01T00:00:00,
seller_000009,PA,Philadelphia,Northeast,06663,long_tail,0.45,0.4591,True,2024-01-01T00:00:00,
seller_000010,FL,Orlando,South,41359,long_tail,0.9121,0.346,True,2024-01-01T00:00:00,
seller_000011,TX,Austin,South,99455,high_volume,0.831,0.3713,True,2024-01-01T00:00:00,
seller_000012,TX,Austin,South,97352,long_tail,0.5777,0.3585,True,2024-01-01T00:00:00,
seller_000013,VA,Virginia Beach,South,22401,long_tail,0.6229,0.3264,True,2024-01-01T00:00:00,
seller_000014,CA,San Diego,West,24079,premium,0.7718,0.2143,True,2024-01-01T00:00:00,
seller_000015,NJ,Newark,Northeast,35215,premium,0.7368,0.2199,True,2024-01-01T00:00:00,
seller_000016,GA,Savannah,South,97651,long_tail,0.9222,0.3376,True,2024-01-01T00:00:00,
seller_000017,AK,Fairbanks,West,46894,long_tail,0.8026,0.4346,True,2024-01-01T00:00:00,
seller_000018,AR,Little Rock,South,95919,long_tail,0.8271,0.3898,True,2024-01-01T00:00:00,
seller_000019,GA,Atlanta,South,45200,premium,0.7784,0.3433,True,2024-01-01T00:00:00,
seller_000020,OH,Columbus,Midwest,27343,long_tail,0.9129,0.3438,True,2024-01-01T00:00:00,
seller_000021,NY,New York,Northeast,79093,premium,0.7707,0.2818,True,2024-01-01T00:00:00,
seller_000022,OK,Oklahoma City,South,47554,premium,0.6469,0.388,True,2024-01-01T00:00:00,
seller_000023,OH,Cleveland,Midwest,72975,long_tail,0.902,0.3474,True,2024-01-01T00:00:00,
seller_000024,OH,Columbus,Midwest,30405,premium,0.7342,0.3689,True,2024-01-01T00:00:00,
seller_000025,MN,Duluth,Midwest,10605,growth_seller,0.5612,0.3752,True,2024-01-01T00:00:00,
seller_000026,VT,Burlington,Northeast,09850,long_tail,0.6815,0.4626,True,2024-01-01T00:00:00,
seller_000027,IL,Springfield,Midwest,79316,long_tail,0.7321,0.4377,True,2024-01-01T00:00:00,
seller_000028,PA,Philadelphia,Northeast,80009,premium,0.6107,0.427,True,2024-01-01T00:00:00,
seller_000029,IL,Chicago,Midwest,05186,at_risk,0.8964,0.3603,True,2024-01-01T00:00:00,
seller_000030,TX,Houston,South,90883,premium,0.7693,0.4989,True,2024-01-01T00:00:00,
seller_000031,RI,Warwick,Northeast,12680,long_tail,0.6796,0.3851,True,2024-01-01T00:00:00,
seller_000032,WY,Cheyenne,West,02833,premium,0.8091,0.3829,True,2024-01-01T00:00:00,
seller_000033,WI,Milwaukee,Midwest,19578,long_tail,0.7786,0.3631,True,2024-01-01T00:00:00,
seller_000034,CA,Sacramento,West,43741,growth_seller,0.7701,0.4074,True,2024-01-01T00:00:00,
seller_000035,NJ,Newark,Northeast,84624,high_volume,0.7493,0.3366,True,2024-01-01T00:00:00,
seller_000036,SD,Sioux Falls,Midwest,85750,growth_seller,0.8952,0.3839,True,2024-01-01T00:00:00,
seller_000037,GA,Savannah,South,21982,long_tail,0.8392,0.2875,True,2024-01-01T00:00:00,
seller_000038,CT,Hartford,Northeast,24076,long_tail,0.8084,0.3822,True,2024-01-01T00:00:00,
seller_000039,PA,Pittsburgh,Northeast,91531,growth_seller,0.8286,0.2738,True,2024-01-01T00:00:00,
seller_000040,NY,New York,Northeast,08690,long_tail,0.7094,0.2853,True,2024-01-01T00:00:00,
seller_000041,ID,Boise,West,83013,long_tail,0.8725,0.2497,True,2024-01-01T00:00:00,
seller_000042,NY,Albany,Northeast,02023,premium,0.765,0.384,True,2024-01-01T00:00:00,
seller_000043,IL,Springfield,Midwest,30322,premium,0.749,0.4607,True,2024-01-01T00:00:00,
seller_000044,NJ,Newark,Northeast,12097,long_tail,0.7497,0.332,True,2024-01-01T00:00:00,
seller_000045,PA,Pittsburgh,Northeast,34530,premium,0.73,0.3376,True,2024-01-01T00:00:00,
seller_000046,MA,Worcester,Northeast,40829,growth_seller,0.7045,0.4055,True,2024-01-01T00:00:00,
seller_000047,NY,Albany,Northeast,94957,at_risk,0.8626,0.5521,True,2024-01-01T00:00:00,
seller_000048,FL,Jacksonville,South,81937,long_tail,0.7935,0.3,True,2024-01-01T00:00:00,
seller_000049,CA,Los Angeles,West,33615,growth_seller,0.8407,0.3192,True,2024-01-01T00:00:00,
seller_000050,NY,Buffalo,Northeast,87229,long_tail,0.7022,0.2287,True,2024-01-01T00:00:00,
seller_000051,IL,Springfield,Midwest,78030,premium,0.6981,0.4331,True,2024-01-01T00:00:00,
seller_000052,LA,Baton Rouge,South,71837,growth_seller,0.6913,0.3765,True,2024-01-01T00:00:00,
seller_000053,NY,Buffalo,Northeast,12101,long_tail,0.7731,0.2913,True,2024-01-01T00:00:00,
seller_000054,TX,Houston,South,90788,long_tail,0.8099,0.2863,True,2024-01-01T00:00:00,
seller_000055,NY,Albany,Northeast,37888,long_tail,0.8682,0.3206,True,2024-01-01T00:00:00,
seller_000056,GA,Savannah,South,45541,long_tail,0.681,0.3129,True,2024-01-01T00:00:00,
seller_000057,CA,Los Angeles,West,69132,growth_seller,0.8557,0.3485,True,2024-01-01T00:00:00,
seller_000058,WY,Casper,West,63313,premium,0.7951,0.2902,True,2024-01-01T00:00:00,
seller_000059,RI,Warwick,Northeast,82991,long_tail,0.9761,0.3257,True,2024-01-01T00:00:00,
seller_000060,TX,Dallas,South,20640,high_volume,0.931,0.4499,True,2024-01-01T00:00:00,
seller_000061,FL,Jacksonville,South,59888,at_risk,0.6347,0.3139,True,2024-01-01T00:00:00,
seller_000062,WA,Spokane,West,92276,long_tail,0.884,0.5367,True,2024-01-01T00:00:00,
seller_000063,NY,Buffalo,Northeast,47791,at_risk,0.6772,0.2,True,2024-01-01T00:00:00,
seller_000064,IL,Chicago,Midwest,79238,premium,0.66,0.3352,True,2024-01-01T00:00:00,
seller_000065,TX,Austin,South,39050,long_tail,0.7688,0.3839,True,2024-01-01T00:00:00,
seller_000066,CA,Sacramento,West,92284,high_volume,0.8705,0.3669,True,2024-01-01T00:00:00,
seller_000067,NV,Reno,West,70146,long_tail,0.624,0.3712,True,2024-01-01T00:00:00,
seller_000068,WA,Spokane,West,25741,long_tail,0.866,0.3931,True,2024-01-01T00:00:00,
seller_000069,CA,Los Angeles,West,55649,long_tail,0.8943,0.4626,True,2024-01-01T00:00:00,
seller_000070,NY,New York,Northeast,42681,long_tail,0.9122,0.2677,True,2024-01-01T00:00:00,
seller_000071,IL,Chicago,Midwest,01936,long_tail,0.8681,0.4522,True,2024-01-01T00:00:00,
seller_000072,CA,Los Angeles,West,70628,long_tail,0.6707,0.4464,True,2024-01-01T00:00:00,
seller_000073,IL,Springfield,Midwest,02138,long_tail,0.7971,0.3204,True,2024-01-01T00:00:00,
seller_000074,IL,Springfield,Midwest,23941,high_volume,0.7031,0.3865,True,2024-01-01T00:00:00,
seller_000075,VT,Montpelier,Northeast,13870,premium,0.7672,0.2489,True,2024-01-01T00:00:00,
seller_000076,GA,Savannah,South,59832,growth_seller,0.7639,0.2952,True,2024-01-01T00:00:00,
seller_000077,PA,Pittsburgh,Northeast,18283,long_tail,0.7252,0.4613,True,2024-01-01T00:00:00,
seller_000078,GA,Savannah,South,81817,long_tail,0.6793,0.2941,True,2024-01-01T00:00:00,
seller_000079,NJ,Newark,Northeast,68425,long_tail,0.9133,0.276,True,2024-01-01T00:00:00,
seller_000080,OH,Columbus,Midwest,46819,long_tail,0.8062,0.3125,True,2024-01-01T00:00:00,
seller_000081,SD,Rapid City,Midwest,10713,long_tail,0.8803,0.3349,True,2024-01-01T00:00:00,
seller_000082,CA,Los Angeles,West,29270,premium,0.9364,0.5234,True,2024-01-01T00:00:00,
seller_000083,NY,Albany,Northeast,06705,premium,0.8924,0.3585,True,2024-01-01T00:00:00,
seller_000084,TX,Dallas,South,45073,long_tail,0.6945,0.3684,True,2024-01-01T00:00:00,
seller_000085,AK,Fairbanks,West,40022,at_risk,0.8031,0.232,True,2024-01-01T00:00:00,
seller_000086,TX,Houston,South,35939,long_tail,0.4943,0.3407,True,2024-01-01T00:00:00,
seller_000087,NY,Buffalo,Northeast,09612,long_tail,0.7435,0.2,True,2024-01-01T00:00:00,
seller_000088,NJ,Jersey City,Northeast,94490,premium,0.6507,0.2654,True,2024-01-01T00:00:00,
seller_000089,AL,Montgomery,South,67431,long_tail,0.9241,0.4291,True,2024-01-01T00:00:00,
seller_000090,NJ,Newark,Northeast,09703,growth_seller,0.9768,0.3855,True,2024-01-01T00:00:00,
seller_000091,NJ,Newark,Northeast,89172,premium,0.7341,0.4138,True,2024-01-01T00:00:00,
seller_000092,FL,Tampa,South,64621,premium,0.911,0.3531,True,2024-01-01T00:00:00,
seller_000093,ND,Bismarck,Midwest,54232,premium,0.64,0.2934,True,2024-01-01T00:00:00,
seller_000094,CA,San Diego,West,58572,at_risk,0.7932,0.5271,True,2024-01-01T00:00:00,
seller_000095,WA,Spokane,West,89352,long_tail,0.7344,0.5538,True,2024-01-01T00:00:00,
seller_000096,MT,Missoula,West,62463,long_tail,0.7163,0.3484,True,2024-01-01T00:00:00,
seller_000097,TN,Nashville,South,95731,at_risk,0.7732,0.3906,True,2024-01-01T00:00:00,
seller_000098,KS,Wichita,Midwest,53901,at_risk,0.8242,0.3553,True,2024-01-01T00:00:00,
seller_000099,GA,Savannah,South,75360,premium,0.6755,0.3878,True,2024-01-01T00:00:00,
seller_000100,MA,Boston,Northeast,45911,growth_seller,0.72,0.3799,True,2024-01-01T00:00:00,
seller_000101,TX,Dallas,South,53237,at_risk,0.7435,0.2699,True,2024-01-01T00:00:00,
seller_000102,PA,Philadelphia,Northeast,14301,long_tail,0.7985,0.4151,True,2024-01-01T00:00:00,
seller_000103,PA,Philadelphia,Northeast,82797,premium,0.8051,0.3897,True,2024-01-01T00:00:00,
seller_000104,MA,Boston,Northeast,63543,growth_seller,0.9523,0.2637,True,2024-01-01T00:00:00,
seller_000105,NE,Lincoln,Midwest,02623,long_tail,0.753,0.4912,True,2024-01-01T00:00:00,
seller_000106,IL,Springfield,Midwest,53725,long_tail,0.6255,0.4892,True,2024-01-01T00:00:00,
seller_000107,VA,Richmond,South,63755,premium,0.8249,0.389,True,2024-01-01T00:00:00,
seller_000108,TN,Nashville,South,97439,long_tail,0.8753,0.2,True,2024-01-01T00:00:00,
seller_000109,CA,San Diego,West,37064,at_risk,0.8285,0.2188,True,2024-01-01T00:00:00,
seller_000110,PA,Pittsburgh,Northeast,72404,growth_seller,0.923,0.2292,True,2024-01-01T00:00:00,
seller_000111,NJ,Jersey City,Northeast,87487,growth_seller,0.6856,0.5068,True,2024-01-01T00:00:00,
seller_000112,TX,Dallas,South,57357,premium,0.45,0.2349,True,2024-01-01T00:00:00,
seller_000113,TX,Dallas,South,88439,at_risk,0.8935,0.3808,True,2024-01-01T00:00:00,
seller_000114,IL,Chicago,Midwest,02960,high_volume,0.8063,0.5294,True,2024-01-01T00:00:00,
seller_000115,IL,Springfield,Midwest,12070,long_tail,0.8652,0.2,True,2024-01-01T00:00:00,
seller_000116,AZ,Phoenix,West,86731,long_tail,0.7641,0.3587,True,2024-01-01T00:00:00,
seller_000117,FL,Tampa,South,91903,growth_seller,0.6554,0.2,True,2024-01-01T00:00:00,
seller_000118,IL,Chicago,Midwest,09453,high_volume,0.9204,0.4038,True,2024-01-01T00:00:00,
seller_000119,CA,Sacramento,West,51719,long_tail,0.717,0.3683,True,2024-01-01T00:00:00,
seller_000120,PA,Pittsburgh,Northeast,01696,long_tail,0.9585,0.5568,True,2024-01-01T00:00:00,
seller_000121,NC,Raleigh,South,73018,long_tail,0.5609,0.2,True,2024-01-01T00:00:00,
seller_000122,MO,St. Louis,Midwest,23544,premium,0.821,0.2823,True,2024-01-01T00:00:00,
seller_000123,PA,Philadelphia,Northeast,59514,premium,0.8758,0.4081,True,2024-01-01T00:00:00,
seller_000124,OH,Cleveland,Midwest,55549,growth_seller,0.911,0.3703,True,2024-01-01T00:00:00,
seller_000125,MS,Jackson,South,40451,premium,0.8152,0.3441,True,2024-01-01T00:00:00,
seller_000126,VA,Virginia Beach,South,07153,long_tail,0.922,0.3734,True,2024-01-01T00:00:00,
seller_000127,NY,New York,Northeast,64836,premium,0.85,0.3108,True,2024-01-01T00:00:00,
seller_000128,CA,Sacramento,West,95192,premium,0.7336,0.3715,True,2024-01-01T00:00:00,
seller_000129,MI,Grand Rapids,Midwest,53618,growth_seller,0.811,0.3213,True,2024-01-01T00:00:00,
seller_000130,AR,Little Rock,South,09775,growth_seller,0.9591,0.2351,True,2024-01-01T00:00:00,
seller_000131,FL,Orlando,South,76183,long_tail,0.5089,0.345,True,2024-01-01T00:00:00,
seller_000132,CA,Sacramento,West,43858,long_tail,0.6425,0.3562,True,2024-01-01T00:00:00,
seller_000133,NJ,Jersey City,Northeast,01789,long_tail,0.6628,0.3381,True,2024-01-01T00:00:00,
seller_000134,PA,Pittsburgh,Northeast,36509,high_volume,0.9284,0.3561,True,2024-01-01T00:00:00,
seller_000135,KY,Louisville,South,97287,growth_seller,0.9124,0.4186,True,2024-01-01T00:00:00,
seller_000136,IL,Chicago,Midwest,72006,high_volume,0.8247,0.4184,True,2024-01-01T00:00:00,
seller_000137,IL,Springfield,Midwest,92091,premium,0.818,0.3483,True,2024-01-01T00:00:00,
seller_000138,TX,Houston,South,82946,premium,0.6876,0.3242,True,2024-01-01T00:00:00,
seller_000139,NJ,Newark,Northeast,73271,high_volume,0.7987,0.4629,True,2024-01-01T00:00:00,
seller_000140,WI,Madison,Midwest,22687,premium,0.6844,0.3588,True,2024-01-01T00:00:00,
seller_000141,NJ,Jersey City,Northeast,62041,long_tail,0.8656,0.373,True,2024-01-01T00:00:00,
seller_000142,MT,Missoula,West,32012,high_volume,0.8633,0.5025,True,2024-01-01T00:00:00,
seller_000143,FL,Orlando,South,05330,at_risk,0.8496,0.2,True,2024-01-01T00:00:00,
seller_000144,UT,Salt Lake City,West,90828,long_tail,0.9068,0.2272,True,2024-01-01T00:00:00,
seller_000145,OR,Portland,West,40878,long_tail,0.8533,0.2989,True,2024-01-01T00:00:00,
seller_000146,CA,Los Angeles,West,10658,premium,0.7295,0.3066,True,2024-01-01T00:00:00,
seller_000147,PA,Pittsburgh,Northeast,71866,long_tail,0.8244,0.4668,True,2024-01-01T00:00:00,
seller_000148,ID,Boise,West,86645,long_tail,0.7689,0.2853,True,2024-01-01T00:00:00,
seller_000149,CA,San Diego,West,64408,premium,0.8989,0.3834,True,2024-01-01T00:00:00,
seller_000150,IL,Chicago,Midwest,16825,premium,0.6825,0.3708,True,2024-01-01T00:00:00,
seller_000151,OH,Columbus,Midwest,55747,long_tail,0.7161,0.3002,True,2024-01-01T00:00:00,
seller_000152,CT,Hartford,Northeast,11441,long_tail,0.7508,0.2095,True,2024-01-01T00:00:00,
seller_000153,NY,Buffalo,Northeast,69072,long_tail,0.45,0.3982,True,2024-01-01T00:00:00,
seller_000154,NJ,Jersey City,Northeast,98098,long_tail,0.6804,0.4396,True,2024-01-01T00:00:00,
seller_000155,PA,Philadelphia,Northeast,27871,growth_seller,0.8829,0.2716,True,2024-01-01T00:00:00,
seller_000156,FL,Jacksonville,South,25397,growth_seller,0.8511,0.2832,True,2024-01-01T00:00:00,
seller_000157,MT,Billings,West,72202,long_tail,0.9466,0.2635,True,2024-01-01T00:00:00,
seller_000158,NJ,Newark,Northeast,24665,growth_seller,0.6528,0.3945,True,2024-01-01T00:00:00,
seller_000159,NJ,Newark,Northeast,19109,long_tail,0.9114,0.3754,True,2024-01-01T00:00:00,
seller_000160,ID,Boise,West,32766,growth_seller,0.7724,0.3683,True,2024-01-01T00:00:00,
seller_000161,MS,Jackson,South,23122,long_tail,0.7963,0.3786,True,2024-01-01T00:00:00,
seller_000162,NE,Lincoln,Midwest,29656,premium,0.6485,0.3299,True,2024-01-01T00:00:00,
seller_000163,NM,Albuquerque,West,72451,high_volume,0.7846,0.4225,True,2024-01-01T00:00:00,
seller_000164,IL,Springfield,Midwest,74118,growth_seller,0.6127,0.4725,True,2024-01-01T00:00:00,
seller_000165,WI,Madison,Midwest,99449,premium,0.5973,0.2777,True,2024-01-01T00:00:00,
seller_000166,IL,Chicago,Midwest,52584,premium,0.6791,0.2964,True,2024-01-01T00:00:00,
seller_000167,TX,Austin,South,91277,premium,0.7118,0.5363,True,2024-01-01T00:00:00,
seller_000168,DC,Washington,South,01395,high_volume,0.9092,0.4285,True,2024-01-01T00:00:00,
seller_000169,OK,Oklahoma City,South,23279,long_tail,0.7723,0.3861,True,2024-01-01T00:00:00,
seller_000170,MS,Jackson,South,79310,long_tail,0.9584,0.2,True,2024-01-01T00:00:00,
seller_000171,OH,Columbus,Midwest,37438,premium,0.8449,0.3304,True,2024-01-01T00:00:00,
seller_000172,CA,Los Angeles,West,73872,premium,0.8106,0.3783,True,2024-01-01T00:00:00,
seller_000173,OH,Cleveland,Midwest,64559,long_tail,0.6661,0.4233,True,2024-01-01T00:00:00,
seller_000174,CA,Los Angeles,West,31309,long_tail,0.7727,0.2547,True,2024-01-01T00:00:00,
seller_000175,AZ,Phoenix,West,22008,premium,0.6234,0.3372,True,2024-01-01T00:00:00,
seller_000176,MD,Frederick,South,79193,long_tail,0.7613,0.4226,True,2024-01-01T00:00:00,
seller_000177,SC,Columbia,South,82438,long_tail,0.5074,0.3721,True,2024-01-01T00:00:00,
seller_000178,GA,Atlanta,South,95613,premium,0.5997,0.3685,True,2024-01-01T00:00:00,
seller_000179,IL,Springfield,Midwest,14223,growth_seller,0.747,0.4028,True,2024-01-01T00:00:00,
seller_000180,ME,Portland,Northeast,39478,growth_seller,0.915,0.3201,True,2024-01-01T00:00:00,
seller_000181,TX,Houston,South,76296,growth_seller,0.7342,0.3754,True,2024-01-01T00:00:00,
seller_000182,FL,Jacksonville,South,22865,long_tail,0.5481,0.4737,True,2024-01-01T00:00:00,
seller_000183,OR,Portland,West,60495,premium,0.6749,0.4434,True,2024-01-01T00:00:00,
seller_000184,MT,Missoula,West,91636,premium,0.5629,0.4154,True,2024-01-01T00:00:00,
seller_000185,IL,Springfield,Midwest,33800,at_risk,0.8011,0.484,True,2024-01-01T00:00:00,
seller_000186,OR,Eugene,West,34797,high_volume,0.8616,0.3885,True,2024-01-01T00:00:00,
seller_000187,TN,Nashville,South,52381,long_tail,0.8907,0.4014,True,2024-01-01T00:00:00,
seller_000188,CA,Sacramento,West,31100,long_tail,0.5576,0.2945,True,2024-01-01T00:00:00,
seller_000189,IL,Chicago,Midwest,88038,at_risk,0.9646,0.4779,True,2024-01-01T00:00:00,
seller_000190,FL,Tampa,South,31530,long_tail,0.9104,0.4006,True,2024-01-01T00:00:00,
seller_000191,TX,Houston,South,60218,at_risk,0.8695,0.3647,True,2024-01-01T00:00:00,
seller_000192,IN,Fort Wayne,Midwest,74518,long_tail,0.6571,0.38,True,2024-01-01T00:00:00,
seller_000193,WA,Spokane,West,65891,premium,0.9128,0.2037,True,2024-01-01T00:00:00,
seller_000194,AL,Montgomery,South,98007,premium,0.45,0.2684,True,2024-01-01T00:00:00,
seller_000195,PA,Pittsburgh,Northeast,98350,premium,0.8919,0.464,True,2024-01-01T00:00:00,
seller_000196,GA,Atlanta,South,90806,long_tail,0.7878,0.3646,True,2024-01-01T00:00:00,
seller_000197,TX,Austin,South,94799,premium,0.9075,0.3138,True,2024-01-01T00:00:00,
seller_000198,GA,Atlanta,South,12754,long_tail,0.6896,0.2218,True,2024-01-01T00:00:00,
seller_000199,PA,Philadelphia,Northeast,85520,long_tail,0.8129,0.3748,True,2024-01-01T00:00:00,
seller_000200,MI,Grand Rapids,Midwest,78748,premium,0.8847,0.224,True,2024-01-01T00:00:00,
seller_000201,NJ,Newark,Northeast,89182,long_tail,0.9379,0.536,True,2024-01-01T00:00:00,
seller_000202,NY,Buffalo,Northeast,85302,high_volume,0.9068,0.4115,True,2024-01-01T00:00:00,
seller_000203,WA,Spokane,West,95314,growth_seller,0.7362,0.2425,True,2024-01-01T00:00:00,
seller_000204,NJ,Jersey City,Northeast,96085,long_tail,0.7648,0.2,True,2024-01-01T00:00:00,
seller_000205,CA,Sacramento,West,08410,growth_seller,0.865,0.3425,True,2024-01-01T00:00:00,
seller_000206,TX,Dallas,South,58846,long_tail,0.6014,0.3034,True,2024-01-01T00:00:00,
seller_000207,NY,New York,Northeast,46675,premium,0.9286,0.3323,True,2024-01-01T00:00:00,
seller_000208,TX,Dallas,South,56638,premium,0.8137,0.2311,True,2024-01-01T00:00:00,
seller_000209,TX,Dallas,South,05984,growth_seller,0.9861,0.4439,True,2024-01-01T00:00:00,
seller_000210,NY,New York,Northeast,60926,at_risk,0.4797,0.4683,True,2024-01-01T00:00:00,
seller_000211,FL,Tampa,South,82105,at_risk,0.9023,0.2828,True,2024-01-01T00:00:00,
seller_000212,NY,Buffalo,Northeast,17483,long_tail,0.7011,0.3054,True,2024-01-01T00:00:00,
seller_000213,GA,Atlanta,South,80886,long_tail,0.8891,0.3866,True,2024-01-01T00:00:00,
seller_000214,CA,Los Angeles,West,84101,long_tail,0.8176,0.301,True,2024-01-01T00:00:00,
seller_000215,IN,Fort Wayne,Midwest,29338,long_tail,0.5688,0.2545,True,2024-01-01T00:00:00,
seller_000216,CA,San Diego,West,21040,long_tail,0.7301,0.2,True,2024-01-01T00:00:00,
seller_000217,WA,Seattle,West,48741,long_tail,0.8405,0.4389,True,2024-01-01T00:00:00,
seller_000218,IL,Springfield,Midwest,28903,growth_seller,0.868,0.4347,True,2024-01-01T00:00:00,
seller_000219,TX,Austin,South,76276,premium,0.8607,0.3684,True,2024-01-01T00:00:00,
seller_000220,FL,Jacksonville,South,61853,long_tail,0.9364,0.3612,True,2024-01-01T00:00:00,
seller_000221,IN,Indianapolis,Midwest,41926,long_tail,0.8282,0.4846,True,2024-01-01T00:00:00,
seller_000222,NY,Albany,Northeast,35742,growth_seller,0.8078,0.2289,True,2024-01-01T00:00:00,
seller_000223,CA,San Diego,West,87318,premium,0.9102,0.2845,True,2024-01-01T00:00:00,
seller_000224,LA,Baton Rouge,South,04753,long_tail,0.5535,0.4104,True,2024-01-01T00:00:00,
seller_000225,UT,Salt Lake City,West,13761,long_tail,0.9197,0.3871,True,2024-01-01T00:00:00,
seller_000226,MO,St. Louis,Midwest,63810,long_tail,0.9126,0.4832,True,2024-01-01T00:00:00,
seller_000227,NY,Buffalo,Northeast,68477,long_tail,0.665,0.3789,True,2024-01-01T00:00:00,
seller_000228,IL,Chicago,Midwest,21249,long_tail,0.817,0.3566,True,2024-01-01T00:00:00,
seller_000229,AZ,Tucson,West,15398,long_tail,0.7126,0.3664,True,2024-01-01T00:00:00,
seller_000230,CA,Los Angeles,West,07226,long_tail,0.759,0.3508,True,2024-01-01T00:00:00,
seller_000231,OH,Cleveland,Midwest,45140,long_tail,0.7945,0.2636,True,2024-01-01T00:00:00,
seller_000232,PA,Pittsburgh,Northeast,76271,long_tail,0.7213,0.4227,True,2024-01-01T00:00:00,
seller_000233,NV,Reno,West,03587,long_tail,0.8726,0.3845,True,2024-01-01T00:00:00,
seller_000234,NH,Concord,Northeast,05276,long_tail,0.8673,0.3039,True,2024-01-01T00:00:00,
seller_000235,TX,Austin,South,62159,long_tail,0.8133,0.4586,True,2024-01-01T00:00:00,
seller_000236,PA,Pittsburgh,Northeast,42580,long_tail,0.9396,0.3724,True,2024-01-01T00:00:00,
seller_000237,GA,Atlanta,South,86402,premium,0.5754,0.2119,True,2024-01-01T00:00:00,
seller_000238,IL,Chicago,Midwest,41892,long_tail,0.7032,0.4683,True,2024-01-01T00:00:00,
seller_000239,IN,Indianapolis,Midwest,49009,premium,0.6291,0.3526,True,2024-01-01T00:00:00,
seller_000240,AZ,Tucson,West,53522,premium,0.8982,0.3708,True,2024-01-01T00:00:00,
seller_000241,NJ,Newark,Northeast,37094,premium,0.841,0.3301,True,2024-01-01T00:00:00,
seller_000242,IL,Springfield,Midwest,09878,long_tail,0.7047,0.2,True,2024-01-01T00:00:00,
seller_000243,PA,Pittsburgh,Northeast,91963,long_tail,0.9505,0.2137,True,2024-01-01T00:00:00,
seller_000244,NJ,Jersey City,Northeast,45192,long_tail,0.671,0.5406,True,2024-01-01T00:00:00,
seller_000245,OK,Tulsa,South,47268,long_tail,0.8909,0.2443,True,2024-01-01T00:00:00,
seller_000246,MN,Minneapolis,Midwest,71652,premium,0.6888,0.2,True,2024-01-01T00:00:00,
seller_000247,TX,Austin,South,32884,long_tail,0.6532,0.2,True,2024-01-01T00:00:00,
seller_000248,WA,Seattle,West,28883,premium,0.5506,0.3206,True,2024-01-01T00:00:00,
seller_000249,OH,Columbus,Midwest,16419,long_tail,0.45,0.4272,True,2024-01-01T00:00:00,
seller_000250,ND,Bismarck,Midwest,31020,long_tail,0.7311,0.4242,True,2024-01-01T00:00:00,
seller_000251,OH,Columbus,Midwest,23574,long_tail,0.5289,0.3037,True,2024-01-01T00:00:00,
seller_000252,IA,Cedar Rapids,Midwest,70212,growth_seller,0.7108,0.5263,True,2024-01-01T00:00:00,
seller_000253,NJ,Jersey City,Northeast,12637,long_tail,0.7447,0.4209,True,2024-01-01T00:00:00,
seller_000254,NC,Charlotte,South,36721,long_tail,0.7475,0.2,True,2024-01-01T00:00:00,
seller_000255,LA,New Orleans,South,85909,high_volume,0.9779,0.5792,True,2024-01-01T00:00:00,
seller_000256,SC,Charleston,South,40162,premium,0.6953,0.3879,True,2024-01-01T00:00:00,
seller_000257,SC,Columbia,South,89559,premium,0.9756,0.2667,True,2024-01-01T00:00:00,
seller_000258,AK,Anchorage,West,37195,premium,0.8833,0.274,True,2024-01-01T00:00:00,
seller_000259,OK,Oklahoma City,South,25385,long_tail,0.5829,0.5298,True,2024-01-01T00:00:00,
seller_000260,FL,Jacksonville,South,86322,at_risk,0.5601,0.4449,True,2024-01-01T00:00:00,
seller_000261,CA,Sacramento,West,06019,premium,0.5736,0.2,True,2024-01-01T00:00:00,
seller_000262,IL,Springfield,Midwest,89126,premium,0.8758,0.261,True,2024-01-01T00:00:00,
seller_000263,RI,Providence,Northeast,78085,long_tail,0.9155,0.4191,True,2024-01-01T00:00:00,
seller_000264,TX,Houston,South,39969,long_tail,0.9244,0.2747,True,2024-01-01T00:00:00,
seller_000265,WA,Seattle,West,53540,long_tail,0.8069,0.2504,True,2024-01-01T00:00:00,
seller_000266,GA,Atlanta,South,63748,growth_seller,0.7445,0.4176,True,2024-01-01T00:00:00,
seller_000267,FL,Orlando,South,96258,growth_seller,0.6969,0.3062,True,2024-01-01T00:00:00,
seller_000268,DC,Washington,South,85123,at_risk,0.7585,0.3939,True,2024-01-01T00:00:00,
seller_000269,FL,Tampa,South,85457,high_volume,0.9411,0.5115,True,2024-01-01T00:00:00,
seller_000270,ME,Portland,Northeast,82433,long_tail,0.8709,0.3879,True,2024-01-01T00:00:00,
seller_000271,CA,San Diego,West,66354,premium,0.8292,0.3999,True,2024-01-01T00:00:00,
seller_000272,TX,Austin,South,11838,long_tail,0.9388,0.3083,True,2024-01-01T00:00:00,
seller_000273,WI,Madison,Midwest,87563,at_risk,0.8143,0.5346,True,2024-01-01T00:00:00,
seller_000274,TX,Houston,South,85459,long_tail,0.6514,0.4351,True,2024-01-01T00:00:00,
seller_000275,NJ,Jersey City,Northeast,51378,growth_seller,0.8757,0.4084,True,2024-01-01T00:00:00,
seller_000276,NJ,Jersey City,Northeast,12349,long_tail,0.8934,0.3335,True,2024-01-01T00:00:00,
seller_000277,WA,Spokane,West,73954,long_tail,0.7134,0.3972,True,2024-01-01T00:00:00,
seller_000278,ID,Idaho Falls,West,33899,long_tail,0.8803,0.2771,True,2024-01-01T00:00:00,
seller_000279,IL,Chicago,Midwest,69531,long_tail,0.8044,0.4895,True,2024-01-01T00:00:00,
seller_000280,IL,Chicago,Midwest,21510,at_risk,0.9562,0.2,True,2024-01-01T00:00:00,
seller_000281,OH,Cleveland,Midwest,49323,premium,0.5783,0.2683,True,2024-01-01T00:00:00,
seller_000282,GA,Atlanta,South,71221,premium,0.7577,0.3151,True,2024-01-01T00:00:00,
seller_000283,TN,Nashville,South,39994,growth_seller,0.6512,0.4519,True,2024-01-01T00:00:00,
seller_000284,CA,Sacramento,West,70585,long_tail,0.901,0.416,True,2024-01-01T00:00:00,
seller_000285,WA,Spokane,West,30256,premium,0.9516,0.3848,True,2024-01-01T00:00:00,
seller_000286,FL,Jacksonville,South,30935,long_tail,0.8972,0.4153,True,2024-01-01T00:00:00,
seller_000287,TX,Dallas,South,78300,long_tail,0.852,0.252,True,2024-01-01T00:00:00,
seller_000288,TX,Austin,South,61877,long_tail,0.7293,0.3695,True,2024-01-01T00:00:00,
seller_000289,VA,Richmond,South,59996,premium,0.7975,0.4704,True,2024-01-01T00:00:00,
seller_000290,CA,San Diego,West,51292,long_tail,0.5609,0.3512,True,2024-01-01T00:00:00,
seller_000291,PA,Philadelphia,Northeast,86280,long_tail,0.7654,0.4762,True,2024-01-01T00:00:00,
seller_000292,NY,Albany,Northeast,53389,at_risk,0.8824,0.2828,True,2024-01-01T00:00:00,
seller_000293,AR,Little Rock,South,49409,long_tail,0.6989,0.3356,True,2024-01-01T00:00:00,
seller_000294,NV,Las Vegas,West,80008,high_volume,0.8106,0.3636,True,2024-01-01T00:00:00,
seller_000295,KS,Wichita,Midwest,68022,long_tail,0.7863,0.334,True,2024-01-01T00:00:00,
seller_000296,FL,Jacksonville,South,19282,premium,0.6054,0.2855,True,2024-01-01T00:00:00,
seller_000297,KS,Topeka,Midwest,16070,long_tail,0.7869,0.4298,True,2024-01-01T00:00:00,
seller_000298,AR,Fayetteville,South,77614,premium,0.7382,0.3369,True,2024-01-01T00:00:00,
seller_000299,GA,Savannah,South,85600,long_tail,0.9162,0.2814,True,2024-01-01T00:00:00,
seller_000300,OK,Oklahoma City,South,43861,long_tail,0.7724,0.4142,True,2024-01-01T00:00:00,
seller_000301,MI,Detroit,Midwest,86341,at_risk,0.9543,0.3767,True,2024-01-01T00:00:00,
seller_000302,NV,Las Vegas,West,49814,long_tail,0.6626,0.2643,True,2024-01-01T00:00:00,
seller_000303,MS,Gulfport,South,55200,long_tail,0.821,0.5017,True,2024-01-01T00:00:00,
seller_000304,NY,Albany,Northeast,78232,long_tail,0.5661,0.2713,True,2024-01-01T00:00:00,
seller_000305,RI,Warwick,Northeast,88655,long_tail,0.8594,0.2914,True,2024-01-01T00:00:00,
seller_000306,OR,Portland,West,07905,long_tail,0.7355,0.6358,True,2024-01-01T00:00:00,
seller_000307,CA,Sacramento,West,21258,long_tail,0.8271,0.408,True,2024-01-01T00:00:00,
seller_000308,RI,Warwick,Northeast,14913,long_tail,0.9589,0.3332,True,2024-01-01T00:00:00,
seller_000309,CA,San Diego,West,77512,long_tail,0.9285,0.3243,True,2024-01-01T00:00:00,
seller_000310,IA,Des Moines,Midwest,98899,long_tail,0.8845,0.3708,True,2024-01-01T00:00:00,
seller_000311,WA,Spokane,West,78340,high_volume,0.9142,0.5559,True,2024-01-01T00:00:00,
seller_000312,OH,Cleveland,Midwest,18353,long_tail,0.885,0.4531,True,2024-01-01T00:00:00,
seller_000313,WA,Spokane,West,78683,long_tail,0.6994,0.2555,True,2024-01-01T00:00:00,
seller_000314,ID,Boise,West,41649,at_risk,0.7877,0.3109,True,2024-01-01T00:00:00,
seller_000315,AZ,Phoenix,West,82625,growth_seller,0.6809,0.4085,True,2024-01-01T00:00:00,
seller_000316,CA,Sacramento,West,12039,premium,0.9159,0.3635,True,2024-01-01T00:00:00,
seller_000317,CA,Los Angeles,West,99163,long_tail,0.8319,0.2835,True,2024-01-01T00:00:00,
seller_000318,FL,Tampa,South,20485,long_tail,0.8472,0.4668,True,2024-01-01T00:00:00,
seller_000319,WA,Spokane,West,10540,at_risk,0.8274,0.4924,True,2024-01-01T00:00:00,
seller_000320,LA,Baton Rouge,South,38775,growth_seller,0.714,0.2633,True,2024-01-01T00:00:00,
seller_000321,TX,Austin,South,69161,long_tail,0.619,0.4123,True,2024-01-01T00:00:00,
seller_000322,IL,Springfield,Midwest,60530,long_tail,0.8713,0.3582,True,2024-01-01T00:00:00,
seller_000323,IL,Chicago,Midwest,61494,long_tail,0.7889,0.23,True,2024-01-01T00:00:00,
seller_000324,PA,Pittsburgh,Northeast,63259,long_tail,0.5628,0.3922,True,2024-01-01T00:00:00,
seller_000325,NJ,Newark,Northeast,22058,at_risk,0.7235,0.438,True,2024-01-01T00:00:00,
seller_000326,CA,San Diego,West,50865,at_risk,0.9161,0.5219,True,2024-01-01T00:00:00,
seller_000327,AK,Anchorage,West,09552,long_tail,0.7391,0.3187,True,2024-01-01T00:00:00,
seller_000328,GA,Atlanta,South,98072,long_tail,0.8562,0.3799,True,2024-01-01T00:00:00,
seller_000329,NJ,Jersey City,Northeast,44638,long_tail,0.8245,0.2296,True,2024-01-01T00:00:00,
seller_000330,FL,Tampa,South,67074,growth_seller,0.8464,0.4425,True,2024-01-01T00:00:00,
seller_000331,WY,Casper,West,35552,premium,0.8964,0.3961,True,2024-01-01T00:00:00,
seller_000332,IL,Springfield,Midwest,33717,premium,0.8904,0.3898,True,2024-01-01T00:00:00,
seller_000333,IL,Chicago,Midwest,27901,long_tail,0.8567,0.261,True,2024-01-01T00:00:00,
seller_000334,NY,New York,Northeast,28935,premium,0.8157,0.2889,True,2024-01-01T00:00:00,
seller_000335,WA,Spokane,West,66363,at_risk,0.7569,0.3182,True,2024-01-01T00:00:00,
seller_000336,AR,Little Rock,South,20432,long_tail,0.8612,0.3777,True,2024-01-01T00:00:00,
seller_000337,NJ,Jersey City,Northeast,14170,growth_seller,0.8185,0.367,True,2024-01-01T00:00:00,
seller_000338,CA,Sacramento,West,46498,long_tail,0.8106,0.222,True,2024-01-01T00:00:00,
seller_000339,OR,Portland,West,71986,premium,0.848,0.4442,True,2024-01-01T00:00:00,
seller_000340,PA,Pittsburgh,Northeast,98493,long_tail,0.7091,0.2372,True,2024-01-01T00:00:00,
seller_000341,GA,Atlanta,South,27612,premium,0.5035,0.2983,True,2024-01-01T00:00:00,
seller_000342,NE,Lincoln,Midwest,59309,long_tail,0.7405,0.2971,True,2024-01-01T00:00:00,
seller_000343,NJ,Jersey City,Northeast,59280,growth_seller,0.823,0.2365,True,2024-01-01T00:00:00,
seller_000344,FL,Tampa,South,84408,growth_seller,0.7816,0.4343,True,2024-01-01T00:00:00,
seller_000345,ID,Boise,West,88416,growth_seller,0.7305,0.5027,True,2024-01-01T00:00:00,
seller_000346,GA,Atlanta,South,60398,long_tail,0.8627,0.321,True,2024-01-01T00:00:00,
seller_000347,IN,Indianapolis,Midwest,21060,at_risk,0.9322,0.4067,True,2024-01-01T00:00:00,
seller_000348,OH,Columbus,Midwest,77098,long_tail,0.7454,0.4742,True,2024-01-01T00:00:00,
seller_000349,TN,Memphis,South,84401,high_volume,0.9579,0.3333,True,2024-01-01T00:00:00,
seller_000350,CA,Sacramento,West,72510,high_volume,0.5419,0.3884,True,2024-01-01T00:00:00,
seller_000351,OH,Columbus,Midwest,86325,growth_seller,0.7559,0.4655,True,2024-01-01T00:00:00,
seller_000352,WI,Milwaukee,Midwest,88240,long_tail,0.7842,0.2134,True,2024-01-01T00:00:00,
seller_000353,FL,Tampa,South,76035,growth_seller,0.7649,0.3433,True,2024-01-01T00:00:00,
seller_000354,NJ,Newark,Northeast,02045,premium,0.794,0.3225,True,2024-01-01T00:00:00,
seller_000355,CA,San Diego,West,72091,at_risk,0.7057,0.2271,True,2024-01-01T00:00:00,
seller_000356,WV,Charleston,South,95981,long_tail,0.7226,0.4926,True,2024-01-01T00:00:00,
seller_000357,OH,Columbus,Midwest,51844,at_risk,0.9285,0.4333,True,2024-01-01T00:00:00,
seller_000358,FL,Orlando,South,19150,premium,0.9489,0.4454,True,2024-01-01T00:00:00,
seller_000359,UT,Salt Lake City,West,70144,premium,0.9519,0.2853,True,2024-01-01T00:00:00,
seller_000360,DC,Washington,South,91159,long_tail,0.6704,0.4561,True,2024-01-01T00:00:00,
seller_000361,CA,Sacramento,West,31161,growth_seller,0.9358,0.407,True,2024-01-01T00:00:00,
seller_000362,VT,Montpelier,Northeast,93490,long_tail,0.6285,0.4471,True,2024-01-01T00:00:00,
seller_000363,KY,Lexington,South,35153,long_tail,0.8969,0.2946,True,2024-01-01T00:00:00,
seller_000364,CA,Sacramento,West,55969,long_tail,0.8788,0.2625,True,2024-01-01T00:00:00,
seller_000365,WI,Milwaukee,Midwest,76927,premium,0.4661,0.3955,True,2024-01-01T00:00:00,
seller_000366,CA,Sacramento,West,38352,long_tail,0.9424,0.3198,True,2024-01-01T00:00:00,
seller_000367,SD,Sioux Falls,Midwest,85034,long_tail,0.7881,0.2938,True,2024-01-01T00:00:00,
seller_000368,SD,Rapid City,Midwest,07400,premium,0.8086,0.3431,True,2024-01-01T00:00:00,
seller_000369,FL,Jacksonville,South,41761,long_tail,0.5965,0.5405,True,2024-01-01T00:00:00,
seller_000370,FL,Tampa,South,84934,long_tail,0.6896,0.3608,True,2024-01-01T00:00:00,
seller_000371,CA,San Diego,West,23073,long_tail,0.9489,0.273,True,2024-01-01T00:00:00,
seller_000372,HI,Honolulu,West,34227,growth_seller,0.7221,0.2969,True,2024-01-01T00:00:00,
seller_000373,TX,Austin,South,92166,premium,0.7306,0.2871,True,2024-01-01T00:00:00,
seller_000374,VT,Montpelier,Northeast,43860,at_risk,0.8675,0.2248,True,2024-01-01T00:00:00,
seller_000375,WV,Charleston,South,86653,premium,0.769,0.4285,True,2024-01-01T00:00:00,
seller_000376,HI,Hilo,West,33415,long_tail,0.8505,0.3013,True,2024-01-01T00:00:00,
seller_000377,NY,Albany,Northeast,47262,long_tail,0.8398,0.3978,True,2024-01-01T00:00:00,
seller_000378,OH,Columbus,Midwest,42900,premium,0.7295,0.4051,True,2024-01-01T00:00:00,
seller_000379,KS,Topeka,Midwest,03507,growth_seller,0.8419,0.2806,True,2024-01-01T00:00:00,
seller_000380,FL,Jacksonville,South,39400,premium,0.8447,0.5339,True,2024-01-01T00:00:00,
seller_000381,MT,Missoula,West,06656,at_risk,0.6231,0.4018,True,2024-01-01T00:00:00,
seller_000382,NY,Albany,Northeast,84802,long_tail,0.8349,0.2597,True,2024-01-01T00:00:00,
seller_000383,WA,Spokane,West,37327,at_risk,0.9093,0.405,True,2024-01-01T00:00:00,
seller_000384,GA,Atlanta,South,95614,premium,0.6898,0.2218,True,2024-01-01T00:00:00,
seller_000385,MS,Jackson,South,64045,long_tail,0.9157,0.3176,True,2024-01-01T00:00:00,
seller_000386,NJ,Jersey City,Northeast,39131,long_tail,0.7124,0.4919,True,2024-01-01T00:00:00,
seller_000387,MI,Grand Rapids,Midwest,63789,long_tail,0.7377,0.2183,True,2024-01-01T00:00:00,
seller_000388,WA,Spokane,West,04836,long_tail,0.668,0.4691,True,2024-01-01T00:00:00,
seller_000389,NH,Manchester,Northeast,72377,long_tail,0.7961,0.3641,True,2024-01-01T00:00:00,
seller_000390,MT,Missoula,West,78880,long_tail,0.711,0.4319,True,2024-01-01T00:00:00,
seller_000391,AZ,Tucson,West,58099,growth_seller,0.8,0.3106,True,2024-01-01T00:00:00,
seller_000392,AK,Fairbanks,West,43140,growth_seller,0.5454,0.4879,True,2024-01-01T00:00:00,
seller_000393,CA,San Diego,West,88919,long_tail,0.8375,0.2937,True,2024-01-01T00:00:00,
seller_000394,ID,Idaho Falls,West,03570,premium,0.9718,0.3135,True,2024-01-01T00:00:00,
seller_000395,TX,Houston,South,71951,premium,0.8227,0.2966,True,2024-01-01T00:00:00,
seller_000396,FL,Tampa,South,63051,premium,0.6392,0.4558,True,2024-01-01T00:00:00,
seller_000397,CA,Los Angeles,West,71555,premium,0.988,0.2443,True,2024-01-01T00:00:00,
seller_000398,VA,Richmond,South,24721,at_risk,0.7597,0.3663,True,2024-01-01T00:00:00,
seller_000399,NY,Buffalo,Northeast,65815,growth_seller,0.8191,0.4044,True,2024-01-01T00:00:00,
seller_000400,ID,Idaho Falls,West,88296,premium,0.8826,0.4534,True,2024-01-01T00:00:00,
seller_000401,IL,Springfield,Midwest,70266,long_tail,0.8007,0.3472,True,2024-01-01T00:00:00,
seller_000402,MD,Frederick,South,64505,premium,0.832,0.4944,True,2024-01-01T00:00:00,
seller_000403,NJ,Newark,Northeast,95386,premium,0.908,0.244,True,2024-01-01T00:00:00,
seller_000404,TX,Houston,South,14868,at_risk,0.8092,0.4187,True,2024-01-01T00:00:00,
seller_000405,WA,Spokane,West,16314,premium,0.7496,0.4843,True,2024-01-01T00:00:00,
seller_000406,TX,Austin,South,85528,high_volume,0.5104,0.3839,True,2024-01-01T00:00:00,
seller_000407,NC,Charlotte,South,22300,at_risk,0.8928,0.3053,True,2024-01-01T00:00:00,
seller_000408,GA,Savannah,South,21006,growth_seller,0.9505,0.5136,True,2024-01-01T00:00:00,
seller_000409,FL,Jacksonville,South,26427,long_tail,0.7946,0.4103,True,2024-01-01T00:00:00,
seller_000410,WI,Madison,Midwest,35281,premium,0.8808,0.4385,True,2024-01-01T00:00:00,
seller_000411,PA,Philadelphia,Northeast,03905,at_risk,0.8329,0.3488,True,2024-01-01T00:00:00,
seller_000412,WV,Charleston,South,22294,growth_seller,0.8377,0.2985,True,2024-01-01T00:00:00,
seller_000413,VT,Burlington,Northeast,38611,long_tail,0.7978,0.5353,True,2024-01-01T00:00:00,
seller_000414,FL,Tampa,South,19377,at_risk,0.8706,0.2305,True,2024-01-01T00:00:00,
seller_000415,GA,Savannah,South,64630,premium,0.45,0.3182,True,2024-01-01T00:00:00,
seller_000416,AR,Little Rock,South,30647,long_tail,0.8666,0.2,True,2024-01-01T00:00:00,
seller_000417,NC,Charlotte,South,34078,long_tail,0.6645,0.2614,True,2024-01-01T00:00:00,
seller_000418,TX,Austin,South,52086,long_tail,0.6552,0.2842,True,2024-01-01T00:00:00,
seller_000419,IL,Chicago,Midwest,24031,long_tail,0.8222,0.4309,True,2024-01-01T00:00:00,
seller_000420,MT,Missoula,West,29911,premium,0.8212,0.2765,True,2024-01-01T00:00:00,
seller_000421,LA,Baton Rouge,South,68863,premium,0.901,0.2,True,2024-01-01T00:00:00,
seller_000422,DE,Dover,South,44486,premium,0.95,0.2,True,2024-01-01T00:00:00,
seller_000423,KS,Topeka,Midwest,42998,at_risk,0.6666,0.3863,True,2024-01-01T00:00:00,
seller_000424,PA,Pittsburgh,Northeast,64347,premium,0.78,0.5832,True,2024-01-01T00:00:00,
seller_000425,OH,Columbus,Midwest,56419,premium,0.8495,0.212,True,2024-01-01T00:00:00,
seller_000426,NY,Albany,Northeast,77318,at_risk,0.6884,0.3592,True,2024-01-01T00:00:00,
seller_000427,NJ,Jersey City,Northeast,01063,long_tail,0.7859,0.324,True,2024-01-01T00:00:00,
seller_000428,MN,Minneapolis,Midwest,02130,growth_seller,0.6038,0.383,True,2024-01-01T00:00:00,
seller_000429,NH,Concord,Northeast,89594,premium,0.6326,0.5155,True,2024-01-01T00:00:00,
seller_000430,PA,Philadelphia,Northeast,45474,growth_seller,0.8824,0.2885,True,2024-01-01T00:00:00,
seller_000431,TX,Dallas,South,10684,premium,0.6105,0.3169,True,2024-01-01T00:00:00,
seller_000432,PA,Pittsburgh,Northeast,86215,high_volume,0.6811,0.2881,True,2024-01-01T00:00:00,
seller_000433,FL,Tampa,South,67271,premium,0.9242,0.2599,True,2024-01-01T00:00:00,
seller_000434,GA,Atlanta,South,32751,long_tail,0.7999,0.3855,True,2024-01-01T00:00:00,
seller_000435,GA,Savannah,South,82489,long_tail,0.8357,0.29,True,2024-01-01T00:00:00,
seller_000436,NJ,Jersey City,Northeast,93873,high_volume,0.8172,0.3808,True,2024-01-01T00:00:00,
seller_000437,PA,Philadelphia,Northeast,27565,premium,0.8698,0.3147,True,2024-01-01T00:00:00,
seller_000438,OH,Cleveland,Midwest,61516,growth_seller,0.895,0.5565,True,2024-01-01T00:00:00,
seller_000439,TX,Austin,South,49224,long_tail,0.8356,0.4832,True,2024-01-01T00:00:00,
seller_000440,OR,Eugene,West,64789,high_volume,0.8627,0.3804,True,2024-01-01T00:00:00,
seller_000441,MS,Jackson,South,70771,growth_seller,0.8295,0.3981,True,2024-01-01T00:00:00,
seller_000442,CA,Sacramento,West,45138,long_tail,0.9545,0.2515,True,2024-01-01T00:00:00,
seller_000443,LA,New Orleans,South,23135,at_risk,0.688,0.345,True,2024-01-01T00:00:00,
seller_000444,FL,Orlando,South,63606,growth_seller,0.9719,0.2722,True,2024-01-01T00:00:00,
seller_000445,AZ,Tucson,West,07606,growth_seller,0.6921,0.5574,True,2024-01-01T00:00:00,
seller_000446,NJ,Newark,Northeast,52332,high_volume,0.8529,0.2779,True,2024-01-01T00:00:00,
seller_000447,AL,Birmingham,South,41960,premium,0.5232,0.4028,True,2024-01-01T00:00:00,
seller_000448,NJ,Newark,Northeast,54401,long_tail,0.8768,0.4502,True,2024-01-01T00:00:00,
seller_000449,NM,Santa Fe,West,10156,premium,0.5487,0.3535,True,2024-01-01T00:00:00,
seller_000450,CA,San Diego,West,74093,long_tail,0.8626,0.3307,True,2024-01-01T00:00:00,
seller_000451,NY,Buffalo,Northeast,02081,premium,0.907,0.3486,True,2024-01-01T00:00:00,
seller_000452,CA,Sacramento,West,08655,growth_seller,0.8914,0.2354,True,2024-01-01T00:00:00,
seller_000453,PA,Philadelphia,Northeast,46263,long_tail,0.8252,0.3027,True,2024-01-01T00:00:00,
seller_000454,TX,Austin,South,14627,growth_seller,0.8496,0.4571,True,2024-01-01T00:00:00,
seller_000455,CA,Los Angeles,West,19397,growth_seller,0.6211,0.448,True,2024-01-01T00:00:00,
seller_000456,CT,New Haven,Northeast,09319,premium,0.7261,0.4717,True,2024-01-01T00:00:00,
seller_000457,KY,Lexington,South,71861,long_tail,0.7374,0.2,True,2024-01-01T00:00:00,
seller_000458,NJ,Jersey City,Northeast,31445,long_tail,0.8792,0.3532,True,2024-01-01T00:00:00,
seller_000459,FL,Tampa,South,67043,growth_seller,0.6887,0.4155,True,2024-01-01T00:00:00,
seller_000460,WA,Seattle,West,65743,long_tail,0.7976,0.2334,True,2024-01-01T00:00:00,
seller_000461,IN,Indianapolis,Midwest,46467,long_tail,0.8425,0.3484,True,2024-01-01T00:00:00,
seller_000462,CA,Los Angeles,West,06137,long_tail,0.6105,0.3516,True,2024-01-01T00:00:00,
seller_000463,OH,Columbus,Midwest,46613,at_risk,0.9252,0.3303,True,2024-01-01T00:00:00,
seller_000464,GA,Savannah,South,15700,long_tail,0.7872,0.533,True,2024-01-01T00:00:00,
seller_000465,PA,Philadelphia,Northeast,56050,at_risk,0.9229,0.3679,True,2024-01-01T00:00:00,
seller_000466,NY,Buffalo,Northeast,43483,at_risk,0.8886,0.3278,True,2024-01-01T00:00:00,
seller_000467,FL,Jacksonville,South,09371,growth_seller,0.9467,0.2,True,2024-01-01T00:00:00,
seller_000468,CA,Los Angeles,West,67914,high_volume,0.8352,0.4575,True,2024-01-01T00:00:00,
seller_000469,IL,Springfield,Midwest,56497,at_risk,0.6597,0.2915,True,2024-01-01T00:00:00,
seller_000470,GA,Atlanta,South,62284,long_tail,0.7557,0.5715,True,2024-01-01T00:00:00,
seller_000471,GA,Atlanta,South,36803,premium,0.8806,0.3865,True,2024-01-01T00:00:00,
seller_000472,GA,Atlanta,South,91933,at_risk,0.8538,0.4588,True,2024-01-01T00:00:00,
seller_000473,IL,Chicago,Midwest,88583,high_volume,0.8286,0.3872,True,2024-01-01T00:00:00,
seller_000474,MI,Detroit,Midwest,15767,long_tail,0.7953,0.4551,True,2024-01-01T00:00:00,
seller_000475,WI,Milwaukee,Midwest,27418,long_tail,0.45,0.4412,True,2024-01-01T00:00:00,
seller_000476,KS,Topeka,Midwest,32591,at_risk,0.7319,0.3257,True,2024-01-01T00:00:00,
seller_000477,NJ,Newark,Northeast,79476,growth_seller,0.8835,0.2719,True,2024-01-01T00:00:00,
seller_000478,GA,Savannah,South,72043,premium,0.7382,0.2032,True,2024-01-01T00:00:00,
seller_000479,IL,Springfield,Midwest,71151,long_tail,0.6326,0.4236,True,2024-01-01T00:00:00,
seller_000480,GA,Atlanta,South,46901,premium,0.8958,0.4155,True,2024-01-01T00:00:00,
seller_000481,IA,Cedar Rapids,Midwest,66864,premium,0.7937,0.219,True,2024-01-01T00:00:00,
seller_000482,WA,Spokane,West,42536,long_tail,0.9634,0.3586,True,2024-01-01T00:00:00,
seller_000483,CA,Los Angeles,West,14043,growth_seller,0.5057,0.2945,True,2024-01-01T00:00:00,
seller_000484,OH,Columbus,Midwest,18489,long_tail,0.6837,0.2909,True,2024-01-01T00:00:00,
seller_000485,FL,Jacksonville,South,78485,premium,0.9722,0.4718,True,2024-01-01T00:00:00,
seller_000486,VA,Richmond,South,97457,premium,0.4789,0.2824,True,2024-01-01T00:00:00,
seller_000487,PA,Pittsburgh,Northeast,67940,long_tail,0.8022,0.3725,True,2024-01-01T00:00:00,
seller_000488,RI,Providence,Northeast,80602,long_tail,0.8091,0.4443,True,2024-01-01T00:00:00,
seller_000489,IL,Springfield,Midwest,15170,at_risk,0.7458,0.2867,True,2024-01-01T00:00:00,
seller_000490,IA,Des Moines,Midwest,63957,premium,0.7297,0.465,True,2024-01-01T00:00:00,
seller_000491,TX,Dallas,South,84316,at_risk,0.6673,0.345,True,2024-01-01T00:00:00,
seller_000492,KS,Topeka,Midwest,93922,at_risk,0.8165,0.453,True,2024-01-01T00:00:00,
seller_000493,MA,Worcester,Northeast,85313,premium,0.7564,0.3183,True,2024-01-01T00:00:00,
seller_000494,TX,Austin,South,86709,high_volume,0.7666,0.4835,True,2024-01-01T00:00:00,
seller_000495,CT,New Haven,Northeast,97614,long_tail,0.8652,0.2941,True,2024-01-01T00:00:00,
seller_000496,ID,Boise,West,21000,long_tail,0.8447,0.2638,True,2024-01-01T00:00:00,
seller_000497,FL,Tampa,South,18276,premium,0.9599,0.4221,True,2024-01-01T00:00:00,
seller_000498,IA,Cedar Rapids,Midwest,59606,at_risk,0.7386,0.449,True,2024-01-01T00:00:00,
seller_000499,NJ,Jersey City,Northeast,01349,premium,0.7246,0.4517,True,2024-01-01T00:00:00,
seller_000500,SC,Columbia,South,76597,long_tail,0.7499,0.3508,True,2024-01-01T00:00:00,
seller_000501,FL,Tampa,South,13507,long_tail,0.8839,0.3754,True,2024-01-01T00:00:00,
seller_000502,AK,Anchorage,West,99550,premium,0.854,0.2914,True,2024-01-01T00:00:00,
seller_000503,MA,Boston,Northeast,52414,long_tail,0.7675,0.4273,True,2024-01-01T00:00:00,
seller_000504,GA,Savannah,South,11276,at_risk,0.8107,0.3109,True,2024-01-01T00:00:00,
seller_000505,SC,Charleston,South,39725,high_volume,0.6941,0.5048,True,2024-01-01T00:00:00,
seller_000506,NY,Albany,Northeast,52241,growth_seller,0.8644,0.3359,True,2024-01-01T00:00:00,
seller_000507,FL,Tampa,South,85398,long_tail,0.7254,0.2262,True,2024-01-01T00:00:00,
seller_000508,NC,Charlotte,South,35561,long_tail,0.5496,0.4856,True,2024-01-01T00:00:00,
seller_000509,ID,Boise,West,52908,long_tail,0.8827,0.3822,True,2024-01-01T00:00:00,
seller_000510,CA,San Diego,West,97630,premium,0.9032,0.5561,True,2024-01-01T00:00:00,
seller_000511,TX,Austin,South,48823,long_tail,0.6278,0.4386,True,2024-01-01T00:00:00,
seller_000512,KY,Lexington,South,78445,high_volume,0.9623,0.3816,True,2024-01-01T00:00:00,
seller_000513,NJ,Jersey City,Northeast,65143,growth_seller,0.853,0.315,True,2024-01-01T00:00:00,
seller_000514,IN,Fort Wayne,Midwest,01203,premium,0.7039,0.4975,True,2024-01-01T00:00:00,
seller_000515,NJ,Newark,Northeast,28520,long_tail,0.8273,0.4315,True,2024-01-01T00:00:00,
seller_000516,MD,Frederick,South,92975,long_tail,0.8598,0.2534,True,2024-01-01T00:00:00,
seller_000517,CT,New Haven,Northeast,89759,long_tail,0.8792,0.3089,True,2024-01-01T00:00:00,
seller_000518,TX,Houston,South,93668,premium,0.8409,0.4185,True,2024-01-01T00:00:00,
seller_000519,WV,Morgantown,South,72282,growth_seller,0.7199,0.2919,True,2024-01-01T00:00:00,
seller_000520,NJ,Jersey City,Northeast,13664,long_tail,0.7363,0.3649,True,2024-01-01T00:00:00,
seller_000521,PA,Philadelphia,Northeast,37744,premium,0.7556,0.3791,True,2024-01-01T00:00:00,
seller_000522,WA,Seattle,West,65328,long_tail,0.7906,0.419,True,2024-01-01T00:00:00,
seller_000523,FL,Tampa,South,04663,premium,0.8592,0.4416,True,2024-01-01T00:00:00,
seller_000524,CA,San Diego,West,70848,long_tail,0.9498,0.3802,True,2024-01-01T00:00:00,
seller_000525,FL,Tampa,South,39854,long_tail,0.9342,0.2,True,2024-01-01T00:00:00,
seller_000526,NJ,Newark,Northeast,40654,long_tail,0.7796,0.4251,True,2024-01-01T00:00:00,
seller_000527,IL,Chicago,Midwest,17091,premium,0.91,0.3551,True,2024-01-01T00:00:00,
seller_000528,VA,Virginia Beach,South,65281,long_tail,0.9465,0.3999,True,2024-01-01T00:00:00,
seller_000529,FL,Jacksonville,South,36461,at_risk,0.45,0.2607,True,2024-01-01T00:00:00,
seller_000530,DE,Wilmington,South,29777,premium,0.45,0.3909,True,2024-01-01T00:00:00,
seller_000531,CA,San Diego,West,37521,long_tail,0.9261,0.35,True,2024-01-01T00:00:00,
seller_000532,TX,Austin,South,45330,long_tail,0.6127,0.3845,True,2024-01-01T00:00:00,
seller_000533,NJ,Jersey City,Northeast,52640,at_risk,0.7988,0.467,True,2024-01-01T00:00:00,
seller_000534,WA,Seattle,West,78215,long_tail,0.8671,0.3326,True,2024-01-01T00:00:00,
seller_000535,FL,Orlando,South,14358,long_tail,0.8958,0.3344,True,2024-01-01T00:00:00,
seller_000536,WA,Spokane,West,57638,premium,0.8196,0.2933,True,2024-01-01T00:00:00,
seller_000537,FL,Orlando,South,77034,premium,0.7067,0.3308,True,2024-01-01T00:00:00,
seller_000538,NY,New York,Northeast,76289,premium,0.7593,0.2883,True,2024-01-01T00:00:00,
seller_000539,FL,Tampa,South,23200,long_tail,0.8304,0.3184,True,2024-01-01T00:00:00,
seller_000540,NJ,Jersey City,Northeast,08744,long_tail,0.7377,0.4902,True,2024-01-01T00:00:00,
seller_000541,VA,Richmond,South,73723,at_risk,0.7785,0.3014,True,2024-01-01T00:00:00,
seller_000542,AZ,Phoenix,West,85940,long_tail,0.7619,0.299,True,2024-01-01T00:00:00,
seller_000543,TX,Houston,South,87980,premium,0.904,0.5,True,2024-01-01T00:00:00,
seller_000544,NE,Omaha,Midwest,16320,premium,0.8563,0.2577,True,2024-01-01T00:00:00,
seller_000545,MA,Boston,Northeast,93626,long_tail,0.45,0.385,True,2024-01-01T00:00:00,
seller_000546,AL,Montgomery,South,01405,growth_seller,0.7193,0.3845,True,2024-01-01T00:00:00,
seller_000547,DC,Washington,South,99186,long_tail,0.9417,0.3354,True,2024-01-01T00:00:00,
seller_000548,AR,Fayetteville,South,36387,premium,0.9392,0.4624,True,2024-01-01T00:00:00,
seller_000549,UT,Salt Lake City,West,07077,long_tail,0.8168,0.2407,True,2024-01-01T00:00:00,
seller_000550,MS,Gulfport,South,54243,high_volume,0.8244,0.6564,True,2024-01-01T00:00:00,
seller_000551,MI,Detroit,Midwest,27741,growth_seller,0.9205,0.2672,True,2024-01-01T00:00:00,
seller_000552,VT,Burlington,Northeast,21012,premium,0.9496,0.2803,True,2024-01-01T00:00:00,
seller_000553,MO,Kansas City,Midwest,85214,long_tail,0.6094,0.3172,True,2024-01-01T00:00:00,
seller_000554,VA,Richmond,South,92033,long_tail,0.8728,0.2039,True,2024-01-01T00:00:00,
seller_000555,MO,St. Louis,Midwest,33908,at_risk,0.983,0.2642,True,2024-01-01T00:00:00,
seller_000556,GA,Atlanta,South,36611,growth_seller,0.796,0.3691,True,2024-01-01T00:00:00,
seller_000557,FL,Jacksonville,South,46058,long_tail,0.931,0.2355,True,2024-01-01T00:00:00,
seller_000558,IA,Des Moines,Midwest,28547,premium,0.9316,0.2718,True,2024-01-01T00:00:00,
seller_000559,FL,Orlando,South,86483,high_volume,0.894,0.2873,True,2024-01-01T00:00:00,
seller_000560,FL,Jacksonville,South,50731,long_tail,0.6362,0.3376,True,2024-01-01T00:00:00,
seller_000561,CA,Sacramento,West,36985,long_tail,0.7188,0.3891,True,2024-01-01T00:00:00,
seller_000562,PA,Philadelphia,Northeast,25084,long_tail,0.8791,0.2738,True,2024-01-01T00:00:00,
seller_000563,AZ,Phoenix,West,51790,long_tail,0.6695,0.5084,True,2024-01-01T00:00:00,
seller_000564,IA,Des Moines,Midwest,03250,growth_seller,0.7336,0.4173,True,2024-01-01T00:00:00,
seller_000565,NJ,Jersey City,Northeast,18064,at_risk,0.605,0.3683,True,2024-01-01T00:00:00,
seller_000566,IL,Chicago,Midwest,88466,long_tail,0.6091,0.4673,True,2024-01-01T00:00:00,
seller_000567,PA,Pittsburgh,Northeast,35095,long_tail,0.8143,0.3315,True,2024-01-01T00:00:00,
seller_000568,IA,Cedar Rapids,Midwest,31004,long_tail,0.9375,0.3284,True,2024-01-01T00:00:00,
seller_000569,TX,Houston,South,98745,premium,0.8757,0.2387,True,2024-01-01T00:00:00,
seller_000570,CA,Sacramento,West,81525,premium,0.7814,0.3211,True,2024-01-01T00:00:00,
seller_000571,IL,Chicago,Midwest,49366,premium,0.8999,0.3822,True,2024-01-01T00:00:00,
seller_000572,AZ,Phoenix,West,78417,at_risk,0.8868,0.209,True,2024-01-01T00:00:00,
seller_000573,NV,Las Vegas,West,00912,growth_seller,0.7626,0.3378,True,2024-01-01T00:00:00,
seller_000574,DE,Dover,South,44425,long_tail,0.7653,0.2945,True,2024-01-01T00:00:00,
seller_000575,IL,Chicago,Midwest,03424,long_tail,0.8723,0.3509,True,2024-01-01T00:00:00,
seller_000576,TX,Houston,South,57342,premium,0.4965,0.3845,True,2024-01-01T00:00:00,
seller_000577,WA,Spokane,West,68116,long_tail,0.9514,0.3516,True,2024-01-01T00:00:00,
seller_000578,WV,Charleston,South,08943,premium,0.8792,0.2687,True,2024-01-01T00:00:00,
seller_000579,IL,Springfield,Midwest,63787,premium,0.8987,0.3938,True,2024-01-01T00:00:00,
seller_000580,GA,Savannah,South,24304,long_tail,0.7705,0.3658,True,2024-01-01T00:00:00,
seller_000581,CA,San Diego,West,49746,premium,0.5874,0.2837,True,2024-01-01T00:00:00,
seller_000582,TX,Houston,South,35732,premium,0.961,0.5782,True,2024-01-01T00:00:00,
seller_000583,OR,Eugene,West,40116,long_tail,0.7873,0.4054,True,2024-01-01T00:00:00,
seller_000584,CA,Sacramento,West,82366,at_risk,0.8237,0.2,True,2024-01-01T00:00:00,
seller_000585,IL,Chicago,Midwest,33006,long_tail,0.827,0.4242,True,2024-01-01T00:00:00,
seller_000586,TX,Dallas,South,04831,long_tail,0.7464,0.4311,True,2024-01-01T00:00:00,
seller_000587,IN,Indianapolis,Midwest,94084,long_tail,0.6268,0.3552,True,2024-01-01T00:00:00,
seller_000588,DE,Wilmington,South,97136,long_tail,0.8847,0.3839,True,2024-01-01T00:00:00,
seller_000589,TX,Dallas,South,25614,long_tail,0.8544,0.2921,True,2024-01-01T00:00:00,
seller_000590,CT,Hartford,Northeast,43910,premium,0.7443,0.2,True,2024-01-01T00:00:00,
seller_000591,NJ,Newark,Northeast,89658,long_tail,0.8325,0.2497,True,2024-01-01T00:00:00,
seller_000592,FL,Orlando,South,03471,growth_seller,0.9345,0.4737,True,2024-01-01T00:00:00,
seller_000593,IL,Chicago,Midwest,99464,long_tail,0.8411,0.5012,True,2024-01-01T00:00:00,
seller_000594,WA,Seattle,West,56941,high_volume,0.6855,0.407,True,2024-01-01T00:00:00,
seller_000595,FL,Tampa,South,51195,high_volume,0.6895,0.4449,True,2024-01-01T00:00:00,
seller_000596,TX,Houston,South,10618,premium,0.851,0.3847,True,2024-01-01T00:00:00,
seller_000597,CA,Sacramento,West,45108,long_tail,0.9033,0.3405,True,2024-01-01T00:00:00,
seller_000598,CA,Los Angeles,West,47065,long_tail,0.7971,0.4725,True,2024-01-01T00:00:00,
seller_000599,GA,Atlanta,South,23915,long_tail,0.7661,0.4305,True,2024-01-01T00:00:00,
seller_000600,IL,Springfield,Midwest,89702,premium,0.7054,0.2353,True,2024-01-01T00:00:00,
seller_000601,ND,Fargo,Midwest,79603,long_tail,0.7464,0.3093,True,2024-01-01T00:00:00,
seller_000602,CA,Sacramento,West,75051,long_tail,0.9141,0.3553,True,2024-01-01T00:00:00,
seller_000603,CA,Los Angeles,West,18228,premium,0.8664,0.2616,True,2024-01-01T00:00:00,
seller_000604,CA,Sacramento,West,67195,at_risk,0.8251,0.2,True,2024-01-01T00:00:00,
seller_000605,FL,Jacksonville,South,56549,premium,0.7008,0.4191,True,2024-01-01T00:00:00,
seller_000606,GA,Atlanta,South,36905,long_tail,0.7019,0.4923,True,2024-01-01T00:00:00,
seller_000607,NJ,Newark,Northeast,58573,premium,0.845,0.2558,True,2024-01-01T00:00:00,
seller_000608,NJ,Jersey City,Northeast,99743,long_tail,0.4642,0.2516,True,2024-01-01T00:00:00,
seller_000609,GA,Savannah,South,55265,long_tail,0.9714,0.4549,True,2024-01-01T00:00:00,
seller_000610,WA,Spokane,West,97683,long_tail,0.8907,0.2069,True,2024-01-01T00:00:00,
seller_000611,IA,Cedar Rapids,Midwest,81836,long_tail,0.821,0.4764,True,2024-01-01T00:00:00,
seller_000612,TX,Austin,South,35929,premium,0.8734,0.3333,True,2024-01-01T00:00:00,
seller_000613,FL,Orlando,South,96045,long_tail,0.9417,0.3497,True,2024-01-01T00:00:00,
seller_000614,IL,Chicago,Midwest,39727,premium,0.6956,0.4203,True,2024-01-01T00:00:00,
seller_000615,UT,Provo,West,17842,long_tail,0.9038,0.3134,True,2024-01-01T00:00:00,
seller_000616,UT,Salt Lake City,West,78819,long_tail,0.869,0.3125,True,2024-01-01T00:00:00,
seller_000617,NY,Buffalo,Northeast,30310,premium,0.8055,0.4854,True,2024-01-01T00:00:00,
seller_000618,FL,Jacksonville,South,16339,premium,0.9404,0.6016,True,2024-01-01T00:00:00,
seller_000619,HI,Honolulu,West,58734,long_tail,0.7071,0.3416,True,2024-01-01T00:00:00,
seller_000620,CA,San Diego,West,24050,long_tail,0.9186,0.3734,True,2024-01-01T00:00:00,
seller_000621,NJ,Newark,Northeast,98762,premium,0.9328,0.4058,True,2024-01-01T00:00:00,
seller_000622,ME,Portland,Northeast,42414,long_tail,0.7475,0.3724,True,2024-01-01T00:00:00,
seller_000623,MO,Kansas City,Midwest,12507,growth_seller,0.9089,0.3927,True,2024-01-01T00:00:00,
seller_000624,ND,Bismarck,Midwest,38533,long_tail,0.8009,0.2514,True,2024-01-01T00:00:00,
seller_000625,FL,Tampa,South,98622,long_tail,0.8979,0.456,True,2024-01-01T00:00:00,
seller_000626,CA,Los Angeles,West,20779,premium,0.8239,0.2545,True,2024-01-01T00:00:00,
seller_000627,KY,Louisville,South,39277,growth_seller,0.9031,0.2904,True,2024-01-01T00:00:00,
seller_000628,SD,Sioux Falls,Midwest,75704,long_tail,0.7036,0.225,True,2024-01-01T00:00:00,
seller_000629,NV,Las Vegas,West,15874,long_tail,0.7015,0.3626,True,2024-01-01T00:00:00,
seller_000630,CO,Denver,West,49344,at_risk,0.5716,0.3936,True,2024-01-01T00:00:00,
seller_000631,RI,Warwick,Northeast,77962,long_tail,0.9783,0.3749,True,2024-01-01T00:00:00,
seller_000632,MO,St. Louis,Midwest,18691,growth_seller,0.5451,0.3135,True,2024-01-01T00:00:00,
seller_000633,TX,Austin,South,36997,premium,0.9079,0.3325,True,2024-01-01T00:00:00,
seller_000634,NY,New York,Northeast,84820,at_risk,0.8162,0.4242,True,2024-01-01T00:00:00,
seller_000635,NC,Raleigh,South,03775,long_tail,0.45,0.3892,True,2024-01-01T00:00:00,
seller_000636,NJ,Newark,Northeast,45610,growth_seller,0.9632,0.3713,True,2024-01-01T00:00:00,
seller_000637,OR,Eugene,West,26245,premium,0.7481,0.3348,True,2024-01-01T00:00:00,
seller_000638,NY,Albany,Northeast,40928,premium,0.9464,0.2,True,2024-01-01T00:00:00,
seller_000639,IL,Chicago,Midwest,20581,long_tail,0.8886,0.5282,True,2024-01-01T00:00:00,
seller_000640,AR,Fayetteville,South,52256,growth_seller,0.8124,0.2283,True,2024-01-01T00:00:00,
seller_000641,FL,Orlando,South,14216,premium,0.9453,0.5093,True,2024-01-01T00:00:00,
seller_000642,OR,Eugene,West,48762,long_tail,0.9043,0.2,True,2024-01-01T00:00:00,
seller_000643,MA,Boston,Northeast,19565,long_tail,0.7627,0.2,True,2024-01-01T00:00:00,
seller_000644,LA,New Orleans,South,43885,long_tail,0.9222,0.2306,True,2024-01-01T00:00:00,
seller_000645,NJ,Newark,Northeast,44980,long_tail,0.8782,0.3847,True,2024-01-01T00:00:00,
seller_000646,TX,Houston,South,17605,long_tail,0.9609,0.2,True,2024-01-01T00:00:00,
seller_000647,GA,Savannah,South,70296,long_tail,0.8579,0.4511,True,2024-01-01T00:00:00,
seller_000648,RI,Providence,Northeast,30862,premium,0.7963,0.5464,True,2024-01-01T00:00:00,
seller_000649,IA,Des Moines,Midwest,11494,growth_seller,0.7189,0.2514,True,2024-01-01T00:00:00,
seller_000650,CA,San Diego,West,55811,high_volume,0.8223,0.2205,True,2024-01-01T00:00:00,
seller_000651,IL,Springfield,Midwest,94975,long_tail,0.9301,0.2642,True,2024-01-01T00:00:00,
seller_000652,IA,Cedar Rapids,Midwest,10055,growth_seller,0.8003,0.4116,True,2024-01-01T00:00:00,
seller_000653,IN,Fort Wayne,Midwest,39236,long_tail,0.949,0.375,True,2024-01-01T00:00:00,
seller_000654,CA,Sacramento,West,13339,long_tail,0.6583,0.2318,True,2024-01-01T00:00:00,
seller_000655,IL,Chicago,Midwest,57343,growth_seller,0.7303,0.2735,True,2024-01-01T00:00:00,
seller_000656,OH,Cleveland,Midwest,70447,long_tail,0.9066,0.4261,True,2024-01-01T00:00:00,
seller_000657,CA,Sacramento,West,15937,long_tail,0.9007,0.2255,True,2024-01-01T00:00:00,
seller_000658,NV,Reno,West,52728,long_tail,0.7861,0.2096,True,2024-01-01T00:00:00,
seller_000659,WA,Seattle,West,38620,long_tail,0.7169,0.4163,True,2024-01-01T00:00:00,
seller_000660,WA,Seattle,West,96831,premium,0.821,0.5099,True,2024-01-01T00:00:00,
seller_000661,OH,Cleveland,Midwest,11559,long_tail,0.9563,0.3753,True,2024-01-01T00:00:00,
seller_000662,TX,Houston,South,77387,long_tail,0.7805,0.3612,True,2024-01-01T00:00:00,
seller_000663,FL,Orlando,South,53638,premium,0.577,0.2313,True,2024-01-01T00:00:00,
seller_000664,NH,Manchester,Northeast,06815,growth_seller,0.8118,0.3742,True,2024-01-01T00:00:00,
seller_000665,NJ,Jersey City,Northeast,17877,long_tail,0.7815,0.2695,True,2024-01-01T00:00:00,
seller_000666,CA,Los Angeles,West,94747,high_volume,0.8693,0.4235,True,2024-01-01T00:00:00,
seller_000667,AL,Montgomery,South,18703,premium,0.6693,0.3364,True,2024-01-01T00:00:00,
seller_000668,NY,Buffalo,Northeast,26178,premium,0.8818,0.4262,True,2024-01-01T00:00:00,
seller_000669,SD,Rapid City,Midwest,26195,premium,0.8148,0.4928,True,2024-01-01T00:00:00,
seller_000670,RI,Warwick,Northeast,43660,long_tail,0.59,0.4411,True,2024-01-01T00:00:00,
seller_000671,NV,Reno,West,07118,long_tail,0.9663,0.3241,True,2024-01-01T00:00:00,
seller_000672,CO,Colorado Springs,West,70663,premium,0.6541,0.4439,True,2024-01-01T00:00:00,
seller_000673,CA,Sacramento,West,14620,premium,0.7867,0.4406,True,2024-01-01T00:00:00,
seller_000674,NJ,Newark,Northeast,98292,growth_seller,0.9036,0.352,True,2024-01-01T00:00:00,
seller_000675,CA,Sacramento,West,70801,long_tail,0.786,0.4355,True,2024-01-01T00:00:00,
seller_000676,CA,Los Angeles,West,88715,premium,0.8741,0.2455,True,2024-01-01T00:00:00,
seller_000677,ND,Bismarck,Midwest,64297,growth_seller,0.916,0.3814,True,2024-01-01T00:00:00,
seller_000678,OH,Cleveland,Midwest,12361,long_tail,0.7406,0.4393,True,2024-01-01T00:00:00,
seller_000679,TX,Houston,South,74323,premium,0.657,0.3787,True,2024-01-01T00:00:00,
seller_000680,FL,Orlando,South,53462,long_tail,0.6557,0.2726,True,2024-01-01T00:00:00,
seller_000681,FL,Orlando,South,38502,high_volume,0.8719,0.3852,True,2024-01-01T00:00:00,
seller_000682,IL,Springfield,Midwest,78408,premium,0.5933,0.4296,True,2024-01-01T00:00:00,
seller_000683,FL,Tampa,South,92165,long_tail,0.7808,0.5061,True,2024-01-01T00:00:00,
seller_000684,NJ,Newark,Northeast,93223,long_tail,0.7266,0.2,True,2024-01-01T00:00:00,
seller_000685,AR,Fayetteville,South,57205,long_tail,0.6548,0.3157,True,2024-01-01T00:00:00,
seller_000686,FL,Orlando,South,83601,long_tail,0.6639,0.2864,True,2024-01-01T00:00:00,
seller_000687,SC,Charleston,South,31312,long_tail,0.7519,0.3766,True,2024-01-01T00:00:00,
seller_000688,CA,Sacramento,West,30456,long_tail,0.601,0.464,True,2024-01-01T00:00:00,
seller_000689,GA,Atlanta,South,11240,premium,0.8829,0.2179,True,2024-01-01T00:00:00,
seller_000690,GA,Atlanta,South,14906,premium,0.9227,0.3916,True,2024-01-01T00:00:00,
seller_000691,AR,Fayetteville,South,49405,long_tail,0.7462,0.2469,True,2024-01-01T00:00:00,
seller_000692,OR,Portland,West,36547,premium,0.5787,0.3104,True,2024-01-01T00:00:00,
seller_000693,TX,Austin,South,81532,high_volume,0.6062,0.3551,True,2024-01-01T00:00:00,
seller_000694,NY,New York,Northeast,55671,premium,0.8578,0.2593,True,2024-01-01T00:00:00,
seller_000695,NJ,Jersey City,Northeast,60166,long_tail,0.6077,0.3285,True,2024-01-01T00:00:00,
seller_000696,LA,New Orleans,South,81710,at_risk,0.8903,0.2791,True,2024-01-01T00:00:00,
seller_000697,NJ,Jersey City,Northeast,28495,long_tail,0.6653,0.3384,True,2024-01-01T00:00:00,
seller_000698,TX,Dallas,South,97486,growth_seller,0.7927,0.2673,True,2024-01-01T00:00:00,
seller_000699,NJ,Jersey City,Northeast,15039,growth_seller,0.879,0.3334,True,2024-01-01T00:00:00,
seller_000700,HI,Hilo,West,45073,long_tail,0.6844,0.2,True,2024-01-01T00:00:00,
seller_000701,MI,Detroit,Midwest,32220,long_tail,0.8365,0.3793,True,2024-01-01T00:00:00,
seller_000702,TX,Austin,South,50807,premium,0.8701,0.2867,True,2024-01-01T00:00:00,
seller_000703,IL,Chicago,Midwest,82789,premium,0.791,0.2997,True,2024-01-01T00:00:00,
seller_000704,NY,Albany,Northeast,89718,at_risk,0.5923,0.3653,True,2024-01-01T00:00:00,
seller_000705,FL,Orlando,South,10723,long_tail,0.832,0.3453,True,2024-01-01T00:00:00,
seller_000706,TX,Dallas,South,72314,growth_seller,0.9301,0.326,True,2024-01-01T00:00:00,
seller_000707,AR,Fayetteville,South,75734,growth_seller,0.6213,0.3188,True,2024-01-01T00:00:00,
seller_000708,NY,New York,Northeast,02679,growth_seller,0.8043,0.2721,True,2024-01-01T00:00:00,
seller_000709,FL,Orlando,South,15441,long_tail,0.8059,0.354,True,2024-01-01T00:00:00,
seller_000710,TX,Austin,South,73283,long_tail,0.9489,0.2107,True,2024-01-01T00:00:00,
seller_000711,CT,Hartford,Northeast,47283,high_volume,0.9384,0.4926,True,2024-01-01T00:00:00,
seller_000712,TX,Dallas,South,18051,long_tail,0.9092,0.3607,True,2024-01-01T00:00:00,
seller_000713,WY,Cheyenne,West,31276,long_tail,0.819,0.3293,True,2024-01-01T00:00:00,
seller_000714,NJ,Newark,Northeast,14442,long_tail,0.9146,0.3574,True,2024-01-01T00:00:00,
seller_000715,CT,New Haven,Northeast,61354,premium,0.6023,0.4939,True,2024-01-01T00:00:00,
seller_000716,FL,Orlando,South,40220,growth_seller,0.5491,0.3882,True,2024-01-01T00:00:00,
seller_000717,TX,Houston,South,85000,long_tail,0.7223,0.3514,True,2024-01-01T00:00:00,
seller_000718,NV,Reno,West,81723,growth_seller,0.8725,0.3723,True,2024-01-01T00:00:00,
seller_000719,TN,Nashville,South,94456,premium,0.8601,0.4181,True,2024-01-01T00:00:00,
seller_000720,NY,Albany,Northeast,36114,premium,0.9177,0.429,True,2024-01-01T00:00:00,
seller_000721,NJ,Jersey City,Northeast,28768,long_tail,0.956,0.39,True,2024-01-01T00:00:00,
seller_000722,MA,Boston,Northeast,91028,premium,0.9257,0.3162,True,2024-01-01T00:00:00,
seller_000723,IL,Chicago,Midwest,62314,long_tail,0.6621,0.2707,True,2024-01-01T00:00:00,
seller_000724,NY,New York,Northeast,83629,growth_seller,0.7531,0.4842,True,2024-01-01T00:00:00,
seller_000725,GA,Atlanta,South,52642,growth_seller,0.6345,0.2677,True,2024-01-01T00:00:00,
seller_000726,OH,Columbus,Midwest,12556,long_tail,0.5003,0.4132,True,2024-01-01T00:00:00,
seller_000727,GA,Atlanta,South,98143,premium,0.629,0.3706,True,2024-01-01T00:00:00,
seller_000728,OK,Oklahoma City,South,20607,growth_seller,0.7135,0.4467,True,2024-01-01T00:00:00,
seller_000729,TN,Nashville,South,90292,high_volume,0.8118,0.5553,True,2024-01-01T00:00:00,
seller_000730,CA,Los Angeles,West,26759,premium,0.8615,0.5067,True,2024-01-01T00:00:00,
seller_000731,KY,Lexington,South,78102,at_risk,0.7215,0.308,True,2024-01-01T00:00:00,
seller_000732,IL,Springfield,Midwest,24945,premium,0.6492,0.4563,True,2024-01-01T00:00:00,
seller_000733,MA,Worcester,Northeast,70256,long_tail,0.8305,0.4515,True,2024-01-01T00:00:00,
seller_000734,WI,Madison,Midwest,52621,long_tail,0.8246,0.3127,True,2024-01-01T00:00:00,
seller_000735,TX,Houston,South,65882,premium,0.7266,0.2,True,2024-01-01T00:00:00,
seller_000736,RI,Warwick,Northeast,18791,long_tail,0.8909,0.3568,True,2024-01-01T00:00:00,
seller_000737,FL,Tampa,South,57934,premium,0.8093,0.3921,True,2024-01-01T00:00:00,
seller_000738,NC,Raleigh,South,50810,long_tail,0.8201,0.3894,True,2024-01-01T00:00:00,
seller_000739,AK,Anchorage,West,72574,long_tail,0.8554,0.4297,True,2024-01-01T00:00:00,
seller_000740,CO,Denver,West,65159,long_tail,0.9095,0.4602,True,2024-01-01T00:00:00,
seller_000741,TX,Dallas,South,02639,long_tail,0.5923,0.4994,True,2024-01-01T00:00:00,
seller_000742,MS,Gulfport,South,71756,at_risk,0.9598,0.3137,True,2024-01-01T00:00:00,
seller_000743,LA,New Orleans,South,50740,long_tail,0.9023,0.4164,True,2024-01-01T00:00:00,
seller_000744,MN,Minneapolis,Midwest,02710,long_tail,0.8676,0.3078,True,2024-01-01T00:00:00,
seller_000745,NJ,Newark,Northeast,81253,long_tail,0.6341,0.2389,True,2024-01-01T00:00:00,
seller_000746,CA,Sacramento,West,84666,premium,0.6097,0.3896,True,2024-01-01T00:00:00,
seller_000747,NY,Buffalo,Northeast,87984,long_tail,0.7909,0.2575,True,2024-01-01T00:00:00,
seller_000748,IA,Des Moines,Midwest,17273,premium,0.8582,0.2,True,2024-01-01T00:00:00,
seller_000749,OH,Cleveland,Midwest,04386,long_tail,0.606,0.2923,True,2024-01-01T00:00:00,
seller_000750,MA,Worcester,Northeast,53459,long_tail,0.8148,0.3136,True,2024-01-01T00:00:00,
seller_000751,FL,Jacksonville,South,22881,high_volume,0.8113,0.326,True,2024-01-01T00:00:00,
seller_000752,MT,Missoula,West,26930,long_tail,0.8082,0.2861,True,2024-01-01T00:00:00,
seller_000753,PA,Pittsburgh,Northeast,32634,growth_seller,0.5994,0.3158,True,2024-01-01T00:00:00,
seller_000754,AK,Anchorage,West,56049,premium,0.7873,0.3793,True,2024-01-01T00:00:00,
seller_000755,IA,Cedar Rapids,Midwest,33226,long_tail,0.5873,0.4785,True,2024-01-01T00:00:00,
seller_000756,WA,Spokane,West,37924,premium,0.7166,0.351,True,2024-01-01T00:00:00,
seller_000757,GA,Atlanta,South,73004,long_tail,0.45,0.2024,True,2024-01-01T00:00:00,
seller_000758,WY,Cheyenne,West,85371,long_tail,0.8568,0.2124,True,2024-01-01T00:00:00,
seller_000759,MN,Duluth,Midwest,62337,premium,0.6833,0.3078,True,2024-01-01T00:00:00,
seller_000760,NJ,Jersey City,Northeast,98886,at_risk,0.5382,0.4603,True,2024-01-01T00:00:00,
seller_000761,NM,Albuquerque,West,56301,growth_seller,0.7195,0.4612,True,2024-01-01T00:00:00,
seller_000762,OH,Cleveland,Midwest,34505,growth_seller,0.8486,0.3067,True,2024-01-01T00:00:00,
seller_000763,GA,Savannah,South,20982,long_tail,0.8437,0.286,True,2024-01-01T00:00:00,
seller_000764,NY,Buffalo,Northeast,51359,growth_seller,0.6651,0.2,True,2024-01-01T00:00:00,
seller_000765,CT,Hartford,Northeast,44512,long_tail,0.7787,0.4997,True,2024-01-01T00:00:00,
seller_000766,HI,Honolulu,West,25565,growth_seller,0.8721,0.2451,True,2024-01-01T00:00:00,
seller_000767,CT,Hartford,Northeast,78169,premium,0.7628,0.3782,True,2024-01-01T00:00:00,
seller_000768,WA,Seattle,West,10337,growth_seller,0.8354,0.2358,True,2024-01-01T00:00:00,
seller_000769,CA,San Diego,West,81780,long_tail,0.8505,0.2885,True,2024-01-01T00:00:00,
seller_000770,NY,New York,Northeast,98491,long_tail,0.9735,0.2924,True,2024-01-01T00:00:00,
seller_000771,CA,Los Angeles,West,38156,long_tail,0.591,0.3543,True,2024-01-01T00:00:00,
seller_000772,IL,Chicago,Midwest,39063,long_tail,0.7176,0.2408,True,2024-01-01T00:00:00,
seller_000773,TX,Houston,South,98316,long_tail,0.7972,0.2921,True,2024-01-01T00:00:00,
seller_000774,FL,Tampa,South,52307,long_tail,0.5889,0.3556,True,2024-01-01T00:00:00,
seller_000775,PA,Philadelphia,Northeast,00799,high_volume,0.613,0.3038,True,2024-01-01T00:00:00,
seller_000776,OR,Portland,West,42890,long_tail,0.9142,0.3822,True,2024-01-01T00:00:00,
seller_000777,TX,Dallas,South,85139,at_risk,0.9323,0.2702,True,2024-01-01T00:00:00,
seller_000778,WA,Seattle,West,89985,long_tail,0.8937,0.5052,True,2024-01-01T00:00:00,
seller_000779,DE,Dover,South,84989,premium,0.7774,0.344,True,2024-01-01T00:00:00,
seller_000780,SC,Columbia,South,67813,premium,0.8662,0.5516,True,2024-01-01T00:00:00,
seller_000781,NJ,Jersey City,Northeast,67143,at_risk,0.5825,0.2044,True,2024-01-01T00:00:00,
seller_000782,TX,Austin,South,94235,long_tail,0.8261,0.2607,True,2024-01-01T00:00:00,
seller_000783,FL,Tampa,South,74576,long_tail,0.7038,0.3515,True,2024-01-01T00:00:00,
seller_000784,NJ,Newark,Northeast,37454,growth_seller,0.8335,0.4507,True,2024-01-01T00:00:00,
seller_000785,NJ,Jersey City,Northeast,43896,at_risk,0.6495,0.3332,True,2024-01-01T00:00:00,
seller_000786,IL,Chicago,Midwest,76100,growth_seller,0.7068,0.4424,True,2024-01-01T00:00:00,
seller_000787,PA,Philadelphia,Northeast,47020,long_tail,0.7175,0.2376,True,2024-01-01T00:00:00,
seller_000788,FL,Orlando,South,17448,growth_seller,0.7633,0.4342,True,2024-01-01T00:00:00,
seller_000789,NY,Albany,Northeast,52969,premium,0.7347,0.3726,True,2024-01-01T00:00:00,
seller_000790,GA,Atlanta,South,29873,premium,0.7836,0.3809,True,2024-01-01T00:00:00,
seller_000791,CA,Los Angeles,West,48885,growth_seller,0.7508,0.4228,True,2024-01-01T00:00:00,
seller_000792,CA,Sacramento,West,76715,long_tail,0.8067,0.3763,True,2024-01-01T00:00:00,
seller_000793,PA,Philadelphia,Northeast,72977,premium,0.5863,0.2352,True,2024-01-01T00:00:00,
seller_000794,OR,Portland,West,70454,premium,0.8718,0.3007,True,2024-01-01T00:00:00,
seller_000795,TX,Houston,South,83258,premium,0.8519,0.4573,True,2024-01-01T00:00:00,
seller_000796,TN,Nashville,South,86507,growth_seller,0.4773,0.4419,True,2024-01-01T00:00:00,
seller_000797,TX,Dallas,South,14814,growth_seller,0.895,0.2593,True,2024-01-01T00:00:00,
seller_000798,PA,Pittsburgh,Northeast,71382,long_tail,0.8397,0.4273,True,2024-01-01T00:00:00,
seller_000799,NM,Santa Fe,West,37668,long_tail,0.8478,0.2613,True,2024-01-01T00:00:00,
seller_000800,NV,Las Vegas,West,67901,high_volume,0.7481,0.5498,True,2024-01-01T00:00:00,
seller_000801,FL,Orlando,South,17288,long_tail,0.7212,0.2541,True,2024-01-01T00:00:00,
seller_000802,SC,Charleston,South,61041,long_tail,0.45,0.4773,True,2024-01-01T00:00:00,
seller_000803,HI,Honolulu,West,64519,long_tail,0.5907,0.4429,True,2024-01-01T00:00:00,
seller_000804,IA,Des Moines,Midwest,47689,long_tail,0.8155,0.3113,True,2024-01-01T00:00:00,
seller_000805,PA,Philadelphia,Northeast,44313,long_tail,0.9549,0.3624,True,2024-01-01T00:00:00,
seller_000806,VA,Virginia Beach,South,81280,premium,0.7496,0.5079,True,2024-01-01T00:00:00,
seller_000807,OH,Columbus,Midwest,03451,long_tail,0.7507,0.4853,True,2024-01-01T00:00:00,
seller_000808,OH,Columbus,Midwest,58109,growth_seller,0.6799,0.3918,True,2024-01-01T00:00:00,
seller_000809,CA,San Diego,West,43866,premium,0.8708,0.3302,True,2024-01-01T00:00:00,
seller_000810,MA,Boston,Northeast,14680,premium,0.6659,0.254,True,2024-01-01T00:00:00,
seller_000811,NH,Manchester,Northeast,42095,premium,0.6363,0.3834,True,2024-01-01T00:00:00,
seller_000812,WA,Spokane,West,46009,premium,0.903,0.4698,True,2024-01-01T00:00:00,
seller_000813,DC,Washington,South,73076,premium,0.7498,0.2756,True,2024-01-01T00:00:00,
seller_000814,MS,Gulfport,South,05342,long_tail,0.6316,0.2551,True,2024-01-01T00:00:00,
seller_000815,HI,Hilo,West,46976,premium,0.7161,0.4736,True,2024-01-01T00:00:00,
seller_000816,IL,Springfield,Midwest,80605,long_tail,0.45,0.4385,True,2024-01-01T00:00:00,
seller_000817,VA,Virginia Beach,South,90336,long_tail,0.5008,0.2636,True,2024-01-01T00:00:00,
seller_000818,FL,Jacksonville,South,50202,at_risk,0.9285,0.4325,True,2024-01-01T00:00:00,
seller_000819,TN,Nashville,South,26688,at_risk,0.9578,0.2445,True,2024-01-01T00:00:00,
seller_000820,TX,Dallas,South,39333,premium,0.7296,0.4271,True,2024-01-01T00:00:00,
seller_000821,IL,Springfield,Midwest,10890,premium,0.9251,0.4499,True,2024-01-01T00:00:00,
seller_000822,PA,Philadelphia,Northeast,02462,long_tail,0.6312,0.2,True,2024-01-01T00:00:00,
seller_000823,ID,Boise,West,38322,long_tail,0.7448,0.2638,True,2024-01-01T00:00:00,
seller_000824,PA,Pittsburgh,Northeast,23309,long_tail,0.8697,0.4302,True,2024-01-01T00:00:00,
seller_000825,IL,Chicago,Midwest,91936,premium,0.5724,0.483,True,2024-01-01T00:00:00,
seller_000826,NY,Buffalo,Northeast,65446,premium,0.6824,0.3322,True,2024-01-01T00:00:00,
seller_000827,OH,Cleveland,Midwest,54335,premium,0.7548,0.3664,True,2024-01-01T00:00:00,
seller_000828,TX,Dallas,South,50499,high_volume,0.7808,0.4228,True,2024-01-01T00:00:00,
seller_000829,TX,Austin,South,63928,premium,0.9474,0.2321,True,2024-01-01T00:00:00,
seller_000830,OH,Cleveland,Midwest,49062,long_tail,0.8945,0.2605,True,2024-01-01T00:00:00,
seller_000831,CA,San Diego,West,28752,long_tail,0.8261,0.4911,True,2024-01-01T00:00:00,
seller_000832,CA,Los Angeles,West,50361,long_tail,0.6647,0.4417,True,2024-01-01T00:00:00,
seller_000833,IL,Springfield,Midwest,58683,long_tail,0.7639,0.2529,True,2024-01-01T00:00:00,
seller_000834,ID,Boise,West,83157,at_risk,0.8497,0.3879,True,2024-01-01T00:00:00,
seller_000835,MI,Detroit,Midwest,49374,long_tail,0.8682,0.5867,True,2024-01-01T00:00:00,
seller_000836,SD,Rapid City,Midwest,82680,at_risk,0.9139,0.3443,True,2024-01-01T00:00:00,
seller_000837,DE,Wilmington,South,35012,premium,0.693,0.4283,True,2024-01-01T00:00:00,
seller_000838,CA,Los Angeles,West,23178,premium,0.6869,0.3958,True,2024-01-01T00:00:00,
seller_000839,FL,Orlando,South,17684,premium,0.7259,0.3641,True,2024-01-01T00:00:00,
seller_000840,GA,Savannah,South,02847,long_tail,0.8984,0.4144,True,2024-01-01T00:00:00,
seller_000841,UT,Provo,West,85216,premium,0.6624,0.548,True,2024-01-01T00:00:00,
seller_000842,FL,Tampa,South,69532,long_tail,0.7677,0.2211,True,2024-01-01T00:00:00,
seller_000843,NJ,Jersey City,Northeast,04607,at_risk,0.8603,0.2677,True,2024-01-01T00:00:00,
seller_000844,FL,Orlando,South,72253,premium,0.6182,0.2682,True,2024-01-01T00:00:00,
seller_000845,NJ,Jersey City,Northeast,57672,long_tail,0.8802,0.5109,True,2024-01-01T00:00:00,
seller_000846,OR,Portland,West,99334,high_volume,0.7493,0.4497,True,2024-01-01T00:00:00,
seller_000847,NJ,Jersey City,Northeast,31677,growth_seller,0.9038,0.2692,True,2024-01-01T00:00:00,
seller_000848,GA,Atlanta,South,51478,premium,0.8078,0.3467,True,2024-01-01T00:00:00,
seller_000849,PA,Pittsburgh,Northeast,91189,at_risk,0.9299,0.3831,True,2024-01-01T00:00:00,
seller_000850,NY,Buffalo,Northeast,39916,premium,0.9168,0.3818,True,2024-01-01T00:00:00,
seller_000851,GA,Savannah,South,85273,at_risk,0.9676,0.4169,True,2024-01-01T00:00:00,
seller_000852,IL,Chicago,Midwest,24681,at_risk,0.7438,0.3979,True,2024-01-01T00:00:00,
seller_000853,SD,Sioux Falls,Midwest,63354,long_tail,0.8732,0.4414,True,2024-01-01T00:00:00,
seller_000854,NY,Buffalo,Northeast,92229,at_risk,0.7962,0.3345,True,2024-01-01T00:00:00,
seller_000855,IL,Chicago,Midwest,93526,premium,0.9253,0.2433,True,2024-01-01T00:00:00,
seller_000856,VT,Burlington,Northeast,57173,at_risk,0.8811,0.3437,True,2024-01-01T00:00:00,
seller_000857,PA,Pittsburgh,Northeast,20070,long_tail,0.8876,0.5099,True,2024-01-01T00:00:00,
seller_000858,TX,Dallas,South,84667,premium,0.943,0.3792,True,2024-01-01T00:00:00,
seller_000859,TX,Houston,South,75886,premium,0.8992,0.2648,True,2024-01-01T00:00:00,
seller_000860,NM,Santa Fe,West,08969,long_tail,0.8913,0.3165,True,2024-01-01T00:00:00,
seller_000861,AR,Fayetteville,South,49468,at_risk,0.7645,0.4435,True,2024-01-01T00:00:00,
seller_000862,NJ,Jersey City,Northeast,00504,long_tail,0.811,0.282,True,2024-01-01T00:00:00,
seller_000863,CA,Los Angeles,West,41824,growth_seller,0.7324,0.3713,True,2024-01-01T00:00:00,
seller_000864,HI,Honolulu,West,05091,high_volume,0.8057,0.7662,True,2024-01-01T00:00:00,
seller_000865,CA,Sacramento,West,02037,premium,0.8836,0.3876,True,2024-01-01T00:00:00,
seller_000866,IL,Chicago,Midwest,64063,growth_seller,0.8583,0.2931,True,2024-01-01T00:00:00,
seller_000867,FL,Tampa,South,59029,growth_seller,0.8471,0.4259,True,2024-01-01T00:00:00,
seller_000868,ND,Bismarck,Midwest,95577,long_tail,0.6535,0.425,True,2024-01-01T00:00:00,
seller_000869,GA,Atlanta,South,69033,long_tail,0.791,0.5378,True,2024-01-01T00:00:00,
seller_000870,CA,Sacramento,West,27577,at_risk,0.7733,0.2542,True,2024-01-01T00:00:00,
seller_000871,KS,Wichita,Midwest,14784,long_tail,0.7705,0.4073,True,2024-01-01T00:00:00,
seller_000872,CA,San Diego,West,28939,premium,0.6394,0.3674,True,2024-01-01T00:00:00,
seller_000873,NY,New York,Northeast,18119,premium,0.8239,0.513,True,2024-01-01T00:00:00,
seller_000874,OK,Oklahoma City,South,28303,long_tail,0.5299,0.2643,True,2024-01-01T00:00:00,
seller_000875,NJ,Jersey City,Northeast,57439,long_tail,0.8512,0.4014,True,2024-01-01T00:00:00,
seller_000876,NJ,Newark,Northeast,38220,premium,0.8463,0.3501,True,2024-01-01T00:00:00,
seller_000877,PA,Pittsburgh,Northeast,59783,at_risk,0.9849,0.3715,True,2024-01-01T00:00:00,
seller_000878,NJ,Newark,Northeast,67556,high_volume,0.6443,0.4685,True,2024-01-01T00:00:00,
seller_000879,TN,Nashville,South,01283,at_risk,0.8824,0.3528,True,2024-01-01T00:00:00,
seller_000880,MA,Worcester,Northeast,79249,premium,0.6436,0.326,True,2024-01-01T00:00:00,
seller_000881,NY,Buffalo,Northeast,55559,long_tail,0.9419,0.3795,True,2024-01-01T00:00:00,
seller_000882,KS,Topeka,Midwest,89447,at_risk,0.986,0.2847,True,2024-01-01T00:00:00,
seller_000883,FL,Orlando,South,68451,long_tail,0.8702,0.423,True,2024-01-01T00:00:00,
seller_000884,GA,Savannah,South,41253,long_tail,0.8674,0.3335,True,2024-01-01T00:00:00,
seller_000885,CA,Sacramento,West,01765,long_tail,0.8763,0.3546,True,2024-01-01T00:00:00,
seller_000886,OH,Cleveland,Midwest,10714,premium,0.6828,0.4001,True,2024-01-01T00:00:00,
seller_000887,GA,Savannah,South,57483,long_tail,0.7398,0.2786,True,2024-01-01T00:00:00,
seller_000888,CA,Sacramento,West,82366,long_tail,0.7408,0.4236,True,2024-01-01T00:00:00,
seller_000889,NH,Manchester,Northeast,41011,growth_seller,0.7578,0.3111,True,2024-01-01T00:00:00,
seller_000890,NE,Lincoln,Midwest,82187,premium,0.9513,0.6142,True,2024-01-01T00:00:00,
seller_000891,FL,Tampa,South,34662,long_tail,0.5843,0.4715,True,2024-01-01T00:00:00,
seller_000892,WV,Morgantown,South,61914,long_tail,0.8853,0.4877,True,2024-01-01T00:00:00,
seller_000893,CO,Colorado Springs,West,05325,high_volume,0.6265,0.3346,True,2024-01-01T00:00:00,
seller_000894,MI,Grand Rapids,Midwest,83664,premium,0.45,0.4265,True,2024-01-01T00:00:00,
seller_000895,NY,Albany,Northeast,77357,growth_seller,0.8712,0.2805,True,2024-01-01T00:00:00,
seller_000896,VA,Virginia Beach,South,37222,growth_seller,0.55,0.3046,True,2024-01-01T00:00:00,
seller_000897,MS,Gulfport,South,68805,premium,0.7726,0.4721,True,2024-01-01T00:00:00,
seller_000898,MS,Gulfport,South,40561,long_tail,0.9304,0.4074,True,2024-01-01T00:00:00,
seller_000899,NJ,Newark,Northeast,47071,growth_seller,0.6692,0.3624,True,2024-01-01T00:00:00,
seller_000900,IL,Chicago,Midwest,23263,long_tail,0.7511,0.4522,True,2024-01-01T00:00:00,
seller_000901,HI,Hilo,West,72181,long_tail,0.8261,0.2185,True,2024-01-01T00:00:00,
seller_000902,AL,Birmingham,South,69768,long_tail,0.7674,0.3775,True,2024-01-01T00:00:00,
seller_000903,PA,Pittsburgh,Northeast,46647,long_tail,0.837,0.3901,True,2024-01-01T00:00:00,
seller_000904,MO,St. Louis,Midwest,16960,premium,0.6332,0.445,True,2024-01-01T00:00:00,
seller_000905,WY,Casper,West,48639,premium,0.9296,0.3081,True,2024-01-01T00:00:00,
seller_000906,NY,Buffalo,Northeast,65529,high_volume,0.9072,0.6509,True,2024-01-01T00:00:00,
seller_000907,WV,Charleston,South,11495,growth_seller,0.9144,0.3104,True,2024-01-01T00:00:00,
seller_000908,TX,Houston,South,60278,long_tail,0.7811,0.2711,True,2024-01-01T00:00:00,
seller_000909,GA,Savannah,South,64011,long_tail,0.9025,0.3552,True,2024-01-01T00:00:00,
seller_000910,CA,Sacramento,West,58762,premium,0.6614,0.4743,True,2024-01-01T00:00:00,
seller_000911,FL,Orlando,South,54437,growth_seller,0.8653,0.2237,True,2024-01-01T00:00:00,
seller_000912,TX,Austin,South,21698,growth_seller,0.6408,0.4566,True,2024-01-01T00:00:00,
seller_000913,PA,Philadelphia,Northeast,06738,high_volume,0.8025,0.5187,True,2024-01-01T00:00:00,
seller_000914,MI,Detroit,Midwest,11743,growth_seller,0.6254,0.3874,True,2024-01-01T00:00:00,
seller_000915,NJ,Jersey City,Northeast,87340,long_tail,0.8121,0.3755,True,2024-01-01T00:00:00,
seller_000916,GA,Savannah,South,44534,premium,0.7004,0.3167,True,2024-01-01T00:00:00,
seller_000917,IL,Chicago,Midwest,63462,at_risk,0.767,0.2863,True,2024-01-01T00:00:00,
seller_000918,TX,Dallas,South,43446,long_tail,0.8333,0.4594,True,2024-01-01T00:00:00,
seller_000919,CA,Sacramento,West,89746,long_tail,0.8567,0.2783,True,2024-01-01T00:00:00,
seller_000920,CA,San Diego,West,76344,growth_seller,0.6799,0.3941,True,2024-01-01T00:00:00,
seller_000921,OH,Cleveland,Midwest,87959,growth_seller,0.7032,0.4769,True,2024-01-01T00:00:00,
seller_000922,SC,Columbia,South,29525,long_tail,0.8009,0.263,True,2024-01-01T00:00:00,
seller_000923,GA,Atlanta,South,45735,at_risk,0.9043,0.301,True,2024-01-01T00:00:00,
seller_000924,FL,Orlando,South,51362,growth_seller,0.6287,0.3557,True,2024-01-01T00:00:00,
seller_000925,PA,Pittsburgh,Northeast,43752,at_risk,0.7691,0.3657,True,2024-01-01T00:00:00,
seller_000926,OK,Oklahoma City,South,81713,premium,0.8485,0.2,True,2024-01-01T00:00:00,
seller_000927,TX,Houston,South,83386,premium,0.8059,0.3376,True,2024-01-01T00:00:00,
seller_000928,MN,Minneapolis,Midwest,86224,premium,0.899,0.3315,True,2024-01-01T00:00:00,
seller_000929,NY,Buffalo,Northeast,13980,premium,0.8929,0.3893,True,2024-01-01T00:00:00,
seller_000930,SD,Sioux Falls,Midwest,74173,growth_seller,0.6615,0.3429,True,2024-01-01T00:00:00,
seller_000931,NJ,Newark,Northeast,87379,premium,0.8759,0.2318,True,2024-01-01T00:00:00,
seller_000932,PA,Pittsburgh,Northeast,93463,premium,0.8097,0.2792,True,2024-01-01T00:00:00,
seller_000933,FL,Jacksonville,South,20033,premium,0.9003,0.3978,True,2024-01-01T00:00:00,
seller_000934,CA,Sacramento,West,60620,long_tail,0.6139,0.3752,True,2024-01-01T00:00:00,
seller_000935,TX,Dallas,South,91328,long_tail,0.8055,0.2,True,2024-01-01T00:00:00,
seller_000936,GA,Savannah,South,86821,premium,0.7339,0.2397,True,2024-01-01T00:00:00,
seller_000937,PA,Pittsburgh,Northeast,37992,premium,0.7244,0.2099,True,2024-01-01T00:00:00,
seller_000938,NY,New York,Northeast,36000,long_tail,0.5531,0.2101,True,2024-01-01T00:00:00,
seller_000939,WA,Seattle,West,30045,long_tail,0.8627,0.2991,True,2024-01-01T00:00:00,
seller_000940,KS,Topeka,Midwest,07191,long_tail,0.7937,0.2,True,2024-01-01T00:00:00,
seller_000941,CA,San Diego,West,05033,growth_seller,0.8288,0.2072,True,2024-01-01T00:00:00,
seller_000942,TX,Houston,South,33712,premium,0.8649,0.3653,True,2024-01-01T00:00:00,
seller_000943,CT,Hartford,Northeast,92015,long_tail,0.8565,0.4286,True,2024-01-01T00:00:00,
seller_000944,TX,Dallas,South,68401,long_tail,0.8927,0.3317,True,2024-01-01T00:00:00,
seller_000945,ND,Bismarck,Midwest,09509,long_tail,0.6925,0.3225,True,2024-01-01T00:00:00,
seller_000946,NY,New York,Northeast,62936,premium,0.866,0.2546,True,2024-01-01T00:00:00,
seller_000947,NJ,Newark,Northeast,16005,at_risk,0.8367,0.2964,True,2024-01-01T00:00:00,
seller_000948,TN,Nashville,South,72908,long_tail,0.7701,0.3891,True,2024-01-01T00:00:00,
seller_000949,IL,Springfield,Midwest,46653,long_tail,0.7424,0.3693,True,2024-01-01T00:00:00,
seller_000950,CA,Los Angeles,West,81433,high_volume,0.9426,0.5663,True,2024-01-01T00:00:00,
seller_000951,TX,Dallas,South,70978,long_tail,0.9604,0.2982,True,2024-01-01T00:00:00,
seller_000952,DC,Washington,South,82997,long_tail,0.7512,0.4417,True,2024-01-01T00:00:00,
seller_000953,FL,Jacksonville,South,63464,long_tail,0.7831,0.3386,True,2024-01-01T00:00:00,
seller_000954,DC,Washington,South,94860,long_tail,0.8109,0.3164,True,2024-01-01T00:00:00,
seller_000955,VA,Virginia Beach,South,02739,long_tail,0.8434,0.3975,True,2024-01-01T00:00:00,
seller_000956,OH,Cleveland,Midwest,13837,growth_seller,0.8681,0.4384,True,2024-01-01T00:00:00,
seller_000957,CA,Los Angeles,West,68043,premium,0.971,0.5017,True,2024-01-01T00:00:00,
seller_000958,IL,Springfield,Midwest,85261,at_risk,0.8137,0.4853,True,2024-01-01T00:00:00,
seller_000959,OH,Cleveland,Midwest,10936,premium,0.8431,0.4465,True,2024-01-01T00:00:00,
seller_000960,TX,Houston,South,63330,long_tail,0.8245,0.4314,True,2024-01-01T00:00:00,
seller_000961,PA,Pittsburgh,Northeast,44886,at_risk,0.8376,0.2407,True,2024-01-01T00:00:00,
seller_000962,MA,Boston,Northeast,41154,premium,0.8366,0.2178,True,2024-01-01T00:00:00,
seller_000963,FL,Tampa,South,07341,growth_seller,0.873,0.3746,True,2024-01-01T00:00:00,
seller_000964,TX,Houston,South,15022,growth_seller,0.5495,0.3959,True,2024-01-01T00:00:00,
seller_000965,NJ,Newark,Northeast,84037,growth_seller,0.7133,0.3585,True,2024-01-01T00:00:00,
seller_000966,FL,Jacksonville,South,12154,long_tail,0.7181,0.4359,True,2024-01-01T00:00:00,
seller_000967,ND,Bismarck,Midwest,52457,long_tail,0.7787,0.4149,True,2024-01-01T00:00:00,
seller_000968,WA,Spokane,West,62314,long_tail,0.9614,0.3617,True,2024-01-01T00:00:00,
seller_000969,TX,Dallas,South,84579,premium,0.8408,0.3917,True,2024-01-01T00:00:00,
seller_000970,CA,Los Angeles,West,17631,long_tail,0.5917,0.3316,True,2024-01-01T00:00:00,
seller_000971,FL,Jacksonville,South,16324,premium,0.7869,0.3178,True,2024-01-01T00:00:00,
seller_000972,HI,Honolulu,West,90617,long_tail,0.7416,0.3204,True,2024-01-01T00:00:00,
seller_000973,NE,Omaha,Midwest,23573,premium,0.8185,0.4581,True,2024-01-01T00:00:00,
seller_000974,NY,New York,Northeast,07746,long_tail,0.8872,0.3415,True,2024-01-01T00:00:00,
seller_000975,TX,Houston,South,61028,premium,0.5471,0.2612,True,2024-01-01T00:00:00,
seller_000976,TX,Dallas,South,42413,premium,0.7495,0.2301,True,2024-01-01T00:00:00,
seller_000977,OH,Cleveland,Midwest,06418,long_tail,0.9441,0.3742,True,2024-01-01T00:00:00,
seller_000978,MI,Grand Rapids,Midwest,53391,at_risk,0.8857,0.353,True,2024-01-01T00:00:00,
seller_000979,FL,Tampa,South,35865,long_tail,0.8552,0.429,True,2024-01-01T00:00:00,
seller_000980,IL,Springfield,Midwest,08712,growth_seller,0.9029,0.334,True,2024-01-01T00:00:00,
seller_000981,GA,Atlanta,South,46330,long_tail,0.7277,0.4119,True,2024-01-01T00:00:00,
seller_000982,NM,Albuquerque,West,03974,long_tail,0.7591,0.2641,True,2024-01-01T00:00:00,
seller_000983,IL,Springfield,Midwest,42123,at_risk,0.7113,0.3372,True,2024-01-01T00:00:00,
seller_000984,CA,San Diego,West,67912,premium,0.8075,0.4418,True,2024-01-01T00:00:00,
seller_000985,FL,Tampa,South,55062,long_tail,0.5671,0.3671,True,2024-01-01T00:00:00,
seller_000986,WV,Morgantown,South,15435,long_tail,0.7268,0.2679,True,2024-01-01T00:00:00,
seller_000987,WA,Seattle,West,09495,premium,0.7285,0.5381,True,2024-01-01T00:00:00,
seller_000988,PA,Pittsburgh,Northeast,02012,long_tail,0.7339,0.5371,True,2024-01-01T00:00:00,
seller_000989,CT,Hartford,Northeast,81294,high_volume,0.8441,0.3808,True,2024-01-01T00:00:00,
seller_000990,OR,Portland,West,80948,premium,0.8181,0.2215,True,2024-01-01T00:00:00,
seller_000991,TX,Houston,South,77883,growth_seller,0.7604,0.2544,True,2024-01-01T00:00:00,
seller_000992,FL,Orlando,South,06821,long_tail,0.8071,0.4368,True,2024-01-01T00:00:00,
seller_000993,OH,Columbus,Midwest,21471,premium,0.89,0.3681,True,2024-01-01T00:00:00,
seller_000994,WI,Madison,Midwest,51953,premium,0.8675,0.3125,True,2024-01-01T00:00:00,
seller_000995,VT,Montpelier,Northeast,29449,long_tail,0.8385,0.257,True,2024-01-01T00:00:00,
seller_000996,TX,Houston,South,37663,long_tail,0.7544,0.2139,True,2024-01-01T00:00:00,
seller_000997,TX,Dallas,South,65498,at_risk,0.7456,0.4333,True,2024-01-01T00:00:00,
seller_000998,TX,Dallas,South,19732,long_tail,0.8509,0.4251,True,2024-01-01T00:00:00,
seller_000999,HI,Hilo,West,72541,premium,0.6809,0.3138,True,2024-01-01T00:00:00,
seller_001000,IL,Chicago,Midwest,84591,long_tail,0.6476,0.4473,True,2024-01-01T00:00:00,
seller_001001,VT,Burlington,Northeast,14558,long_tail,0.762,0.46,True,2024-01-01T00:00:00,
seller_001002,GA,Atlanta,South,66934,premium,0.8114,0.3222,True,2024-01-01T00:00:00,
seller_001003,CA,Sacramento,West,63847,long_tail,0.6256,0.4256,True,2024-01-01T00:00:00,
seller_001004,CA,Los Angeles,West,57247,long_tail,0.8006,0.2698,True,2024-01-01T00:00:00,
seller_001005,MN,Minneapolis,Midwest,86091,long_tail,0.9153,0.2,True,2024-01-01T00:00:00,
seller_001006,KY,Louisville,South,83086,long_tail,0.8306,0.3999,True,2024-01-01T00:00:00,
seller_001007,CA,Los Angeles,West,85218,long_tail,0.7636,0.2768,True,2024-01-01T00:00:00,
seller_001008,ND,Fargo,Midwest,63324,long_tail,0.7654,0.4196,True,2024-01-01T00:00:00,
seller_001009,MN,Duluth,Midwest,11079,at_risk,0.9751,0.3156,True,2024-01-01T00:00:00,
seller_001010,NJ,Jersey City,Northeast,54485,growth_seller,0.9197,0.346,True,2024-01-01T00:00:00,
seller_001011,NM,Albuquerque,West,94409,premium,0.7412,0.4395,True,2024-01-01T00:00:00,
seller_001012,ME,Bangor,Northeast,76184,premium,0.9265,0.3328,True,2024-01-01T00:00:00,
seller_001013,WI,Madison,Midwest,95801,premium,0.7822,0.3585,True,2024-01-01T00:00:00,
seller_001014,AR,Little Rock,South,14149,premium,0.8429,0.3696,True,2024-01-01T00:00:00,
seller_001015,NJ,Newark,Northeast,20219,premium,0.6944,0.5253,True,2024-01-01T00:00:00,
seller_001016,FL,Tampa,South,42700,growth_seller,0.8776,0.487,True,2024-01-01T00:00:00,
seller_001017,CA,Los Angeles,West,14758,premium,0.8442,0.3954,True,2024-01-01T00:00:00,
seller_001018,TX,Dallas,South,03484,premium,0.6853,0.2466,True,2024-01-01T00:00:00,
seller_001019,GA,Savannah,South,19676,long_tail,0.8123,0.3506,True,2024-01-01T00:00:00,
seller_001020,TX,Austin,South,07686,premium,0.804,0.3823,True,2024-01-01T00:00:00,
seller_001021,NJ,Newark,Northeast,71709,long_tail,0.8459,0.4421,True,2024-01-01T00:00:00,
seller_001022,MD,Baltimore,South,96621,growth_seller,0.7061,0.2454,True,2024-01-01T00:00:00,
seller_001023,ID,Idaho Falls,West,71495,growth_seller,0.7726,0.3462,True,2024-01-01T00:00:00,
seller_001024,MN,Duluth,Midwest,20439,growth_seller,0.8833,0.5299,True,2024-01-01T00:00:00,
seller_001025,PA,Pittsburgh,Northeast,43028,premium,0.9613,0.259,True,2024-01-01T00:00:00,
seller_001026,MT,Missoula,West,33135,growth_seller,0.9026,0.3254,True,2024-01-01T00:00:00,
seller_001027,FL,Orlando,South,69411,long_tail,0.7019,0.5363,True,2024-01-01T00:00:00,
seller_001028,VT,Burlington,Northeast,64230,long_tail,0.7407,0.3943,True,2024-01-01T00:00:00,
seller_001029,MA,Worcester,Northeast,87213,long_tail,0.45,0.3156,True,2024-01-01T00:00:00,
seller_001030,PA,Philadelphia,Northeast,30495,long_tail,0.5961,0.3654,True,2024-01-01T00:00:00,
seller_001031,VA,Virginia Beach,South,26334,premium,0.8011,0.3974,True,2024-01-01T00:00:00,
seller_001032,AZ,Tucson,West,92349,growth_seller,0.7357,0.5343,True,2024-01-01T00:00:00,
seller_001033,IA,Des Moines,Midwest,46420,premium,0.6536,0.3391,True,2024-01-01T00:00:00,
seller_001034,MD,Frederick,South,26318,long_tail,0.7992,0.4856,True,2024-01-01T00:00:00,
seller_001035,NV,Reno,West,53006,long_tail,0.6693,0.2645,True,2024-01-01T00:00:00,
seller_001036,WA,Seattle,West,83230,long_tail,0.7982,0.3951,True,2024-01-01T00:00:00,
seller_001037,TX,Houston,South,10754,premium,0.725,0.3071,True,2024-01-01T00:00:00,
seller_001038,CA,Sacramento,West,22872,long_tail,0.8457,0.2415,True,2024-01-01T00:00:00,
seller_001039,LA,New Orleans,South,94285,high_volume,0.7939,0.4037,True,2024-01-01T00:00:00,
seller_001040,IL,Chicago,Midwest,52886,premium,0.8642,0.3572,True,2024-01-01T00:00:00,
seller_001041,GA,Atlanta,South,32805,at_risk,0.9056,0.2246,True,2024-01-01T00:00:00,
seller_001042,CA,San Diego,West,83700,high_volume,0.8327,0.2984,True,2024-01-01T00:00:00,
seller_001043,IL,Springfield,Midwest,78789,premium,0.8261,0.4197,True,2024-01-01T00:00:00,
seller_001044,IL,Chicago,Midwest,83640,long_tail,0.8252,0.3906,True,2024-01-01T00:00:00,
seller_001045,CA,Los Angeles,West,72524,growth_seller,0.8841,0.4644,True,2024-01-01T00:00:00,
seller_001046,FL,Orlando,South,13361,premium,0.9181,0.2302,True,2024-01-01T00:00:00,
seller_001047,CA,Sacramento,West,43932,at_risk,0.9191,0.3685,True,2024-01-01T00:00:00,
seller_001048,IL,Springfield,Midwest,20300,long_tail,0.8616,0.4556,True,2024-01-01T00:00:00,
seller_001049,TX,Houston,South,08832,premium,0.9267,0.23,True,2024-01-01T00:00:00,
seller_001050,CA,San Diego,West,98824,at_risk,0.9051,0.3104,True,2024-01-01T00:00:00,
seller_001051,OK,Oklahoma City,South,03111,long_tail,0.7088,0.3296,True,2024-01-01T00:00:00,
seller_001052,NJ,Newark,Northeast,42817,long_tail,0.8841,0.2662,True,2024-01-01T00:00:00,
seller_001053,NJ,Jersey City,Northeast,01781,at_risk,0.6292,0.3793,True,2024-01-01T00:00:00,
seller_001054,IL,Springfield,Midwest,82161,at_risk,0.7949,0.2331,True,2024-01-01T00:00:00,
seller_001055,VT,Burlington,Northeast,90564,long_tail,0.8161,0.2812,True,2024-01-01T00:00:00,
seller_001056,MO,St. Louis,Midwest,77614,premium,0.8084,0.383,True,2024-01-01T00:00:00,
seller_001057,FL,Jacksonville,South,09453,premium,0.7861,0.2391,True,2024-01-01T00:00:00,
seller_001058,NJ,Newark,Northeast,62535,long_tail,0.9726,0.3003,True,2024-01-01T00:00:00,
seller_001059,CA,San Diego,West,32688,long_tail,0.5674,0.287,True,2024-01-01T00:00:00,
seller_001060,OH,Columbus,Midwest,20548,high_volume,0.8188,0.3894,True,2024-01-01T00:00:00,
seller_001061,LA,New Orleans,South,18747,premium,0.7673,0.4247,True,2024-01-01T00:00:00,
seller_001062,TX,Houston,South,20421,long_tail,0.5125,0.2247,True,2024-01-01T00:00:00,
seller_001063,IL,Springfield,Midwest,99591,long_tail,0.7547,0.3533,True,2024-01-01T00:00:00,
seller_001064,NJ,Jersey City,Northeast,32602,long_tail,0.875,0.5382,True,2024-01-01T00:00:00,
seller_001065,CT,New Haven,Northeast,53981,long_tail,0.7546,0.2384,True,2024-01-01T00:00:00,
seller_001066,KY,Lexington,South,66337,long_tail,0.7345,0.4744,True,2024-01-01T00:00:00,
seller_001067,KY,Louisville,South,88191,premium,0.8924,0.3802,True,2024-01-01T00:00:00,
seller_001068,OR,Eugene,West,15456,high_volume,0.6327,0.3057,True,2024-01-01T00:00:00,
seller_001069,TX,Austin,South,82772,long_tail,0.7662,0.4342,True,2024-01-01T00:00:00,
seller_001070,IN,Indianapolis,Midwest,76490,growth_seller,0.7137,0.597,True,2024-01-01T00:00:00,
seller_001071,TX,Dallas,South,45701,long_tail,0.9684,0.4589,True,2024-01-01T00:00:00,
seller_001072,ME,Bangor,Northeast,40076,at_risk,0.8832,0.2004,True,2024-01-01T00:00:00,
seller_001073,NY,Buffalo,Northeast,54001,at_risk,0.7437,0.2424,True,2024-01-01T00:00:00,
seller_001074,UT,Salt Lake City,West,06533,premium,0.45,0.4527,True,2024-01-01T00:00:00,
seller_001075,NJ,Jersey City,Northeast,22013,at_risk,0.6674,0.2137,True,2024-01-01T00:00:00,
seller_001076,SC,Charleston,South,40608,long_tail,0.8518,0.3555,True,2024-01-01T00:00:00,
seller_001077,OH,Cleveland,Midwest,91745,long_tail,0.8854,0.4673,True,2024-01-01T00:00:00,
seller_001078,VT,Burlington,Northeast,95151,premium,0.5751,0.5406,True,2024-01-01T00:00:00,
seller_001079,IA,Des Moines,Midwest,76755,at_risk,0.6674,0.3547,True,2024-01-01T00:00:00,
seller_001080,VA,Virginia Beach,South,40821,at_risk,0.7629,0.219,True,2024-01-01T00:00:00,
seller_001081,MO,St. Louis,Midwest,75703,long_tail,0.5997,0.43,True,2024-01-01T00:00:00,
seller_001082,NY,New York,Northeast,96816,long_tail,0.8556,0.2,True,2024-01-01T00:00:00,
seller_001083,CO,Colorado Springs,West,13593,long_tail,0.845,0.3766,True,2024-01-01T00:00:00,
seller_001084,PA,Philadelphia,Northeast,74724,long_tail,0.8289,0.2108,True,2024-01-01T00:00:00,
seller_001085,NY,Albany,Northeast,79933,premium,0.7578,0.3783,True,2024-01-01T00:00:00,
seller_001086,PA,Philadelphia,Northeast,61404,growth_seller,0.5225,0.4404,True,2024-01-01T00:00:00,
seller_001087,TX,Austin,South,15373,at_risk,0.5901,0.4358,True,2024-01-01T00:00:00,
seller_001088,MA,Boston,Northeast,12526,long_tail,0.8205,0.3494,True,2024-01-01T00:00:00,
seller_001089,NY,Buffalo,Northeast,30130,premium,0.7547,0.3196,True,2024-01-01T00:00:00,
seller_001090,WV,Charleston,South,91862,growth_seller,0.8612,0.3871,True,2024-01-01T00:00:00,
seller_001091,AR,Fayetteville,South,02858,long_tail,0.8034,0.2,True,2024-01-01T00:00:00,
seller_001092,WA,Spokane,West,38843,premium,0.7122,0.3113,True,2024-01-01T00:00:00,
seller_001093,WI,Milwaukee,Midwest,27144,long_tail,0.6582,0.4214,True,2024-01-01T00:00:00,
seller_001094,AZ,Tucson,West,01683,high_volume,0.8762,0.363,True,2024-01-01T00:00:00,
seller_001095,FL,Tampa,South,48922,long_tail,0.8972,0.3527,True,2024-01-01T00:00:00,
seller_001096,PA,Philadelphia,Northeast,94478,long_tail,0.8876,0.3145,True,2024-01-01T00:00:00,
seller_001097,NY,Buffalo,Northeast,64732,growth_seller,0.8649,0.4254,True,2024-01-01T00:00:00,
seller_001098,CA,San Diego,West,45125,long_tail,0.8175,0.3839,True,2024-01-01T00:00:00,
seller_001099,NH,Concord,Northeast,03088,growth_seller,0.6227,0.3734,True,2024-01-01T00:00:00,
seller_001100,NY,Buffalo,Northeast,86085,long_tail,0.7284,0.2765,True,2024-01-01T00:00:00,
seller_001101,VA,Virginia Beach,South,91568,long_tail,0.8268,0.3737,True,2024-01-01T00:00:00,
seller_001102,CT,Hartford,Northeast,63497,premium,0.8081,0.3791,True,2024-01-01T00:00:00,
seller_001103,NY,New York,Northeast,28845,long_tail,0.7972,0.282,True,2024-01-01T00:00:00,
seller_001104,MN,Duluth,Midwest,17873,premium,0.8784,0.3265,True,2024-01-01T00:00:00,
seller_001105,TX,Austin,South,27628,long_tail,0.827,0.4198,True,2024-01-01T00:00:00,
seller_001106,NY,Albany,Northeast,40947,long_tail,0.7838,0.3795,True,2024-01-01T00:00:00,
seller_001107,VT,Montpelier,Northeast,16995,long_tail,0.7832,0.3292,True,2024-01-01T00:00:00,
seller_001108,TX,Houston,South,64206,long_tail,0.9207,0.2834,True,2024-01-01T00:00:00,
seller_001109,NJ,Jersey City,Northeast,63288,premium,0.8998,0.4552,True,2024-01-01T00:00:00,
seller_001110,MO,St. Louis,Midwest,82245,premium,0.8933,0.2078,True,2024-01-01T00:00:00,
seller_001111,CA,Los Angeles,West,82637,at_risk,0.6414,0.384,True,2024-01-01T00:00:00,
seller_001112,IL,Springfield,Midwest,87877,premium,0.6337,0.383,True,2024-01-01T00:00:00,
seller_001113,FL,Tampa,South,52083,long_tail,0.9466,0.29,True,2024-01-01T00:00:00,
seller_001114,NY,New York,Northeast,66592,growth_seller,0.959,0.3891,True,2024-01-01T00:00:00,
seller_001115,CA,Los Angeles,West,02086,long_tail,0.482,0.273,True,2024-01-01T00:00:00,
seller_001116,NY,Buffalo,Northeast,52868,long_tail,0.9427,0.2,True,2024-01-01T00:00:00,
seller_001117,VA,Richmond,South,86789,premium,0.7369,0.362,True,2024-01-01T00:00:00,
seller_001118,TX,Houston,South,35340,premium,0.5385,0.2,True,2024-01-01T00:00:00,
seller_001119,NJ,Newark,Northeast,71144,premium,0.6489,0.5791,True,2024-01-01T00:00:00,
seller_001120,FL,Jacksonville,South,67407,premium,0.9854,0.3445,True,2024-01-01T00:00:00,
seller_001121,FL,Jacksonville,South,80404,growth_seller,0.9288,0.3186,True,2024-01-01T00:00:00,
seller_001122,CA,Sacramento,West,79606,long_tail,0.7647,0.4883,True,2024-01-01T00:00:00,
seller_001123,OH,Columbus,Midwest,23406,premium,0.7347,0.3184,True,2024-01-01T00:00:00,
seller_001124,PA,Pittsburgh,Northeast,62000,premium,0.7104,0.3365,True,2024-01-01T00:00:00,
seller_001125,NY,Albany,Northeast,32551,premium,0.9149,0.2964,True,2024-01-01T00:00:00,
seller_001126,OH,Cleveland,Midwest,65487,long_tail,0.8004,0.4066,True,2024-01-01T00:00:00,
seller_001127,ND,Bismarck,Midwest,32982,long_tail,0.771,0.2295,True,2024-01-01T00:00:00,
seller_001128,NY,New York,Northeast,32332,growth_seller,0.8569,0.3094,True,2024-01-01T00:00:00,
seller_001129,FL,Tampa,South,86853,long_tail,0.8545,0.3817,True,2024-01-01T00:00:00,
seller_001130,IA,Des Moines,Midwest,39553,long_tail,0.923,0.279,True,2024-01-01T00:00:00,
seller_001131,FL,Orlando,South,52393,premium,0.637,0.3973,True,2024-01-01T00:00:00,
seller_001132,TX,Houston,South,03384,premium,0.4938,0.2921,True,2024-01-01T00:00:00,
seller_001133,WI,Milwaukee,Midwest,25909,growth_seller,0.6786,0.3908,True,2024-01-01T00:00:00,
seller_001134,AL,Montgomery,South,50570,long_tail,0.7907,0.393,True,2024-01-01T00:00:00,
seller_001135,OK,Oklahoma City,South,28088,long_tail,0.7792,0.4171,True,2024-01-01T00:00:00,
seller_001136,RI,Warwick,Northeast,97713,long_tail,0.8034,0.271,True,2024-01-01T00:00:00,
seller_001137,TX,Houston,South,05186,premium,0.7118,0.4155,True,2024-01-01T00:00:00,
seller_001138,FL,Tampa,South,45450,growth_seller,0.7699,0.4131,True,2024-01-01T00:00:00,
seller_001139,NY,Buffalo,Northeast,94694,long_tail,0.6027,0.3203,True,2024-01-01T00:00:00,
seller_001140,CT,Hartford,Northeast,82529,premium,0.7021,0.5281,True,2024-01-01T00:00:00,
seller_001141,KS,Topeka,Midwest,39924,at_risk,0.788,0.3804,True,2024-01-01T00:00:00,
seller_001142,ME,Bangor,Northeast,71933,long_tail,0.9574,0.2455,True,2024-01-01T00:00:00,
seller_001143,TX,Dallas,South,34707,premium,0.8983,0.4482,True,2024-01-01T00:00:00,
seller_001144,PA,Pittsburgh,Northeast,76288,long_tail,0.7428,0.3126,True,2024-01-01T00:00:00,
seller_001145,FL,Jacksonville,South,17072,growth_seller,0.9489,0.2,True,2024-01-01T00:00:00,
seller_001146,PA,Pittsburgh,Northeast,78929,long_tail,0.8797,0.3949,True,2024-01-01T00:00:00,
seller_001147,MD,Frederick,South,67201,long_tail,0.8608,0.2979,True,2024-01-01T00:00:00,
seller_001148,TX,Austin,South,92511,long_tail,0.8106,0.3589,True,2024-01-01T00:00:00,
seller_001149,PA,Pittsburgh,Northeast,68540,premium,0.9546,0.2,True,2024-01-01T00:00:00,
seller_001150,NC,Charlotte,South,50024,long_tail,0.9461,0.3683,True,2024-01-01T00:00:00,
seller_001151,CA,Sacramento,West,72956,premium,0.9457,0.3525,True,2024-01-01T00:00:00,
seller_001152,GA,Atlanta,South,43221,long_tail,0.7929,0.4869,True,2024-01-01T00:00:00,
seller_001153,CA,San Diego,West,33664,growth_seller,0.9226,0.3136,True,2024-01-01T00:00:00,
seller_001154,TX,Austin,South,63513,long_tail,0.7218,0.2627,True,2024-01-01T00:00:00,
seller_001155,NY,New York,Northeast,11227,premium,0.7822,0.395,True,2024-01-01T00:00:00,
seller_001156,FL,Orlando,South,21822,growth_seller,0.7145,0.401,True,2024-01-01T00:00:00,
seller_001157,OH,Columbus,Midwest,05516,premium,0.6079,0.2949,True,2024-01-01T00:00:00,
seller_001158,IA,Des Moines,Midwest,64933,premium,0.9163,0.3276,True,2024-01-01T00:00:00,
seller_001159,ND,Fargo,Midwest,53918,premium,0.9038,0.2835,True,2024-01-01T00:00:00,
seller_001160,CA,San Diego,West,83353,premium,0.7207,0.3803,True,2024-01-01T00:00:00,
seller_001161,TX,Houston,South,42265,long_tail,0.876,0.2,True,2024-01-01T00:00:00,
seller_001162,CA,San Diego,West,12936,at_risk,0.9464,0.5245,True,2024-01-01T00:00:00,
seller_001163,PA,Philadelphia,Northeast,86445,premium,0.7156,0.3961,True,2024-01-01T00:00:00,
seller_001164,CA,Sacramento,West,27712,premium,0.7153,0.4581,True,2024-01-01T00:00:00,
seller_001165,OR,Portland,West,82351,long_tail,0.5586,0.3743,True,2024-01-01T00:00:00,
seller_001166,NV,Reno,West,85825,at_risk,0.7573,0.3421,True,2024-01-01T00:00:00,
seller_001167,AK,Anchorage,West,40258,long_tail,0.6911,0.2578,True,2024-01-01T00:00:00,
seller_001168,NJ,Newark,Northeast,06378,long_tail,0.624,0.475,True,2024-01-01T00:00:00,
seller_001169,CA,Los Angeles,West,33690,at_risk,0.9416,0.5119,True,2024-01-01T00:00:00,
seller_001170,SC,Columbia,South,50934,long_tail,0.5701,0.2663,True,2024-01-01T00:00:00,
seller_001171,NV,Las Vegas,West,01948,at_risk,0.8479,0.3953,True,2024-01-01T00:00:00,
seller_001172,NJ,Jersey City,Northeast,13360,long_tail,0.9744,0.2323,True,2024-01-01T00:00:00,
seller_001173,IA,Cedar Rapids,Midwest,63004,premium,0.7546,0.3334,True,2024-01-01T00:00:00,
seller_001174,OK,Oklahoma City,South,88303,long_tail,0.8758,0.2,True,2024-01-01T00:00:00,
seller_001175,GA,Atlanta,South,49154,premium,0.9613,0.3508,True,2024-01-01T00:00:00,
seller_001176,FL,Tampa,South,90227,premium,0.7439,0.4219,True,2024-01-01T00:00:00,
seller_001177,CA,San Diego,West,40962,premium,0.6954,0.3722,True,2024-01-01T00:00:00,
seller_001178,CA,San Diego,West,97243,at_risk,0.5679,0.4191,True,2024-01-01T00:00:00,
seller_001179,AK,Anchorage,West,83111,long_tail,0.809,0.2901,True,2024-01-01T00:00:00,
seller_001180,NC,Charlotte,South,21454,long_tail,0.8072,0.289,True,2024-01-01T00:00:00,
seller_001181,NJ,Jersey City,Northeast,47561,at_risk,0.7434,0.407,True,2024-01-01T00:00:00,
seller_001182,OH,Columbus,Midwest,72108,long_tail,0.8229,0.3279,True,2024-01-01T00:00:00,
seller_001183,CO,Denver,West,27409,premium,0.7702,0.495,True,2024-01-01T00:00:00,
seller_001184,NY,Albany,Northeast,81386,long_tail,0.8746,0.3657,True,2024-01-01T00:00:00,
seller_001185,GA,Savannah,South,56654,long_tail,0.9363,0.248,True,2024-01-01T00:00:00,
seller_001186,ME,Bangor,Northeast,43000,high_volume,0.9474,0.3833,True,2024-01-01T00:00:00,
seller_001187,HI,Hilo,West,69825,at_risk,0.8657,0.3425,True,2024-01-01T00:00:00,
seller_001188,HI,Honolulu,West,27854,growth_seller,0.682,0.4292,True,2024-01-01T00:00:00,
seller_001189,CA,San Diego,West,85493,long_tail,0.6647,0.3883,True,2024-01-01T00:00:00,
seller_001190,CA,Los Angeles,West,82639,long_tail,0.8457,0.3697,True,2024-01-01T00:00:00,
seller_001191,CA,San Diego,West,63976,premium,0.7582,0.4787,True,2024-01-01T00:00:00,
seller_001192,OH,Cleveland,Midwest,43606,at_risk,0.829,0.4305,True,2024-01-01T00:00:00,
seller_001193,GA,Savannah,South,48568,at_risk,0.7992,0.3373,True,2024-01-01T00:00:00,
seller_001194,GA,Atlanta,South,18259,premium,0.5499,0.3317,True,2024-01-01T00:00:00,
seller_001195,NY,Buffalo,Northeast,62365,long_tail,0.9168,0.2479,True,2024-01-01T00:00:00,
seller_001196,CA,San Diego,West,51594,long_tail,0.7423,0.5514,True,2024-01-01T00:00:00,
seller_001197,IN,Indianapolis,Midwest,07239,premium,0.9364,0.3404,True,2024-01-01T00:00:00,
seller_001198,OR,Portland,West,36840,long_tail,0.7067,0.2174,True,2024-01-01T00:00:00,
seller_001199,NY,Albany,Northeast,20869,at_risk,0.6414,0.3431,True,2024-01-01T00:00:00,
seller_001200,CA,Los Angeles,West,84291,long_tail,0.8807,0.2646,True,2024-01-01T00:00:00,
