order_id,seller_state,customer_state,seller_region,customer_region,shipping_distance_band,shipping_zone,estimated_delivery_days,actual_delivery_days,delivery_delay_days,late_delivery_flag,shipping_cost_usd,scenario_name
order_0000001,NY,PA,Northeast,Northeast,same_region,zone_2,7,7.0,0.0,False,12.78,baseline
order_0000002,PA,MI,Northeast,Midwest,cross_region,zone_3,9,8.0,0.0,False,8.69,baseline
order_0000003,AZ,OH,West,Midwest,cross_region,zone_3,9,,,False,24.9,baseline
order_0000004,MD,KS,South,Midwest,cross_region,zone_3,9,9.0,0.0,False,9.43,baseline
order_0000005,CA,CA,West,West,same_state,zone_1,5,4.0,0.0,False,4.44,baseline
order_0000006,HI,AZ,West,West,same_region,zone_2,7,7.0,0.0,False,16.22,baseline
order_0000007,ID,LA,West,South,cross_region,zone_3,9,9.0,0.0,False,8.42,baseline
order_0000008,NH,KS,Northeast,Midwest,cross_region,zone_3,9,9.0,0.0,False,7.9,baseline
order_0000009,PA,AR,Northeast,South,cross_region,zone_3,9,10.0,1.0,True,8.03,baseline
order_0000010,FL,TX,South,South,same_region,zone_2,7,7.0,0.0,False,10.91,baseline
order_0000011,AL,NC,South,South,same_region,zone_2,7,7.0,0.0,False,7.48,baseline
order_0000012,WA,CA,West,West,same_region,zone_2,8,,,False,5.48,baseline
order_0000013,LA,CA,South,West,cross_region,zone_3,9,9.0,0.0,False,32.13,baseline
order_0000014,CA,GA,West,South,cross_region,zone_3,9,9.0,0.0,False,10.09,baseline
order_0000015,IA,MS,Midwest,South,cross_region,zone_3,9,8.0,0.0,False,17.22,baseline
order_0000016,TX,DC,South,South,same_region,zone_2,7,12.0,5.0,True,11.03,baseline
order_0000017,IA,IL,Midwest,Midwest,same_region,zone_2,8,10.0,2.0,True,6.76,baseline
order_0000018,NJ,NY,Northeast,Northeast,same_region,zone_2,7,7.0,0.0,False,7.21,baseline
order_0000019,GA,NY,South,Northeast,cross_region,zone_3,9,9.0,0.0,False,9.16,baseline
order_0000020,HI,TX,West,South,remote,zone_4,13,13.0,0.0,False,29.6,baseline
order_0000021,PA,TX,Northeast,South,cross_region,zone_3,9,9.0,0.0,False,8.05,baseline
order_0000022,GA,CA,South,West,cross_region,zone_3,8,7.0,0.0,False,37.07,baseline
order_0000023,PA,IL,Northeast,Midwest,cross_region,zone_3,8,8.0,0.0,False,33.94,baseline
order_0000024,CA,CA,West,West,same_state,zone_1,5,4.0,0.0,False,12.49,baseline
order_0000025,TX,AZ,South,West,cross_region,zone_3,9,14.0,5.0,True,43.9,baseline
order_0000026,FL,CA,South,West,cross_region,zone_3,10,9.0,0.0,False,27.91,baseline
order_0000027,CA,OR,West,West,same_region,zone_2,7,6.0,0.0,False,15.16,baseline
order_0000028,OR,TX,West,South,cross_region,zone_3,9,9.0,0.0,False,34.54,baseline
order_0000029,MS,MI,South,Midwest,cross_region,zone_3,8,7.0,0.0,False,17.1,baseline
order_0000030,FL,KY,South,South,same_region,zone_2,7,,,False,4.88,baseline
order_0000031,NJ,AK,Northeast,West,remote,zone_4,12,13.0,1.0,True,39.82,baseline
order_0000032,CA,SD,West,Midwest,cross_region,zone_3,9,9.0,0.0,False,8.14,baseline
order_0000033,NY,CA,Northeast,West,cross_region,zone_3,9,9.0,0.0,False,8.1,baseline
order_0000034,WV,HI,South,West,remote,zone_4,12,12.0,0.0,False,69.07,baseline
order_0000035,CT,SD,Northeast,Midwest,cross_region,zone_3,9,9.0,0.0,False,24.28,baseline
order_0000036,TX,CA,South,West,cross_region,zone_3,10,9.0,0.0,False,9.36,baseline
order_0000037,NV,OH,West,Midwest,cross_region,zone_3,9,9.0,0.0,False,53.01,baseline
order_0000038,ME,NC,Northeast,South,cross_region,zone_3,9,9.0,0.0,False,25.2,baseline
order_0000039,NY,FL,Northeast,South,cross_region,zone_3,9,9.0,0.0,False,8.29,baseline
order_0000040,OH,IL,Midwest,Midwest,same_region,zone_2,7,7.0,0.0,False,6.58,baseline
order_0000041,SD,IL,Midwest,Midwest,same_region,zone_2,7,7.0,0.0,False,5.61,baseline
order_0000042,NY,OR,Northeast,West,cross_region,zone_3,10,15.0,5.0,True,18.73,baseline
order_0000043,NY,MT,Northeast,West,cross_region,zone_3,9,9.0,0.0,False,19.08,baseline
order_0000044,NJ,MI,Northeast,Midwest,cross_region,zone_3,9,8.0,0.0,False,7.69,baseline
order_0000045,MA,WV,Northeast,South,cross_region,zone_3,9,9.0,0.0,False,9.04,baseline
order_0000046,HI,TX,West,South,remote,zone_4,11,10.0,0.0,False,45.05,baseline
order_0000047,NJ,ND,Northeast,Midwest,cross_region,zone_3,9,,,False,8.7,baseline
order_0000048,NH,GA,Northeast,South,cross_region,zone_3,10,10.0,0.0,False,8.34,baseline
order_0000049,CA,OH,West,Midwest,cross_region,zone_3,10,9.0,0.0,False,9.41,baseline
order_0000050,TX,NY,South,Northeast,cross_region,zone_3,9,8.0,0.0,False,7.91,baseline
order_0000051,NH,CO,Northeast,West,cross_region,zone_3,10,10.0,0.0,False,7.74,baseline
order_0000052,KY,PA,South,Northeast,cross_region,zone_3,10,10.0,0.0,False,26.57,baseline
order_0000053,LA,GA,South,South,same_region,zone_2,8,,,False,6.67,baseline
order_0000054,NJ,MI,Northeast,Midwest,cross_region,zone_3,9,11.0,2.0,True,16.37,baseline
order_0000055,MO,IL,Midwest,Midwest,same_region,zone_2,7,8.0,1.0,True,12.86,baseline
order_0000056,FL,CA,South,West,cross_region,zone_3,9,9.0,0.0,False,16.82,baseline
order_0000057,IN,DE,Midwest,South,cross_region,zone_3,9,10.0,1.0,True,29.77,baseline
order_0000058,TX,MI,South,Midwest,cross_region,zone_3,9,11.0,2.0,True,33.88,baseline
order_0000059,CA,CT,West,Northeast,cross_region,zone_3,9,10.0,1.0,True,19.77,baseline
order_0000060,OH,PA,Midwest,Northeast,cross_region,zone_3,9,8.0,0.0,False,8.14,baseline
order_0000061,DC,MS,South,South,same_region,zone_2,7,7.0,0.0,False,6.41,baseline
order_0000062,NJ,NC,Northeast,South,cross_region,zone_3,9,9.0,0.0,False,8.23,baseline
order_0000063,CA,FL,West,South,cross_region,zone_3,9,9.0,0.0,False,7.95,baseline
order_0000064,TX,NC,South,South,same_region,zone_2,7,6.0,0.0,False,6.77,baseline
order_0000065,TX,AZ,South,West,cross_region,zone_3,9,,,False,17.0,baseline
order_0000066,WA,AL,West,South,cross_region,zone_3,8,8.0,0.0,False,9.9,baseline
order_0000067,OH,PA,Midwest,Northeast,cross_region,zone_3,10,9.0,0.0,False,20.37,baseline
order_0000068,MO,OK,Midwest,South,cross_region,zone_3,9,8.0,0.0,False,8.64,baseline
order_0000069,CA,NY,West,Northeast,cross_region,zone_3,9,9.0,0.0,False,16.39,baseline
order_0000070,SC,FL,South,South,same_region,zone_2,7,7.0,0.0,False,8.08,baseline
order_0000071,CA,FL,West,South,cross_region,zone_3,10,10.0,0.0,False,9.13,baseline
order_0000072,IL,FL,Midwest,South,cross_region,zone_3,9,8.0,0.0,False,9.3,baseline
order_0000073,NY,FL,Northeast,South,cross_region,zone_3,8,7.0,0.0,False,8.29,baseline
order_0000074,OH,TX,Midwest,South,cross_region,zone_3,9,9.0,0.0,False,7.94,baseline
order_0000075,HI,NY,West,Northeast,remote,zone_4,12,11.0,0.0,False,22.42,baseline
order_0000076,WV,NY,South,Northeast,cross_region,zone_3,9,9.0,0.0,False,9.2,baseline
order_0000077,ID,ND,West,Midwest,cross_region,zone_3,9,9.0,0.0,False,35.68,baseline
order_0000078,NV,CA,West,West,same_region,zone_2,6,8.0,2.0,True,12.98,baseline
order_0000079,CA,OK,West,South,cross_region,zone_3,10,12.0,2.0,True,21.25,baseline
order_0000080,NV,MN,West,Midwest,cross_region,zone_3,10,10.0,0.0,False,26.01,baseline
order_0000081,CA,NY,West,Northeast,cross_region,zone_3,9,8.0,0.0,False,17.18,baseline
order_0000082,DE,IL,South,Midwest,cross_region,zone_3,9,9.0,0.0,False,28.53,baseline
order_0000083,WA,PA,West,Northeast,cross_region,zone_3,8,8.0,0.0,False,19.5,baseline
order_0000084,FL,CA,South,West,cross_region,zone_3,9,9.0,0.0,False,11.02,baseline
order_0000085,NY,FL,Northeast,South,cross_region,zone_3,8,8.0,0.0,False,10.65,baseline
order_0000086,TX,CA,South,West,cross_region,zone_3,9,8.0,0.0,False,9.97,baseline
order_0000087,TX,OR,South,West,cross_region,zone_3,9,9.0,0.0,False,41.48,baseline
order_0000088,CO,NV,West,West,same_region,zone_2,7,6.0,0.0,False,11.63,baseline
order_0000089,KY,WA,South,West,cross_region,zone_3,9,9.0,0.0,False,15.99,baseline
order_0000090,KY,CA,South,West,cross_region,zone_3,10,10.0,0.0,False,8.38,baseline
order_0000091,VA,TN,South,South,same_region,zone_2,7,6.0,0.0,False,5.24,baseline
order_0000092,WA,NY,West,Northeast,cross_region,zone_3,8,8.0,0.0,False,16.82,baseline
order_0000093,FL,FL,South,South,same_state,zone_1,5,4.0,0.0,False,3.76,baseline
order_0000094,MD,NC,South,South,same_region,zone_2,8,8.0,0.0,False,7.94,baseline
order_0000095,MD,TX,South,South,same_region,zone_2,7,7.0,0.0,False,5.76,baseline
order_0000096,MN,PA,Midwest,Northeast,cross_region,zone_3,9,11.0,2.0,True,7.81,baseline
order_0000097,TX,FL,South,South,same_region,zone_2,7,7.0,0.0,False,12.84,baseline
order_0000098,IL,CA,Midwest,West,cross_region,zone_3,9,9.0,0.0,False,14.97,baseline
order_0000099,HI,NE,West,Midwest,remote,zone_4,12,13.0,1.0,True,18.56,baseline
order_0000100,WI,TX,Midwest,South,cross_region,zone_3,10,10.0,0.0,False,9.55,baseline
order_0000101,GA,FL,South,South,same_region,zone_2,7,7.0,0.0,False,5.39,baseline
order_0000102,IL,WA,Midwest,West,cross_region,zone_3,9,9.0,0.0,False,48.93,baseline
order_0000103,NY,NM,Northeast,West,cross_region,zone_3,10,9.0,0.0,False,19.36,baseline
order_0000104,NM,CA,West,West,same_region,zone_2,7,6.0,0.0,False,10.36,baseline
order_0000105,OR,MI,West,Midwest,cross_region,zone_3,9,10.0,1.0,True,25.61,baseline
order_0000106,OR,NY,West,Northeast,cross_region,zone_3,10,,,False,19.51,baseline
order_0000107,CA,SD,West,Midwest,cross_region,zone_3,9,13.0,4.0,True,15.23,baseline
order_0000108,IL,TX,Midwest,South,cross_region,zone_3,10,12.0,2.0,True,19.12,baseline
order_0000109,LA,NC,South,South,same_region,zone_2,8,8.0,0.0,False,7.92,baseline
order_0000110,TX,FL,South,South,same_region,zone_2,7,7.0,0.0,False,5.93,baseline
order_0000111,MI,GA,Midwest,South,cross_region,zone_3,8,8.0,0.0,False,21.77,baseline
order_0000112,FL,MN,South,Midwest,cross_region,zone_3,9,9.0,0.0,False,18.31,baseline
order_0000113,WV,DC,South,South,same_region,zone_2,7,6.0,0.0,False,5.35,baseline
order_0000114,HI,OH,West,Midwest,remote,zone_4,11,11.0,0.0,False,12.75,baseline
order_0000115,PA,NC,Northeast,South,cross_region,zone_3,9,8.0,0.0,False,15.56,baseline
order_0000116,CA,RI,West,Northeast,cross_region,zone_3,9,8.0,0.0,False,43.32,baseline
order_0000117,TX,KS,South,Midwest,cross_region,zone_3,9,9.0,0.0,False,9.32,baseline
order_0000118,CA,CA,West,West,same_state,zone_1,5,5.0,0.0,False,4.07,baseline
order_0000119,HI,FL,West,South,remote,zone_4,11,16.0,5.0,True,53.32,baseline
order_0000120,NY,VA,Northeast,South,cross_region,zone_3,9,8.0,0.0,False,8.98,baseline
order_0000121,FL,FL,South,South,same_state,zone_1,5,4.0,0.0,False,20.48,baseline
order_0000122,CA,MI,West,Midwest,cross_region,zone_3,9,9.0,0.0,False,11.19,baseline
order_0000123,PA,NC,Northeast,South,cross_region,zone_3,9,9.0,0.0,False,10.16,baseline
order_0000124,WA,NE,West,Midwest,cross_region,zone_3,9,9.0,0.0,False,9.0,baseline
order_0000125,FL,UT,South,West,cross_region,zone_3,9,8.0,0.0,False,8.13,baseline
order_0000126,AR,NC,South,South,same_region,zone_2,7,7.0,0.0,False,6.62,baseline
order_0000127,FL,IL,South,Midwest,cross_region,zone_3,9,9.0,0.0,False,7.62,baseline
order_0000128,NC,CA,South,West,cross_region,zone_3,9,11.0,2.0,True,19.67,baseline
order_0000129,HI,FL,West,South,remote,zone_4,12,12.0,0.0,False,14.3,baseline
order_0000130,OH,RI,Midwest,Northeast,cross_region,zone_3,9,9.0,0.0,False,44.34,baseline
order_0000131,TN,TX,South,South,same_region,zone_2,7,7.0,0.0,False,6.74,baseline
order_0000132,IN,CA,Midwest,West,cross_region,zone_3,9,8.0,0.0,False,16.86,baseline
order_0000133,FL,FL,South,South,same_state,zone_1,5,4.0,0.0,False,17.79,baseline
order_0000134,TN,VT,South,Northeast,cross_region,zone_3,9,9.0,0.0,False,16.45,baseline
order_0000135,CA,CT,West,Northeast,cross_region,zone_3,10,10.0,0.0,False,17.29,baseline
order_0000136,PA,RI,Northeast,Northeast,same_region,zone_2,8,8.0,0.0,False,11.46,baseline
order_0000137,NJ,OH,Northeast,Midwest,cross_region,zone_3,9,8.0,0.0,False,8.72,baseline
order_0000138,AL,DE,South,South,same_region,zone_2,7,7.0,0.0,False,16.63,baseline
order_0000139,LA,PA,South,Northeast,cross_region,zone_3,8,8.0,0.0,False,8.4,baseline
order_0000140,NC,SC,South,South,same_region,zone_2,7,7.0,0.0,False,14.14,baseline
order_0000141,NJ,SD,Northeast,Midwest,cross_region,zone_3,10,10.0,0.0,False,9.24,baseline
order_0000142,FL,MI,South,Midwest,cross_region,zone_3,10,10.0,0.0,False,8.78,baseline
order_0000143,TX,NV,South,West,cross_region,zone_3,9,9.0,0.0,False,8.21,baseline
order_0000144,WA,MI,West,Midwest,cross_region,zone_3,9,9.0,0.0,False,44.74,baseline
order_0000145,FL,NH,South,Northeast,cross_region,zone_3,9,8.0,0.0,False,7.97,baseline
order_0000146,IL,OK,Midwest,South,cross_region,zone_3,8,12.0,4.0,True,11.52,baseline
order_0000147,MA,OH,Northeast,Midwest,cross_region,zone_3,9,9.0,0.0,False,8.15,baseline
order_0000148,NJ,DC,Northeast,South,cross_region,zone_3,9,9.0,0.0,False,7.83,baseline
order_0000149,TX,NY,South,Northeast,cross_region,zone_3,9,9.0,0.0,False,16.27,baseline
order_0000150,GA,CA,South,West,cross_region,zone_3,10,10.0,0.0,False,8.64,baseline
order_0000151,CA,CA,West,West,same_state,zone_1,6,,,False,16.4,baseline
order_0000152,PA,CA,Northeast,West,cross_region,zone_3,9,,,False,7.92,baseline
order_0000153,OR,CA,West,West,same_region,zone_2,8,7.0,0.0,False,12.15,baseline
order_0000154,AL,AR,South,South,same_region,zone_2,7,6.0,0.0,False,11.22,baseline
order_0000155,TX,NH,South,Northeast,cross_region,zone_3,10,10.0,0.0,False,23.39,baseline
order_0000156,PA,TX,Northeast,South,cross_region,zone_3,10,14.0,4.0,True,8.91,baseline
order_0000157,OR,AK,West,West,same_region,zone_2,7,7.0,0.0,False,31.12,baseline
order_0000158,AL,NH,South,Northeast,cross_region,zone_3,10,10.0,0.0,False,9.19,baseline
order_0000159,PA,MI,Northeast,Midwest,cross_region,zone_3,9,9.0,0.0,False,8.29,baseline
order_0000160,IL,IL,Midwest,Midwest,same_state,zone_1,6,6.0,0.0,False,4.42,baseline
order_0000161,ID,NH,West,Northeast,cross_region,zone_3,9,,,False,8.35,baseline
order_0000162,TN,GA,South,South,same_region,zone_2,7,6.0,0.0,False,13.61,baseline
order_0000163,NJ,KY,Northeast,South,cross_region,zone_3,9,9.0,0.0,False,8.82,baseline
order_0000164,IL,WY,Midwest,West,cross_region,zone_3,8,8.0,0.0,False,8.08,baseline
order_0000165,CA,TX,West,South,cross_region,zone_3,9,9.0,0.0,False,17.04,baseline
order_0000166,NJ,OH,Northeast,Midwest,cross_region,zone_3,9,9.0,0.0,False,25.29,baseline
order_0000167,CA,SC,West,South,cross_region,zone_3,9,9.0,0.0,False,17.42,baseline
order_0000168,MA,OH,Northeast,Midwest,cross_region,zone_3,9,11.0,2.0,True,15.17,baseline
order_0000169,TN,CA,South,West,cross_region,zone_3,9,9.0,0.0,False,8.96,baseline
order_0000170,WV,AZ,South,West,cross_region,zone_3,9,9.0,0.0,False,18.32,baseline
order_0000171,CA,UT,West,West,same_region,zone_2,7,7.0,0.0,False,14.24,baseline
order_0000172,AR,MS,South,South,same_region,zone_2,7,7.0,0.0,False,6.22,baseline
order_0000173,AK,MN,West,Midwest,remote,zone_4,12,11.0,0.0,False,15.71,baseline
order_0000174,NV,MI,West,Midwest,cross_region,zone_3,9,9.0,0.0,False,15.96,baseline
order_0000175,CA,CO,West,West,same_region,zone_2,7,7.0,0.0,False,7.36,baseline
order_0000176,SD,NV,Midwest,West,cross_region,zone_3,10,10.0,0.0,False,8.54,baseline
order_0000177,TX,IL,South,Midwest,cross_region,zone_3,9,11.0,2.0,True,19.33,baseline
order_0000178,SC,TX,South,South,same_region,zone_2,7,,,False,7.95,baseline
order_0000179,IL,TX,Midwest,South,cross_region,zone_3,8,8.0,0.0,False,8.37,baseline
order_0000180,FL,LA,South,South,same_region,zone_2,7,7.0,0.0,False,6.29,baseline
order_0000181,SC,IN,South,Midwest,cross_region,zone_3,8,8.0,0.0,False,9.66,baseline
order_0000182,KS,MS,Midwest,South,cross_region,zone_3,9,13.0,4.0,True,9.08,baseline
order_0000183,SC,NC,South,South,same_region,zone_2,7,7.0,0.0,False,5.05,baseline
order_0000184,MO,AK,Midwest,West,remote,zone_4,12,12.0,0.0,False,46.86,baseline
order_0000185,OR,IL,West,Midwest,cross_region,zone_3,9,8.0,0.0,False,19.14,baseline
order_0000186,NJ,NH,Northeast,Northeast,same_region,zone_2,6,8.0,2.0,True,17.3,baseline
order_0000187,IL,SC,Midwest,South,cross_region,zone_3,8,8.0,0.0,False,10.92,baseline
order_0000188,FL,GA,South,South,same_region,zone_2,6,6.0,0.0,False,17.0,baseline
order_0000189,MS,CA,South,West,cross_region,zone_3,8,8.0,0.0,False,37.11,baseline
order_0000190,CA,DE,West,South,cross_region,zone_3,9,9.0,0.0,False,15.11,baseline
order_0000191,FL,CO,South,West,cross_region,zone_3,9,9.0,0.0,False,8.8,baseline
order_0000192,WA,TX,West,South,cross_region,zone_3,9,9.0,0.0,False,32.26,baseline
order_0000193,AZ,NJ,West,Northeast,cross_region,zone_3,9,9.0,0.0,False,16.5,baseline
order_0000194,HI,IL,West,Midwest,remote,zone_4,11,10.0,0.0,False,42.62,baseline
order_0000195,GA,CA,South,West,cross_region,zone_3,9,8.0,0.0,False,9.77,baseline
order_0000196,IL,NY,Midwest,Northeast,cross_region,zone_3,10,10.0,0.0,False,16.84,baseline
order_0000197,NY,WY,Northeast,West,cross_region,zone_3,9,9.0,0.0,False,8.13,baseline
order_0000198,IL,AL,Midwest,South,cross_region,zone_3,10,10.0,0.0,False,26.8,baseline
order_0000199,TX,FL,South,South,same_region,zone_2,7,7.0,0.0,False,10.39,baseline
order_0000200,FL,TN,South,South,same_region,zone_2,7,6.0,0.0,False,7.87,baseline
order_0000201,IL,GA,Midwest,South,cross_region,zone_3,9,,,False,8.11,baseline
order_0000202,FL,CA,South,West,cross_region,zone_3,9,,,False,13.35,baseline
order_0000203,FL,IL,South,Midwest,cross_region,zone_3,8,12.0,4.0,True,8.65,baseline
order_0000204,MO,TX,Midwest,South,cross_region,zone_3,9,9.0,0.0,False,7.46,baseline
order_0000205,NY,KY,Northeast,South,cross_region,zone_3,9,9.0,0.0,False,56.98,baseline
order_0000206,CA,FL,West,South,cross_region,zone_3,8,8.0,0.0,False,7.95,baseline
order_0000207,WA,IL,West,Midwest,cross_region,zone_3,9,14.0,5.0,True,16.12,baseline
order_0000208,MA,VA,Northeast,South,cross_region,zone_3,9,,,False,8.15,baseline
order_0000209,NJ,NE,Northeast,Midwest,cross_region,zone_3,9,9.0,0.0,False,15.76,baseline
order_0000210,NM,HI,West,West,same_region,zone_2,7,7.0,0.0,False,29.15,baseline
order_0000211,AR,GA,South,South,same_region,zone_2,7,8.0,1.0,True,6.56,baseline
order_0000212,NY,DE,Northeast,South,cross_region,zone_3,9,8.0,0.0,False,9.1,baseline
order_0000213,CA,UT,West,West,same_region,zone_2,7,7.0,0.0,False,7.34,baseline
order_0000214,ID,OH,West,Midwest,cross_region,zone_3,10,10.0,0.0,False,40.87,baseline
order_0000215,HI,CA,West,West,same_region,zone_2,6,6.0,0.0,False,5.14,baseline
order_0000216,MI,TX,Midwest,South,cross_region,zone_3,9,8.0,0.0,False,8.25,baseline
order_0000217,MA,CT,Northeast,Northeast,same_region,zone_2,7,7.0,0.0,False,39.38,baseline
order_0000218,OR,NY,West,Northeast,cross_region,zone_3,9,,,False,17.05,baseline
order_0000219,WA,TX,West,South,cross_region,zone_3,10,,,False,19.8,baseline
order_0000220,CA,MO,West,Midwest,cross_region,zone_3,9,9.0,0.0,False,7.43,baseline
order_0000221,HI,ND,West,Midwest,remote,zone_4,13,,,False,40.99,baseline
order_0000222,TX,NC,South,South,same_region,zone_2,7,7.0,0.0,False,4.91,baseline
order_0000223,AL,AZ,South,West,cross_region,zone_3,9,9.0,0.0,False,16.46,baseline
order_0000224,CA,CA,West,West,same_state,zone_1,4,4.0,0.0,False,25.67,baseline
order_0000225,KY,DE,South,South,same_region,zone_2,8,7.0,0.0,False,5.98,baseline
order_0000226,FL,OH,South,Midwest,cross_region,zone_3,9,9.0,0.0,False,44.51,baseline
order_0000227,GA,IL,South,Midwest,cross_region,zone_3,10,10.0,0.0,False,21.1,baseline
order_0000228,MS,TN,South,South,same_region,zone_2,7,7.0,0.0,False,11.97,baseline
order_0000229,IN,VT,Midwest,Northeast,cross_region,zone_3,9,8.0,0.0,False,7.95,baseline
order_0000230,HI,FL,West,South,remote,zone_4,12,12.0,0.0,False,14.37,baseline
order_0000231,OR,CA,West,West,same_region,zone_2,7,7.0,0.0,False,12.33,baseline
order_0000232,MA,WI,Northeast,Midwest,cross_region,zone_3,9,9.0,0.0,False,16.7,baseline
order_0000233,MS,FL,South,South,same_region,zone_2,8,8.0,0.0,False,12.38,baseline
order_0000234,PA,CA,Northeast,West,cross_region,zone_3,8,8.0,0.0,False,8.36,baseline
order_0000235,NJ,HI,Northeast,West,remote,zone_4,12,16.0,4.0,True,40.54,baseline
order_0000236,IL,HI,Midwest,West,remote,zone_4,12,12.0,0.0,False,25.53,baseline
order_0000237,IL,AR,Midwest,South,cross_region,zone_3,10,10.0,0.0,False,27.87,baseline
order_0000238,OH,CA,Midwest,West,cross_region,zone_3,9,8.0,0.0,False,25.97,baseline
order_0000239,SC,AL,South,South,same_region,zone_2,7,7.0,0.0,False,20.11,baseline
order_0000240,FL,AL,South,South,same_region,zone_2,7,6.0,0.0,False,4.87,baseline
order_0000241,KY,TX,South,South,same_region,zone_2,7,7.0,0.0,False,11.16,baseline
order_0000242,FL,KY,South,South,same_region,zone_2,7,6.0,0.0,False,13.73,baseline
order_0000243,NJ,FL,Northeast,South,cross_region,zone_3,10,10.0,0.0,False,16.68,baseline
order_0000244,CA,CA,West,West,same_state,zone_1,6,6.0,0.0,False,16.91,baseline
order_0000245,HI,FL,West,South,remote,zone_4,11,11.0,0.0,False,13.19,baseline
order_0000246,HI,OH,West,Midwest,remote,zone_4,11,,,False,44.99,baseline
order_0000247,HI,OH,West,Midwest,remote,zone_4,12,,,False,26.54,baseline
order_0000248,TX,GA,South,South,same_region,zone_2,7,10.0,3.0,True,5.43,baseline
order_0000249,OH,FL,Midwest,South,cross_region,zone_3,9,8.0,0.0,False,23.3,baseline
order_0000250,IL,CA,Midwest,West,cross_region,zone_3,8,8.0,0.0,False,24.11,baseline
order_0000251,FL,FL,South,South,same_state,zone_1,6,6.0,0.0,False,7.74,baseline
order_0000252,OK,PA,South,Northeast,cross_region,zone_3,9,9.0,0.0,False,8.4,baseline
order_0000253,TX,OH,South,Midwest,cross_region,zone_3,10,10.0,0.0,False,16.4,baseline
order_0000254,OK,NY,South,Northeast,cross_region,zone_3,9,9.0,0.0,False,25.68,baseline
order_0000255,GA,FL,South,South,same_region,zone_2,7,7.0,0.0,False,12.02,baseline
order_0000256,NV,FL,West,South,cross_region,zone_3,9,9.0,0.0,False,7.27,baseline
order_0000257,PA,ID,Northeast,West,cross_region,zone_3,9,,,False,10.28,baseline
order_0000258,MA,UT,Northeast,West,cross_region,zone_3,9,9.0,0.0,False,10.66,baseline
order_0000259,OH,OH,Midwest,Midwest,same_state,zone_1,5,5.0,0.0,False,6.42,baseline
order_0000260,FL,CA,South,West,cross_region,zone_3,9,9.0,0.0,False,7.51,baseline
order_0000261,NV,OH,West,Midwest,cross_region,zone_3,8,8.0,0.0,False,19.68,baseline
order_0000262,NY,NC,Northeast,South,cross_region,zone_3,8,8.0,0.0,False,7.73,baseline
order_0000263,TX,FL,South,South,same_region,zone_2,8,8.0,0.0,False,17.46,baseline
order_0000264,TX,AK,South,West,remote,zone_4,12,,,False,13.11,baseline
order_0000265,OH,NY,Midwest,Northeast,cross_region,zone_3,9,9.0,0.0,False,9.34,baseline
order_0000266,NV,MT,West,West,same_region,zone_2,6,6.0,0.0,False,5.19,baseline
order_0000267,NH,CA,Northeast,West,cross_region,zone_3,10,9.0,0.0,False,9.36,baseline
order_0000268,IL,TX,Midwest,South,cross_region,zone_3,9,9.0,0.0,False,8.6,baseline
order_0000269,TN,TX,South,South,same_region,zone_2,7,6.0,0.0,False,5.09,baseline
order_0000270,WI,NV,Midwest,West,cross_region,zone_3,9,9.0,0.0,False,15.55,baseline
order_0000271,PA,TX,Northeast,South,cross_region,zone_3,9,8.0,0.0,False,7.61,baseline
order_0000272,NJ,OH,Northeast,Midwest,cross_region,zone_3,9,8.0,0.0,False,8.03,baseline
order_0000273,IL,CA,Midwest,West,cross_region,zone_3,10,10.0,0.0,False,10.18,baseline
order_0000274,OH,FL,Midwest,South,cross_region,zone_3,9,8.0,0.0,False,14.22,baseline
order_0000275,HI,NJ,West,Northeast,remote,zone_4,11,12.0,1.0,True,14.02,baseline
order_0000276,ND,NY,Midwest,Northeast,cross_region,zone_3,9,9.0,0.0,False,15.69,baseline
order_0000277,FL,CA,South,West,cross_region,zone_3,9,13.0,4.0,True,8.82,baseline
order_0000278,GA,UT,South,West,cross_region,zone_3,9,9.0,0.0,False,8.94,baseline
order_0000279,OR,NC,West,South,cross_region,zone_3,9,10.0,1.0,True,31.5,baseline
order_0000280,MO,CA,Midwest,West,cross_region,zone_3,9,9.0,0.0,False,19.18,baseline
order_0000281,CA,MS,West,South,cross_region,zone_3,9,9.0,0.0,False,8.07,baseline
order_0000282,CA,RI,West,Northeast,cross_region,zone_3,9,9.0,0.0,False,7.4,baseline
order_0000283,FL,MI,South,Midwest,cross_region,zone_3,8,8.0,0.0,False,8.31,baseline
order_0000284,WA,AK,West,West,same_region,zone_2,7,,,False,13.04,baseline
order_0000285,HI,AL,West,South,remote,zone_4,12,12.0,0.0,False,12.76,baseline
order_0000286,KY,GA,South,South,same_region,zone_2,7,6.0,0.0,False,5.99,baseline
order_0000287,PA,CA,Northeast,West,cross_region,zone_3,9,9.0,0.0,False,30.54,baseline
order_0000288,WY,KY,West,South,cross_region,zone_3,10,,,False,9.2,baseline
order_0000289,NY,NY,Northeast,Northeast,same_state,zone_1,5,5.0,0.0,False,19.56,baseline
order_0000290,CA,FL,West,South,cross_region,zone_3,9,8.0,0.0,False,18.23,baseline
order_0000291,WA,MO,West,Midwest,cross_region,zone_3,8,8.0,0.0,False,8.18,baseline
order_0000292,TX,TX,South,South,same_state,zone_1,5,5.0,0.0,False,4.84,baseline
order_0000293,NM,HI,West,West,same_region,zone_2,7,7.0,0.0,False,5.82,baseline
order_0000294,OR,CA,West,West,same_region,zone_2,7,6.0,0.0,False,5.32,baseline
order_0000295,NJ,OH,Northeast,Midwest,cross_region,zone_3,9,8.0,0.0,False,24.0,baseline
order_0000296,CA,WI,West,Midwest,cross_region,zone_3,9,10.0,1.0,True,44.35,baseline
order_0000297,NJ,NY,Northeast,Northeast,same_region,zone_2,7,6.0,0.0,False,8.8,baseline
order_0000298,FL,TX,South,South,same_region,zone_2,7,7.0,0.0,False,7.58,baseline
order_0000299,IL,NC,Midwest,South,cross_region,zone_3,9,9.0,0.0,False,7.94,baseline
order_0000300,TX,NY,South,Northeast,cross_region,zone_3,9,9.0,0.0,False,8.65,baseline
order_0000301,NJ,MI,Northeast,Midwest,cross_region,zone_3,9,,,False,7.77,baseline
order_0000302,NY,TX,Northeast,South,cross_region,zone_3,10,9.0,0.0,False,11.59,baseline
order_0000303,PA,AR,Northeast,South,cross_region,zone_3,10,13.0,3.0,True,19.73,baseline
order_0000304,FL,OR,South,West,cross_region,zone_3,8,7.0,0.0,False,22.01,baseline
order_0000305,TN,TX,South,South,same_region,zone_2,8,8.0,0.0,False,6.27,baseline
order_0000306,WA,NC,West,South,cross_region,zone_3,8,8.0,0.0,False,8.86,baseline
order_0000307,VT,SD,Northeast,Midwest,cross_region,zone_3,10,10.0,0.0,False,22.75,baseline
order_0000308,NJ,TX,Northeast,South,cross_region,zone_3,8,7.0,0.0,False,8.36,baseline
order_0000309,FL,MI,South,Midwest,cross_region,zone_3,9,9.0,0.0,False,8.67,baseline
order_0000310,NY,NY,Northeast,Northeast,same_state,zone_1,4,4.0,0.0,False,5.37,baseline
order_0000311,FL,VT,South,Northeast,cross_region,zone_3,10,10.0,0.0,False,28.58,baseline
order_0000312,NJ,LA,Northeast,South,cross_region,zone_3,9,9.0,0.0,False,15.85,baseline
order_0000313,IL,KS,Midwest,Midwest,same_region,zone_2,7,7.0,0.0,False,17.91,baseline
order_0000314,MS,ID,South,West,cross_region,zone_3,9,,,False,7.75,baseline
order_0000315,NE,CA,Midwest,West,cross_region,zone_3,9,9.0,0.0,False,19.86,baseline
order_0000316,NJ,MI,Northeast,Midwest,cross_region,zone_3,9,12.0,3.0,True,25.07,baseline
order_0000317,PA,DE,Northeast,South,cross_region,zone_3,9,,,False,8.45,baseline
order_0000318,NY,GA,Northeast,South,cross_region,zone_3,10,10.0,0.0,False,43.36,baseline
order_0000319,IL,CA,Midwest,West,cross_region,zone_3,9,9.0,0.0,False,15.52,baseline
order_0000320,AK,IL,West,Midwest,remote,zone_4,12,11.0,0.0,False,12.81,baseline
order_0000321,NH,NC,Northeast,South,cross_region,zone_3,9,8.0,0.0,False,14.2,baseline
order_0000322,WI,MD,Midwest,South,cross_region,zone_3,9,9.0,0.0,False,8.0,baseline
order_0000323,AL,GA,South,South,same_region,zone_2,7,7.0,0.0,False,10.23,baseline
order_0000324,CT,TX,Northeast,South,cross_region,zone_3,9,9.0,0.0,False,7.4,baseline
order_0000325,ND,HI,Midwest,West,remote,zone_4,12,16.0,4.0,True,14.1,baseline
order_0000326,IA,CO,Midwest,West,cross_region,zone_3,9,9.0,0.0,False,28.45,baseline
order_0000327,DE,FL,South,South,same_region,zone_2,7,7.0,0.0,False,5.82,baseline
order_0000328,CA,ID,West,West,same_region,zone_2,7,7.0,0.0,False,16.66,baseline
order_0000329,NY,SC,Northeast,South,cross_region,zone_3,9,9.0,0.0,False,16.92,baseline
order_0000330,HI,ND,West,Midwest,remote,zone_4,11,11.0,0.0,False,24.44,baseline
order_0000331,AR,OK,South,South,same_region,zone_2,7,7.0,0.0,False,10.35,baseline
order_0000332,LA,TX,South,South,same_region,zone_2,7,6.0,0.0,False,6.12,baseline
order_0000333,AK,NY,West,Northeast,remote,zone_4,12,12.0,0.0,False,12.9,baseline
order_0000334,TX,FL,South,South,same_region,zone_2,7,,,False,21.99,baseline
order_0000335,NV,OR,West,West,same_region,zone_2,7,7.0,0.0,False,5.23,baseline
order_0000336,DE,NV,South,West,cross_region,zone_3,10,9.0,0.0,False,9.68,baseline
order_0000337,LA,SD,South,Midwest,cross_region,zone_3,8,7.0,0.0,False,7.52,baseline
order_0000338,AZ,MT,West,West,same_region,zone_2,6,11.0,5.0,True,13.81,baseline
order_0000339,TN,TX,South,South,same_region,zone_2,7,7.0,0.0,False,5.88,baseline
order_0000340,FL,GA,South,South,same_region,zone_2,8,10.0,2.0,True,13.43,baseline
order_0000341,NY,OH,Northeast,Midwest,cross_region,zone_3,9,9.0,0.0,False,11.89,baseline
order_0000342,CA,WV,West,South,cross_region,zone_3,9,9.0,0.0,False,17.6,baseline
order_0000343,CT,VA,Northeast,South,cross_region,zone_3,9,9.0,0.0,False,16.9,baseline
order_0000344,HI,WY,West,West,same_region,zone_2,6,6.0,0.0,False,11.42,baseline
order_0000345,HI,MS,West,South,remote,zone_4,11,16.0,5.0,True,68.88,baseline
order_0000346,FL,NY,South,Northeast,cross_region,zone_3,9,9.0,0.0,False,7.99,baseline
order_0000347,HI,MN,West,Midwest,remote,zone_4,12,,,False,19.09,baseline
order_0000348,OH,CA,Midwest,West,cross_region,zone_3,9,12.0,3.0,True,17.42,baseline
order_0000349,IL,AR,Midwest,South,cross_region,zone_3,10,14.0,4.0,True,8.79,baseline
order_0000350,OR,CA,West,West,same_region,zone_2,7,6.0,0.0,False,15.81,baseline
order_0000351,MS,TX,South,South,same_region,zone_2,6,6.0,0.0,False,20.85,baseline
order_0000352,TX,CA,South,West,cross_region,zone_3,9,9.0,0.0,False,16.71,baseline
order_0000353,NE,NY,Midwest,Northeast,cross_region,zone_3,8,10.0,2.0,True,8.39,baseline
order_0000354,WY,TN,West,South,cross_region,zone_3,9,8.0,0.0,False,24.23,baseline
order_0000355,TX,UT,South,West,cross_region,zone_3,9,12.0,3.0,True,27.61,baseline
order_0000356,CA,TX,West,South,cross_region,zone_3,9,8.0,0.0,False,8.03,baseline
order_0000357,NY,FL,Northeast,South,cross_region,zone_3,9,9.0,0.0,False,20.11,baseline
order_0000358,WA,NC,West,South,cross_region,zone_3,9,8.0,0.0,False,7.4,baseline
order_0000359,FL,TN,South,South,same_region,zone_2,7,7.0,0.0,False,5.15,baseline
order_0000360,HI,CA,West,West,same_region,zone_2,6,7.0,1.0,True,5.74,baseline
order_0000361,ME,IL,Northeast,Midwest,cross_region,zone_3,9,8.0,0.0,False,7.68,baseline
order_0000362,NV,PA,West,Northeast,cross_region,zone_3,9,10.0,1.0,True,19.0,baseline
order_0000363,AZ,CO,West,West,same_region,zone_2,7,7.0,0.0,False,18.13,baseline
order_0000364,ME,NY,Northeast,Northeast,same_region,zone_2,7,7.0,0.0,False,5.07,baseline
order_0000365,IA,KY,Midwest,South,cross_region,zone_3,9,9.0,0.0,False,8.41,baseline
order_0000366,FL,HI,South,West,remote,zone_4,12,12.0,0.0,False,27.43,baseline
order_0000367,TN,CA,South,West,cross_region,zone_3,10,,,False,9.72,baseline
order_0000368,ID,NV,West,West,same_region,zone_2,7,7.0,0.0,False,7.23,baseline
order_0000369,VA,IL,South,Midwest,cross_region,zone_3,9,9.0,0.0,False,19.07,baseline
order_0000370,LA,WY,South,West,cross_region,zone_3,9,9.0,0.0,False,17.08,baseline
order_0000371,WA,MO,West,Midwest,cross_region,zone_3,8,9.0,1.0,True,16.08,baseline
order_0000372,HI,CA,West,West,same_region,zone_2,6,6.0,0.0,False,21.39,baseline
order_0000373,PA,NY,Northeast,Northeast,same_region,zone_2,7,7.0,0.0,False,11.41,baseline
order_0000374,AR,LA,South,South,same_region,zone_2,7,6.0,0.0,False,5.55,baseline
order_0000375,TX,FL,South,South,same_region,zone_2,7,,,False,21.45,baseline
order_0000376,PA,MS,Northeast,South,cross_region,zone_3,9,8.0,0.0,False,25.43,baseline
order_0000377,PA,NC,Northeast,South,cross_region,zone_3,9,9.0,0.0,False,7.35,baseline
order_0000378,MN,FL,Midwest,South,cross_region,zone_3,9,9.0,0.0,False,34.14,baseline
order_0000379,NJ,MI,Northeast,Midwest,cross_region,zone_3,9,9.0,0.0,False,10.47,baseline
order_0000380,SC,AK,South,West,remote,zone_4,12,12.0,0.0,False,18.14,baseline
order_0000381,FL,CA,South,West,cross_region,zone_3,10,10.0,0.0,False,11.96,baseline
order_0000382,CA,NM,West,West,same_region,zone_2,7,7.0,0.0,False,11.6,baseline
order_0000383,GA,GA,South,South,same_state,zone_1,5,5.0,0.0,False,4.83,baseline
order_0000384,AL,GA,South,South,same_region,zone_2,7,7.0,0.0,False,13.72,baseline
order_0000385,NJ,PA,Northeast,Northeast,same_region,zone_2,7,7.0,0.0,False,6.69,baseline
order_0000386,NY,TX,Northeast,South,cross_region,zone_3,8,8.0,0.0,False,17.47,baseline
order_0000387,RI,CA,Northeast,West,cross_region,zone_3,9,8.0,0.0,False,62.11,baseline
order_0000388,FL,NY,South,Northeast,cross_region,zone_3,9,,,False,7.68,baseline
order_0000389,ID,CA,West,West,same_region,zone_2,6,6.0,0.0,False,13.35,baseline
order_0000390,OR,FL,West,South,cross_region,zone_3,9,,,False,20.9,baseline
order_0000391,CA,CA,West,West,same_state,zone_1,5,5.0,0.0,False,18.58,baseline
order_0000392,DC,OH,South,Midwest,cross_region,zone_3,9,,,False,25.78,baseline
order_0000393,HI,TX,West,South,remote,zone_4,11,11.0,0.0,False,11.51,baseline
order_0000394,FL,TX,South,South,same_region,zone_2,6,8.0,2.0,True,12.15,baseline
order_0000395,OK,AR,South,South,same_region,zone_2,7,6.0,0.0,False,15.4,baseline
order_0000396,WA,OH,West,Midwest,cross_region,zone_3,9,9.0,0.0,False,7.4,baseline
order_0000397,MN,MS,Midwest,South,cross_region,zone_3,9,12.0,3.0,True,17.7,baseline
order_0000398,IL,CA,Midwest,West,cross_region,zone_3,9,13.0,4.0,True,8.8,baseline
order_0000399,HI,OH,West,Midwest,remote,zone_4,12,12.0,0.0,False,27.79,baseline
order_0000400,GA,FL,South,South,same_region,zone_2,7,7.0,0.0,False,7.17,baseline
order_0000401,IL,FL,Midwest,South,cross_region,zone_3,9,8.0,0.0,False,8.41,baseline
order_0000402,DE,CA,South,West,cross_region,zone_3,9,14.0,5.0,True,20.05,baseline
order_0000403,VA,NJ,South,Northeast,cross_region,zone_3,9,9.0,0.0,False,30.04,baseline
order_0000404,LA,TX,South,South,same_region,zone_2,6,6.0,0.0,False,14.08,baseline
order_0000405,TX,CA,South,West,cross_region,zone_3,9,8.0,0.0,False,25.01,baseline
order_0000406,VT,SC,Northeast,South,cross_region,zone_3,9,9.0,0.0,False,15.23,baseline
order_0000407,TX,CA,South,West,cross_region,zone_3,9,8.0,0.0,False,38.2,baseline
order_0000408,KY,NC,South,South,same_region,zone_2,7,7.0,0.0,False,5.36,baseline
order_0000409,NY,FL,Northeast,South,cross_region,zone_3,9,9.0,0.0,False,23.85,baseline
order_0000410,NY,FL,Northeast,South,cross_region,zone_3,8,8.0,0.0,False,8.08,baseline
order_0000411,MA,FL,Northeast,South,cross_region,zone_3,9,,,False,8.53,baseline
order_0000412,CA,IN,West,Midwest,cross_region,zone_3,9,11.0,2.0,True,11.77,baseline
order_0000413,ME,FL,Northeast,South,cross_region,zone_3,9,9.0,0.0,False,22.82,baseline
order_0000414,AL,CA,South,West,cross_region,zone_3,9,11.0,2.0,True,16.48,baseline
order_0000415,KS,WY,Midwest,West,cross_region,zone_3,9,8.0,0.0,False,7.53,baseline
order_0000416,IL,TX,Midwest,South,cross_region,zone_3,9,9.0,0.0,False,8.32,baseline
order_0000417,OR,KS,West,Midwest,cross_region,zone_3,9,9.0,0.0,False,8.19,baseline
order_0000418,GA,NC,South,South,same_region,zone_2,7,6.0,0.0,False,31.9,baseline
order_0000419,IL,NY,Midwest,Northeast,cross_region,zone_3,9,8.0,0.0,False,8.5,baseline
order_0000420,NV,CA,West,West,same_region,zone_2,7,7.0,0.0,False,14.48,baseline
order_0000421,IA,IA,Midwest,Midwest,same_state,zone_1,5,5.0,0.0,False,3.76,baseline
order_0000422,OH,PA,Midwest,Northeast,cross_region,zone_3,9,9.0,0.0,False,9.57,baseline
order_0000423,TN,TX,South,South,same_region,zone_2,7,7.0,0.0,False,12.99,baseline
order_0000424,TX,MT,South,West,cross_region,zone_3,9,12.0,3.0,True,25.06,baseline
order_0000425,AL,MD,South,South,same_region,zone_2,8,7.0,0.0,False,7.26,baseline
order_0000426,FL,NY,South,Northeast,cross_region,zone_3,8,8.0,0.0,False,24.27,baseline
order_0000427,HI,AK,West,West,same_region,zone_2,6,6.0,0.0,False,28.29,baseline
order_0000428,WA,TX,West,South,cross_region,zone_3,9,9.0,0.0,False,18.0,baseline
order_0000429,OH,VA,Midwest,South,cross_region,zone_3,9,14.0,5.0,True,41.9,baseline
order_0000430,PA,GA,Northeast,South,cross_region,zone_3,9,9.0,0.0,False,12.05,baseline
order_0000431,NJ,MI,Northeast,Midwest,cross_region,zone_3,9,11.0,2.0,True,12.22,baseline
order_0000432,TX,CA,South,West,cross_region,zone_3,9,13.0,4.0,True,7.68,baseline
order_0000433,FL,TX,South,South,same_region,zone_2,8,8.0,0.0,False,7.69,baseline
order_0000434,CA,NY,West,Northeast,cross_region,zone_3,9,9.0,0.0,False,23.02,baseline
order_0000435,IL,TX,Midwest,South,cross_region,zone_3,9,9.0,0.0,False,7.99,baseline
order_0000436,FL,ND,South,Midwest,cross_region,zone_3,8,8.0,0.0,False,7.69,baseline
order_0000437,MS,TX,South,South,same_region,zone_2,6,5.0,0.0,False,5.89,baseline
order_0000438,MS,OK,South,South,same_region,zone_2,6,8.0,2.0,True,5.52,baseline
order_0000439,IL,MI,Midwest,Midwest,same_region,zone_2,7,7.0,0.0,False,5.63,baseline
order_0000440,MA,OH,Northeast,Midwest,cross_region,zone_3,9,13.0,4.0,True,15.36,baseline
order_0000441,IL,CA,Midwest,West,cross_region,zone_3,9,9.0,0.0,False,24.33,baseline
order_0000442,TX,NJ,South,Northeast,cross_region,zone_3,9,9.0,0.0,False,18.26,baseline
order_0000443,IL,GA,Midwest,South,cross_region,zone_3,9,9.0,0.0,False,25.0,baseline
order_0000444,TX,NJ,South,Northeast,cross_region,zone_3,9,8.0,0.0,False,26.65,baseline
order_0000445,CA,FL,West,South,cross_region,zone_3,9,9.0,0.0,False,7.57,baseline
order_0000446,CA,CA,West,West,same_state,zone_1,5,5.0,0.0,False,9.33,baseline
order_0000447,AK,ID,West,West,same_region,zone_2,7,7.0,0.0,False,16.49,baseline
order_0000448,OR,NE,West,Midwest,cross_region,zone_3,9,9.0,0.0,False,23.38,baseline
order_0000449,MN,MI,Midwest,Midwest,same_region,zone_2,7,7.0,0.0,False,4.94,baseline
order_0000450,CA,IL,West,Midwest,cross_region,zone_3,9,8.0,0.0,False,42.0,baseline
order_0000451,IN,NH,Midwest,Northeast,cross_region,zone_3,10,10.0,0.0,False,20.41,baseline
order_0000452,IN,CA,Midwest,West,cross_region,zone_3,9,8.0,0.0,False,8.29,baseline
order_0000453,WA,GA,West,South,cross_region,zone_3,10,10.0,0.0,False,46.39,baseline
order_0000454,CO,TX,West,South,cross_region,zone_3,9,9.0,0.0,False,17.23,baseline
order_0000455,FL,NC,South,South,same_region,zone_2,7,7.0,0.0,False,12.02,baseline
order_0000456,FL,SD,South,Midwest,cross_region,zone_3,10,10.0,0.0,False,8.35,baseline
order_0000457,HI,MI,West,Midwest,remote,zone_4,11,16.0,5.0,True,31.05,baseline
order_0000458,NY,PA,Northeast,Northeast,same_region,zone_2,7,7.0,0.0,False,7.17,baseline
order_0000459,FL,CA,South,West,cross_region,zone_3,9,9.0,0.0,False,32.32,baseline
order_0000460,MD,CA,South,West,cross_region,zone_3,9,9.0,0.0,False,8.12,baseline
order_0000461,FL,FL,South,South,same_state,zone_1,5,5.0,0.0,False,4.13,baseline
order_0000462,TX,PA,South,Northeast,cross_region,zone_3,9,8.0,0.0,False,22.2,baseline
order_0000463,MS,IN,South,Midwest,cross_region,zone_3,9,8.0,0.0,False,16.96,baseline
order_0000464,NH,CA,Northeast,West,cross_region,zone_3,9,9.0,0.0,False,17.5,baseline
order_0000465,NY,FL,Northeast,South,cross_region,zone_3,9,9.0,0.0,False,9.27,baseline
order_0000466,ID,IA,West,Midwest,cross_region,zone_3,9,9.0,0.0,False,16.15,baseline
order_0000467,CA,CA,West,West,same_state,zone_1,5,5.0,0.0,False,9.89,baseline
order_0000468,AL,FL,South,South,same_region,zone_2,7,7.0,0.0,False,11.39,baseline
order_0000469,CA,TX,West,South,cross_region,zone_3,10,10.0,0.0,False,8.28,baseline
order_0000470,FL,DC,South,South,same_region,zone_2,7,7.0,0.0,False,8.32,baseline
order_0000471,OH,PA,Midwest,Northeast,cross_region,zone_3,10,9.0,0.0,False,9.69,baseline
order_0000472,NY,NY,Northeast,Northeast,same_state,zone_1,5,6.0,1.0,True,7.95,baseline
order_0000473,OH,AZ,Midwest,West,cross_region,zone_3,9,9.0,0.0,False,8.25,baseline
order_0000474,OH,FL,Midwest,South,cross_region,zone_3,9,9.0,0.0,False,7.94,baseline
order_0000475,TN,AR,South,South,same_region,zone_2,7,10.0,3.0,True,6.6,baseline
order_0000476,TX,NC,South,South,same_region,zone_2,7,7.0,0.0,False,16.18,baseline
order_0000477,CA,OR,West,West,same_region,zone_2,7,7.0,0.0,False,12.16,baseline
order_0000478,FL,OK,South,South,same_region,zone_2,7,7.0,0.0,False,8.29,baseline
order_0000479,WY,KY,West,South,cross_region,zone_3,9,8.0,0.0,False,24.65,baseline
order_0000480,CT,TX,Northeast,South,cross_region,zone_3,9,9.0,0.0,False,25.01,baseline
order_0000481,HI,NC,West,South,remote,zone_4,11,11.0,0.0,False,38.75,baseline
order_0000482,MO,AZ,Midwest,West,cross_region,zone_3,9,,,False,8.35,baseline
order_0000483,TX,NY,South,Northeast,cross_region,zone_3,10,,,False,20.53,baseline
order_0000484,TX,TX,South,South,same_state,zone_1,5,5.0,0.0,False,6.45,baseline
order_0000485,HI,OK,West,South,remote,zone_4,11,12.0,1.0,True,14.11,baseline
order_0000486,MN,CA,Midwest,West,cross_region,zone_3,9,9.0,0.0,False,8.67,baseline
order_0000487,TX,TX,South,South,same_state,zone_1,5,4.0,0.0,False,3.76,baseline
order_0000488,HI,NM,West,West,same_region,zone_2,6,6.0,0.0,False,6.52,baseline
order_0000489,TN,NJ,South,Northeast,cross_region,zone_3,8,8.0,0.0,False,33.24,baseline
order_0000490,TX,CA,South,West,cross_region,zone_3,9,9.0,0.0,False,24.47,baseline
order_0000491,FL,GA,South,South,same_region,zone_2,8,8.0,0.0,False,14.33,baseline
order_0000492,WV,DE,South,South,same_region,zone_2,7,7.0,0.0,False,5.45,baseline
order_0000493,MS,MO,South,Midwest,cross_region,zone_3,8,7.0,0.0,False,7.93,baseline
order_0000494,CA,WI,West,Midwest,cross_region,zone_3,9,9.0,0.0,False,17.55,baseline
order_0000495,FL,DC,South,South,same_region,zone_2,7,7.0,0.0,False,5.72,baseline
order_0000496,TN,UT,South,West,cross_region,zone_3,10,9.0,0.0,False,17.89,baseline
order_0000497,LA,FL,South,South,same_region,zone_2,6,6.0,0.0,False,9.56,baseline
order_0000498,OR,MI,West,Midwest,cross_region,zone_3,9,9.0,0.0,False,8.08,baseline
order_0000499,FL,LA,South,South,same_region,zone_2,7,6.0,0.0,False,10.51,baseline
order_0000500,HI,NC,West,South,remote,zone_4,11,10.0,0.0,False,12.59,baseline
order_0000501,FL,GA,South,South,same_region,zone_2,6,6.0,0.0,False,12.55,baseline
order_0000502,MT,TX,West,South,cross_region,zone_3,9,9.0,0.0,False,8.52,baseline
order_0000503,NH,CA,Northeast,West,cross_region,zone_3,9,9.0,0.0,False,26.77,baseline
order_0000504,PA,CA,Northeast,West,cross_region,zone_3,9,11.0,2.0,True,8.46,baseline
order_0000505,ID,ME,West,Northeast,cross_region,zone_3,10,9.0,0.0,False,17.98,baseline
order_0000506,DE,CA,South,West,cross_region,zone_3,10,,,False,9.06,baseline
order_0000507,TX,WA,South,West,cross_region,zone_3,9,9.0,0.0,False,19.63,baseline
order_0000508,PA,CA,Northeast,West,cross_region,zone_3,10,10.0,0.0,False,9.76,baseline
order_0000509,MN,NJ,Midwest,Northeast,cross_region,zone_3,9,9.0,0.0,False,25.55,baseline
order_0000510,TX,OH,South,Midwest,cross_region,zone_3,9,9.0,0.0,False,17.34,baseline
order_0000511,NJ,CA,Northeast,West,cross_region,zone_3,9,11.0,2.0,True,9.7,baseline
order_0000512,NY,PA,Northeast,Northeast,same_region,zone_2,7,10.0,3.0,True,21.55,baseline
order_0000513,TX,GA,South,South,same_region,zone_2,7,6.0,0.0,False,11.07,baseline
order_0000514,IL,NH,Midwest,Northeast,cross_region,zone_3,9,9.0,0.0,False,39.24,baseline
order_0000515,IL,MI,Midwest,Midwest,same_region,zone_2,7,7.0,0.0,False,13.07,baseline
order_0000516,IA,TN,Midwest,South,cross_region,zone_3,9,14.0,5.0,True,12.25,baseline
order_0000517,FL,NY,South,Northeast,cross_region,zone_3,10,14.0,4.0,True,8.28,baseline
order_0000518,OH,MS,Midwest,South,cross_region,zone_3,9,9.0,0.0,False,7.36,baseline
order_0000519,CA,CA,West,West,same_state,zone_1,5,5.0,0.0,False,4.76,baseline
order_0000520,CA,SD,West,Midwest,cross_region,zone_3,9,8.0,0.0,False,45.14,baseline
order_0000521,FL,NY,South,Northeast,cross_region,zone_3,10,11.0,1.0,True,9.26,baseline
order_0000522,PA,CA,Northeast,West,cross_region,zone_3,9,9.0,0.0,False,7.95,baseline
order_0000523,PA,MT,Northeast,West,cross_region,zone_3,9,9.0,0.0,False,15.48,baseline
order_0000524,VT,CO,Northeast,West,cross_region,zone_3,10,10.0,0.0,False,7.92,baseline
order_0000525,WV,TX,South,South,same_region,zone_2,7,7.0,0.0,False,5.93,baseline
order_0000526,AZ,FL,West,South,cross_region,zone_3,9,9.0,0.0,False,17.7,baseline
order_0000527,OR,KS,West,Midwest,cross_region,zone_3,9,9.0,0.0,False,8.36,baseline
order_0000528,NJ,FL,Northeast,South,cross_region,zone_3,9,,,False,8.05,baseline
order_0000529,NV,GA,West,South,cross_region,zone_3,9,9.0,0.0,False,8.32,baseline
order_0000530,FL,VA,South,South,same_region,zone_2,6,6.0,0.0,False,5.02,baseline
order_0000531,WY,CA,West,West,same_region,zone_2,7,7.0,0.0,False,6.61,baseline
order_0000532,FL,LA,South,South,same_region,zone_2,7,10.0,3.0,True,32.85,baseline
order_0000533,NY,AL,Northeast,South,cross_region,zone_3,9,9.0,0.0,False,7.58,baseline
order_0000534,PA,OH,Northeast,Midwest,cross_region,zone_3,9,8.0,0.0,False,16.04,baseline
order_0000535,CA,WI,West,Midwest,cross_region,zone_3,9,9.0,0.0,False,32.88,baseline
order_0000536,OH,CA,Midwest,West,cross_region,zone_3,9,9.0,0.0,False,7.95,baseline
order_0000537,PA,IL,Northeast,Midwest,cross_region,zone_3,9,9.0,0.0,False,9.26,baseline
order_0000538,FL,NY,South,Northeast,cross_region,zone_3,8,8.0,0.0,False,8.26,baseline
order_0000539,TX,NE,South,Midwest,cross_region,zone_3,9,9.0,0.0,False,36.11,baseline
order_0000540,OR,AK,West,West,same_region,zone_2,7,7.0,0.0,False,5.51,baseline
order_0000541,SC,FL,South,South,same_region,zone_2,7,7.0,0.0,False,13.18,baseline
order_0000542,WA,TX,West,South,cross_region,zone_3,10,10.0,0.0,False,8.89,baseline
order_0000543,TN,TX,South,South,same_region,zone_2,8,8.0,0.0,False,5.81,baseline
order_0000544,FL,WV,South,South,same_region,zone_2,7,7.0,0.0,False,22.3,baseline
order_0000545,TX,OH,South,Midwest,cross_region,zone_3,9,9.0,0.0,False,8.52,baseline
order_0000546,HI,IL,West,Midwest,remote,zone_4,11,16.0,5.0,True,77.72,baseline
order_0000547,CO,VA,West,South,cross_region,zone_3,9,8.0,0.0,False,15.85,baseline
order_0000548,NJ,ID,Northeast,West,cross_region,zone_3,9,9.0,0.0,False,7.47,baseline
order_0000549,PA,GA,Northeast,South,cross_region,zone_3,8,7.0,0.0,False,8.06,baseline
order_0000550,TX,ND,South,Midwest,cross_region,zone_3,9,,,False,20.65,baseline
order_0000551,TN,TX,South,South,same_region,zone_2,7,7.0,0.0,False,23.6,baseline
order_0000552,OR,CA,West,West,same_region,zone_2,7,7.0,0.0,False,18.0,baseline
order_0000553,HI,NV,West,West,same_region,zone_2,6,,,False,23.26,baseline
order_0000554,ME,SD,Northeast,Midwest,cross_region,zone_3,9,9.0,0.0,False,8.28,baseline
order_0000555,CA,IL,West,Midwest,cross_region,zone_3,9,9.0,0.0,False,9.67,baseline
order_0000556,HI,TX,West,South,remote,zone_4,11,12.0,1.0,True,15.65,baseline
order_0000557,KY,IL,South,Midwest,cross_region,zone_3,9,9.0,0.0,False,15.89,baseline
order_0000558,IL,MA,Midwest,Northeast,cross_region,zone_3,8,8.0,0.0,False,7.87,baseline
order_0000559,TX,CA,South,West,cross_region,zone_3,9,12.0,3.0,True,9.78,baseline
order_0000560,NJ,IL,Northeast,Midwest,cross_region,zone_3,9,8.0,0.0,False,21.74,baseline
order_0000561,PA,MT,Northeast,West,cross_region,zone_3,9,13.0,4.0,True,19.55,baseline
order_0000562,AZ,KS,West,Midwest,cross_region,zone_3,8,8.0,0.0,False,8.21,baseline
order_0000563,PA,MN,Northeast,Midwest,cross_region,zone_3,9,9.0,0.0,False,17.99,baseline
order_0000564,IL,PA,Midwest,Northeast,cross_region,zone_3,9,,,False,8.94,baseline
order_0000565,WA,CA,West,West,same_region,zone_2,7,7.0,0.0,False,21.87,baseline
order_0000566,NJ,MN,Northeast,Midwest,cross_region,zone_3,8,8.0,0.0,False,9.87,baseline
order_0000567,NJ,TX,Northeast,South,cross_region,zone_3,9,9.0,0.0,False,7.77,baseline
order_0000568,NJ,ME,Northeast,Northeast,same_region,zone_2,7,6.0,0.0,False,10.8,baseline
order_0000569,WY,NJ,West,Northeast,cross_region,zone_3,10,10.0,0.0,False,9.06,baseline
order_0000570,TX,NY,South,Northeast,cross_region,zone_3,9,8.0,0.0,False,18.26,baseline
order_0000571,FL,SD,South,Midwest,cross_region,zone_3,9,,,False,9.63,baseline
order_0000572,NY,SC,Northeast,South,cross_region,zone_3,8,8.0,0.0,False,25.69,baseline
order_0000573,NJ,RI,Northeast,Northeast,same_region,zone_2,7,11.0,4.0,True,6.13,baseline
order_0000574,NJ,NY,Northeast,Northeast,same_region,zone_2,8,8.0,0.0,False,6.8,baseline
order_0000575,IN,MT,Midwest,West,cross_region,zone_3,9,9.0,0.0,False,16.52,baseline
order_0000576,NJ,LA,Northeast,South,cross_region,zone_3,9,9.0,0.0,False,33.33,baseline
order_0000577,NV,TX,West,South,cross_region,zone_3,10,9.0,0.0,False,9.24,baseline
order_0000578,HI,IL,West,Midwest,remote,zone_4,12,12.0,0.0,False,15.5,baseline
order_0000579,SC,IL,South,Midwest,cross_region,zone_3,9,9.0,0.0,False,24.38,baseline
order_0000580,OR,MN,West,Midwest,cross_region,zone_3,9,8.0,0.0,False,17.34,baseline
order_0000581,WA,IL,West,Midwest,cross_region,zone_3,9,9.0,0.0,False,7.52,baseline
order_0000582,GA,SD,South,Midwest,cross_region,zone_3,9,11.0,2.0,True,8.14,baseline
order_0000583,LA,NC,South,South,same_region,zone_2,7,7.0,0.0,False,5.64,baseline
order_0000584,HI,NY,West,Northeast,remote,zone_4,12,12.0,0.0,False,41.86,baseline
order_0000585,TX,AZ,South,West,cross_region,zone_3,9,12.0,3.0,True,19.34,baseline
order_0000586,OR,OK,West,South,cross_region,zone_3,9,,,False,28.75,baseline
order_0000587,TX,NC,South,South,same_region,zone_2,7,,,False,5.83,baseline
order_0000588,NY,IL,Northeast,Midwest,cross_region,zone_3,8,8.0,0.0,False,17.3,baseline
order_0000589,AZ,GA,West,South,cross_region,zone_3,8,8.0,0.0,False,8.41,baseline
order_0000590,OH,NY,Midwest,Northeast,cross_region,zone_3,9,8.0,0.0,False,27.54,baseline
order_0000591,HI,FL,West,South,remote,zone_4,12,12.0,0.0,False,15.53,baseline
order_0000592,MO,PA,Midwest,Northeast,cross_region,zone_3,9,8.0,0.0,False,8.04,baseline
order_0000593,NJ,CO,Northeast,West,cross_region,zone_3,9,9.0,0.0,False,9.1,baseline
order_0000594,ND,GA,Midwest,South,cross_region,zone_3,9,,,False,21.65,baseline
order_0000595,FL,MI,South,Midwest,cross_region,zone_3,9,9.0,0.0,False,9.53,baseline
order_0000596,CA,AK,West,West,same_region,zone_2,7,7.0,0.0,False,5.57,baseline
order_0000597,HI,WV,West,South,remote,zone_4,11,11.0,0.0,False,67.44,baseline
order_0000598,NJ,FL,Northeast,South,cross_region,zone_3,9,14.0,5.0,True,8.87,baseline
order_0000599,LA,CA,South,West,cross_region,zone_3,9,9.0,0.0,False,28.86,baseline
order_0000600,TN,NV,South,West,cross_region,zone_3,9,9.0,0.0,False,7.61,baseline
order_0000601,MN,MT,Midwest,West,cross_region,zone_3,9,9.0,0.0,False,7.84,baseline
order_0000602,HI,HI,West,West,same_state,zone_1,4,3.0,0.0,False,15.83,baseline
order_0000603,PA,OR,Northeast,West,cross_region,zone_3,9,8.0,0.0,False,8.61,baseline
order_0000604,CA,GA,West,South,cross_region,zone_3,10,10.0,0.0,False,18.36,baseline
order_0000605,OH,MI,Midwest,Midwest,same_region,zone_2,7,7.0,0.0,False,7.74,baseline
order_0000606,ND,MN,Midwest,Midwest,same_region,zone_2,7,10.0,3.0,True,15.59,baseline
order_0000607,WY,CA,West,West,same_region,zone_2,7,6.0,0.0,False,6.07,baseline
order_0000608,WA,CT,West,Northeast,cross_region,zone_3,9,,,False,9.74,baseline
order_0000609,FL,HI,South,West,remote,zone_4,12,14.0,2.0,True,11.97,baseline
order_0000610,SC,PA,South,Northeast,cross_region,zone_3,9,9.0,0.0,False,7.37,baseline
order_0000611,NY,PA,Northeast,Northeast,same_region,zone_2,7,7.0,0.0,False,5.44,baseline
order_0000612,CA,AZ,West,West,same_region,zone_2,7,7.0,0.0,False,10.95,baseline
order_0000613,VA,VA,South,South,same_state,zone_1,5,5.0,0.0,False,5.0,baseline
order_0000614,AL,OR,South,West,cross_region,zone_3,9,8.0,0.0,False,16.28,baseline
order_0000615,OK,MN,South,Midwest,cross_region,zone_3,9,9.0,0.0,False,18.81,baseline
order_0000616,NH,CT,Northeast,Northeast,same_region,zone_2,8,11.0,3.0,True,7.32,baseline
order_0000617,IL,WY,Midwest,West,cross_region,zone_3,9,9.0,0.0,False,19.88,baseline
order_0000618,GA,CA,South,West,cross_region,zone_3,9,12.0,3.0,True,9.73,baseline
order_0000619,IN,HI,Midwest,West,remote,zone_4,13,,,False,14.54,baseline
order_0000620,IL,IL,Midwest,Midwest,same_state,zone_1,5,5.0,0.0,False,8.67,baseline
order_0000621,AR,ME,South,Northeast,cross_region,zone_3,9,9.0,0.0,False,8.08,baseline
order_0000622,TX,CA,South,West,cross_region,zone_3,10,10.0,0.0,False,51.8,baseline
order_0000623,HI,AL,West,South,remote,zone_4,11,11.0,0.0,False,27.39,baseline
order_0000624,CA,MI,West,Midwest,cross_region,zone_3,10,10.0,0.0,False,11.21,baseline
order_0000625,SC,FL,South,South,same_region,zone_2,6,6.0,0.0,False,5.03,baseline
order_0000626,LA,PA,South,Northeast,cross_region,zone_3,9,9.0,0.0,False,11.64,baseline
order_0000627,FL,NC,South,South,same_region,zone_2,6,6.0,0.0,False,18.85,baseline
order_0000628,LA,KS,South,Midwest,cross_region,zone_3,9,9.0,0.0,False,17.49,baseline
order_0000629,IN,GA,Midwest,South,cross_region,zone_3,9,9.0,0.0,False,43.48,baseline
order_0000630,ME,GA,Northeast,South,cross_region,zone_3,9,11.0,2.0,True,35.44,baseline
order_0000631,PA,IL,Northeast,Midwest,cross_region,zone_3,9,9.0,0.0,False,8.86,baseline
order_0000632,OH,MN,Midwest,Midwest,same_region,zone_2,7,7.0,0.0,False,10.92,baseline
order_0000633,GA,NY,South,Northeast,cross_region,zone_3,9,8.0,0.0,False,41.51,baseline
order_0000634,GA,LA,South,South,same_region,zone_2,7,7.0,0.0,False,5.64,baseline
order_0000635,MO,LA,Midwest,South,cross_region,zone_3,9,9.0,0.0,False,7.82,baseline
order_0000636,PA,NC,Northeast,South,cross_region,zone_3,9,8.0,0.0,False,8.04,baseline
order_0000637,GA,NY,South,Northeast,cross_region,zone_3,9,9.0,0.0,False,19.35,baseline
order_0000638,NY,SD,Northeast,Midwest,cross_region,zone_3,9,9.0,0.0,False,9.16,baseline
order_0000639,ND,WY,Midwest,West,cross_region,zone_3,9,9.0,0.0,False,17.37,baseline
order_0000640,NY,ID,Northeast,West,cross_region,zone_3,9,9.0,0.0,False,8.09,baseline
order_0000641,TX,FL,South,South,same_region,zone_2,8,12.0,4.0,True,5.96,baseline
order_0000642,FL,FL,South,South,same_state,zone_1,4,4.0,0.0,False,3.74,baseline
order_0000643,NY,NY,Northeast,Northeast,same_state,zone_1,4,3.0,0.0,False,20.77,baseline
order_0000644,CA,OH,West,Midwest,cross_region,zone_3,9,9.0,0.0,False,33.89,baseline
order_0000645,TX,TN,South,South,same_region,zone_2,7,,,False,14.45,baseline
order_0000646,FL,MS,South,South,same_region,zone_2,7,6.0,0.0,False,5.93,baseline
order_0000647,AL,TX,South,South,same_region,zone_2,7,7.0,0.0,False,7.46,baseline
order_0000648,OH,FL,Midwest,South,cross_region,zone_3,9,9.0,0.0,False,8.39,baseline
order_0000649,NJ,CA,Northeast,West,cross_region,zone_3,9,9.0,0.0,False,12.67,baseline
order_0000650,KS,NC,Midwest,South,cross_region,zone_3,9,9.0,0.0,False,9.69,baseline
order_0000651,TX,NM,South,West,cross_region,zone_3,10,10.0,0.0,False,17.86,baseline
order_0000652,FL,UT,South,West,cross_region,zone_3,9,8.0,0.0,False,8.06,baseline
order_0000653,OH,WA,Midwest,West,cross_region,zone_3,9,9.0,0.0,False,10.41,baseline
order_0000654,CA,WA,West,West,same_region,zone_2,7,6.0,0.0,False,12.39,baseline
order_0000655,TN,MS,South,South,same_region,zone_2,7,7.0,0.0,False,5.66,baseline
order_0000656,ME,MI,Northeast,Midwest,cross_region,zone_3,9,8.0,0.0,False,33.16,baseline
order_0000657,CA,CA,West,West,same_state,zone_1,5,5.0,0.0,False,4.23,baseline
order_0000658,IL,NC,Midwest,South,cross_region,zone_3,8,7.0,0.0,False,8.88,baseline
order_0000659,IL,CA,Midwest,West,cross_region,zone_3,9,9.0,0.0,False,7.81,baseline
order_0000660,AZ,TX,West,South,cross_region,zone_3,9,8.0,0.0,False,7.4,baseline
order_0000661,NM,MI,West,Midwest,cross_region,zone_3,9,8.0,0.0,False,21.83,baseline
order_0000662,VA,KY,South,South,same_region,zone_2,7,7.0,0.0,False,5.7,baseline
order_0000663,FL,SD,South,Midwest,cross_region,zone_3,8,,,False,7.47,baseline
order_0000664,AR,NY,South,Northeast,cross_region,zone_3,9,9.0,0.0,False,17.45,baseline
order_0000665,CA,OH,West,Midwest,cross_region,zone_3,9,9.0,0.0,False,15.98,baseline
order_0000666,CT,OR,Northeast,West,cross_region,zone_3,9,9.0,0.0,False,9.2,baseline
order_0000667,NJ,TX,Northeast,South,cross_region,zone_3,10,,,False,7.99,baseline
order_0000668,CA,WA,West,West,same_region,zone_2,7,,,False,30.3,baseline
order_0000669,WA,CA,West,West,same_region,zone_2,7,7.0,0.0,False,5.38,baseline
order_0000670,HI,TN,West,South,remote,zone_4,11,15.0,4.0,True,13.45,baseline
order_0000671,PA,FL,Northeast,South,cross_region,zone_3,9,9.0,0.0,False,17.82,baseline
order_0000672,KY,TX,South,South,same_region,zone_2,7,7.0,0.0,False,5.45,baseline
order_0000673,LA,NE,South,Midwest,cross_region,zone_3,8,9.0,1.0,True,8.24,baseline
order_0000674,FL,NC,South,South,same_region,zone_2,7,7.0,0.0,False,7.85,baseline
order_0000675,CA,TX,West,South,cross_region,zone_3,9,8.0,0.0,False,22.69,baseline
order_0000676,MN,CA,Midwest,West,cross_region,zone_3,9,9.0,0.0,False,10.7,baseline
order_0000677,NJ,FL,Northeast,South,cross_region,zone_3,9,10.0,1.0,True,19.85,baseline
order_0000678,IL,NC,Midwest,South,cross_region,zone_3,8,8.0,0.0,False,9.12,baseline
order_0000679,CA,CA,West,West,same_state,zone_1,5,5.0,0.0,False,16.15,baseline
order_0000680,FL,OH,South,Midwest,cross_region,zone_3,9,9.0,0.0,False,8.02,baseline
order_0000681,LA,CA,South,West,cross_region,zone_3,8,8.0,0.0,False,8.25,baseline
order_0000682,HI,FL,West,South,remote,zone_4,11,13.0,2.0,True,11.75,baseline
order_0000683,LA,AZ,South,West,cross_region,zone_3,9,8.0,0.0,False,7.22,baseline
order_0000684,CA,FL,West,South,cross_region,zone_3,9,9.0,0.0,False,8.57,baseline
order_0000685,AL,FL,South,South,same_region,zone_2,7,7.0,0.0,False,5.83,baseline
order_0000686,OH,IL,Midwest,Midwest,same_region,zone_2,7,7.0,0.0,False,11.34,baseline
order_0000687,CA,NV,West,West,same_region,zone_2,7,6.0,0.0,False,13.83,baseline
order_0000688,AR,NY,South,Northeast,cross_region,zone_3,10,10.0,0.0,False,9.24,baseline
order_0000689,CA,OR,West,West,same_region,zone_2,7,7.0,0.0,False,5.05,baseline
order_0000690,PA,TX,Northeast,South,cross_region,zone_3,9,,,False,17.32,baseline
order_0000691,ID,OH,West,Midwest,cross_region,zone_3,9,8.0,0.0,False,16.08,baseline
order_0000692,OK,CA,South,West,cross_region,zone_3,9,11.0,2.0,True,19.2,baseline
order_0000693,IL,ME,Midwest,Northeast,cross_region,zone_3,9,9.0,0.0,False,33.36,baseline
order_0000694,CT,AL,Northeast,South,cross_region,zone_3,9,9.0,0.0,False,31.69,baseline
order_0000695,CA,NY,West,Northeast,cross_region,zone_3,9,8.0,0.0,False,38.95,baseline
order_0000696,ID,NC,West,South,cross_region,zone_3,9,9.0,0.0,False,12.77,baseline
order_0000697,OK,NY,South,Northeast,cross_region,zone_3,9,,,False,9.88,baseline
order_0000698,PA,CA,Northeast,West,cross_region,zone_3,9,8.0,0.0,False,13.28,baseline
order_0000699,WA,TX,West,South,cross_region,zone_3,9,9.0,0.0,False,11.37,baseline
order_0000700,RI,KS,Northeast,Midwest,cross_region,zone_3,8,,,False,8.6,baseline
order_0000701,IL,MN,Midwest,Midwest,same_region,zone_2,7,7.0,0.0,False,5.15,baseline
order_0000702,FL,MI,South,Midwest,cross_region,zone_3,10,,,False,8.49,baseline
order_0000703,HI,MI,West,Midwest,remote,zone_4,12,15.0,3.0,True,41.72,baseline
order_0000704,CA,UT,West,West,same_region,zone_2,7,9.0,2.0,True,5.43,baseline
order_0000705,NY,OH,Northeast,Midwest,cross_region,zone_3,9,11.0,2.0,True,8.55,baseline
order_0000706,OH,FL,Midwest,South,cross_region,zone_3,9,8.0,0.0,False,10.55,baseline
order_0000707,CA,AL,West,South,cross_region,zone_3,9,,,False,8.5,baseline
order_0000708,TX,FL,South,South,same_region,zone_2,7,7.0,0.0,False,5.84,baseline
order_0000709,AR,AK,South,West,remote,zone_4,12,12.0,0.0,False,11.92,baseline
order_0000710,ME,FL,Northeast,South,cross_region,zone_3,9,9.0,0.0,False,19.47,baseline
order_0000711,WA,CA,West,West,same_region,zone_2,7,7.0,0.0,False,5.14,baseline
order_0000712,NJ,UT,Northeast,West,cross_region,zone_3,9,9.0,0.0,False,16.13,baseline
order_0000713,CA,WI,West,Midwest,cross_region,zone_3,10,15.0,5.0,True,9.18,baseline
order_0000714,CA,FL,West,South,cross_region,zone_3,9,9.0,0.0,False,17.17,baseline
order_0000715,FL,CA,South,West,cross_region,zone_3,9,11.0,2.0,True,10.91,baseline
order_0000716,CA,NY,West,Northeast,cross_region,zone_3,9,9.0,0.0,False,40.67,baseline
order_0000717,MI,MI,Midwest,Midwest,same_state,zone_1,5,5.0,0.0,False,9.66,baseline
order_0000718,FL,NY,South,Northeast,cross_region,zone_3,9,9.0,0.0,False,8.06,baseline
order_0000719,IL,CA,Midwest,West,cross_region,zone_3,9,,,False,7.22,baseline
order_0000720,NJ,KY,Northeast,South,cross_region,zone_3,10,10.0,0.0,False,18.32,baseline
order_0000721,NH,NC,Northeast,South,cross_region,zone_3,9,11.0,2.0,True,9.76,baseline
order_0000722,HI,ME,West,Northeast,remote,zone_4,11,11.0,0.0,False,25.87,baseline
order_0000723,FL,WY,South,West,cross_region,zone_3,9,9.0,0.0,False,8.05,baseline
order_0000724,FL,TX,South,South,same_region,zone_2,7,7.0,0.0,False,7.01,baseline
order_0000725,FL,CA,South,West,cross_region,zone_3,9,9.0,0.0,False,8.9,baseline
order_0000726,WA,IN,West,Midwest,cross_region,zone_3,9,,,False,14.86,baseline
order_0000727,HI,DE,West,South,remote,zone_4,12,12.0,0.0,False,41.0,baseline
order_0000728,WV,CA,South,West,cross_region,zone_3,9,9.0,0.0,False,25.52,baseline
order_0000729,OH,MI,Midwest,Midwest,same_region,zone_2,7,7.0,0.0,False,5.68,baseline
order_0000730,MA,NY,Northeast,Northeast,same_region,zone_2,7,7.0,0.0,False,6.53,baseline
order_0000731,AZ,OH,West,Midwest,cross_region,zone_3,9,9.0,0.0,False,9.07,baseline
order_0000732,OR,FL,West,South,cross_region,zone_3,9,9.0,0.0,False,17.33,baseline
order_0000733,PA,NY,Northeast,Northeast,same_region,zone_2,7,7.0,0.0,False,5.59,baseline
order_0000734,IL,IL,Midwest,Midwest,same_state,zone_1,5,5.0,0.0,False,11.32,baseline
order_0000735,NM,MD,West,South,cross_region,zone_3,10,9.0,0.0,False,42.61,baseline
order_0000736,NJ,MD,Northeast,South,cross_region,zone_3,9,12.0,3.0,True,17.06,baseline
order_0000737,NY,GA,Northeast,South,cross_region,zone_3,9,14.0,5.0,True,8.71,baseline
order_0000738,IL,NJ,Midwest,Northeast,cross_region,zone_3,9,8.0,0.0,False,7.92,baseline
order_0000739,NM,TX,West,South,cross_region,zone_3,9,8.0,0.0,False,17.5,baseline
order_0000740,CA,CA,West,West,same_state,zone_1,5,4.0,0.0,False,4.69,baseline
order_0000741,VA,FL,South,South,same_region,zone_2,7,6.0,0.0,False,19.13,baseline
order_0000742,NJ,IA,Northeast,Midwest,cross_region,zone_3,9,9.0,0.0,False,15.56,baseline
order_0000743,PA,CA,Northeast,West,cross_region,zone_3,9,9.0,0.0,False,37.46,baseline
order_0000744,CA,CA,West,West,same_state,zone_1,5,,,False,7.62,baseline
order_0000745,NH,TX,Northeast,South,cross_region,zone_3,9,9.0,0.0,False,8.41,baseline
order_0000746,IL,CA,Midwest,West,cross_region,zone_3,9,9.0,0.0,False,8.68,baseline
order_0000747,PA,CA,Northeast,West,cross_region,zone_3,10,,,False,28.04,baseline
order_0000748,IA,MT,Midwest,West,cross_region,zone_3,8,11.0,3.0,True,8.75,baseline
order_0000749,OR,MO,West,Midwest,cross_region,zone_3,9,,,False,18.4,baseline
order_0000750,CA,TX,West,South,cross_region,zone_3,9,9.0,0.0,False,29.09,baseline
order_0000751,NY,SC,Northeast,South,cross_region,zone_3,9,11.0,2.0,True,20.1,baseline
order_0000752,IL,DE,Midwest,South,cross_region,zone_3,9,8.0,0.0,False,8.68,baseline
order_0000753,MD,NC,South,South,same_region,zone_2,8,,,False,6.61,baseline
order_0000754,PA,RI,Northeast,Northeast,same_region,zone_2,7,10.0,3.0,True,6.92,baseline
order_0000755,SD,NE,Midwest,Midwest,same_region,zone_2,7,11.0,4.0,True,7.27,baseline
order_0000756,WA,PA,West,Northeast,cross_region,zone_3,8,8.0,0.0,False,19.25,baseline
order_0000757,CA,NY,West,Northeast,cross_region,zone_3,10,10.0,0.0,False,8.54,baseline
order_0000758,ND,GA,Midwest,South,cross_region,zone_3,9,9.0,0.0,False,8.14,baseline
order_0000759,NJ,CA,Northeast,West,cross_region,zone_3,9,8.0,0.0,False,7.31,baseline
order_0000760,WA,DE,West,South,cross_region,zone_3,8,7.0,0.0,False,7.14,baseline
order_0000761,TX,HI,South,West,remote,zone_4,12,11.0,0.0,False,13.19,baseline
order_0000762,MS,GA,South,South,same_region,zone_2,7,6.0,0.0,False,6.8,baseline
order_0000763,PA,IA,Northeast,Midwest,cross_region,zone_3,9,9.0,0.0,False,7.94,baseline
order_0000764,FL,ID,South,West,cross_region,zone_3,9,9.0,0.0,False,24.93,baseline
order_0000765,AR,MS,South,South,same_region,zone_2,8,8.0,0.0,False,6.22,baseline
order_0000766,KS,IL,Midwest,Midwest,same_region,zone_2,7,7.0,0.0,False,5.52,baseline
order_0000767,GA,TX,South,South,same_region,zone_2,7,7.0,0.0,False,12.12,baseline
order_0000768,NY,FL,Northeast,South,cross_region,zone_3,8,8.0,0.0,False,15.8,baseline
order_0000769,DC,KS,South,Midwest,cross_region,zone_3,9,10.0,1.0,True,16.99,baseline
order_0000770,CA,SC,West,South,cross_region,zone_3,9,9.0,0.0,False,7.7,baseline
order_0000771,HI,MO,West,Midwest,remote,zone_4,12,12.0,0.0,False,13.25,baseline
order_0000772,CA,FL,West,South,cross_region,zone_3,9,,,False,8.77,baseline
order_0000773,OR,FL,West,South,cross_region,zone_3,9,9.0,0.0,False,7.69,baseline
order_0000774,NH,OK,Northeast,South,cross_region,zone_3,9,8.0,0.0,False,15.92,baseline
order_0000775,FL,IL,South,Midwest,cross_region,zone_3,9,8.0,0.0,False,7.83,baseline
order_0000776,FL,WA,South,West,cross_region,zone_3,9,8.0,0.0,False,26.14,baseline
order_0000777,NY,CA,Northeast,West,cross_region,zone_3,10,10.0,0.0,False,8.74,baseline
order_0000778,WV,UT,South,West,cross_region,zone_3,9,9.0,0.0,False,7.42,baseline
order_0000779,NM,CA,West,West,same_region,zone_2,7,6.0,0.0,False,6.59,baseline
order_0000780,AR,NC,South,South,same_region,zone_2,7,7.0,0.0,False,16.42,baseline
order_0000781,NJ,CA,Northeast,West,cross_region,zone_3,9,9.0,0.0,False,20.99,baseline
order_0000782,WV,WA,South,West,cross_region,zone_3,9,8.0,0.0,False,9.4,baseline
order_0000783,WA,FL,West,South,cross_region,zone_3,9,,,False,16.05,baseline
order_0000784,RI,FL,Northeast,South,cross_region,zone_3,9,9.0,0.0,False,23.24,baseline
order_0000785,IL,ID,Midwest,West,cross_region,zone_3,10,9.0,0.0,False,36.95,baseline
order_0000786,CA,TX,West,South,cross_region,zone_3,9,9.0,0.0,False,26.07,baseline
order_0000787,IL,NY,Midwest,Northeast,cross_region,zone_3,10,14.0,4.0,True,9.68,baseline
order_0000788,MD,NC,South,South,same_region,zone_2,7,7.0,0.0,False,24.85,baseline
order_0000789,HI,CA,West,West,same_region,zone_2,6,6.0,0.0,False,7.3,baseline
order_0000790,FL,ID,South,West,cross_region,zone_3,9,9.0,0.0,False,11.17,baseline
order_0000791,CA,AK,West,West,same_region,zone_2,7,,,False,30.4,baseline
order_0000792,CA,NY,West,Northeast,cross_region,zone_3,8,13.0,5.0,True,8.29,baseline
order_0000793,IL,TX,Midwest,South,cross_region,zone_3,8,8.0,0.0,False,16.1,baseline
order_0000794,CA,ID,West,West,same_region,zone_2,8,7.0,0.0,False,18.71,baseline
order_0000795,HI,NY,West,Northeast,remote,zone_4,11,11.0,0.0,False,28.65,baseline
order_0000796,OR,FL,West,South,cross_region,zone_3,9,9.0,0.0,False,29.04,baseline
order_0000797,WA,VT,West,Northeast,cross_region,zone_3,9,9.0,0.0,False,7.94,baseline
order_0000798,TX,WV,South,South,same_region,zone_2,7,7.0,0.0,False,15.85,baseline
order_0000799,PA,NY,Northeast,Northeast,same_region,zone_2,7,7.0,0.0,False,6.03,baseline
order_0000800,LA,CA,South,West,cross_region,zone_3,9,9.0,0.0,False,7.48,baseline
order_0000801,NJ,OR,Northeast,West,cross_region,zone_3,9,9.0,0.0,False,30.19,baseline
order_0000802,IL,NY,Midwest,Northeast,cross_region,zone_3,10,10.0,0.0,False,7.67,baseline
order_0000803,CA,IN,West,Midwest,cross_region,zone_3,10,10.0,0.0,False,26.97,baseline
order_0000804,WI,AR,Midwest,South,cross_region,zone_3,9,8.0,0.0,False,8.96,baseline
order_0000805,NJ,NH,Northeast,Northeast,same_region,zone_2,7,6.0,0.0,False,23.6,baseline
order_0000806,AL,CA,South,West,cross_region,zone_3,9,9.0,0.0,False,17.62,baseline
order_0000807,CA,TX,West,South,cross_region,zone_3,9,10.0,1.0,True,30.34,baseline
order_0000808,IL,ME,Midwest,Northeast,cross_region,zone_3,9,9.0,0.0,False,15.3,baseline
order_0000809,MI,AZ,Midwest,West,cross_region,zone_3,8,,,False,16.9,baseline
order_0000810,OH,FL,Midwest,South,cross_region,zone_3,10,,,False,8.53,baseline
order_0000811,TX,IL,South,Midwest,cross_region,zone_3,9,9.0,0.0,False,15.55,baseline
order_0000812,CA,KS,West,Midwest,cross_region,zone_3,9,8.0,0.0,False,17.12,baseline
order_0000813,NY,AZ,Northeast,West,cross_region,zone_3,9,9.0,0.0,False,48.93,baseline
order_0000814,OR,PA,West,Northeast,cross_region,zone_3,9,9.0,0.0,False,7.41,baseline
order_0000815,AZ,NM,West,West,same_region,zone_2,6,5.0,0.0,False,9.62,baseline
order_0000816,GA,ID,South,West,cross_region,zone_3,9,11.0,2.0,True,8.32,baseline
order_0000817,OR,GA,West,South,cross_region,zone_3,9,9.0,0.0,False,18.69,baseline
order_0000818,CT,TX,Northeast,South,cross_region,zone_3,9,12.0,3.0,True,8.02,baseline
order_0000819,GA,CA,South,West,cross_region,zone_3,9,9.0,0.0,False,14.67,baseline
order_0000820,CA,LA,West,South,cross_region,zone_3,9,9.0,0.0,False,8.05,baseline
order_0000821,OH,ID,Midwest,West,cross_region,zone_3,9,9.0,0.0,False,52.0,baseline
order_0000822,CA,PA,West,Northeast,cross_region,zone_3,10,,,False,17.6,baseline
order_0000823,TX,NV,South,West,cross_region,zone_3,9,8.0,0.0,False,10.82,baseline
order_0000824,GA,FL,South,South,same_region,zone_2,8,7.0,0.0,False,6.26,baseline
order_0000825,IL,TX,Midwest,South,cross_region,zone_3,9,9.0,0.0,False,8.06,baseline
order_0000826,SD,WA,Midwest,West,cross_region,zone_3,9,9.0,0.0,False,7.33,baseline
order_0000827,CA,LA,West,South,cross_region,zone_3,9,9.0,0.0,False,8.88,baseline
order_0000828,MO,WA,Midwest,West,cross_region,zone_3,9,8.0,0.0,False,15.8,baseline
order_0000829,HI,DC,West,South,remote,zone_4,11,14.0,3.0,True,62.78,baseline
order_0000830,CA,IA,West,Midwest,cross_region,zone_3,9,9.0,0.0,False,33.4,baseline
order_0000831,NJ,MO,Northeast,Midwest,cross_region,zone_3,10,13.0,3.0,True,28.53,baseline
order_0000832,CA,NC,West,South,cross_region,zone_3,9,14.0,5.0,True,44.58,baseline
order_0000833,MT,FL,West,South,cross_region,zone_3,9,9.0,0.0,False,8.79,baseline
order_0000834,NY,AZ,Northeast,West,cross_region,zone_3,9,,,False,8.36,baseline
order_0000835,CA,NM,West,West,same_region,zone_2,7,7.0,0.0,False,27.13,baseline
order_0000836,CA,CA,West,West,same_state,zone_1,4,8.0,4.0,True,4.0,baseline
order_0000837,TX,GA,South,South,same_region,zone_2,7,7.0,0.0,False,5.38,baseline
order_0000838,NJ,NY,Northeast,Northeast,same_region,zone_2,7,12.0,5.0,True,9.8,baseline
order_0000839,ME,NC,Northeast,South,cross_region,zone_3,9,9.0,0.0,False,8.73,baseline
order_0000840,VT,NE,Northeast,Midwest,cross_region,zone_3,9,9.0,0.0,False,8.35,baseline
order_0000841,NM,CA,West,West,same_region,zone_2,7,6.0,0.0,False,16.09,baseline
order_0000842,CA,GA,West,South,cross_region,zone_3,9,11.0,2.0,True,22.93,baseline
order_0000843,TX,NY,South,Northeast,cross_region,zone_3,9,9.0,0.0,False,9.07,baseline
order_0000844,PA,NY,Northeast,Northeast,same_region,zone_2,6,6.0,0.0,False,10.36,baseline
order_0000845,HI,NC,West,South,remote,zone_4,12,12.0,0.0,False,14.36,baseline
order_0000846,HI,SC,West,South,remote,zone_4,11,11.0,0.0,False,13.29,baseline
order_0000847,TX,IL,South,Midwest,cross_region,zone_3,9,12.0,3.0,True,8.01,baseline
order_0000848,CA,NY,West,Northeast,cross_region,zone_3,9,8.0,0.0,False,10.38,baseline
order_0000849,TN,OH,South,Midwest,cross_region,zone_3,9,9.0,0.0,False,13.18,baseline
order_0000850,CA,SD,West,Midwest,cross_region,zone_3,9,11.0,2.0,True,34.32,baseline
order_0000851,CT,CA,Northeast,West,cross_region,zone_3,9,9.0,0.0,False,9.5,baseline
order_0000852,IL,NY,Midwest,Northeast,cross_region,zone_3,9,9.0,0.0,False,41.38,baseline
order_0000853,NJ,SC,Northeast,South,cross_region,zone_3,9,9.0,0.0,False,8.24,baseline
order_0000854,MS,WA,South,West,cross_region,zone_3,8,8.0,0.0,False,17.2,baseline
order_0000855,VA,TX,South,South,same_region,zone_2,7,7.0,0.0,False,30.35,baseline
order_0000856,HI,NY,West,Northeast,remote,zone_4,11,15.0,4.0,True,12.31,baseline
order_0000857,GA,WA,South,West,cross_region,zone_3,9,9.0,0.0,False,13.92,baseline
order_0000858,NY,TX,Northeast,South,cross_region,zone_3,8,8.0,0.0,False,15.47,baseline
order_0000859,NJ,FL,Northeast,South,cross_region,zone_3,10,13.0,3.0,True,23.82,baseline
order_0000860,CA,NY,West,Northeast,cross_region,zone_3,10,10.0,0.0,False,9.39,baseline
order_0000861,NJ,MN,Northeast,Midwest,cross_region,zone_3,9,9.0,0.0,False,9.21,baseline
order_0000862,IL,OH,Midwest,Midwest,same_region,zone_2,7,10.0,3.0,True,20.32,baseline
order_0000863,NY,PA,Northeast,Northeast,same_region,zone_2,8,12.0,4.0,True,5.93,baseline
order_0000864,WV,KS,South,Midwest,cross_region,zone_3,9,9.0,0.0,False,8.59,baseline
order_0000865,MS,PA,South,Northeast,cross_region,zone_3,9,9.0,0.0,False,43.4,baseline
order_0000866,NJ,NY,Northeast,Northeast,same_region,zone_2,8,8.0,0.0,False,5.32,baseline
order_0000867,CA,NM,West,West,same_region,zone_2,8,8.0,0.0,False,33.31,baseline
order_0000868,PA,CA,Northeast,West,cross_region,zone_3,9,,,False,8.04,baseline
order_0000869,FL,TX,South,South,same_region,zone_2,7,7.0,0.0,False,5.15,baseline
order_0000870,FL,FL,South,South,same_state,zone_1,5,4.0,0.0,False,9.17,baseline
order_0000871,NY,MD,Northeast,South,cross_region,zone_3,9,,,False,26.76,baseline
order_0000872,NY,CA,Northeast,West,cross_region,zone_3,9,9.0,0.0,False,18.6,baseline
order_0000873,WV,GA,South,South,same_region,zone_2,8,8.0,0.0,False,13.71,baseline
order_0000874,AZ,NC,West,South,cross_region,zone_3,9,9.0,0.0,False,8.48,baseline
order_0000875,MA,CA,Northeast,West,cross_region,zone_3,9,9.0,0.0,False,8.11,baseline
order_0000876,WV,OH,South,Midwest,cross_region,zone_3,9,8.0,0.0,False,7.8,baseline
order_0000877,PA,TX,Northeast,South,cross_region,zone_3,9,9.0,0.0,False,24.16,baseline
order_0000878,FL,HI,South,West,remote,zone_4,12,13.0,1.0,True,55.47,baseline
order_0000879,HI,SD,West,Midwest,remote,zone_4,11,12.0,1.0,True,40.64,baseline
order_0000880,NJ,TX,Northeast,South,cross_region,zone_3,8,11.0,3.0,True,15.63,baseline
order_0000881,MA,RI,Northeast,Northeast,same_region,zone_2,7,7.0,0.0,False,5.43,baseline
order_0000882,KY,ID,South,West,cross_region,zone_3,9,9.0,0.0,False,13.98,baseline
order_0000883,PA,NY,Northeast,Northeast,same_region,zone_2,7,9.0,2.0,True,10.58,baseline
order_0000884,NJ,PA,Northeast,Northeast,same_region,zone_2,7,6.0,0.0,False,13.73,baseline
order_0000885,RI,OR,Northeast,West,cross_region,zone_3,9,10.0,1.0,True,9.49,baseline
order_0000886,CA,TX,West,South,cross_region,zone_3,9,9.0,0.0,False,7.76,baseline
order_0000887,WA,IN,West,Midwest,cross_region,zone_3,9,9.0,0.0,False,7.59,baseline
order_0000888,NJ,OH,Northeast,Midwest,cross_region,zone_3,9,,,False,8.57,baseline
order_0000889,OH,UT,Midwest,West,cross_region,zone_3,10,,,False,17.02,baseline
order_0000890,VA,NY,South,Northeast,cross_region,zone_3,9,9.0,0.0,False,29.42,baseline
order_0000891,WV,MO,South,Midwest,cross_region,zone_3,9,9.0,0.0,False,8.21,baseline
order_0000892,WA,FL,West,South,cross_region,zone_3,10,9.0,0.0,False,11.73,baseline
order_0000893,AL,FL,South,South,same_region,zone_2,7,7.0,0.0,False,6.46,baseline
order_0000894,PA,TX,Northeast,South,cross_region,zone_3,9,9.0,0.0,False,7.45,baseline
order_0000895,NJ,CO,Northeast,West,cross_region,zone_3,9,8.0,0.0,False,17.75,baseline
order_0000896,CA,PA,West,Northeast,cross_region,zone_3,9,8.0,0.0,False,14.14,baseline
order_0000897,NE,GA,Midwest,South,cross_region,zone_3,9,14.0,5.0,True,20.87,baseline
order_0000898,PA,CA,Northeast,West,cross_region,zone_3,9,8.0,0.0,False,7.7,baseline
order_0000899,IL,CA,Midwest,West,cross_region,zone_3,8,8.0,0.0,False,16.64,baseline
order_0000900,CO,RI,West,Northeast,cross_region,zone_3,9,8.0,0.0,False,11.84,baseline
order_0000901,NY,MI,Northeast,Midwest,cross_region,zone_3,9,14.0,5.0,True,7.93,baseline
order_0000902,GA,MN,South,Midwest,cross_region,zone_3,9,,,False,8.13,baseline
order_0000903,NJ,OH,Northeast,Midwest,cross_region,zone_3,9,8.0,0.0,False,7.79,baseline
order_0000904,FL,HI,South,West,remote,zone_4,12,12.0,0.0,False,14.15,baseline
order_0000905,CT,FL,Northeast,South,cross_region,zone_3,10,10.0,0.0,False,32.36,baseline
order_0000906,VA,FL,South,South,same_region,zone_2,7,6.0,0.0,False,6.62,baseline
order_0000907,DC,CA,South,West,cross_region,zone_3,9,,,False,7.45,baseline
order_0000908,OR,OR,West,West,same_state,zone_1,5,5.0,0.0,False,13.04,baseline
order_0000909,PA,OH,Northeast,Midwest,cross_region,zone_3,9,9.0,0.0,False,8.02,baseline
order_0000910,HI,CA,West,West,same_region,zone_2,6,6.0,0.0,False,5.69,baseline
order_0000911,NJ,SD,Northeast,Midwest,cross_region,zone_3,9,9.0,0.0,False,8.73,baseline
order_0000912,HI,CO,West,West,same_region,zone_2,6,6.0,0.0,False,5.29,baseline
order_0000913,CA,PA,West,Northeast,cross_region,zone_3,9,10.0,1.0,True,29.79,baseline
order_0000914,CA,FL,West,South,cross_region,zone_3,9,9.0,0.0,False,27.28,baseline
order_0000915,FL,NY,South,Northeast,cross_region,zone_3,9,9.0,0.0,False,16.66,baseline
order_0000916,HI,IL,West,Midwest,remote,zone_4,12,12.0,0.0,False,58.44,baseline
order_0000917,GA,OH,South,Midwest,cross_region,zone_3,9,9.0,0.0,False,9.28,baseline
order_0000918,FL,PA,South,Northeast,cross_region,zone_3,9,9.0,0.0,False,18.68,baseline
order_0000919,IL,ME,Midwest,Northeast,cross_region,zone_3,8,11.0,3.0,True,23.1,baseline
order_0000920,HI,CA,West,West,same_region,zone_2,6,6.0,0.0,False,11.8,baseline
order_0000921,FL,PA,South,Northeast,cross_region,zone_3,8,8.0,0.0,False,8.17,baseline
order_0000922,AL,OH,South,Midwest,cross_region,zone_3,9,8.0,0.0,False,26.55,baseline
order_0000923,GA,IL,South,Midwest,cross_region,zone_3,9,9.0,0.0,False,8.42,baseline
order_0000924,NY,FL,Northeast,South,cross_region,zone_3,9,9.0,0.0,False,13.32,baseline
order_0000925,CO,SC,West,South,cross_region,zone_3,10,10.0,0.0,False,8.64,baseline
order_0000926,FL,TX,South,South,same_region,zone_2,6,,,False,20.76,baseline
order_0000927,NJ,IA,Northeast,Midwest,cross_region,zone_3,9,9.0,0.0,False,16.34,baseline
order_0000928,CA,AL,West,South,cross_region,zone_3,9,,,False,20.04,baseline
order_0000929,NJ,IL,Northeast,Midwest,cross_region,zone_3,9,8.0,0.0,False,28.33,baseline
order_0000930,FL,UT,South,West,cross_region,zone_3,9,8.0,0.0,False,10.27,baseline
order_0000931,PA,VT,Northeast,Northeast,same_region,zone_2,8,8.0,0.0,False,8.58,baseline
order_0000932,DE,AL,South,South,same_region,zone_2,7,11.0,4.0,True,4.95,baseline
order_0000933,HI,FL,West,South,remote,zone_4,11,11.0,0.0,False,26.35,baseline
order_0000934,CT,DC,Northeast,South,cross_region,zone_3,8,,,False,16.04,baseline
order_0000935,OR,IL,West,Midwest,cross_region,zone_3,9,9.0,0.0,False,17.57,baseline
order_0000936,MN,TX,Midwest,South,cross_region,zone_3,9,9.0,0.0,False,26.55,baseline
order_0000937,ID,CA,West,West,same_region,zone_2,7,7.0,0.0,False,10.95,baseline
order_0000938,CA,NC,West,South,cross_region,zone_3,9,,,False,19.37,baseline
order_0000939,TN,AZ,South,West,cross_region,zone_3,9,11.0,2.0,True,16.23,baseline
order_0000940,TX,TX,South,South,same_state,zone_1,5,5.0,0.0,False,9.48,baseline
order_0000941,IA,OH,Midwest,Midwest,same_region,zone_2,7,6.0,0.0,False,5.16,baseline
order_0000942,TX,GA,South,South,same_region,zone_2,7,,,False,17.83,baseline
order_0000943,NJ,VA,Northeast,South,cross_region,zone_3,9,11.0,2.0,True,27.19,baseline
order_0000944,FL,TX,South,South,same_region,zone_2,7,7.0,0.0,False,7.27,baseline
order_0000945,FL,NY,South,Northeast,cross_region,zone_3,8,8.0,0.0,False,14.83,baseline
order_0000946,NY,CA,Northeast,West,cross_region,zone_3,9,12.0,3.0,True,9.19,baseline
order_0000947,MO,WV,Midwest,South,cross_region,zone_3,9,8.0,0.0,False,20.13,baseline
order_0000948,PA,TX,Northeast,South,cross_region,zone_3,9,9.0,0.0,False,8.22,baseline
order_0000949,NY,HI,Northeast,West,remote,zone_4,12,12.0,0.0,False,24.6,baseline
order_0000950,TX,FL,South,South,same_region,zone_2,6,6.0,0.0,False,5.05,baseline
order_0000951,FL,NY,South,Northeast,cross_region,zone_3,9,9.0,0.0,False,10.91,baseline
order_0000952,OR,VT,West,Northeast,cross_region,zone_3,9,9.0,0.0,False,8.61,baseline
order_0000953,IL,CA,Midwest,West,cross_region,zone_3,9,14.0,5.0,True,20.14,baseline
order_0000954,CA,TX,West,South,cross_region,zone_3,9,11.0,2.0,True,7.93,baseline
order_0000955,OH,NY,Midwest,Northeast,cross_region,zone_3,9,9.0,0.0,False,9.08,baseline
order_0000956,TX,AZ,South,West,cross_region,zone_3,9,8.0,0.0,False,25.43,baseline
order_0000957,FL,MA,South,Northeast,cross_region,zone_3,10,9.0,0.0,False,9.75,baseline
order_0000958,IL,CA,Midwest,West,cross_region,zone_3,9,9.0,0.0,False,24.32,baseline
order_0000959,NJ,PA,Northeast,Northeast,same_region,zone_2,7,7.0,0.0,False,15.99,baseline
order_0000960,NJ,NC,Northeast,South,cross_region,zone_3,9,,,False,7.85,baseline
order_0000961,NJ,CA,Northeast,West,cross_region,zone_3,9,8.0,0.0,False,8.27,baseline
order_0000962,PA,OH,Northeast,Midwest,cross_region,zone_3,10,10.0,0.0,False,22.69,baseline
order_0000963,MA,TX,Northeast,South,cross_region,zone_3,9,9.0,0.0,False,52.15,baseline
order_0000964,AL,CO,South,West,cross_region,zone_3,9,12.0,3.0,True,9.34,baseline
order_0000965,FL,TX,South,South,same_region,zone_2,7,7.0,0.0,False,13.13,baseline
order_0000966,LA,NC,South,South,same_region,zone_2,7,6.0,0.0,False,5.54,baseline
order_0000967,NJ,IL,Northeast,Midwest,cross_region,zone_3,9,8.0,0.0,False,8.23,baseline
order_0000968,TX,MI,South,Midwest,cross_region,zone_3,9,9.0,0.0,False,19.44,baseline
order_0000969,LA,MI,South,Midwest,cross_region,zone_3,8,8.0,0.0,False,17.0,baseline
order_0000970,NY,NC,Northeast,South,cross_region,zone_3,9,9.0,0.0,False,44.01,baseline
order_0000971,PA,FL,Northeast,South,cross_region,zone_3,9,9.0,0.0,False,9.26,baseline
order_0000972,KY,OH,South,Midwest,cross_region,zone_3,9,9.0,0.0,False,14.52,baseline
order_0000973,FL,FL,South,South,same_state,zone_1,4,4.0,0.0,False,20.41,baseline
order_0000974,HI,NH,West,Northeast,remote,zone_4,11,11.0,0.0,False,26.13,baseline
order_0000975,CA,OH,West,Midwest,cross_region,zone_3,9,8.0,0.0,False,25.46,baseline
order_0000976,OR,IL,West,Midwest,cross_region,zone_3,9,14.0,5.0,True,9.51,baseline
order_0000977,IL,OH,Midwest,Midwest,same_region,zone_2,8,8.0,0.0,False,18.88,baseline
order_0000978,OR,TX,West,South,cross_region,zone_3,9,9.0,0.0,False,8.92,baseline
order_0000979,KY,CA,South,West,cross_region,zone_3,9,9.0,0.0,False,10.96,baseline
order_0000980,IL,TX,Midwest,South,cross_region,zone_3,9,9.0,0.0,False,9.64,baseline
order_0000981,IL,HI,Midwest,West,remote,zone_4,12,11.0,0.0,False,11.95,baseline
order_0000982,FL,CA,South,West,cross_region,zone_3,9,9.0,0.0,False,45.25,baseline
order_0000983,CA,TX,West,South,cross_region,zone_3,8,7.0,0.0,False,7.41,baseline
order_0000984,TX,IL,South,Midwest,cross_region,zone_3,9,9.0,0.0,False,23.58,baseline
order_0000985,PA,TN,Northeast,South,cross_region,zone_3,9,9.0,0.0,False,24.65,baseline
order_0000986,NY,NV,Northeast,West,cross_region,zone_3,9,9.0,0.0,False,43.43,baseline
order_0000987,TX,VA,South,South,same_region,zone_2,8,8.0,0.0,False,5.53,baseline
order_0000988,AR,CA,South,West,cross_region,zone_3,9,9.0,0.0,False,17.37,baseline
order_0000989,WV,WY,South,West,cross_region,zone_3,9,,,False,7.81,baseline
order_0000990,PA,MD,Northeast,South,cross_region,zone_3,10,10.0,0.0,False,34.85,baseline
order_0000991,VA,TX,South,South,same_region,zone_2,7,7.0,0.0,False,6.96,baseline
order_0000992,CA,CA,West,West,same_state,zone_1,5,5.0,0.0,False,9.48,baseline
order_0000993,AL,CO,South,West,cross_region,zone_3,9,11.0,2.0,True,42.07,baseline
order_0000994,IL,NY,Midwest,Northeast,cross_region,zone_3,10,9.0,0.0,False,11.3,baseline
order_0000995,CA,IN,West,Midwest,cross_region,zone_3,9,14.0,5.0,True,20.72,baseline
order_0000996,FL,MT,South,West,cross_region,zone_3,9,8.0,0.0,False,22.68,baseline
order_0000997,LA,ID,South,West,cross_region,zone_3,9,12.0,3.0,True,18.15,baseline
order_0000998,IL,OH,Midwest,Midwest,same_region,zone_2,7,12.0,5.0,True,6.4,baseline
order_0000999,HI,CA,West,West,same_region,zone_2,6,6.0,0.0,False,5.93,baseline
order_0001000,WY,OH,West,Midwest,cross_region,zone_3,9,10.0,1.0,True,9.53,baseline
order_0001001,CT,FL,Northeast,South,cross_region,zone_3,10,10.0,0.0,False,8.68,baseline
order_0001002,NJ,FL,Northeast,South,cross_region,zone_3,9,9.0,0.0,False,8.59,baseline
order_0001003,TX,CA,South,West,cross_region,zone_3,9,8.0,0.0,False,7.19,baseline
order_0001004,HI,VA,West,South,remote,zone_4,11,11.0,0.0,False,41.42,baseline
order_0001005,GA,IL,South,Midwest,cross_region,zone_3,9,,,False,7.68,baseline
order_0001006,FL,AZ,South,West,cross_region,zone_3,9,9.0,0.0,False,16.75,baseline
order_0001007,TX,MS,South,South,same_region,zone_2,7,7.0,0.0,False,5.46,baseline
order_0001008,CA,IA,West,Midwest,cross_region,zone_3,9,9.0,0.0,False,25.2,baseline
order_0001009,MN,NC,Midwest,South,cross_region,zone_3,8,8.0,0.0,False,8.47,baseline
order_0001010,NM,MI,West,Midwest,cross_region,zone_3,9,9.0,0.0,False,8.05,baseline
order_0001011,TX,CA,South,West,cross_region,zone_3,9,11.0,2.0,True,8.41,baseline
order_0001012,TX,DE,South,South,same_region,zone_2,7,12.0,5.0,True,5.58,baseline
order_0001013,GA,FL,South,South,same_region,zone_2,7,11.0,4.0,True,24.04,baseline
order_0001014,WA,FL,West,South,cross_region,zone_3,9,9.0,0.0,False,44.25,baseline
order_0001015,CA,TX,West,South,cross_region,zone_3,10,10.0,0.0,False,7.99,baseline
order_0001016,AL,AR,South,South,same_region,zone_2,7,7.0,0.0,False,5.76,baseline
order_0001017,FL,OH,South,Midwest,cross_region,zone_3,9,9.0,0.0,False,7.83,baseline
order_0001018,CT,DE,Northeast,South,cross_region,zone_3,9,8.0,0.0,False,23.89,baseline
order_0001019,AR,PA,South,Northeast,cross_region,zone_3,9,9.0,0.0,False,10.52,baseline
order_0001020,NV,IL,West,Midwest,cross_region,zone_3,8,8.0,0.0,False,8.1,baseline
order_0001021,SD,PA,Midwest,Northeast,cross_region,zone_3,9,12.0,3.0,True,25.65,baseline
order_0001022,MS,IL,South,Midwest,cross_region,zone_3,8,8.0,0.0,False,8.28,baseline
order_0001023,TX,TX,South,South,same_state,zone_1,5,5.0,0.0,False,20.24,baseline
order_0001024,GA,NC,South,South,same_region,zone_2,7,7.0,0.0,False,5.29,baseline
order_0001025,OR,MI,West,Midwest,cross_region,zone_3,9,8.0,0.0,False,16.56,baseline
order_0001026,FL,AZ,South,West,cross_region,zone_3,8,8.0,0.0,False,15.21,baseline
order_0001027,NV,TX,West,South,cross_region,zone_3,10,15.0,5.0,True,8.74,baseline
order_0001028,IA,TX,Midwest,South,cross_region,zone_3,9,14.0,5.0,True,10.27,baseline
order_0001029,VA,WY,South,West,cross_region,zone_3,9,,,False,7.88,baseline
order_0001030,IL,IL,Midwest,Midwest,same_state,zone_1,4,4.0,0.0,False,15.12,baseline
order_0001031,AL,NC,South,South,same_region,zone_2,7,7.0,0.0,False,6.47,baseline
order_0001032,LA,TX,South,South,same_region,zone_2,7,6.0,0.0,False,11.34,baseline
order_0001033,LA,OH,South,Midwest,cross_region,zone_3,10,9.0,0.0,False,39.13,baseline
order_0001034,NY,MT,Northeast,West,cross_region,zone_3,9,9.0,0.0,False,8.72,baseline
order_0001035,TN,TX,South,South,same_region,zone_2,7,7.0,0.0,False,13.38,baseline
order_0001036,CA,CA,West,West,same_state,zone_1,5,4.0,0.0,False,6.41,baseline
order_0001037,CA,MI,West,Midwest,cross_region,zone_3,9,10.0,1.0,True,24.82,baseline
order_0001038,CA,NY,West,Northeast,cross_region,zone_3,9,9.0,0.0,False,8.28,baseline
order_0001039,GA,CA,South,West,cross_region,zone_3,8,8.0,0.0,False,18.75,baseline
order_0001040,NH,TX,Northeast,South,cross_region,zone_3,9,11.0,2.0,True,9.0,baseline
order_0001041,ME,FL,Northeast,South,cross_region,zone_3,9,,,False,8.1,baseline
order_0001042,AZ,TX,West,South,cross_region,zone_3,9,9.0,0.0,False,31.15,baseline
order_0001043,NY,NC,Northeast,South,cross_region,zone_3,9,9.0,0.0,False,17.84,baseline
order_0001044,FL,CT,South,Northeast,cross_region,zone_3,9,9.0,0.0,False,9.73,baseline
order_0001045,IN,WY,Midwest,West,cross_region,zone_3,8,8.0,0.0,False,41.66,baseline
order_0001046,MS,MI,South,Midwest,cross_region,zone_3,9,9.0,0.0,False,9.85,baseline
order_0001047,PA,TX,Northeast,South,cross_region,zone_3,10,10.0,0.0,False,19.52,baseline
order_0001048,TX,NC,South,South,same_region,zone_2,7,7.0,0.0,False,5.99,baseline
order_0001049,CA,ND,West,Midwest,cross_region,zone_3,8,8.0,0.0,False,8.86,baseline
order_0001050,OK,TX,South,South,same_region,zone_2,8,8.0,0.0,False,5.9,baseline
order_0001051,NY,VA,Northeast,South,cross_region,zone_3,9,9.0,0.0,False,17.24,baseline
order_0001052,OH,NM,Midwest,West,cross_region,zone_3,9,9.0,0.0,False,11.49,baseline
order_0001053,IL,VA,Midwest,South,cross_region,zone_3,9,9.0,0.0,False,10.19,baseline
order_0001054,NY,GA,Northeast,South,cross_region,zone_3,9,9.0,0.0,False,33.71,baseline
order_0001055,TX,ME,South,Northeast,cross_region,zone_3,9,8.0,0.0,False,33.81,baseline
order_0001056,ME,OH,Northeast,Midwest,cross_region,zone_3,9,9.0,0.0,False,26.08,baseline
order_0001057,AK,AR,West,South,remote,zone_4,12,12.0,0.0,False,12.51,baseline
order_0001058,NJ,IL,Northeast,Midwest,cross_region,zone_3,9,9.0,0.0,False,11.28,baseline
order_0001059,PA,TN,Northeast,South,cross_region,zone_3,9,9.0,0.0,False,8.2,baseline
order_0001060,OH,OH,Midwest,Midwest,same_state,zone_1,5,5.0,0.0,False,4.4,baseline
order_0001061,OH,FL,Midwest,South,cross_region,zone_3,9,9.0,0.0,False,7.7,baseline
order_0001062,TX,WI,South,Midwest,cross_region,zone_3,9,13.0,4.0,True,8.89,baseline
order_0001063,IL,IL,Midwest,Midwest,same_state,zone_1,6,5.0,0.0,False,4.28,baseline
order_0001064,TX,NY,South,Northeast,cross_region,zone_3,9,9.0,0.0,False,8.52,baseline
order_0001065,TX,CA,South,West,cross_region,zone_3,9,9.0,0.0,False,19.9,baseline
order_0001066,NJ,FL,Northeast,South,cross_region,zone_3,9,9.0,0.0,False,39.94,baseline
order_0001067,WA,FL,West,South,cross_region,zone_3,8,12.0,4.0,True,8.97,baseline
order_0001068,TX,IA,South,Midwest,cross_region,zone_3,10,12.0,2.0,True,8.9,baseline
order_0001069,NE,NY,Midwest,Northeast,cross_region,zone_3,9,9.0,0.0,False,8.76,baseline
order_0001070,IL,MS,Midwest,South,cross_region,zone_3,8,11.0,3.0,True,10.2,baseline
order_0001071,MD,CA,South,West,cross_region,zone_3,9,9.0,0.0,False,18.3,baseline
order_0001072,NJ,OR,Northeast,West,cross_region,zone_3,10,10.0,0.0,False,17.99,baseline
order_0001073,FL,NC,South,South,same_region,zone_2,7,7.0,0.0,False,24.42,baseline
order_0001074,FL,FL,South,South,same_state,zone_1,5,5.0,0.0,False,4.06,baseline
order_0001075,HI,ID,West,West,same_region,zone_2,6,6.0,0.0,False,6.93,baseline
order_0001076,NY,IL,Northeast,Midwest,cross_region,zone_3,9,8.0,0.0,False,8.11,baseline
order_0001077,IL,AK,Midwest,West,remote,zone_4,12,12.0,0.0,False,12.8,baseline
order_0001078,TN,TX,South,South,same_region,zone_2,6,11.0,5.0,True,6.27,baseline
order_0001079,IA,ID,Midwest,West,cross_region,zone_3,9,8.0,0.0,False,9.33,baseline
order_0001080,CA,CA,West,West,same_state,zone_1,5,5.0,0.0,False,6.9,baseline
order_0001081,IL,NY,Midwest,Northeast,cross_region,zone_3,9,9.0,0.0,False,9.58,baseline
order_0001082,FL,MS,South,South,same_region,zone_2,7,7.0,0.0,False,5.26,baseline
order_0001083,TX,MT,South,West,cross_region,zone_3,9,9.0,0.0,False,19.86,baseline
order_0001084,NJ,AR,Northeast,South,cross_region,zone_3,9,9.0,0.0,False,9.1,baseline
order_0001085,OR,OR,West,West,same_state,zone_1,5,5.0,0.0,False,21.13,baseline
order_0001086,GA,NY,South,Northeast,cross_region,zone_3,9,9.0,0.0,False,8.62,baseline
order_0001087,WA,CA,West,West,same_region,zone_2,6,6.0,0.0,False,5.83,baseline
order_0001088,NC,OH,South,Midwest,cross_region,zone_3,10,10.0,0.0,False,8.65,baseline
order_0001089,CA,MI,West,Midwest,cross_region,zone_3,9,8.0,0.0,False,25.32,baseline
order_0001090,NM,SC,West,South,cross_region,zone_3,9,9.0,0.0,False,16.19,baseline
order_0001091,CA,NY,West,Northeast,cross_region,zone_3,9,8.0,0.0,False,15.65,baseline
order_0001092,FL,CA,South,West,cross_region,zone_3,10,10.0,0.0,False,11.53,baseline
order_0001093,PA,FL,Northeast,South,cross_region,zone_3,9,9.0,0.0,False,16.49,baseline
order_0001094,WV,CA,South,West,cross_region,zone_3,10,9.0,0.0,False,26.47,baseline
order_0001095,IL,MI,Midwest,Midwest,same_region,zone_2,6,6.0,0.0,False,4.8,baseline
order_0001096,CA,VA,West,South,cross_region,zone_3,9,8.0,0.0,False,11.9,baseline
order_0001097,CA,CA,West,West,same_state,zone_1,6,6.0,0.0,False,6.68,baseline
order_0001098,TX,IL,South,Midwest,cross_region,zone_3,9,9.0,0.0,False,8.43,baseline
order_0001099,CA,OH,West,Midwest,cross_region,zone_3,9,9.0,0.0,False,18.36,baseline
order_0001100,CT,SD,Northeast,Midwest,cross_region,zone_3,8,8.0,0.0,False,15.99,baseline
order_0001101,WA,CA,West,West,same_region,zone_2,7,6.0,0.0,False,37.72,baseline
order_0001102,NV,CA,West,West,same_region,zone_2,7,,,False,15.64,baseline
order_0001103,CT,AL,Northeast,South,cross_region,zone_3,9,8.0,0.0,False,14.36,baseline
order_0001104,FL,WV,South,South,same_region,zone_2,7,7.0,0.0,False,12.34,baseline
order_0001105,NJ,TX,Northeast,South,cross_region,zone_3,9,9.0,0.0,False,7.65,baseline
order_0001106,LA,NY,South,Northeast,cross_region,zone_3,8,8.0,0.0,False,8.98,baseline
order_0001107,CA,UT,West,West,same_region,zone_2,7,7.0,0.0,False,7.85,baseline
order_0001108,VA,IN,South,Midwest,cross_region,zone_3,9,,,False,20.71,baseline
order_0001109,HI,IN,West,Midwest,remote,zone_4,11,,,False,40.94,baseline
order_0001110,GA,CA,South,West,cross_region,zone_3,9,,,False,8.43,baseline
order_0001111,AZ,IL,West,Midwest,cross_region,zone_3,9,9.0,0.0,False,29.94,baseline
order_0001112,OH,NC,Midwest,South,cross_region,zone_3,9,9.0,0.0,False,7.97,baseline
order_0001113,TX,NY,South,Northeast,cross_region,zone_3,9,8.0,0.0,False,27.79,baseline
order_0001114,CA,LA,West,South,cross_region,zone_3,9,,,False,7.53,baseline
order_0001115,PA,FL,Northeast,South,cross_region,zone_3,9,9.0,0.0,False,16.8,baseline
order_0001116,AL,GA,South,South,same_region,zone_2,7,7.0,0.0,False,5.64,baseline
order_0001117,CA,NY,West,Northeast,cross_region,zone_3,9,11.0,2.0,True,22.59,baseline
order_0001118,CA,MI,West,Midwest,cross_region,zone_3,9,9.0,0.0,False,10.05,baseline
order_0001119,ND,OH,Midwest,Midwest,same_region,zone_2,7,6.0,0.0,False,5.89,baseline
order_0001120,PA,PA,Northeast,Northeast,same_state,zone_1,4,4.0,0.0,False,7.83,baseline
order_0001121,NY,CA,Northeast,West,cross_region,zone_3,8,8.0,0.0,False,7.41,baseline
order_0001122,AZ,FL,West,South,cross_region,zone_3,9,9.0,0.0,False,25.97,baseline
order_0001123,HI,NY,West,Northeast,remote,zone_4,12,12.0,0.0,False,25.83,baseline
order_0001124,NY,FL,Northeast,South,cross_region,zone_3,9,9.0,0.0,False,14.8,baseline
order_0001125,HI,FL,West,South,remote,zone_4,11,12.0,1.0,True,27.28,baseline
order_0001126,NY,IL,Northeast,Midwest,cross_region,zone_3,9,13.0,4.0,True,7.73,baseline
order_0001127,IL,FL,Midwest,South,cross_region,zone_3,9,9.0,0.0,False,15.68,baseline
order_0001128,HI,WA,West,West,same_region,zone_2,7,6.0,0.0,False,5.05,baseline
order_0001129,CO,IL,West,Midwest,cross_region,zone_3,9,9.0,0.0,False,8.34,baseline
order_0001130,CT,CA,Northeast,West,cross_region,zone_3,9,9.0,0.0,False,15.33,baseline
order_0001131,TX,VA,South,South,same_region,zone_2,8,13.0,5.0,True,6.01,baseline
order_0001132,HI,NM,West,West,same_region,zone_2,6,6.0,0.0,False,10.53,baseline
order_0001133,NY,IN,Northeast,Midwest,cross_region,zone_3,9,9.0,0.0,False,9.06,baseline
order_0001134,FL,RI,South,Northeast,cross_region,zone_3,9,9.0,0.0,False,10.56,baseline
order_0001135,IL,FL,Midwest,South,cross_region,zone_3,9,9.0,0.0,False,12.84,baseline
order_0001136,CA,NY,West,Northeast,cross_region,zone_3,9,9.0,0.0,False,9.55,baseline
order_0001137,NY,AK,Northeast,West,remote,zone_4,11,11.0,0.0,False,16.35,baseline
order_0001138,FL,MI,South,Midwest,cross_region,zone_3,9,9.0,0.0,False,30.09,baseline
order_0001139,TN,TN,South,South,same_state,zone_1,4,6.0,2.0,True,8.23,baseline
order_0001140,WA,NY,West,Northeast,cross_region,zone_3,8,8.0,0.0,False,8.41,baseline
order_0001141,PA,WV,Northeast,South,cross_region,zone_3,9,8.0,0.0,False,8.72,baseline
order_0001142,CA,AK,West,West,same_region,zone_2,7,7.0,0.0,False,11.86,baseline
order_0001143,OR,FL,West,South,cross_region,zone_3,10,9.0,0.0,False,8.22,baseline
order_0001144,CT,FL,Northeast,South,cross_region,zone_3,9,11.0,2.0,True,8.58,baseline
order_0001145,TX,FL,South,South,same_region,zone_2,7,7.0,0.0,False,19.52,baseline
order_0001146,TX,KS,South,Midwest,cross_region,zone_3,10,,,False,9.2,baseline
order_0001147,TX,CA,South,West,cross_region,zone_3,9,9.0,0.0,False,7.5,baseline
order_0001148,TX,TX,South,South,same_state,zone_1,6,6.0,0.0,False,4.7,baseline
order_0001149,FL,PA,South,Northeast,cross_region,zone_3,9,,,False,9.41,baseline
order_0001150,SC,OH,South,Midwest,cross_region,zone_3,9,8.0,0.0,False,8.47,baseline
order_0001151,LA,TX,South,South,same_region,zone_2,7,7.0,0.0,False,5.72,baseline
order_0001152,WA,WA,West,West,same_state,zone_1,5,4.0,0.0,False,9.65,baseline
order_0001153,NY,TX,Northeast,South,cross_region,zone_3,9,10.0,1.0,True,9.77,baseline
order_0001154,CA,TX,West,South,cross_region,zone_3,10,10.0,0.0,False,9.9,baseline
order_0001155,NY,AK,Northeast,West,remote,zone_4,11,11.0,0.0,False,13.07,baseline
order_0001156,GA,PA,South,Northeast,cross_region,zone_3,10,14.0,4.0,True,17.45,baseline
order_0001157,LA,NM,South,West,cross_region,zone_3,8,12.0,4.0,True,8.58,baseline
order_0001158,IL,OH,Midwest,Midwest,same_region,zone_2,7,7.0,0.0,False,5.79,baseline
order_0001159,IL,ND,Midwest,Midwest,same_region,zone_2,7,,,False,12.08,baseline
order_0001160,NM,FL,West,South,cross_region,zone_3,9,10.0,1.0,True,9.2,baseline
order_0001161,HI,NC,West,South,remote,zone_4,11,15.0,4.0,True,14.3,baseline
order_0001162,NJ,IL,Northeast,Midwest,cross_region,zone_3,9,9.0,0.0,False,8.07,baseline
order_0001163,SD,GA,Midwest,South,cross_region,zone_3,9,9.0,0.0,False,16.38,baseline
order_0001164,TX,TX,South,South,same_state,zone_1,5,7.0,2.0,True,14.77,baseline
order_0001165,PA,KS,Northeast,Midwest,cross_region,zone_3,10,11.0,1.0,True,19.19,baseline
order_0001166,TX,AR,South,South,same_region,zone_2,7,7.0,0.0,False,13.13,baseline
order_0001167,ME,TN,Northeast,South,cross_region,zone_3,9,9.0,0.0,False,10.36,baseline
order_0001168,IL,IL,Midwest,Midwest,same_state,zone_1,5,4.0,0.0,False,8.48,baseline
order_0001169,NY,GA,Northeast,South,cross_region,zone_3,9,8.0,0.0,False,37.01,baseline
order_0001170,AL,TX,South,South,same_region,zone_2,7,7.0,0.0,False,4.73,baseline
order_0001171,AZ,FL,West,South,cross_region,zone_3,9,9.0,0.0,False,11.48,baseline
order_0001172,PA,GA,Northeast,South,cross_region,zone_3,9,8.0,0.0,False,18.42,baseline
order_0001173,TN,FL,South,South,same_region,zone_2,6,5.0,0.0,False,11.45,baseline
order_0001174,IL,NY,Midwest,Northeast,cross_region,zone_3,9,9.0,0.0,False,17.04,baseline
order_0001175,IL,WY,Midwest,West,cross_region,zone_3,9,9.0,0.0,False,8.14,baseline
order_0001176,TX,SD,South,Midwest,cross_region,zone_3,9,12.0,3.0,True,16.33,baseline
order_0001177,TX,FL,South,South,same_region,zone_2,7,11.0,4.0,True,5.46,baseline
order_0001178,VA,TX,South,South,same_region,zone_2,7,7.0,0.0,False,27.55,baseline
order_0001179,FL,FL,South,South,same_state,zone_1,4,4.0,0.0,False,3.69,baseline
order_0001180,HI,SC,West,South,remote,zone_4,12,13.0,1.0,True,90.76,baseline
order_0001181,GA,WV,South,South,same_region,zone_2,7,6.0,0.0,False,12.33,baseline
order_0001182,FL,NY,South,Northeast,cross_region,zone_3,9,9.0,0.0,False,8.5,baseline
order_0001183,NJ,CA,Northeast,West,cross_region,zone_3,9,9.0,0.0,False,9.68,baseline
order_0001184,CA,AK,West,West,same_region,zone_2,8,7.0,0.0,False,14.65,baseline
order_0001185,OR,OH,West,Midwest,cross_region,zone_3,9,8.0,0.0,False,16.59,baseline
order_0001186,NH,PA,Northeast,Northeast,same_region,zone_2,7,6.0,0.0,False,4.76,baseline
order_0001187,PA,FL,Northeast,South,cross_region,zone_3,8,,,False,17.18,baseline
order_0001188,TX,NH,South,Northeast,cross_region,zone_3,9,8.0,0.0,False,17.22,baseline
order_0001189,MO,PA,Midwest,Northeast,cross_region,zone_3,10,10.0,0.0,False,10.56,baseline
order_0001190,NJ,CA,Northeast,West,cross_region,zone_3,9,9.0,0.0,False,19.19,baseline
order_0001191,NJ,NJ,Northeast,Northeast,same_state,zone_1,5,8.0,3.0,True,4.2,baseline
order_0001192,NJ,TX,Northeast,South,cross_region,zone_3,9,9.0,0.0,False,9.33,baseline
order_0001193,IL,AL,Midwest,South,cross_region,zone_3,10,10.0,0.0,False,36.92,baseline
order_0001194,NJ,OH,Northeast,Midwest,cross_region,zone_3,9,9.0,0.0,False,17.99,baseline
order_0001195,RI,TX,Northeast,South,cross_region,zone_3,9,13.0,4.0,True,12.2,baseline
order_0001196,OH,TX,Midwest,South,cross_region,zone_3,9,9.0,0.0,False,10.43,baseline
order_0001197,TX,NC,South,South,same_region,zone_2,7,,,False,4.88,baseline
order_0001198,TX,OH,South,Midwest,cross_region,zone_3,9,8.0,0.0,False,10.53,baseline
order_0001199,OH,NC,Midwest,South,cross_region,zone_3,9,9.0,0.0,False,19.35,baseline
order_0001200,NY,IL,Northeast,Midwest,cross_region,zone_3,10,10.0,0.0,False,9.1,baseline
order_0001201,OR,IN,West,Midwest,cross_region,zone_3,10,10.0,0.0,False,29.01,baseline
order_0001202,NY,AZ,Northeast,West,cross_region,zone_3,9,9.0,0.0,False,9.76,baseline
order_0001203,NY,MN,Northeast,Midwest,cross_region,zone_3,9,8.0,0.0,False,8.48,baseline
order_0001204,VT,GA,Northeast,South,cross_region,zone_3,9,9.0,0.0,False,11.24,baseline
order_0001205,FL,ND,South,Midwest,cross_region,zone_3,9,9.0,0.0,False,42.99,baseline
order_0001206,CA,NY,West,Northeast,cross_region,zone_3,9,9.0,0.0,False,15.31,baseline
order_0001207,CT,NY,Northeast,Northeast,same_region,zone_2,7,6.0,0.0,False,20.87,baseline
order_0001208,IL,TX,Midwest,South,cross_region,zone_3,9,9.0,0.0,False,17.71,baseline
order_0001209,CA,CA,West,West,same_state,zone_1,5,5.0,0.0,False,9.13,baseline
order_0001210,GA,PA,South,Northeast,cross_region,zone_3,9,8.0,0.0,False,39.26,baseline
order_0001211,OH,KY,Midwest,South,cross_region,zone_3,9,,,False,9.63,baseline
order_0001212,FL,CT,South,Northeast,cross_region,zone_3,9,11.0,2.0,True,8.55,baseline
order_0001213,TN,MI,South,Midwest,cross_region,zone_3,10,10.0,0.0,False,40.31,baseline
order_0001214,TX,WY,South,West,cross_region,zone_3,9,12.0,3.0,True,7.52,baseline
order_0001215,NJ,IL,Northeast,Midwest,cross_region,zone_3,10,12.0,2.0,True,24.22,baseline
order_0001216,HI,TX,West,South,remote,zone_4,11,11.0,0.0,False,13.36,baseline
order_0001217,VA,NY,South,Northeast,cross_region,zone_3,9,8.0,0.0,False,7.6,baseline
order_0001218,CA,TX,West,South,cross_region,zone_3,9,8.0,0.0,False,18.53,baseline
order_0001219,MN,WY,Midwest,West,cross_region,zone_3,10,10.0,0.0,False,19.08,baseline
order_0001220,IL,OR,Midwest,West,cross_region,zone_3,8,8.0,0.0,False,10.39,baseline
order_0001221,CA,FL,West,South,cross_region,zone_3,9,,,False,16.01,baseline
order_0001222,HI,KS,West,Midwest,remote,zone_4,11,10.0,0.0,False,27.96,baseline
order_0001223,MS,CA,South,West,cross_region,zone_3,9,10.0,1.0,True,15.36,baseline
order_0001224,VT,VT,Northeast,Northeast,same_state,zone_1,5,5.0,0.0,False,4.73,baseline
order_0001225,RI,LA,Northeast,South,cross_region,zone_3,10,15.0,5.0,True,26.97,baseline
order_0001226,AL,MI,South,Midwest,cross_region,zone_3,9,9.0,0.0,False,23.89,baseline
order_0001227,TX,CA,South,West,cross_region,zone_3,9,9.0,0.0,False,8.89,baseline
order_0001228,MN,OH,Midwest,Midwest,same_region,zone_2,7,7.0,0.0,False,5.74,baseline
order_0001229,MI,MD,Midwest,South,cross_region,zone_3,9,9.0,0.0,False,7.75,baseline
order_0001230,NJ,MA,Northeast,Northeast,same_region,zone_2,8,8.0,0.0,False,5.71,baseline
order_0001231,OR,AZ,West,West,same_region,zone_2,7,,,False,18.97,baseline
order_0001232,TX,AZ,South,West,cross_region,zone_3,9,8.0,0.0,False,8.1,baseline
order_0001233,TX,ME,South,Northeast,cross_region,zone_3,9,10.0,1.0,True,16.0,baseline
order_0001234,FL,CA,South,West,cross_region,zone_3,8,8.0,0.0,False,7.74,baseline
order_0001235,NY,DE,Northeast,South,cross_region,zone_3,10,10.0,0.0,False,7.81,baseline
order_0001236,MN,TX,Midwest,South,cross_region,zone_3,10,,,False,12.95,baseline
order_0001237,NJ,CA,Northeast,West,cross_region,zone_3,9,,,False,7.66,baseline
order_0001238,CA,TX,West,South,cross_region,zone_3,9,9.0,0.0,False,16.11,baseline
order_0001239,CA,OH,West,Midwest,cross_region,zone_3,9,13.0,4.0,True,10.92,baseline
order_0001240,LA,ME,South,Northeast,cross_region,zone_3,9,10.0,1.0,True,9.04,baseline
order_0001241,FL,PA,South,Northeast,cross_region,zone_3,9,8.0,0.0,False,14.82,baseline
order_0001242,HI,UT,West,West,same_region,zone_2,6,6.0,0.0,False,12.81,baseline
order_0001243,FL,VA,South,South,same_region,zone_2,7,7.0,0.0,False,29.08,baseline
order_0001244,MA,DC,Northeast,South,cross_region,zone_3,10,10.0,0.0,False,20.31,baseline
order_0001245,CT,SD,Northeast,Midwest,cross_region,zone_3,9,8.0,0.0,False,41.04,baseline
order_0001246,NJ,LA,Northeast,South,cross_region,zone_3,9,9.0,0.0,False,17.26,baseline
order_0001247,CA,NY,West,Northeast,cross_region,zone_3,9,13.0,4.0,True,8.46,baseline
order_0001248,NY,TN,Northeast,South,cross_region,zone_3,9,9.0,0.0,False,9.8,baseline
order_0001249,KY,MA,South,Northeast,cross_region,zone_3,9,9.0,0.0,False,8.17,baseline
order_0001250,PA,CA,Northeast,West,cross_region,zone_3,9,,,False,7.82,baseline
order_0001251,NY,WA,Northeast,West,cross_region,zone_3,8,8.0,0.0,False,15.99,baseline
order_0001252,OH,NC,Midwest,South,cross_region,zone_3,10,10.0,0.0,False,11.74,baseline
order_0001253,VA,TX,South,South,same_region,zone_2,7,,,False,19.78,baseline
order_0001254,MS,MI,South,Midwest,cross_region,zone_3,8,9.0,1.0,True,23.62,baseline
order_0001255,NV,NY,West,Northeast,cross_region,zone_3,8,8.0,0.0,False,16.56,baseline
order_0001256,PA,OH,Northeast,Midwest,cross_region,zone_3,9,8.0,0.0,False,8.63,baseline
order_0001257,MS,CA,South,West,cross_region,zone_3,8,8.0,0.0,False,8.2,baseline
order_0001258,CA,PA,West,Northeast,cross_region,zone_3,9,9.0,0.0,False,9.64,baseline
order_0001259,PA,MO,Northeast,Midwest,cross_region,zone_3,10,15.0,5.0,True,9.26,baseline
order_0001260,VA,WI,South,Midwest,cross_region,zone_3,9,9.0,0.0,False,12.78,baseline
order_0001261,TX,LA,South,South,same_region,zone_2,8,7.0,0.0,False,18.08,baseline
order_0001262,IL,KS,Midwest,Midwest,same_region,zone_2,7,7.0,0.0,False,6.88,baseline
order_0001263,PA,NH,Northeast,Northeast,same_region,zone_2,7,6.0,0.0,False,5.1,baseline
order_0001264,MA,TX,Northeast,South,cross_region,zone_3,9,,,False,9.96,baseline
order_0001265,NY,AL,Northeast,South,cross_region,zone_3,8,8.0,0.0,False,7.64,baseline
order_0001266,CA,IA,West,Midwest,cross_region,zone_3,9,9.0,0.0,False,11.84,baseline
order_0001267,IL,PA,Midwest,Northeast,cross_region,zone_3,9,9.0,0.0,False,15.73,baseline
order_0001268,MS,NC,South,South,same_region,zone_2,6,6.0,0.0,False,7.37,baseline
order_0001269,OR,MD,West,South,cross_region,zone_3,9,10.0,1.0,True,8.92,baseline
order_0001270,ME,CO,Northeast,West,cross_region,zone_3,9,12.0,3.0,True,22.31,baseline
order_0001271,TX,CO,South,West,cross_region,zone_3,9,10.0,1.0,True,9.58,baseline
order_0001272,LA,MA,South,Northeast,cross_region,zone_3,9,8.0,0.0,False,33.53,baseline
order_0001273,MA,PA,Northeast,Northeast,same_region,zone_2,8,8.0,0.0,False,8.76,baseline
order_0001274,OH,CA,Midwest,West,cross_region,zone_3,10,9.0,0.0,False,17.65,baseline
order_0001275,NJ,CA,Northeast,West,cross_region,zone_3,10,10.0,0.0,False,8.05,baseline
order_0001276,PA,IL,Northeast,Midwest,cross_region,zone_3,9,9.0,0.0,False,7.54,baseline
order_0001277,FL,NY,South,Northeast,cross_region,zone_3,9,9.0,0.0,False,7.54,baseline
order_0001278,CT,TX,Northeast,South,cross_region,zone_3,9,9.0,0.0,False,19.51,baseline
order_0001279,AL,CA,South,West,cross_region,zone_3,9,9.0,0.0,False,19.78,baseline
order_0001280,FL,LA,South,South,same_region,zone_2,7,7.0,0.0,False,5.32,baseline
order_0001281,CA,CA,West,West,same_state,zone_1,6,10.0,4.0,True,12.31,baseline
order_0001282,HI,CA,West,West,same_region,zone_2,6,5.0,0.0,False,6.01,baseline
order_0001283,FL,PA,South,Northeast,cross_region,zone_3,9,8.0,0.0,False,12.13,baseline
order_0001284,CT,AK,Northeast,West,remote,zone_4,12,11.0,0.0,False,29.11,baseline
order_0001285,VT,WY,Northeast,West,cross_region,zone_3,9,9.0,0.0,False,8.29,baseline
order_0001286,CT,PA,Northeast,Northeast,same_region,zone_2,7,6.0,0.0,False,5.79,baseline
order_0001287,TX,CA,South,West,cross_region,zone_3,10,10.0,0.0,False,11.32,baseline
order_0001288,LA,NY,South,Northeast,cross_region,zone_3,8,9.0,1.0,True,7.99,baseline
order_0001289,AZ,AK,West,West,same_region,zone_2,7,7.0,0.0,False,25.06,baseline
order_0001290,OH,NY,Midwest,Northeast,cross_region,zone_3,9,8.0,0.0,False,7.85,baseline
order_0001291,NY,NM,Northeast,West,cross_region,zone_3,9,14.0,5.0,True,34.88,baseline
order_0001292,MO,NC,Midwest,South,cross_region,zone_3,9,9.0,0.0,False,15.72,baseline
order_0001293,TN,GA,South,South,same_region,zone_2,7,7.0,0.0,False,5.35,baseline
order_0001294,VT,MI,Northeast,Midwest,cross_region,zone_3,9,9.0,0.0,False,7.77,baseline
order_0001295,CA,GA,West,South,cross_region,zone_3,9,,,False,8.27,baseline
order_0001296,TX,NE,South,Midwest,cross_region,zone_3,9,9.0,0.0,False,7.58,baseline
order_0001297,HI,PA,West,Northeast,remote,zone_4,11,12.0,1.0,True,25.56,baseline
order_0001298,AZ,GA,West,South,cross_region,zone_3,9,9.0,0.0,False,8.96,baseline
order_0001299,NV,FL,West,South,cross_region,zone_3,10,10.0,0.0,False,17.3,baseline
order_0001300,CA,NC,West,South,cross_region,zone_3,9,9.0,0.0,False,16.41,baseline
order_0001301,NY,IL,Northeast,Midwest,cross_region,zone_3,9,8.0,0.0,False,8.81,baseline
order_0001302,TX,PA,South,Northeast,cross_region,zone_3,9,8.0,0.0,False,10.16,baseline
order_0001303,FL,CO,South,West,cross_region,zone_3,9,9.0,0.0,False,8.12,baseline
order_0001304,VA,LA,South,South,same_region,zone_2,7,7.0,0.0,False,37.74,baseline
order_0001305,CO,OH,West,Midwest,cross_region,zone_3,9,9.0,0.0,False,17.5,baseline
order_0001306,NY,MN,Northeast,Midwest,cross_region,zone_3,9,,,False,19.47,baseline
order_0001307,AR,OR,South,West,cross_region,zone_3,9,12.0,3.0,True,8.31,baseline
order_0001308,CA,CA,West,West,same_state,zone_1,5,5.0,0.0,False,4.52,baseline
order_0001309,TX,MD,South,South,same_region,zone_2,7,8.0,1.0,True,7.83,baseline
order_0001310,CO,NY,West,Northeast,cross_region,zone_3,9,9.0,0.0,False,8.6,baseline
order_0001311,OH,FL,Midwest,South,cross_region,zone_3,8,8.0,0.0,False,7.87,baseline
order_0001312,NJ,MT,Northeast,West,cross_region,zone_3,9,9.0,0.0,False,17.0,baseline
order_0001313,NY,DE,Northeast,South,cross_region,zone_3,9,,,False,7.98,baseline
order_0001314,LA,KS,South,Midwest,cross_region,zone_3,9,9.0,0.0,False,15.94,baseline
order_0001315,CA,NM,West,West,same_region,zone_2,7,7.0,0.0,False,5.16,baseline
order_0001316,OK,NM,South,West,cross_region,zone_3,9,8.0,0.0,False,21.21,baseline
order_0001317,OR,IL,West,Midwest,cross_region,zone_3,9,9.0,0.0,False,28.05,baseline
order_0001318,MT,OH,West,Midwest,cross_region,zone_3,9,9.0,0.0,False,8.26,baseline
order_0001319,IL,IA,Midwest,Midwest,same_region,zone_2,8,,,False,11.37,baseline
order_0001320,TX,KS,South,Midwest,cross_region,zone_3,10,10.0,0.0,False,8.43,baseline
order_0001321,KY,PA,South,Northeast,cross_region,zone_3,10,14.0,4.0,True,8.62,baseline
order_0001322,MN,IL,Midwest,Midwest,same_region,zone_2,6,6.0,0.0,False,16.67,baseline
order_0001323,WV,FL,South,South,same_region,zone_2,7,7.0,0.0,False,5.54,baseline
order_0001324,OH,MI,Midwest,Midwest,same_region,zone_2,6,6.0,0.0,False,22.82,baseline
order_0001325,VT,DC,Northeast,South,cross_region,zone_3,8,,,False,17.4,baseline
order_0001326,ID,MN,West,Midwest,cross_region,zone_3,9,9.0,0.0,False,13.62,baseline
order_0001327,NY,OH,Northeast,Midwest,cross_region,zone_3,9,,,False,8.85,baseline
order_0001328,IA,IA,Midwest,Midwest,same_state,zone_1,4,4.0,0.0,False,5.8,baseline
order_0001329,CT,WI,Northeast,Midwest,cross_region,zone_3,9,8.0,0.0,False,16.59,baseline
order_0001330,IL,SC,Midwest,South,cross_region,zone_3,9,9.0,0.0,False,24.09,baseline
order_0001331,WI,IA,Midwest,Midwest,same_region,zone_2,7,7.0,0.0,False,5.21,baseline
order_0001332,AZ,CA,West,West,same_region,zone_2,7,6.0,0.0,False,11.25,baseline
order_0001333,OH,IL,Midwest,Midwest,same_region,zone_2,8,,,False,5.92,baseline
order_0001334,HI,IA,West,Midwest,remote,zone_4,11,10.0,0.0,False,13.03,baseline
order_0001335,WV,NY,South,Northeast,cross_region,zone_3,9,9.0,0.0,False,8.24,baseline
order_0001336,TX,PA,South,Northeast,cross_region,zone_3,9,9.0,0.0,False,23.34,baseline
order_0001337,CA,OH,West,Midwest,cross_region,zone_3,9,9.0,0.0,False,22.4,baseline
order_0001338,WA,MO,West,Midwest,cross_region,zone_3,9,9.0,0.0,False,7.96,baseline
order_0001339,WA,NY,West,Northeast,cross_region,zone_3,9,9.0,0.0,False,25.36,baseline
order_0001340,CA,TX,West,South,cross_region,zone_3,9,8.0,0.0,False,9.33,baseline
order_0001341,AL,CA,South,West,cross_region,zone_3,9,9.0,0.0,False,8.23,baseline
order_0001342,PA,MO,Northeast,Midwest,cross_region,zone_3,9,14.0,5.0,True,27.79,baseline
order_0001343,HI,OH,West,Midwest,remote,zone_4,11,11.0,0.0,False,27.06,baseline
order_0001344,PA,AL,Northeast,South,cross_region,zone_3,10,,,False,45.13,baseline
order_0001345,TX,ME,South,Northeast,cross_region,zone_3,9,,,False,17.93,baseline
order_0001346,GA,ID,South,West,cross_region,zone_3,10,10.0,0.0,False,34.31,baseline
order_0001347,PA,HI,Northeast,West,remote,zone_4,13,13.0,0.0,False,31.22,baseline
order_0001348,FL,OH,South,Midwest,cross_region,zone_3,8,,,False,9.45,baseline
order_0001349,CA,CA,West,West,same_state,zone_1,6,5.0,0.0,False,13.94,baseline
order_0001350,PA,FL,Northeast,South,cross_region,zone_3,9,9.0,0.0,False,24.97,baseline
order_0001351,NY,TX,Northeast,South,cross_region,zone_3,9,11.0,2.0,True,7.39,baseline
order_0001352,ID,SC,West,South,cross_region,zone_3,9,9.0,0.0,False,9.26,baseline
order_0001353,MO,CA,Midwest,West,cross_region,zone_3,9,14.0,5.0,True,43.42,baseline
order_0001354,PA,IN,Northeast,Midwest,cross_region,zone_3,10,10.0,0.0,False,10.19,baseline
order_0001355,CA,TX,West,South,cross_region,zone_3,9,8.0,0.0,False,7.73,baseline
order_0001356,IL,UT,Midwest,West,cross_region,zone_3,9,9.0,0.0,False,22.6,baseline
order_0001357,VA,CA,South,West,cross_region,zone_3,9,9.0,0.0,False,30.9,baseline
order_0001358,PA,FL,Northeast,South,cross_region,zone_3,8,8.0,0.0,False,43.59,baseline
order_0001359,FL,DE,South,South,same_region,zone_2,7,,,False,11.2,baseline
order_0001360,LA,WA,South,West,cross_region,zone_3,9,9.0,0.0,False,42.2,baseline
order_0001361,CA,DC,West,South,cross_region,zone_3,9,9.0,0.0,False,7.2,baseline
order_0001362,TX,CA,South,West,cross_region,zone_3,9,8.0,0.0,False,8.25,baseline
order_0001363,CA,CA,West,West,same_state,zone_1,5,5.0,0.0,False,13.28,baseline
order_0001364,CA,MN,West,Midwest,cross_region,zone_3,9,9.0,0.0,False,9.45,baseline
order_0001365,ID,FL,West,South,cross_region,zone_3,9,8.0,0.0,False,24.7,baseline
order_0001366,NY,FL,Northeast,South,cross_region,zone_3,8,8.0,0.0,False,8.84,baseline
order_0001367,FL,OH,South,Midwest,cross_region,zone_3,9,9.0,0.0,False,7.08,baseline
order_0001368,CA,NY,West,Northeast,cross_region,zone_3,9,9.0,0.0,False,18.75,baseline
order_0001369,FL,TX,South,South,same_region,zone_2,7,6.0,0.0,False,5.05,baseline
order_0001370,ND,RI,Midwest,Northeast,cross_region,zone_3,9,9.0,0.0,False,24.29,baseline
order_0001371,TX,FL,South,South,same_region,zone_2,7,7.0,0.0,False,5.87,baseline
order_0001372,NJ,HI,Northeast,West,remote,zone_4,12,12.0,0.0,False,24.81,baseline
order_0001373,PA,CT,Northeast,Northeast,same_region,zone_2,7,6.0,0.0,False,22.43,baseline
order_0001374,IA,AR,Midwest,South,cross_region,zone_3,9,9.0,0.0,False,8.5,baseline
order_0001375,NJ,NV,Northeast,West,cross_region,zone_3,9,9.0,0.0,False,8.88,baseline
order_0001376,OR,WV,West,South,cross_region,zone_3,9,9.0,0.0,False,14.06,baseline
order_0001377,CA,LA,West,South,cross_region,zone_3,9,8.0,0.0,False,16.05,baseline
order_0001378,AZ,CT,West,Northeast,cross_region,zone_3,8,9.0,1.0,True,17.47,baseline
order_0001379,IL,FL,Midwest,South,cross_region,zone_3,9,8.0,0.0,False,26.38,baseline
order_0001380,MN,IL,Midwest,Midwest,same_region,zone_2,8,8.0,0.0,False,11.58,baseline
order_0001381,NJ,MI,Northeast,Midwest,cross_region,zone_3,9,8.0,0.0,False,13.42,baseline
order_0001382,NJ,NY,Northeast,Northeast,same_region,zone_2,7,7.0,0.0,False,11.8,baseline
order_0001383,TX,CA,South,West,cross_region,zone_3,9,9.0,0.0,False,7.98,baseline
order_0001384,CA,FL,West,South,cross_region,zone_3,9,,,False,17.73,baseline
order_0001385,SD,WA,Midwest,West,cross_region,zone_3,9,9.0,0.0,False,8.09,baseline
order_0001386,MN,MS,Midwest,South,cross_region,zone_3,9,8.0,0.0,False,8.27,baseline
order_0001387,ME,LA,Northeast,South,cross_region,zone_3,9,9.0,0.0,False,7.82,baseline
order_0001388,PA,NY,Northeast,Northeast,same_region,zone_2,7,,,False,19.05,baseline
order_0001389,ME,MI,Northeast,Midwest,cross_region,zone_3,9,,,False,9.57,baseline
order_0001390,NV,CA,West,West,same_region,zone_2,6,5.0,0.0,False,15.05,baseline
order_0001391,FL,MN,South,Midwest,cross_region,zone_3,9,9.0,0.0,False,9.85,baseline
order_0001392,FL,VA,South,South,same_region,zone_2,7,7.0,0.0,False,22.98,baseline
order_0001393,HI,CA,West,West,same_region,zone_2,7,,,False,16.24,baseline
order_0001394,CA,OH,West,Midwest,cross_region,zone_3,9,9.0,0.0,False,8.31,baseline
order_0001395,AK,TX,West,South,remote,zone_4,12,13.0,1.0,True,28.05,baseline
order_0001396,OR,CA,West,West,same_region,zone_2,7,10.0,3.0,True,5.54,baseline
order_0001397,VA,IL,South,Midwest,cross_region,zone_3,8,8.0,0.0,False,17.53,baseline
order_0001398,IL,CA,Midwest,West,cross_region,zone_3,9,8.0,0.0,False,45.93,baseline
order_0001399,NJ,ME,Northeast,Northeast,same_region,zone_2,7,8.0,1.0,True,5.43,baseline
order_0001400,AR,NY,South,Northeast,cross_region,zone_3,10,,,False,7.63,baseline
order_0001401,LA,CA,South,West,cross_region,zone_3,9,13.0,4.0,True,7.87,baseline
order_0001402,AK,FL,West,South,remote,zone_4,12,12.0,0.0,False,12.55,baseline
order_0001403,NJ,IL,Northeast,Midwest,cross_region,zone_3,9,10.0,1.0,True,9.12,baseline
order_0001404,TX,WA,South,West,cross_region,zone_3,10,10.0,0.0,False,24.53,baseline
order_0001405,NJ,ND,Northeast,Midwest,cross_region,zone_3,8,8.0,0.0,False,8.45,baseline
order_0001406,CA,MI,West,Midwest,cross_region,zone_3,9,9.0,0.0,False,7.3,baseline
order_0001407,OH,UT,Midwest,West,cross_region,zone_3,9,9.0,0.0,False,15.8,baseline
order_0001408,WA,PA,West,Northeast,cross_region,zone_3,9,9.0,0.0,False,10.13,baseline
order_0001409,PA,TX,Northeast,South,cross_region,zone_3,9,9.0,0.0,False,7.34,baseline
order_0001410,MT,CO,West,West,same_region,zone_2,7,7.0,0.0,False,24.7,baseline
order_0001411,NV,FL,West,South,cross_region,zone_3,9,9.0,0.0,False,8.34,baseline
order_0001412,WV,IA,South,Midwest,cross_region,zone_3,9,9.0,0.0,False,7.75,baseline
order_0001413,ID,WY,West,West,same_region,zone_2,7,,,False,5.72,baseline
order_0001414,NY,OH,Northeast,Midwest,cross_region,zone_3,9,9.0,0.0,False,23.84,baseline
order_0001415,HI,GA,West,South,remote,zone_4,11,10.0,0.0,False,11.73,baseline
order_0001416,MT,NV,West,West,same_region,zone_2,7,7.0,0.0,False,12.62,baseline
order_0001417,MA,NE,Northeast,Midwest,cross_region,zone_3,9,9.0,0.0,False,7.48,baseline
order_0001418,AL,MD,South,South,same_region,zone_2,7,7.0,0.0,False,12.3,baseline
order_0001419,NJ,NY,Northeast,Northeast,same_region,zone_2,7,7.0,0.0,False,10.56,baseline
order_0001420,FL,ME,South,Northeast,cross_region,zone_3,9,8.0,0.0,False,8.79,baseline
order_0001421,NY,TX,Northeast,South,cross_region,zone_3,9,,,False,19.69,baseline
order_0001422,NJ,MI,Northeast,Midwest,cross_region,zone_3,10,10.0,0.0,False,10.0,baseline
order_0001423,NH,OH,Northeast,Midwest,cross_region,zone_3,9,9.0,0.0,False,54.66,baseline
order_0001424,CA,CO,West,West,same_region,zone_2,8,8.0,0.0,False,7.43,baseline
order_0001425,NY,CA,Northeast,West,cross_region,zone_3,9,9.0,0.0,False,15.16,baseline
order_0001426,GA,MI,South,Midwest,cross_region,zone_3,8,8.0,0.0,False,20.32,baseline
order_0001427,DC,LA,South,South,same_region,zone_2,7,7.0,0.0,False,5.08,baseline
order_0001428,IN,FL,Midwest,South,cross_region,zone_3,9,8.0,0.0,False,7.59,baseline
order_0001429,WA,DC,West,South,cross_region,zone_3,9,9.0,0.0,False,10.68,baseline
order_0001430,FL,PA,South,Northeast,cross_region,zone_3,10,,,False,28.68,baseline
order_0001431,IL,FL,Midwest,South,cross_region,zone_3,9,10.0,1.0,True,15.35,baseline
order_0001432,PA,DE,Northeast,South,cross_region,zone_3,9,10.0,1.0,True,30.02,baseline
order_0001433,CA,HI,West,West,same_region,zone_2,7,7.0,0.0,False,6.45,baseline
order_0001434,NJ,KY,Northeast,South,cross_region,zone_3,9,9.0,0.0,False,20.19,baseline
order_0001435,NJ,TX,Northeast,South,cross_region,zone_3,8,8.0,0.0,False,15.98,baseline
order_0001436,CA,CA,West,West,same_state,zone_1,5,5.0,0.0,False,8.62,baseline
order_0001437,FL,MS,South,South,same_region,zone_2,7,7.0,0.0,False,19.04,baseline
order_0001438,OH,NC,Midwest,South,cross_region,zone_3,10,13.0,3.0,True,10.55,baseline
order_0001439,NJ,ND,Northeast,Midwest,cross_region,zone_3,9,,,False,9.7,baseline
order_0001440,OH,FL,Midwest,South,cross_region,zone_3,9,9.0,0.0,False,7.88,baseline
order_0001441,FL,NE,South,Midwest,cross_region,zone_3,9,13.0,4.0,True,9.22,baseline
order_0001442,CT,NV,Northeast,West,cross_region,zone_3,10,,,False,8.42,baseline
order_0001443,NY,CA,Northeast,West,cross_region,zone_3,9,8.0,0.0,False,8.26,baseline
order_0001444,AL,NC,South,South,same_region,zone_2,7,,,False,5.71,baseline
order_0001445,HI,PA,West,Northeast,remote,zone_4,12,12.0,0.0,False,14.2,baseline
order_0001446,CA,ND,West,Midwest,cross_region,zone_3,9,12.0,3.0,True,7.39,baseline
order_0001447,FL,CO,South,West,cross_region,zone_3,9,13.0,4.0,True,24.52,baseline
order_0001448,CA,NY,West,Northeast,cross_region,zone_3,9,9.0,0.0,False,9.24,baseline
order_0001449,NY,IL,Northeast,Midwest,cross_region,zone_3,9,9.0,0.0,False,8.63,baseline
order_0001450,IL,TX,Midwest,South,cross_region,zone_3,10,10.0,0.0,False,40.1,baseline
order_0001451,OH,TX,Midwest,South,cross_region,zone_3,10,10.0,0.0,False,9.41,baseline
order_0001452,NY,NY,Northeast,Northeast,same_state,zone_1,4,4.0,0.0,False,7.8,baseline
order_0001453,AL,LA,South,South,same_region,zone_2,7,7.0,0.0,False,5.08,baseline
order_0001454,TX,NY,South,Northeast,cross_region,zone_3,9,8.0,0.0,False,43.7,baseline
order_0001455,MO,IL,Midwest,Midwest,same_region,zone_2,7,7.0,0.0,False,17.71,baseline
order_0001456,WV,RI,South,Northeast,cross_region,zone_3,10,9.0,0.0,False,16.91,baseline
order_0001457,CA,TX,West,South,cross_region,zone_3,9,9.0,0.0,False,7.69,baseline
order_0001458,NY,PA,Northeast,Northeast,same_region,zone_2,6,6.0,0.0,False,5.0,baseline
order_0001459,VT,PA,Northeast,Northeast,same_region,zone_2,6,6.0,0.0,False,6.36,baseline
order_0001460,HI,PA,West,Northeast,remote,zone_4,11,11.0,0.0,False,12.07,baseline
order_0001461,CA,IL,West,Midwest,cross_region,zone_3,8,8.0,0.0,False,9.11,baseline
order_0001462,IA,CA,Midwest,West,cross_region,zone_3,9,9.0,0.0,False,8.76,baseline
order_0001463,MA,MI,Northeast,Midwest,cross_region,zone_3,9,9.0,0.0,False,15.63,baseline
order_0001464,CA,FL,West,South,cross_region,zone_3,9,8.0,0.0,False,17.54,baseline
order_0001465,PA,OK,Northeast,South,cross_region,zone_3,9,9.0,0.0,False,7.42,baseline
order_0001466,FL,FL,South,South,same_state,zone_1,6,6.0,0.0,False,6.77,baseline
order_0001467,VA,IL,South,Midwest,cross_region,zone_3,10,11.0,1.0,True,8.95,baseline
order_0001468,NJ,GA,Northeast,South,cross_region,zone_3,9,12.0,3.0,True,16.36,baseline
order_0001469,OH,TX,Midwest,South,cross_region,zone_3,9,,,False,10.23,baseline
order_0001470,TX,IL,South,Midwest,cross_region,zone_3,9,8.0,0.0,False,7.9,baseline
order_0001471,MI,NJ,Midwest,Northeast,cross_region,zone_3,10,9.0,0.0,False,39.19,baseline
order_0001472,LA,TX,South,South,same_region,zone_2,6,6.0,0.0,False,7.05,baseline
order_0001473,PA,IL,Northeast,Midwest,cross_region,zone_3,9,9.0,0.0,False,25.65,baseline
order_0001474,LA,AL,South,South,same_region,zone_2,7,7.0,0.0,False,29.36,baseline
order_0001475,OR,OR,West,West,same_state,zone_1,5,5.0,0.0,False,4.17,baseline
order_0001476,CA,TX,West,South,cross_region,zone_3,9,8.0,0.0,False,8.28,baseline
order_0001477,CA,VT,West,Northeast,cross_region,zone_3,9,9.0,0.0,False,18.76,baseline
order_0001478,NY,WV,Northeast,South,cross_region,zone_3,8,8.0,0.0,False,7.15,baseline
order_0001479,NJ,NV,Northeast,West,cross_region,zone_3,9,9.0,0.0,False,8.18,baseline
order_0001480,IA,TN,Midwest,South,cross_region,zone_3,9,9.0,0.0,False,20.04,baseline
order_0001481,LA,CO,South,West,cross_region,zone_3,8,7.0,0.0,False,38.33,baseline
order_0001482,NY,TX,Northeast,South,cross_region,zone_3,8,7.0,0.0,False,35.08,baseline
order_0001483,AZ,NC,West,South,cross_region,zone_3,8,8.0,0.0,False,47.18,baseline
order_0001484,NY,MI,Northeast,Midwest,cross_region,zone_3,8,8.0,0.0,False,15.74,baseline
order_0001485,OH,OR,Midwest,West,cross_region,zone_3,9,8.0,0.0,False,19.0,baseline
order_0001486,TX,NC,South,South,same_region,zone_2,7,,,False,11.44,baseline
order_0001487,AL,WV,South,South,same_region,zone_2,7,7.0,0.0,False,4.69,baseline
order_0001488,AL,NV,South,West,cross_region,zone_3,9,14.0,5.0,True,8.97,baseline
order_0001489,MO,CO,Midwest,West,cross_region,zone_3,9,9.0,0.0,False,7.4,baseline
order_0001490,FL,TX,South,South,same_region,zone_2,7,7.0,0.0,False,5.77,baseline
order_0001491,GA,VA,South,South,same_region,zone_2,7,7.0,0.0,False,4.95,baseline
order_0001492,AK,FL,West,South,remote,zone_4,12,12.0,0.0,False,60.01,baseline
order_0001493,NJ,PA,Northeast,Northeast,same_region,zone_2,8,7.0,0.0,False,6.06,baseline
order_0001494,NY,NE,Northeast,Midwest,cross_region,zone_3,9,9.0,0.0,False,37.68,baseline
order_0001495,CA,WI,West,Midwest,cross_region,zone_3,9,9.0,0.0,False,15.85,baseline
order_0001496,OH,TX,Midwest,South,cross_region,zone_3,9,,,False,16.71,baseline
order_0001497,NY,FL,Northeast,South,cross_region,zone_3,9,,,False,17.54,baseline
order_0001498,TX,PA,South,Northeast,cross_region,zone_3,9,14.0,5.0,True,8.87,baseline
order_0001499,OH,UT,Midwest,West,cross_region,zone_3,9,9.0,0.0,False,9.45,baseline
order_0001500,IA,NE,Midwest,Midwest,same_region,zone_2,7,7.0,0.0,False,5.1,baseline
order_0001501,PA,CA,Northeast,West,cross_region,zone_3,10,15.0,5.0,True,8.87,baseline
order_0001502,AZ,CA,West,West,same_region,zone_2,8,8.0,0.0,False,12.43,baseline
order_0001503,CA,CO,West,West,same_region,zone_2,7,7.0,0.0,False,5.05,baseline
order_0001504,TX,WI,South,Midwest,cross_region,zone_3,9,,,False,8.96,baseline
order_0001505,NY,PA,Northeast,Northeast,same_region,zone_2,7,6.0,0.0,False,5.0,baseline
order_0001506,NJ,NH,Northeast,Northeast,same_region,zone_2,7,7.0,0.0,False,7.75,baseline
order_0001507,CA,IL,West,Midwest,cross_region,zone_3,9,9.0,0.0,False,16.98,baseline
order_0001508,MO,MT,Midwest,West,cross_region,zone_3,9,8.0,0.0,False,9.9,baseline
order_0001509,PA,GA,Northeast,South,cross_region,zone_3,10,10.0,0.0,False,9.27,baseline
order_0001510,AZ,WY,West,West,same_region,zone_2,6,6.0,0.0,False,6.22,baseline
order_0001511,FL,KS,South,Midwest,cross_region,zone_3,10,10.0,0.0,False,8.82,baseline
order_0001512,NJ,IL,Northeast,Midwest,cross_region,zone_3,9,11.0,2.0,True,9.42,baseline
order_0001513,AL,TX,South,South,same_region,zone_2,7,6.0,0.0,False,5.38,baseline
order_0001514,IL,MI,Midwest,Midwest,same_region,zone_2,7,8.0,1.0,True,5.27,baseline
order_0001515,IA,AR,Midwest,South,cross_region,zone_3,9,9.0,0.0,False,17.81,baseline
order_0001516,NY,IL,Northeast,Midwest,cross_region,zone_3,9,9.0,0.0,False,7.99,baseline
order_0001517,HI,TX,West,South,remote,zone_4,11,11.0,0.0,False,11.77,baseline
order_0001518,NJ,IN,Northeast,Midwest,cross_region,zone_3,9,8.0,0.0,False,9.58,baseline
order_0001519,TX,MO,South,Midwest,cross_region,zone_3,9,10.0,1.0,True,15.31,baseline
order_0001520,PA,NM,Northeast,West,cross_region,zone_3,9,9.0,0.0,False,7.74,baseline
order_0001521,AK,MI,West,Midwest,remote,zone_4,13,13.0,0.0,False,57.31,baseline
order_0001522,HI,WA,West,West,same_region,zone_2,6,5.0,0.0,False,6.56,baseline
order_0001523,CA,OH,West,Midwest,cross_region,zone_3,9,9.0,0.0,False,8.1,baseline
order_0001524,FL,TN,South,South,same_region,zone_2,7,7.0,0.0,False,10.76,baseline
order_0001525,NJ,CO,Northeast,West,cross_region,zone_3,9,8.0,0.0,False,20.98,baseline
order_0001526,NY,NH,Northeast,Northeast,same_region,zone_2,6,6.0,0.0,False,5.99,baseline
order_0001527,OH,CT,Midwest,Northeast,cross_region,zone_3,9,9.0,0.0,False,35.04,baseline
order_0001528,FL,KY,South,South,same_region,zone_2,6,5.0,0.0,False,11.47,baseline
order_0001529,NY,NY,Northeast,Northeast,same_state,zone_1,5,5.0,0.0,False,7.28,baseline
order_0001530,NJ,TX,Northeast,South,cross_region,zone_3,8,8.0,0.0,False,8.13,baseline
order_0001531,CA,IL,West,Midwest,cross_region,zone_3,9,10.0,1.0,True,7.66,baseline
order_0001532,IL,WV,Midwest,South,cross_region,zone_3,9,9.0,0.0,False,12.94,baseline
order_0001533,CA,NM,West,West,same_region,zone_2,7,10.0,3.0,True,4.78,baseline
order_0001534,NY,MI,Northeast,Midwest,cross_region,zone_3,8,8.0,0.0,False,13.81,baseline
order_0001535,AZ,CA,West,West,same_region,zone_2,6,11.0,5.0,True,4.78,baseline
order_0001536,AK,AR,West,South,remote,zone_4,12,12.0,0.0,False,15.48,baseline
order_0001537,WA,MS,West,South,cross_region,zone_3,9,9.0,0.0,False,11.74,baseline
order_0001538,IL,NC,Midwest,South,cross_region,zone_3,9,9.0,0.0,False,16.72,baseline
order_0001539,CA,FL,West,South,cross_region,zone_3,9,8.0,0.0,False,24.36,baseline
order_0001540,NH,TX,Northeast,South,cross_region,zone_3,8,7.0,0.0,False,16.85,baseline
order_0001541,WA,GA,West,South,cross_region,zone_3,8,7.0,0.0,False,33.21,baseline
order_0001542,IL,IA,Midwest,Midwest,same_region,zone_2,7,6.0,0.0,False,10.39,baseline
order_0001543,TX,NM,South,West,cross_region,zone_3,10,10.0,0.0,False,26.76,baseline
order_0001544,FL,GA,South,South,same_region,zone_2,7,7.0,0.0,False,5.49,baseline
order_0001545,WA,MI,West,Midwest,cross_region,zone_3,8,8.0,0.0,False,15.49,baseline
order_0001546,CA,IN,West,Midwest,cross_region,zone_3,9,8.0,0.0,False,41.92,baseline
order_0001547,CA,PA,West,Northeast,cross_region,zone_3,9,9.0,0.0,False,18.22,baseline
order_0001548,NJ,MT,Northeast,West,cross_region,zone_3,9,9.0,0.0,False,16.44,baseline
order_0001549,NJ,NC,Northeast,South,cross_region,zone_3,9,9.0,0.0,False,16.79,baseline
order_0001550,NJ,MA,Northeast,Northeast,same_region,zone_2,8,8.0,0.0,False,19.44,baseline
order_0001551,IL,CA,Midwest,West,cross_region,zone_3,9,8.0,0.0,False,22.43,baseline
order_0001552,FL,NY,South,Northeast,cross_region,zone_3,9,9.0,0.0,False,17.51,baseline
order_0001553,TX,NY,South,Northeast,cross_region,zone_3,10,12.0,2.0,True,9.0,baseline
order_0001554,NJ,IL,Northeast,Midwest,cross_region,zone_3,10,12.0,2.0,True,10.45,baseline
order_0001555,KY,PA,South,Northeast,cross_region,zone_3,9,9.0,0.0,False,8.51,baseline
order_0001556,NJ,MA,Northeast,Northeast,same_region,zone_2,7,6.0,0.0,False,5.58,baseline
order_0001557,CO,PA,West,Northeast,cross_region,zone_3,10,10.0,0.0,False,9.05,baseline
order_0001558,ME,MA,Northeast,Northeast,same_region,zone_2,7,7.0,0.0,False,13.11,baseline
order_0001559,PA,TX,Northeast,South,cross_region,zone_3,9,9.0,0.0,False,7.26,baseline
order_0001560,CT,MD,Northeast,South,cross_region,zone_3,9,10.0,1.0,True,8.15,baseline
order_0001561,AL,VA,South,South,same_region,zone_2,7,7.0,0.0,False,5.04,baseline
order_0001562,MI,MT,Midwest,West,cross_region,zone_3,8,,,False,11.11,baseline
order_0001563,IL,MS,Midwest,South,cross_region,zone_3,10,,,False,12.92,baseline
order_0001564,FL,CA,South,West,cross_region,zone_3,9,8.0,0.0,False,8.01,baseline
order_0001565,WA,PA,West,Northeast,cross_region,zone_3,9,8.0,0.0,False,9.01,baseline
order_0001566,NH,NJ,Northeast,Northeast,same_region,zone_2,7,7.0,0.0,False,19.77,baseline
order_0001567,NJ,TX,Northeast,South,cross_region,zone_3,9,9.0,0.0,False,7.64,baseline
order_0001568,CO,OH,West,Midwest,cross_region,zone_3,9,,,False,8.41,baseline
order_0001569,GA,OH,South,Midwest,cross_region,zone_3,9,11.0,2.0,True,20.19,baseline
order_0001570,NY,TX,Northeast,South,cross_region,zone_3,9,10.0,1.0,True,18.83,baseline
order_0001571,HI,VT,West,Northeast,remote,zone_4,12,14.0,2.0,True,12.83,baseline
order_0001572,NJ,ID,Northeast,West,cross_region,zone_3,9,9.0,0.0,False,19.27,baseline
order_0001573,OR,AZ,West,West,same_region,zone_2,7,7.0,0.0,False,11.97,baseline
order_0001574,NJ,OR,Northeast,West,cross_region,zone_3,9,9.0,0.0,False,8.43,baseline
order_0001575,WA,FL,West,South,cross_region,zone_3,9,9.0,0.0,False,17.04,baseline
order_0001576,KY,TX,South,South,same_region,zone_2,7,7.0,0.0,False,4.81,baseline
order_0001577,NY,GA,Northeast,South,cross_region,zone_3,9,9.0,0.0,False,15.92,baseline
order_0001578,FL,CA,South,West,cross_region,zone_3,9,9.0,0.0,False,8.55,baseline
order_0001579,MO,AR,Midwest,South,cross_region,zone_3,9,9.0,0.0,False,8.12,baseline
order_0001580,CT,FL,Northeast,South,cross_region,zone_3,9,9.0,0.0,False,15.69,baseline
order_0001581,GA,RI,South,Northeast,cross_region,zone_3,9,,,False,23.67,baseline
order_0001582,FL,MI,South,Midwest,cross_region,zone_3,9,9.0,0.0,False,9.03,baseline
order_0001583,NJ,TX,Northeast,South,cross_region,zone_3,9,9.0,0.0,False,7.68,baseline
order_0001584,KS,AL,Midwest,South,cross_region,zone_3,9,8.0,0.0,False,17.08,baseline
order_0001585,IL,IL,Midwest,Midwest,same_state,zone_1,5,5.0,0.0,False,9.51,baseline
order_0001586,AL,NM,South,West,cross_region,zone_3,9,8.0,0.0,False,15.43,baseline
order_0001587,MT,UT,West,West,same_region,zone_2,7,7.0,0.0,False,32.18,baseline
order_0001588,NJ,CA,Northeast,West,cross_region,zone_3,10,9.0,0.0,False,40.59,baseline
order_0001589,LA,NY,South,Northeast,cross_region,zone_3,9,9.0,0.0,False,24.21,baseline
order_0001590,OR,ME,West,Northeast,cross_region,zone_3,9,9.0,0.0,False,17.41,baseline
order_0001591,CT,NY,Northeast,Northeast,same_region,zone_2,7,7.0,0.0,False,13.45,baseline
order_0001592,CA,MI,West,Midwest,cross_region,zone_3,9,12.0,3.0,True,25.91,baseline
order_0001593,NH,MN,Northeast,Midwest,cross_region,zone_3,9,9.0,0.0,False,10.89,baseline
order_0001594,NJ,TX,Northeast,South,cross_region,zone_3,9,9.0,0.0,False,9.5,baseline
order_0001595,OH,LA,Midwest,South,cross_region,zone_3,9,13.0,4.0,True,8.25,baseline
order_0001596,OK,ID,South,West,cross_region,zone_3,9,9.0,0.0,False,7.6,baseline
order_0001597,NY,MI,Northeast,Midwest,cross_region,zone_3,8,8.0,0.0,False,26.11,baseline
order_0001598,TX,WY,South,West,cross_region,zone_3,9,10.0,1.0,True,14.45,baseline
order_0001599,OR,NC,West,South,cross_region,zone_3,9,9.0,0.0,False,18.87,baseline
order_0001600,SC,NV,South,West,cross_region,zone_3,9,9.0,0.0,False,18.11,baseline
order_0001601,FL,CA,South,West,cross_region,zone_3,9,9.0,0.0,False,8.34,baseline
order_0001602,FL,FL,South,South,same_state,zone_1,5,5.0,0.0,False,4.59,baseline
order_0001603,MO,NY,Midwest,Northeast,cross_region,zone_3,9,14.0,5.0,True,19.23,baseline
order_0001604,DC,NJ,South,Northeast,cross_region,zone_3,9,9.0,0.0,False,18.66,baseline
order_0001605,NJ,FL,Northeast,South,cross_region,zone_3,9,8.0,0.0,False,20.98,baseline
order_0001606,HI,MS,West,South,remote,zone_4,11,10.0,0.0,False,26.39,baseline
order_0001607,TX,NE,South,Midwest,cross_region,zone_3,9,8.0,0.0,False,8.31,baseline
order_0001608,TN,FL,South,South,same_region,zone_2,7,7.0,0.0,False,8.81,baseline
order_0001609,TN,WV,South,South,same_region,zone_2,6,6.0,0.0,False,10.52,baseline
order_0001610,NJ,FL,Northeast,South,cross_region,zone_3,9,9.0,0.0,False,8.5,baseline
order_0001611,NY,CA,Northeast,West,cross_region,zone_3,9,8.0,0.0,False,17.99,baseline
order_0001612,CA,DE,West,South,cross_region,zone_3,9,8.0,0.0,False,11.91,baseline
order_0001613,WA,CA,West,West,same_region,zone_2,7,12.0,5.0,True,14.71,baseline
order_0001614,LA,PA,South,Northeast,cross_region,zone_3,10,10.0,0.0,False,10.07,baseline
order_0001615,PA,ME,Northeast,Northeast,same_region,zone_2,6,6.0,0.0,False,4.86,baseline
order_0001616,MA,CA,Northeast,West,cross_region,zone_3,10,9.0,0.0,False,8.86,baseline
order_0001617,SC,FL,South,South,same_region,zone_2,6,6.0,0.0,False,5.2,baseline
order_0001618,TX,NC,South,South,same_region,zone_2,7,6.0,0.0,False,4.98,baseline
order_0001619,AL,IL,South,Midwest,cross_region,zone_3,9,8.0,0.0,False,8.19,baseline
order_0001620,NE,IN,Midwest,Midwest,same_region,zone_2,8,8.0,0.0,False,5.79,baseline
order_0001621,WV,NC,South,South,same_region,zone_2,7,7.0,0.0,False,17.97,baseline
order_0001622,CA,NY,West,Northeast,cross_region,zone_3,9,9.0,0.0,False,8.19,baseline
order_0001623,FL,CA,South,West,cross_region,zone_3,9,9.0,0.0,False,32.14,baseline
order_0001624,TX,PA,South,Northeast,cross_region,zone_3,9,9.0,0.0,False,8.43,baseline
order_0001625,CA,NH,West,Northeast,cross_region,zone_3,9,9.0,0.0,False,15.94,baseline
order_0001626,DC,IL,South,Midwest,cross_region,zone_3,9,8.0,0.0,False,20.55,baseline
order_0001627,OH,FL,Midwest,South,cross_region,zone_3,10,10.0,0.0,False,12.17,baseline
order_0001628,GA,CA,South,West,cross_region,zone_3,9,9.0,0.0,False,17.85,baseline
order_0001629,GA,MN,South,Midwest,cross_region,zone_3,10,9.0,0.0,False,9.02,baseline
order_0001630,HI,GA,West,South,remote,zone_4,11,10.0,0.0,False,15.73,baseline
order_0001631,LA,TX,South,South,same_region,zone_2,7,,,False,11.41,baseline
order_0001632,NM,CA,West,West,same_region,zone_2,7,7.0,0.0,False,5.99,baseline
order_0001633,LA,TX,South,South,same_region,zone_2,6,5.0,0.0,False,17.23,baseline
order_0001634,HI,NY,West,Northeast,remote,zone_4,11,11.0,0.0,False,11.72,baseline
order_0001635,IL,NY,Midwest,Northeast,cross_region,zone_3,9,9.0,0.0,False,13.06,baseline
order_0001636,IA,NE,Midwest,Midwest,same_region,zone_2,7,12.0,5.0,True,8.49,baseline
order_0001637,CA,FL,West,South,cross_region,zone_3,8,8.0,0.0,False,8.27,baseline
order_0001638,NY,CA,Northeast,West,cross_region,zone_3,8,7.0,0.0,False,7.56,baseline
order_0001639,AR,FL,South,South,same_region,zone_2,7,7.0,0.0,False,22.09,baseline
order_0001640,AL,PA,South,Northeast,cross_region,zone_3,9,12.0,3.0,True,26.57,baseline
order_0001641,NJ,FL,Northeast,South,cross_region,zone_3,9,9.0,0.0,False,8.82,baseline
order_0001642,NV,RI,West,Northeast,cross_region,zone_3,8,8.0,0.0,False,7.52,baseline
order_0001643,CA,TX,West,South,cross_region,zone_3,10,14.0,4.0,True,40.95,baseline
order_0001644,WA,MA,West,Northeast,cross_region,zone_3,9,9.0,0.0,False,19.82,baseline
order_0001645,NE,MI,Midwest,Midwest,same_region,zone_2,7,7.0,0.0,False,22.74,baseline
order_0001646,FL,MI,South,Midwest,cross_region,zone_3,8,,,False,7.4,baseline
order_0001647,HI,TX,West,South,remote,zone_4,11,11.0,0.0,False,12.97,baseline
order_0001648,ND,IL,Midwest,Midwest,same_region,zone_2,7,6.0,0.0,False,15.14,baseline
order_0001649,NM,SD,West,Midwest,cross_region,zone_3,9,9.0,0.0,False,16.46,baseline
order_0001650,CA,MS,West,South,cross_region,zone_3,9,10.0,1.0,True,43.69,baseline
order_0001651,MA,MO,Northeast,Midwest,cross_region,zone_3,9,9.0,0.0,False,37.83,baseline
order_0001652,NY,FL,Northeast,South,cross_region,zone_3,8,7.0,0.0,False,8.54,baseline
order_0001653,TX,DE,South,South,same_region,zone_2,7,6.0,0.0,False,16.0,baseline
order_0001654,TX,CA,South,West,cross_region,zone_3,10,10.0,0.0,False,17.71,baseline
order_0001655,IA,NY,Midwest,Northeast,cross_region,zone_3,9,13.0,4.0,True,7.64,baseline
order_0001656,OR,GA,West,South,cross_region,zone_3,9,8.0,0.0,False,17.84,baseline
order_0001657,HI,OH,West,Midwest,remote,zone_4,12,12.0,0.0,False,32.99,baseline
order_0001658,IA,CA,Midwest,West,cross_region,zone_3,9,9.0,0.0,False,15.96,baseline
order_0001659,IL,MI,Midwest,Midwest,same_region,zone_2,7,11.0,4.0,True,17.0,baseline
order_0001660,CT,CO,Northeast,West,cross_region,zone_3,9,,,False,19.0,baseline
order_0001661,FL,FL,South,South,same_state,zone_1,6,6.0,0.0,False,4.5,baseline
order_0001662,MO,CA,Midwest,West,cross_region,zone_3,9,10.0,1.0,True,8.97,baseline
order_0001663,TN,IA,South,Midwest,cross_region,zone_3,9,9.0,0.0,False,17.59,baseline
order_0001664,GA,NY,South,Northeast,cross_region,zone_3,10,9.0,0.0,False,11.25,baseline
order_0001665,NJ,NE,Northeast,Midwest,cross_region,zone_3,9,,,False,9.08,baseline
order_0001666,IL,MI,Midwest,Midwest,same_region,zone_2,7,12.0,5.0,True,6.77,baseline
order_0001667,OK,VT,South,Northeast,cross_region,zone_3,9,8.0,0.0,False,8.06,baseline
order_0001668,NY,WV,Northeast,South,cross_region,zone_3,9,9.0,0.0,False,24.83,baseline
order_0001669,NJ,FL,Northeast,South,cross_region,zone_3,10,10.0,0.0,False,11.45,baseline
order_0001670,NJ,WI,Northeast,Midwest,cross_region,zone_3,9,12.0,3.0,True,7.45,baseline
order_0001671,ME,CA,Northeast,West,cross_region,zone_3,9,8.0,0.0,False,15.44,baseline
order_0001672,WA,CO,West,West,same_region,zone_2,6,6.0,0.0,False,5.32,baseline
order_0001673,IL,FL,Midwest,South,cross_region,zone_3,9,9.0,0.0,False,7.54,baseline
order_0001674,NY,TX,Northeast,South,cross_region,zone_3,8,8.0,0.0,False,17.17,baseline
order_0001675,PA,NC,Northeast,South,cross_region,zone_3,9,9.0,0.0,False,7.32,baseline
order_0001676,TX,OH,South,Midwest,cross_region,zone_3,9,,,False,47.71,baseline
order_0001677,AZ,AR,West,South,cross_region,zone_3,9,12.0,3.0,True,18.13,baseline
order_0001678,NE,IA,Midwest,Midwest,same_region,zone_2,8,8.0,0.0,False,21.09,baseline
order_0001679,LA,CO,South,West,cross_region,zone_3,9,9.0,0.0,False,8.67,baseline
order_0001680,CA,NJ,West,Northeast,cross_region,zone_3,9,,,False,29.93,baseline
order_0001681,OH,CA,Midwest,West,cross_region,zone_3,9,11.0,2.0,True,7.54,baseline
order_0001682,HI,AR,West,South,remote,zone_4,11,,,False,15.43,baseline
order_0001683,NH,TX,Northeast,South,cross_region,zone_3,10,,,False,18.87,baseline
order_0001684,PA,CA,Northeast,West,cross_region,zone_3,9,9.0,0.0,False,15.5,baseline
order_0001685,HI,PA,West,Northeast,remote,zone_4,11,11.0,0.0,False,39.07,baseline
order_0001686,CA,ID,West,West,same_region,zone_2,7,6.0,0.0,False,16.25,baseline
order_0001687,FL,WY,South,West,cross_region,zone_3,10,9.0,0.0,False,9.27,baseline
order_0001688,IL,OK,Midwest,South,cross_region,zone_3,8,8.0,0.0,False,9.09,baseline
order_0001689,OH,DE,Midwest,South,cross_region,zone_3,9,9.0,0.0,False,7.82,baseline
order_0001690,HI,IL,West,Midwest,remote,zone_4,11,16.0,5.0,True,39.45,baseline
order_0001691,TX,MA,South,Northeast,cross_region,zone_3,9,12.0,3.0,True,17.13,baseline
order_0001692,FL,FL,South,South,same_state,zone_1,5,5.0,0.0,False,14.53,baseline
order_0001693,PA,GA,Northeast,South,cross_region,zone_3,10,10.0,0.0,False,8.68,baseline
order_0001694,IL,TX,Midwest,South,cross_region,zone_3,9,9.0,0.0,False,12.43,baseline
order_0001695,IN,AL,Midwest,South,cross_region,zone_3,10,10.0,0.0,False,10.76,baseline
order_0001696,CA,CA,West,West,same_state,zone_1,5,5.0,0.0,False,18.57,baseline
order_0001697,IA,PA,Midwest,Northeast,cross_region,zone_3,10,9.0,0.0,False,8.5,baseline
order_0001698,WV,NY,South,Northeast,cross_region,zone_3,10,,,False,25.81,baseline
order_0001699,CT,MI,Northeast,Midwest,cross_region,zone_3,9,9.0,0.0,False,34.39,baseline
order_0001700,FL,FL,South,South,same_state,zone_1,5,4.0,0.0,False,4.0,baseline
order_0001701,OH,CA,Midwest,West,cross_region,zone_3,9,9.0,0.0,False,17.1,baseline
order_0001702,NJ,WA,Northeast,West,cross_region,zone_3,9,8.0,0.0,False,9.45,baseline
order_0001703,NM,MI,West,Midwest,cross_region,zone_3,9,12.0,3.0,True,9.71,baseline
order_0001704,FL,LA,South,South,same_region,zone_2,7,7.0,0.0,False,12.86,baseline
order_0001705,NJ,NJ,Northeast,Northeast,same_state,zone_1,5,5.0,0.0,False,4.17,baseline
order_0001706,FL,FL,South,South,same_state,zone_1,5,5.0,0.0,False,5.5,baseline
order_0001707,NJ,KY,Northeast,South,cross_region,zone_3,9,8.0,0.0,False,10.06,baseline
order_0001708,MN,CT,Midwest,Northeast,cross_region,zone_3,8,8.0,0.0,False,33.85,baseline
order_0001709,OH,IN,Midwest,Midwest,same_region,zone_2,7,7.0,0.0,False,12.88,baseline
order_0001710,CA,NH,West,Northeast,cross_region,zone_3,9,,,False,8.15,baseline
order_0001711,OH,FL,Midwest,South,cross_region,zone_3,9,8.0,0.0,False,7.98,baseline
order_0001712,CA,CT,West,Northeast,cross_region,zone_3,9,9.0,0.0,False,8.72,baseline
order_0001713,MO,TX,Midwest,South,cross_region,zone_3,9,9.0,0.0,False,12.19,baseline
order_0001714,VT,FL,Northeast,South,cross_region,zone_3,9,8.0,0.0,False,17.21,baseline
order_0001715,HI,TX,West,South,remote,zone_4,11,10.0,0.0,False,36.19,baseline
order_0001716,FL,HI,South,West,remote,zone_4,12,16.0,4.0,True,26.61,baseline
order_0001717,NJ,TX,Northeast,South,cross_region,zone_3,10,,,False,9.61,baseline
order_0001718,CA,FL,West,South,cross_region,zone_3,9,9.0,0.0,False,10.11,baseline
order_0001719,NJ,FL,Northeast,South,cross_region,zone_3,9,9.0,0.0,False,17.12,baseline
order_0001720,FL,TX,South,South,same_region,zone_2,7,7.0,0.0,False,17.11,baseline
order_0001721,IL,TX,Midwest,South,cross_region,zone_3,9,9.0,0.0,False,10.58,baseline
order_0001722,NJ,FL,Northeast,South,cross_region,zone_3,9,9.0,0.0,False,15.68,baseline
order_0001723,TX,MN,South,Midwest,cross_region,zone_3,9,8.0,0.0,False,7.97,baseline
order_0001724,IL,IN,Midwest,Midwest,same_region,zone_2,6,5.0,0.0,False,5.06,baseline
order_0001725,FL,GA,South,South,same_region,zone_2,8,10.0,2.0,True,6.49,baseline
order_0001726,TX,GA,South,South,same_region,zone_2,7,6.0,0.0,False,5.59,baseline
order_0001727,OH,FL,Midwest,South,cross_region,zone_3,9,9.0,0.0,False,15.81,baseline
order_0001728,WY,NY,West,Northeast,cross_region,zone_3,9,10.0,1.0,True,24.27,baseline
order_0001729,TX,MI,South,Midwest,cross_region,zone_3,9,8.0,0.0,False,7.85,baseline
order_0001730,FL,WY,South,West,cross_region,zone_3,8,8.0,0.0,False,8.07,baseline
order_0001731,MO,PA,Midwest,Northeast,cross_region,zone_3,9,9.0,0.0,False,15.67,baseline
order_0001732,CT,MI,Northeast,Midwest,cross_region,zone_3,9,8.0,0.0,False,8.61,baseline
order_0001733,CT,VT,Northeast,Northeast,same_region,zone_2,7,7.0,0.0,False,15.2,baseline
order_0001734,CA,FL,West,South,cross_region,zone_3,9,8.0,0.0,False,36.93,baseline
order_0001735,ME,UT,Northeast,West,cross_region,zone_3,9,9.0,0.0,False,8.39,baseline
order_0001736,CA,AR,West,South,cross_region,zone_3,9,9.0,0.0,False,8.02,baseline
order_0001737,CA,CO,West,West,same_region,zone_2,7,7.0,0.0,False,5.01,baseline
order_0001738,TX,CA,South,West,cross_region,zone_3,9,12.0,3.0,True,18.87,baseline
order_0001739,OR,KY,West,South,cross_region,zone_3,10,10.0,0.0,False,9.48,baseline
order_0001740,PA,IL,Northeast,Midwest,cross_region,zone_3,9,9.0,0.0,False,8.06,baseline
order_0001741,NJ,CA,Northeast,West,cross_region,zone_3,9,9.0,0.0,False,8.36,baseline
order_0001742,AZ,ND,West,Midwest,cross_region,zone_3,9,9.0,0.0,False,32.6,baseline
order_0001743,CA,GA,West,South,cross_region,zone_3,9,9.0,0.0,False,7.75,baseline
order_0001744,CA,TX,West,South,cross_region,zone_3,9,8.0,0.0,False,14.46,baseline
order_0001745,GA,TX,South,South,same_region,zone_2,7,7.0,0.0,False,7.06,baseline
order_0001746,WA,UT,West,West,same_region,zone_2,7,7.0,0.0,False,12.95,baseline
order_0001747,SC,IA,South,Midwest,cross_region,zone_3,9,8.0,0.0,False,8.29,baseline
order_0001748,SC,KY,South,South,same_region,zone_2,7,7.0,0.0,False,7.15,baseline
order_0001749,NH,IL,Northeast,Midwest,cross_region,zone_3,9,9.0,0.0,False,24.88,baseline
order_0001750,HI,CT,West,Northeast,remote,zone_4,11,14.0,3.0,True,41.05,baseline
order_0001751,IA,CA,Midwest,West,cross_region,zone_3,9,9.0,0.0,False,8.6,baseline
order_0001752,HI,TX,West,South,remote,zone_4,11,11.0,0.0,False,11.87,baseline
order_0001753,OH,NY,Midwest,Northeast,cross_region,zone_3,9,9.0,0.0,False,8.15,baseline
order_0001754,NJ,CA,Northeast,West,cross_region,zone_3,10,9.0,0.0,False,30.29,baseline
order_0001755,ND,NC,Midwest,South,cross_region,zone_3,9,9.0,0.0,False,7.89,baseline
order_0001756,NY,SC,Northeast,South,cross_region,zone_3,8,8.0,0.0,False,7.89,baseline
order_0001757,ME,MI,Northeast,Midwest,cross_region,zone_3,9,11.0,2.0,True,8.05,baseline
order_0001758,FL,LA,South,South,same_region,zone_2,7,12.0,5.0,True,6.75,baseline
order_0001759,OH,NC,Midwest,South,cross_region,zone_3,9,9.0,0.0,False,26.08,baseline
order_0001760,CA,OH,West,Midwest,cross_region,zone_3,10,14.0,4.0,True,17.68,baseline
order_0001761,CA,CA,West,West,same_state,zone_1,5,4.0,0.0,False,15.81,baseline
order_0001762,UT,NC,West,South,cross_region,zone_3,9,9.0,0.0,False,33.04,baseline
order_0001763,CA,CA,West,West,same_state,zone_1,5,5.0,0.0,False,4.41,baseline
order_0001764,TN,TX,South,South,same_region,zone_2,7,7.0,0.0,False,12.07,baseline
order_0001765,GA,CA,South,West,cross_region,zone_3,9,8.0,0.0,False,10.82,baseline
order_0001766,NY,CA,Northeast,West,cross_region,zone_3,9,9.0,0.0,False,8.25,baseline
order_0001767,NY,OK,Northeast,South,cross_region,zone_3,9,9.0,0.0,False,38.86,baseline
order_0001768,HI,NM,West,West,same_region,zone_2,6,6.0,0.0,False,20.5,baseline
order_0001769,ME,NY,Northeast,Northeast,same_region,zone_2,7,9.0,2.0,True,5.63,baseline
order_0001770,FL,TX,South,South,same_region,zone_2,7,7.0,0.0,False,10.68,baseline
order_0001771,IL,MN,Midwest,Midwest,same_region,zone_2,7,7.0,0.0,False,11.66,baseline
order_0001772,MI,CA,Midwest,West,cross_region,zone_3,9,9.0,0.0,False,7.96,baseline
order_0001773,NJ,VT,Northeast,Northeast,same_region,zone_2,8,7.0,0.0,False,5.94,baseline
order_0001774,GA,IL,South,Midwest,cross_region,zone_3,9,8.0,0.0,False,7.58,baseline
order_0001775,AL,TN,South,South,same_region,zone_2,8,,,False,44.83,baseline
order_0001776,NJ,NM,Northeast,West,cross_region,zone_3,9,9.0,0.0,False,11.82,baseline
order_0001777,HI,OH,West,Midwest,remote,zone_4,12,11.0,0.0,False,31.14,baseline
order_0001778,CA,OH,West,Midwest,cross_region,zone_3,9,9.0,0.0,False,16.48,baseline
order_0001779,CA,MI,West,Midwest,cross_region,zone_3,9,9.0,0.0,False,8.81,baseline
order_0001780,TX,ND,South,Midwest,cross_region,zone_3,9,9.0,0.0,False,11.37,baseline
order_0001781,CT,FL,Northeast,South,cross_region,zone_3,9,8.0,0.0,False,8.38,baseline
order_0001782,HI,CA,West,West,same_region,zone_2,6,6.0,0.0,False,5.59,baseline
order_0001783,PA,CT,Northeast,Northeast,same_region,zone_2,7,7.0,0.0,False,5.84,baseline
order_0001784,DC,WI,South,Midwest,cross_region,zone_3,10,10.0,0.0,False,17.13,baseline
order_0001785,NY,MI,Northeast,Midwest,cross_region,zone_3,10,,,False,8.39,baseline
order_0001786,TN,CA,South,West,cross_region,zone_3,9,9.0,0.0,False,7.65,baseline
order_0001787,GA,AL,South,South,same_region,zone_2,8,8.0,0.0,False,16.59,baseline
order_0001788,FL,CO,South,West,cross_region,zone_3,9,9.0,0.0,False,8.12,baseline
order_0001789,TX,CA,South,West,cross_region,zone_3,9,9.0,0.0,False,25.32,baseline
order_0001790,NH,OK,Northeast,South,cross_region,zone_3,9,9.0,0.0,False,36.14,baseline
order_0001791,CA,CA,West,West,same_state,zone_1,5,5.0,0.0,False,9.42,baseline
order_0001792,PA,FL,Northeast,South,cross_region,zone_3,9,8.0,0.0,False,9.36,baseline
order_0001793,NV,NM,West,West,same_region,zone_2,6,6.0,0.0,False,19.43,baseline
order_0001794,NY,WY,Northeast,West,cross_region,zone_3,8,10.0,2.0,True,15.57,baseline
order_0001795,FL,GA,South,South,same_region,zone_2,7,7.0,0.0,False,13.67,baseline
order_0001796,TN,NC,South,South,same_region,zone_2,7,6.0,0.0,False,33.05,baseline
order_0001797,IL,CA,Midwest,West,cross_region,zone_3,10,15.0,5.0,True,18.94,baseline
order_0001798,NV,PA,West,Northeast,cross_region,zone_3,10,,,False,8.05,baseline
order_0001799,NV,CA,West,West,same_region,zone_2,7,6.0,0.0,False,5.17,baseline
order_0001800,NJ,WY,Northeast,West,cross_region,zone_3,9,9.0,0.0,False,24.67,baseline
order_0001801,IL,CA,Midwest,West,cross_region,zone_3,9,9.0,0.0,False,16.83,baseline
order_0001802,MA,NC,Northeast,South,cross_region,zone_3,9,9.0,0.0,False,8.96,baseline
order_0001803,NY,CT,Northeast,Northeast,same_region,zone_2,7,7.0,0.0,False,16.79,baseline
order_0001804,PA,IL,Northeast,Midwest,cross_region,zone_3,9,8.0,0.0,False,9.12,baseline
order_0001805,NY,CA,Northeast,West,cross_region,zone_3,10,,,False,18.17,baseline
order_0001806,NY,MT,Northeast,West,cross_region,zone_3,9,9.0,0.0,False,13.01,baseline
order_0001807,HI,KY,West,South,remote,zone_4,11,11.0,0.0,False,13.67,baseline
order_0001808,FL,NV,South,West,cross_region,zone_3,9,8.0,0.0,False,51.31,baseline
order_0001809,ID,CA,West,West,same_region,zone_2,6,6.0,0.0,False,5.6,baseline
order_0001810,TX,NY,South,Northeast,cross_region,zone_3,9,9.0,0.0,False,27.25,baseline
order_0001811,NJ,ND,Northeast,Midwest,cross_region,zone_3,9,9.0,0.0,False,8.12,baseline
order_0001812,AL,NY,South,Northeast,cross_region,zone_3,9,8.0,0.0,False,7.79,baseline
order_0001813,VA,SC,South,South,same_region,zone_2,7,7.0,0.0,False,4.81,baseline
order_0001814,PA,NJ,Northeast,Northeast,same_region,zone_2,7,6.0,0.0,False,17.12,baseline
order_0001815,GA,NE,South,Midwest,cross_region,zone_3,9,9.0,0.0,False,7.93,baseline
order_0001816,TX,TX,South,South,same_state,zone_1,6,6.0,0.0,False,4.91,baseline
order_0001817,IL,MI,Midwest,Midwest,same_region,zone_2,7,7.0,0.0,False,5.75,baseline
order_0001818,OH,PA,Midwest,Northeast,cross_region,zone_3,9,9.0,0.0,False,7.13,baseline
order_0001819,CA,KS,West,Midwest,cross_region,zone_3,9,9.0,0.0,False,16.47,baseline
order_0001820,PA,TX,Northeast,South,cross_region,zone_3,9,9.0,0.0,False,19.07,baseline
order_0001821,NY,PA,Northeast,Northeast,same_region,zone_2,7,12.0,5.0,True,5.68,baseline
order_0001822,IL,PA,Midwest,Northeast,cross_region,zone_3,9,8.0,0.0,False,9.26,baseline
order_0001823,SC,TX,South,South,same_region,zone_2,7,6.0,0.0,False,6.34,baseline
order_0001824,TX,CA,South,West,cross_region,zone_3,10,9.0,0.0,False,8.22,baseline
order_0001825,NY,FL,Northeast,South,cross_region,zone_3,9,9.0,0.0,False,15.93,baseline
order_0001826,IL,NY,Midwest,Northeast,cross_region,zone_3,9,9.0,0.0,False,9.36,baseline
order_0001827,CA,OH,West,Midwest,cross_region,zone_3,10,10.0,0.0,False,10.1,baseline
order_0001828,IL,KY,Midwest,South,cross_region,zone_3,9,9.0,0.0,False,7.85,baseline
order_0001829,NY,NV,Northeast,West,cross_region,zone_3,8,7.0,0.0,False,27.22,baseline
order_0001830,AZ,FL,West,South,cross_region,zone_3,8,8.0,0.0,False,16.32,baseline
order_0001831,NV,LA,West,South,cross_region,zone_3,8,8.0,0.0,False,32.36,baseline
order_0001832,MO,PA,Midwest,Northeast,cross_region,zone_3,9,9.0,0.0,False,9.41,baseline
order_0001833,OH,CA,Midwest,West,cross_region,zone_3,9,8.0,0.0,False,23.97,baseline
order_0001834,PA,FL,Northeast,South,cross_region,zone_3,9,9.0,0.0,False,28.94,baseline
order_0001835,NJ,NY,Northeast,Northeast,same_region,zone_2,7,7.0,0.0,False,5.15,baseline
order_0001836,VA,VT,South,Northeast,cross_region,zone_3,10,11.0,1.0,True,35.06,baseline
order_0001837,FL,FL,South,South,same_state,zone_1,4,4.0,0.0,False,19.67,baseline
order_0001838,NY,CA,Northeast,West,cross_region,zone_3,9,9.0,0.0,False,16.97,baseline
order_0001839,TX,MT,South,West,cross_region,zone_3,9,8.0,0.0,False,18.92,baseline
order_0001840,FL,OH,South,Midwest,cross_region,zone_3,9,9.0,0.0,False,9.41,baseline
order_0001841,DC,UT,South,West,cross_region,zone_3,10,10.0,0.0,False,9.56,baseline
order_0001842,WI,IL,Midwest,Midwest,same_region,zone_2,7,7.0,0.0,False,5.08,baseline
order_0001843,IA,CA,Midwest,West,cross_region,zone_3,8,,,False,18.46,baseline
order_0001844,NJ,KS,Northeast,Midwest,cross_region,zone_3,9,9.0,0.0,False,37.22,baseline
order_0001845,MS,KS,South,Midwest,cross_region,zone_3,9,9.0,0.0,False,22.94,baseline
order_0001846,NY,PA,Northeast,Northeast,same_region,zone_2,6,,,False,10.01,baseline
order_0001847,MS,OH,South,Midwest,cross_region,zone_3,8,9.0,1.0,True,7.65,baseline
order_0001848,CA,SD,West,Midwest,cross_region,zone_3,9,8.0,0.0,False,17.6,baseline
order_0001849,HI,PA,West,Northeast,remote,zone_4,11,10.0,0.0,False,14.59,baseline
order_0001850,CA,FL,West,South,cross_region,zone_3,9,10.0,1.0,True,8.61,baseline
order_0001851,RI,NE,Northeast,Midwest,cross_region,zone_3,9,9.0,0.0,False,8.4,baseline
order_0001852,IL,NY,Midwest,Northeast,cross_region,zone_3,8,,,False,7.92,baseline
order_0001853,FL,OR,South,West,cross_region,zone_3,9,10.0,1.0,True,7.69,baseline
order_0001854,IL,FL,Midwest,South,cross_region,zone_3,8,8.0,0.0,False,34.36,baseline
order_0001855,PA,MI,Northeast,Midwest,cross_region,zone_3,9,12.0,3.0,True,32.9,baseline
order_0001856,VA,AR,South,South,same_region,zone_2,7,7.0,0.0,False,11.5,baseline
order_0001857,TX,VA,South,South,same_region,zone_2,7,7.0,0.0,False,29.1,baseline
order_0001858,NM,PA,West,Northeast,cross_region,zone_3,9,9.0,0.0,False,42.04,baseline
order_0001859,WI,TX,Midwest,South,cross_region,zone_3,9,9.0,0.0,False,20.89,baseline
order_0001860,IL,CO,Midwest,West,cross_region,zone_3,9,13.0,4.0,True,16.82,baseline
order_0001861,FL,FL,South,South,same_state,zone_1,5,5.0,0.0,False,8.85,baseline
order_0001862,TX,GA,South,South,same_region,zone_2,7,6.0,0.0,False,6.1,baseline
order_0001863,HI,PA,West,Northeast,remote,zone_4,11,12.0,1.0,True,27.61,baseline
order_0001864,PA,CA,Northeast,West,cross_region,zone_3,9,9.0,0.0,False,19.99,baseline
order_0001865,OH,IL,Midwest,Midwest,same_region,zone_2,7,7.0,0.0,False,6.91,baseline
order_0001866,HI,NV,West,West,same_region,zone_2,7,7.0,0.0,False,12.4,baseline
order_0001867,FL,WA,South,West,cross_region,zone_3,9,8.0,0.0,False,24.85,baseline
order_0001868,NM,CA,West,West,same_region,zone_2,7,7.0,0.0,False,5.57,baseline
order_0001869,TN,PA,South,Northeast,cross_region,zone_3,9,9.0,0.0,False,19.43,baseline
order_0001870,TX,NY,South,Northeast,cross_region,zone_3,9,10.0,1.0,True,8.96,baseline
order_0001871,OR,TX,West,South,cross_region,zone_3,9,9.0,0.0,False,18.02,baseline
order_0001872,OH,CA,Midwest,West,cross_region,zone_3,9,12.0,3.0,True,26.42,baseline
order_0001873,OR,IA,West,Midwest,cross_region,zone_3,9,11.0,2.0,True,12.95,baseline
order_0001874,CO,FL,West,South,cross_region,zone_3,9,9.0,0.0,False,46.35,baseline
order_0001875,FL,FL,South,South,same_state,zone_1,6,6.0,0.0,False,10.45,baseline
order_0001876,SD,NC,Midwest,South,cross_region,zone_3,9,9.0,0.0,False,27.25,baseline
order_0001877,NM,NC,West,South,cross_region,zone_3,9,8.0,0.0,False,27.52,baseline
order_0001878,ID,DE,West,South,cross_region,zone_3,9,,,False,7.32,baseline
order_0001879,MD,FL,South,South,same_region,zone_2,8,,,False,6.32,baseline
order_0001880,TX,NY,South,Northeast,cross_region,zone_3,9,8.0,0.0,False,7.2,baseline
order_0001881,MO,TX,Midwest,South,cross_region,zone_3,9,9.0,0.0,False,10.84,baseline
order_0001882,TN,WY,South,West,cross_region,zone_3,10,,,False,8.05,baseline
order_0001883,OH,MT,Midwest,West,cross_region,zone_3,9,13.0,4.0,True,17.54,baseline
order_0001884,NY,MI,Northeast,Midwest,cross_region,zone_3,8,13.0,5.0,True,33.02,baseline
order_0001885,IL,MS,Midwest,South,cross_region,zone_3,9,10.0,1.0,True,17.22,baseline
order_0001886,FL,PA,South,Northeast,cross_region,zone_3,10,,,False,10.15,baseline
order_0001887,NV,NE,West,Midwest,cross_region,zone_3,9,8.0,0.0,False,8.52,baseline
order_0001888,FL,PA,South,Northeast,cross_region,zone_3,9,8.0,0.0,False,7.79,baseline
order_0001889,IL,VA,Midwest,South,cross_region,zone_3,9,9.0,0.0,False,38.73,baseline
order_0001890,FL,IN,South,Midwest,cross_region,zone_3,10,10.0,0.0,False,8.15,baseline
order_0001891,NY,AZ,Northeast,West,cross_region,zone_3,9,9.0,0.0,False,7.79,baseline
order_0001892,CA,CA,West,West,same_state,zone_1,5,,,False,6.56,baseline
order_0001893,NJ,NC,Northeast,South,cross_region,zone_3,9,9.0,0.0,False,26.43,baseline
order_0001894,WA,TX,West,South,cross_region,zone_3,8,7.0,0.0,False,8.12,baseline
order_0001895,ME,OH,Northeast,Midwest,cross_region,zone_3,9,8.0,0.0,False,24.84,baseline
order_0001896,NY,FL,Northeast,South,cross_region,zone_3,8,8.0,0.0,False,13.06,baseline
order_0001897,IA,FL,Midwest,South,cross_region,zone_3,9,9.0,0.0,False,8.71,baseline
order_0001898,CA,MI,West,Midwest,cross_region,zone_3,9,9.0,0.0,False,9.11,baseline
order_0001899,WA,OH,West,Midwest,cross_region,zone_3,8,8.0,0.0,False,8.42,baseline
order_0001900,SD,IA,Midwest,Midwest,same_region,zone_2,7,6.0,0.0,False,6.4,baseline
order_0001901,FL,FL,South,South,same_state,zone_1,5,5.0,0.0,False,12.89,baseline
order_0001902,RI,NC,Northeast,South,cross_region,zone_3,8,8.0,0.0,False,8.58,baseline
order_0001903,OR,CT,West,Northeast,cross_region,zone_3,10,10.0,0.0,False,10.21,baseline
order_0001904,OR,OH,West,Midwest,cross_region,zone_3,10,10.0,0.0,False,9.73,baseline
order_0001905,NY,NY,Northeast,Northeast,same_state,zone_1,5,9.0,4.0,True,4.01,baseline
order_0001906,AK,KS,West,Midwest,remote,zone_4,13,,,False,29.94,baseline
order_0001907,TX,NM,South,West,cross_region,zone_3,9,9.0,0.0,False,8.42,baseline
order_0001908,TX,GA,South,South,same_region,zone_2,7,7.0,0.0,False,4.69,baseline
order_0001909,WA,AL,West,South,cross_region,zone_3,8,8.0,0.0,False,8.78,baseline
order_0001910,FL,NV,South,West,cross_region,zone_3,9,9.0,0.0,False,8.36,baseline
order_0001911,NJ,FL,Northeast,South,cross_region,zone_3,9,8.0,0.0,False,16.47,baseline
order_0001912,AK,MI,West,Midwest,remote,zone_4,12,17.0,5.0,True,35.15,baseline
order_0001913,TX,CA,South,West,cross_region,zone_3,9,,,False,8.52,baseline
order_0001914,NC,NC,South,South,same_state,zone_1,5,5.0,0.0,False,5.08,baseline
order_0001915,TX,CA,South,West,cross_region,zone_3,9,9.0,0.0,False,15.82,baseline
order_0001916,NJ,DC,Northeast,South,cross_region,zone_3,10,9.0,0.0,False,18.05,baseline
order_0001917,WA,IN,West,Midwest,cross_region,zone_3,9,11.0,2.0,True,35.07,baseline
order_0001918,HI,FL,West,South,remote,zone_4,11,13.0,2.0,True,26.87,baseline
order_0001919,NV,NM,West,West,same_region,zone_2,7,7.0,0.0,False,4.82,baseline
order_0001920,MS,TX,South,South,same_region,zone_2,7,6.0,0.0,False,5.89,baseline
order_0001921,TX,NV,South,West,cross_region,zone_3,9,9.0,0.0,False,18.53,baseline
order_0001922,FL,PA,South,Northeast,cross_region,zone_3,9,14.0,5.0,True,10.1,baseline
order_0001923,NJ,RI,Northeast,Northeast,same_region,zone_2,7,7.0,0.0,False,7.36,baseline
order_0001924,TN,OH,South,Midwest,cross_region,zone_3,8,8.0,0.0,False,9.91,baseline
order_0001925,MD,CA,South,West,cross_region,zone_3,9,9.0,0.0,False,8.59,baseline
order_0001926,TX,IN,South,Midwest,cross_region,zone_3,9,9.0,0.0,False,9.26,baseline
order_0001927,IN,TX,Midwest,South,cross_region,zone_3,10,9.0,0.0,False,19.85,baseline
order_0001928,FL,SD,South,Midwest,cross_region,zone_3,9,11.0,2.0,True,17.89,baseline
order_0001929,IL,MT,Midwest,West,cross_region,zone_3,9,9.0,0.0,False,18.63,baseline
order_0001930,OH,IL,Midwest,Midwest,same_region,zone_2,7,10.0,3.0,True,24.31,baseline
order_0001931,MT,MI,West,Midwest,cross_region,zone_3,8,7.0,0.0,False,8.87,baseline
order_0001932,NY,IN,Northeast,Midwest,cross_region,zone_3,10,10.0,0.0,False,8.0,baseline
order_0001933,CA,OH,West,Midwest,cross_region,zone_3,9,9.0,0.0,False,8.05,baseline
order_0001934,NY,TX,Northeast,South,cross_region,zone_3,9,8.0,0.0,False,8.32,baseline
order_0001935,FL,MI,South,Midwest,cross_region,zone_3,9,9.0,0.0,False,17.48,baseline
order_0001936,CA,NC,West,South,cross_region,zone_3,9,11.0,2.0,True,11.72,baseline
order_0001937,HI,CA,West,West,same_region,zone_2,6,6.0,0.0,False,12.86,baseline
order_0001938,FL,TX,South,South,same_region,zone_2,7,7.0,0.0,False,8.42,baseline
order_0001939,IL,PA,Midwest,Northeast,cross_region,zone_3,9,8.0,0.0,False,12.28,baseline
order_0001940,WA,TX,West,South,cross_region,zone_3,9,9.0,0.0,False,23.63,baseline
order_0001941,TX,NY,South,Northeast,cross_region,zone_3,9,11.0,2.0,True,24.57,baseline
order_0001942,NJ,MI,Northeast,Midwest,cross_region,zone_3,9,9.0,0.0,False,16.59,baseline
order_0001943,TX,NY,South,Northeast,cross_region,zone_3,9,9.0,0.0,False,11.97,baseline
order_0001944,MI,NY,Midwest,Northeast,cross_region,zone_3,9,9.0,0.0,False,8.73,baseline
order_0001945,IL,TX,Midwest,South,cross_region,zone_3,9,8.0,0.0,False,18.04,baseline
order_0001946,LA,TX,South,South,same_region,zone_2,6,10.0,4.0,True,5.56,baseline
order_0001947,ME,SD,Northeast,Midwest,cross_region,zone_3,9,9.0,0.0,False,20.46,baseline
order_0001948,IN,MI,Midwest,Midwest,same_region,zone_2,7,9.0,2.0,True,5.13,baseline
order_0001949,FL,FL,South,South,same_state,zone_1,5,5.0,0.0,False,8.57,baseline
order_0001950,AL,AR,South,South,same_region,zone_2,8,11.0,3.0,True,8.32,baseline
order_0001951,PA,TX,Northeast,South,cross_region,zone_3,10,12.0,2.0,True,8.66,baseline
order_0001952,NY,CO,Northeast,West,cross_region,zone_3,9,8.0,0.0,False,15.34,baseline
order_0001953,WI,TX,Midwest,South,cross_region,zone_3,10,9.0,0.0,False,25.97,baseline
order_0001954,IA,NY,Midwest,Northeast,cross_region,zone_3,10,10.0,0.0,False,16.21,baseline
order_0001955,IL,MS,Midwest,South,cross_region,zone_3,9,8.0,0.0,False,10.12,baseline
order_0001956,WA,ID,West,West,same_region,zone_2,8,8.0,0.0,False,7.51,baseline
order_0001957,TX,IL,South,Midwest,cross_region,zone_3,9,9.0,0.0,False,7.53,baseline
order_0001958,GA,MD,South,South,same_region,zone_2,7,7.0,0.0,False,6.33,baseline
order_0001959,HI,PA,West,Northeast,remote,zone_4,11,,,False,19.03,baseline
order_0001960,IL,OH,Midwest,Midwest,same_region,zone_2,8,8.0,0.0,False,18.95,baseline
order_0001961,WA,NY,West,Northeast,cross_region,zone_3,9,8.0,0.0,False,34.9,baseline
order_0001962,CA,SC,West,South,cross_region,zone_3,9,10.0,1.0,True,28.35,baseline
order_0001963,GA,PA,South,Northeast,cross_region,zone_3,9,9.0,0.0,False,16.54,baseline
order_0001964,WA,NE,West,Midwest,cross_region,zone_3,9,8.0,0.0,False,9.95,baseline
order_0001965,OK,CA,South,West,cross_region,zone_3,10,10.0,0.0,False,25.82,baseline
order_0001966,AZ,OH,West,Midwest,cross_region,zone_3,9,9.0,0.0,False,9.77,baseline
order_0001967,TX,FL,South,South,same_region,zone_2,7,6.0,0.0,False,5.19,baseline
order_0001968,TX,TX,South,South,same_state,zone_1,6,6.0,0.0,False,14.54,baseline
order_0001969,FL,CA,South,West,cross_region,zone_3,9,,,False,24.94,baseline
order_0001970,NJ,NH,Northeast,Northeast,same_region,zone_2,7,7.0,0.0,False,16.3,baseline
order_0001971,CA,MI,West,Midwest,cross_region,zone_3,9,9.0,0.0,False,11.25,baseline
order_0001972,TX,AZ,South,West,cross_region,zone_3,10,,,False,8.04,baseline
order_0001973,NY,OH,Northeast,Midwest,cross_region,zone_3,9,10.0,1.0,True,24.58,baseline
order_0001974,FL,VT,South,Northeast,cross_region,zone_3,9,9.0,0.0,False,17.16,baseline
order_0001975,AL,IL,South,Midwest,cross_region,zone_3,9,14.0,5.0,True,17.2,baseline
order_0001976,MS,IL,South,Midwest,cross_region,zone_3,9,9.0,0.0,False,7.44,baseline
order_0001977,AR,MS,South,South,same_region,zone_2,7,8.0,1.0,True,11.87,baseline
order_0001978,NE,TX,Midwest,South,cross_region,zone_3,9,9.0,0.0,False,7.84,baseline
order_0001979,PA,CA,Northeast,West,cross_region,zone_3,9,9.0,0.0,False,7.08,baseline
order_0001980,NY,FL,Northeast,South,cross_region,zone_3,9,9.0,0.0,False,8.54,baseline
order_0001981,NE,CA,Midwest,West,cross_region,zone_3,9,9.0,0.0,False,9.6,baseline
order_0001982,AZ,ME,West,Northeast,cross_region,zone_3,9,9.0,0.0,False,8.59,baseline
order_0001983,HI,ID,West,West,same_region,zone_2,6,5.0,0.0,False,13.93,baseline
order_0001984,NJ,FL,Northeast,South,cross_region,zone_3,9,11.0,2.0,True,10.42,baseline
order_0001985,AR,MI,South,Midwest,cross_region,zone_3,9,14.0,5.0,True,10.1,baseline
order_0001986,CA,NC,West,South,cross_region,zone_3,9,9.0,0.0,False,8.65,baseline
order_0001987,CA,MA,West,Northeast,cross_region,zone_3,10,15.0,5.0,True,12.7,baseline
order_0001988,MA,FL,Northeast,South,cross_region,zone_3,9,8.0,0.0,False,19.18,baseline
order_0001989,SC,FL,South,South,same_region,zone_2,7,,,False,10.93,baseline
order_0001990,NE,PA,Midwest,Northeast,cross_region,zone_3,8,7.0,0.0,False,8.11,baseline
order_0001991,CA,NJ,West,Northeast,cross_region,zone_3,10,10.0,0.0,False,36.73,baseline
order_0001992,TN,CA,South,West,cross_region,zone_3,8,8.0,0.0,False,25.1,baseline
order_0001993,SD,MS,Midwest,South,cross_region,zone_3,9,14.0,5.0,True,8.48,baseline
order_0001994,IL,ID,Midwest,West,cross_region,zone_3,9,9.0,0.0,False,16.52,baseline
order_0001995,NY,AK,Northeast,West,remote,zone_4,11,11.0,0.0,False,14.92,baseline
order_0001996,ID,NE,West,Midwest,cross_region,zone_3,9,9.0,0.0,False,16.02,baseline
order_0001997,MA,DE,Northeast,South,cross_region,zone_3,9,9.0,0.0,False,8.57,baseline
order_0001998,HI,AK,West,West,same_region,zone_2,6,6.0,0.0,False,23.17,baseline
order_0001999,SC,DC,South,South,same_region,zone_2,6,11.0,5.0,True,35.32,baseline
order_0002000,NJ,WY,Northeast,West,cross_region,zone_3,9,8.0,0.0,False,17.89,baseline
order_0002001,IL,PA,Midwest,Northeast,cross_region,zone_3,9,12.0,3.0,True,8.22,baseline
order_0002002,GA,RI,South,Northeast,cross_region,zone_3,9,9.0,0.0,False,9.38,baseline
order_0002003,SD,SD,Midwest,Midwest,same_state,zone_1,5,4.0,0.0,False,9.23,baseline
order_0002004,LA,RI,South,Northeast,cross_region,zone_3,8,8.0,0.0,False,7.99,baseline
order_0002005,ID,RI,West,Northeast,cross_region,zone_3,9,9.0,0.0,False,7.91,baseline
order_0002006,NJ,MI,Northeast,Midwest,cross_region,zone_3,10,10.0,0.0,False,12.97,baseline
order_0002007,OH,CA,Midwest,West,cross_region,zone_3,9,11.0,2.0,True,9.53,baseline
order_0002008,WA,HI,West,West,same_region,zone_2,7,9.0,2.0,True,5.47,baseline
order_0002009,SC,IL,South,Midwest,cross_region,zone_3,8,8.0,0.0,False,8.14,baseline
order_0002010,WA,NY,West,Northeast,cross_region,zone_3,9,8.0,0.0,False,43.21,baseline
order_0002011,MO,NJ,Midwest,Northeast,cross_region,zone_3,9,9.0,0.0,False,48.91,baseline
order_0002012,ND,DE,Midwest,South,cross_region,zone_3,9,8.0,0.0,False,35.4,baseline
order_0002013,FL,IA,South,Midwest,cross_region,zone_3,9,9.0,0.0,False,16.93,baseline
order_0002014,NY,CA,Northeast,West,cross_region,zone_3,9,9.0,0.0,False,16.95,baseline
order_0002015,NJ,CA,Northeast,West,cross_region,zone_3,10,10.0,0.0,False,9.7,baseline
order_0002016,PA,NM,Northeast,West,cross_region,zone_3,9,9.0,0.0,False,16.95,baseline
order_0002017,NY,LA,Northeast,South,cross_region,zone_3,9,9.0,0.0,False,16.73,baseline
order_0002018,NY,NC,Northeast,South,cross_region,zone_3,9,9.0,0.0,False,9.01,baseline
order_0002019,IL,AL,Midwest,South,cross_region,zone_3,8,8.0,0.0,False,7.94,baseline
order_0002020,NJ,TX,Northeast,South,cross_region,zone_3,9,9.0,0.0,False,8.25,baseline
order_0002021,MN,WY,Midwest,West,cross_region,zone_3,8,8.0,0.0,False,11.04,baseline
order_0002022,MS,IL,South,Midwest,cross_region,zone_3,9,9.0,0.0,False,14.25,baseline
order_0002023,NY,IL,Northeast,Midwest,cross_region,zone_3,9,8.0,0.0,False,8.96,baseline
order_0002024,IL,ID,Midwest,West,cross_region,zone_3,9,9.0,0.0,False,16.33,baseline
order_0002025,MS,OH,South,Midwest,cross_region,zone_3,8,8.0,0.0,False,42.1,baseline
order_0002026,CA,TX,West,South,cross_region,zone_3,10,10.0,0.0,False,42.97,baseline
order_0002027,OH,CA,Midwest,West,cross_region,zone_3,9,9.0,0.0,False,11.46,baseline
order_0002028,TX,TX,South,South,same_state,zone_1,5,8.0,3.0,True,3.7,baseline
order_0002029,LA,TN,South,South,same_region,zone_2,6,5.0,0.0,False,18.19,baseline
order_0002030,NV,CA,West,West,same_region,zone_2,7,7.0,0.0,False,6.14,baseline
order_0002031,HI,FL,West,South,remote,zone_4,11,11.0,0.0,False,13.87,baseline
order_0002032,CA,CA,West,West,same_state,zone_1,6,6.0,0.0,False,7.82,baseline
order_0002033,NY,CA,Northeast,West,cross_region,zone_3,9,9.0,0.0,False,24.86,baseline
order_0002034,IL,UT,Midwest,West,cross_region,zone_3,9,9.0,0.0,False,7.5,baseline
order_0002035,NY,WY,Northeast,West,cross_region,zone_3,9,8.0,0.0,False,8.11,baseline
order_0002036,NY,NJ,Northeast,Northeast,same_region,zone_2,8,8.0,0.0,False,11.79,baseline
order_0002037,NJ,CO,Northeast,West,cross_region,zone_3,9,8.0,0.0,False,13.53,baseline
order_0002038,MT,IL,West,Midwest,cross_region,zone_3,9,9.0,0.0,False,8.13,baseline
order_0002039,NY,NY,Northeast,Northeast,same_state,zone_1,5,5.0,0.0,False,5.24,baseline
order_0002040,IA,MI,Midwest,Midwest,same_region,zone_2,7,6.0,0.0,False,18.65,baseline
order_0002041,NJ,CA,Northeast,West,cross_region,zone_3,9,,,False,8.06,baseline
order_0002042,GA,IL,South,Midwest,cross_region,zone_3,9,8.0,0.0,False,28.23,baseline
order_0002043,WA,TX,West,South,cross_region,zone_3,9,9.0,0.0,False,17.75,baseline
order_0002044,MN,FL,Midwest,South,cross_region,zone_3,9,8.0,0.0,False,8.89,baseline
order_0002045,CA,CA,West,West,same_state,zone_1,5,5.0,0.0,False,20.72,baseline
order_0002046,HI,PA,West,Northeast,remote,zone_4,12,14.0,2.0,True,13.07,baseline
order_0002047,MI,NY,Midwest,Northeast,cross_region,zone_3,9,9.0,0.0,False,7.33,baseline
order_0002048,OR,PA,West,Northeast,cross_region,zone_3,9,9.0,0.0,False,19.26,baseline
order_0002049,NJ,CA,Northeast,West,cross_region,zone_3,9,9.0,0.0,False,9.48,baseline
order_0002050,IL,MT,Midwest,West,cross_region,zone_3,10,15.0,5.0,True,53.8,baseline
order_0002051,CO,NE,West,Midwest,cross_region,zone_3,9,9.0,0.0,False,16.11,baseline
order_0002052,OK,GA,South,South,same_region,zone_2,8,,,False,21.93,baseline
order_0002053,OR,CA,West,West,same_region,zone_2,7,6.0,0.0,False,6.36,baseline
order_0002054,NJ,GA,Northeast,South,cross_region,zone_3,9,9.0,0.0,False,10.08,baseline
order_0002055,ND,CA,Midwest,West,cross_region,zone_3,9,9.0,0.0,False,7.54,baseline
order_0002056,PA,TX,Northeast,South,cross_region,zone_3,9,9.0,0.0,False,8.03,baseline
order_0002057,FL,FL,South,South,same_state,zone_1,5,5.0,0.0,False,8.94,baseline
order_0002058,IL,KY,Midwest,South,cross_region,zone_3,9,,,False,15.9,baseline
order_0002059,IA,NY,Midwest,Northeast,cross_region,zone_3,9,8.0,0.0,False,7.97,baseline
order_0002060,KS,OK,Midwest,South,cross_region,zone_3,10,14.0,4.0,True,8.88,baseline
order_0002061,WY,DE,West,South,cross_region,zone_3,9,9.0,0.0,False,8.73,baseline
order_0002062,KY,KS,South,Midwest,cross_region,zone_3,9,,,False,19.15,baseline
order_0002063,NJ,CA,Northeast,West,cross_region,zone_3,9,8.0,0.0,False,24.6,baseline
order_0002064,HI,MN,West,Midwest,remote,zone_4,11,11.0,0.0,False,16.51,baseline
order_0002065,MI,PA,Midwest,Northeast,cross_region,zone_3,9,8.0,0.0,False,8.41,baseline
order_0002066,KS,GA,Midwest,South,cross_region,zone_3,9,8.0,0.0,False,32.77,baseline
order_0002067,NJ,KY,Northeast,South,cross_region,zone_3,9,9.0,0.0,False,35.75,baseline
order_0002068,NJ,TX,Northeast,South,cross_region,zone_3,9,9.0,0.0,False,18.68,baseline
order_0002069,CA,FL,West,South,cross_region,zone_3,9,8.0,0.0,False,7.52,baseline
order_0002070,WA,CA,West,West,same_region,zone_2,7,6.0,0.0,False,6.79,baseline
order_0002071,SC,NY,South,Northeast,cross_region,zone_3,8,,,False,10.8,baseline
order_0002072,HI,CA,West,West,same_region,zone_2,7,6.0,0.0,False,11.06,baseline
order_0002073,VA,MN,South,Midwest,cross_region,zone_3,9,9.0,0.0,False,9.1,baseline
order_0002074,MA,NV,Northeast,West,cross_region,zone_3,9,13.0,4.0,True,18.16,baseline
order_0002075,AK,PA,West,Northeast,remote,zone_4,12,11.0,0.0,False,12.19,baseline
order_0002076,VA,NC,South,South,same_region,zone_2,7,8.0,1.0,True,21.17,baseline
order_0002077,ND,CA,Midwest,West,cross_region,zone_3,10,10.0,0.0,False,11.86,baseline
order_0002078,TX,TX,South,South,same_state,zone_1,5,,,False,5.21,baseline
order_0002079,CA,PA,West,Northeast,cross_region,zone_3,9,9.0,0.0,False,25.45,baseline
order_0002080,OH,AL,Midwest,South,cross_region,zone_3,10,9.0,0.0,False,18.2,baseline
order_0002081,TX,TX,South,South,same_state,zone_1,5,5.0,0.0,False,3.75,baseline
order_0002082,FL,ID,South,West,cross_region,zone_3,9,11.0,2.0,True,8.79,baseline
order_0002083,CT,NE,Northeast,Midwest,cross_region,zone_3,9,8.0,0.0,False,7.07,baseline
order_0002084,CT,NY,Northeast,Northeast,same_region,zone_2,7,7.0,0.0,False,6.6,baseline
order_0002085,PA,CA,Northeast,West,cross_region,zone_3,9,8.0,0.0,False,32.96,baseline
order_0002086,AL,GA,South,South,same_region,zone_2,8,12.0,4.0,True,7.48,baseline
order_0002087,TX,PA,South,Northeast,cross_region,zone_3,9,14.0,5.0,True,16.44,baseline
order_0002088,NY,MI,Northeast,Midwest,cross_region,zone_3,9,9.0,0.0,False,9.35,baseline
order_0002089,HI,NM,West,West,same_region,zone_2,7,7.0,0.0,False,6.56,baseline
order_0002090,MA,NV,Northeast,West,cross_region,zone_3,10,10.0,0.0,False,26.53,baseline
order_0002091,FL,FL,South,South,same_state,zone_1,5,4.0,0.0,False,27.47,baseline
order_0002092,IL,IL,Midwest,Midwest,same_state,zone_1,5,,,False,5.2,baseline
order_0002093,PA,AL,Northeast,South,cross_region,zone_3,9,8.0,0.0,False,9.05,baseline
order_0002094,OK,IL,South,Midwest,cross_region,zone_3,9,9.0,0.0,False,10.19,baseline
order_0002095,CT,MD,Northeast,South,cross_region,zone_3,9,9.0,0.0,False,9.36,baseline
order_0002096,CA,TX,West,South,cross_region,zone_3,10,10.0,0.0,False,12.32,baseline
order_0002097,TX,NY,South,Northeast,cross_region,zone_3,10,10.0,0.0,False,25.73,baseline
order_0002098,HI,PA,West,Northeast,remote,zone_4,12,12.0,0.0,False,14.22,baseline
order_0002099,NJ,ID,Northeast,West,cross_region,zone_3,9,8.0,0.0,False,17.24,baseline
order_0002100,MI,DE,Midwest,South,cross_region,zone_3,9,9.0,0.0,False,33.69,baseline
order_0002101,CA,NY,West,Northeast,cross_region,zone_3,9,9.0,0.0,False,27.11,baseline
order_0002102,LA,CA,South,West,cross_region,zone_3,8,8.0,0.0,False,16.45,baseline
order_0002103,IL,TN,Midwest,South,cross_region,zone_3,8,,,False,7.38,baseline
order_0002104,CA,GA,West,South,cross_region,zone_3,9,9.0,0.0,False,7.56,baseline
order_0002105,MN,CA,Midwest,West,cross_region,zone_3,9,9.0,0.0,False,8.38,baseline
order_0002106,FL,TX,South,South,same_region,zone_2,7,11.0,4.0,True,11.41,baseline
order_0002107,MD,PA,South,Northeast,cross_region,zone_3,10,11.0,1.0,True,24.37,baseline
order_0002108,NY,OH,Northeast,Midwest,cross_region,zone_3,9,11.0,2.0,True,8.46,baseline
order_0002109,MT,AK,West,West,same_region,zone_2,8,8.0,0.0,False,15.13,baseline
order_0002110,OH,MO,Midwest,Midwest,same_region,zone_2,7,7.0,0.0,False,12.68,baseline
order_0002111,NJ,NY,Northeast,Northeast,same_region,zone_2,6,6.0,0.0,False,6.2,baseline
order_0002112,IL,TX,Midwest,South,cross_region,zone_3,9,,,False,7.65,baseline
order_0002113,TX,MI,South,Midwest,cross_region,zone_3,9,11.0,2.0,True,8.79,baseline
order_0002114,CA,TX,West,South,cross_region,zone_3,9,9.0,0.0,False,9.0,baseline
order_0002115,FL,NM,South,West,cross_region,zone_3,9,11.0,2.0,True,10.53,baseline
order_0002116,WV,CA,South,West,cross_region,zone_3,10,10.0,0.0,False,21.73,baseline
order_0002117,OR,GA,West,South,cross_region,zone_3,10,10.0,0.0,False,8.65,baseline
order_0002118,NJ,CA,Northeast,West,cross_region,zone_3,9,9.0,0.0,False,19.14,baseline
order_0002119,NY,GA,Northeast,South,cross_region,zone_3,9,,,False,7.4,baseline
order_0002120,AZ,TX,West,South,cross_region,zone_3,9,9.0,0.0,False,7.86,baseline
order_0002121,AZ,MI,West,Midwest,cross_region,zone_3,8,8.0,0.0,False,8.2,baseline
order_0002122,TX,WI,South,Midwest,cross_region,zone_3,9,8.0,0.0,False,16.95,baseline
order_0002123,NY,CA,Northeast,West,cross_region,zone_3,9,9.0,0.0,False,7.8,baseline
order_0002124,NY,MO,Northeast,Midwest,cross_region,zone_3,9,8.0,0.0,False,8.23,baseline
order_0002125,CA,AK,West,West,same_region,zone_2,7,7.0,0.0,False,5.57,baseline
order_0002126,TN,HI,South,West,remote,zone_4,12,12.0,0.0,False,11.7,baseline
order_0002127,ID,MD,West,South,cross_region,zone_3,8,,,False,8.37,baseline
order_0002128,IL,NY,Midwest,Northeast,cross_region,zone_3,9,9.0,0.0,False,23.93,baseline
order_0002129,NC,TX,South,South,same_region,zone_2,8,8.0,0.0,False,7.65,baseline
order_0002130,NY,MN,Northeast,Midwest,cross_region,zone_3,8,8.0,0.0,False,15.91,baseline
order_0002131,OR,ME,West,Northeast,cross_region,zone_3,9,,,False,15.74,baseline
order_0002132,WV,CA,South,West,cross_region,zone_3,9,9.0,0.0,False,42.34,baseline
order_0002133,NJ,TX,Northeast,South,cross_region,zone_3,9,13.0,4.0,True,25.87,baseline
order_0002134,NJ,TX,Northeast,South,cross_region,zone_3,9,8.0,0.0,False,8.33,baseline
order_0002135,TN,TX,South,South,same_region,zone_2,6,5.0,0.0,False,5.27,baseline
order_0002136,IL,NC,Midwest,South,cross_region,zone_3,9,9.0,0.0,False,10.18,baseline
order_0002137,FL,TX,South,South,same_region,zone_2,7,7.0,0.0,False,5.35,baseline
order_0002138,OH,TX,Midwest,South,cross_region,zone_3,9,8.0,0.0,False,58.75,baseline
order_0002139,ME,MS,Northeast,South,cross_region,zone_3,10,10.0,0.0,False,16.92,baseline
order_0002140,RI,OH,Northeast,Midwest,cross_region,zone_3,9,9.0,0.0,False,9.71,baseline
order_0002141,OR,GA,West,South,cross_region,zone_3,9,8.0,0.0,False,30.2,baseline
order_0002142,TX,TX,South,South,same_state,zone_1,5,4.0,0.0,False,9.71,baseline
order_0002143,OH,MT,Midwest,West,cross_region,zone_3,9,9.0,0.0,False,7.73,baseline
order_0002144,WI,TX,Midwest,South,cross_region,zone_3,10,11.0,1.0,True,8.3,baseline
order_0002145,DE,PA,South,Northeast,cross_region,zone_3,9,8.0,0.0,False,9.1,baseline
order_0002146,NM,CA,West,West,same_region,zone_2,7,7.0,0.0,False,5.0,baseline
order_0002147,OR,AR,West,South,cross_region,zone_3,9,,,False,15.09,baseline
order_0002148,FL,NJ,South,Northeast,cross_region,zone_3,8,,,False,8.27,baseline
order_0002149,MT,UT,West,West,same_region,zone_2,6,10.0,4.0,True,4.66,baseline
order_0002150,GA,TX,South,South,same_region,zone_2,7,7.0,0.0,False,22.26,baseline
order_0002151,NE,CA,Midwest,West,cross_region,zone_3,9,9.0,0.0,False,19.3,baseline
order_0002152,FL,NM,South,West,cross_region,zone_3,9,14.0,5.0,True,8.64,baseline
order_0002153,GA,MS,South,South,same_region,zone_2,7,7.0,0.0,False,6.9,baseline
order_0002154,LA,SC,South,South,same_region,zone_2,7,7.0,0.0,False,23.13,baseline
order_0002155,IL,IL,Midwest,Midwest,same_state,zone_1,4,4.0,0.0,False,5.28,baseline
order_0002156,FL,MN,South,Midwest,cross_region,zone_3,9,9.0,0.0,False,16.13,baseline
order_0002157,CA,FL,West,South,cross_region,zone_3,9,14.0,5.0,True,10.12,baseline
order_0002158,FL,TX,South,South,same_region,zone_2,7,9.0,2.0,True,26.2,baseline
order_0002159,SD,PA,Midwest,Northeast,cross_region,zone_3,9,9.0,0.0,False,8.4,baseline
order_0002160,ME,CA,Northeast,West,cross_region,zone_3,9,10.0,1.0,True,7.69,baseline
order_0002161,NJ,NM,Northeast,West,cross_region,zone_3,9,8.0,0.0,False,9.28,baseline
order_0002162,TX,KS,South,Midwest,cross_region,zone_3,9,9.0,0.0,False,9.92,baseline
order_0002163,TX,TX,South,South,same_state,zone_1,5,5.0,0.0,False,4.1,baseline
order_0002164,PA,IL,Northeast,Midwest,cross_region,zone_3,9,8.0,0.0,False,43.07,baseline
order_0002165,SC,GA,South,South,same_region,zone_2,6,6.0,0.0,False,30.87,baseline
order_0002166,NY,SD,Northeast,Midwest,cross_region,zone_3,8,8.0,0.0,False,10.72,baseline
order_0002167,OH,LA,Midwest,South,cross_region,zone_3,9,14.0,5.0,True,9.6,baseline
order_0002168,NY,TX,Northeast,South,cross_region,zone_3,8,,,False,7.9,baseline
order_0002169,OH,MD,Midwest,South,cross_region,zone_3,9,8.0,0.0,False,7.57,baseline
order_0002170,GA,NC,South,South,same_region,zone_2,7,7.0,0.0,False,6.08,baseline
order_0002171,MN,VT,Midwest,Northeast,cross_region,zone_3,9,9.0,0.0,False,8.86,baseline
order_0002172,PA,SC,Northeast,South,cross_region,zone_3,9,9.0,0.0,False,18.11,baseline
order_0002173,HI,NM,West,West,same_region,zone_2,6,6.0,0.0,False,7.3,baseline
order_0002174,IA,CA,Midwest,West,cross_region,zone_3,8,11.0,3.0,True,7.92,baseline
order_0002175,NY,TX,Northeast,South,cross_region,zone_3,8,7.0,0.0,False,8.25,baseline
order_0002176,AR,TX,South,South,same_region,zone_2,7,6.0,0.0,False,5.6,baseline
order_0002177,SD,AZ,Midwest,West,cross_region,zone_3,10,10.0,0.0,False,17.8,baseline
order_0002178,MS,SD,South,Midwest,cross_region,zone_3,9,,,False,8.66,baseline
order_0002179,IL,AK,Midwest,West,remote,zone_4,12,12.0,0.0,False,38.68,baseline
order_0002180,NY,TX,Northeast,South,cross_region,zone_3,9,9.0,0.0,False,16.36,baseline
order_0002181,IL,CA,Midwest,West,cross_region,zone_3,10,10.0,0.0,False,9.58,baseline
order_0002182,CA,RI,West,Northeast,cross_region,zone_3,9,9.0,0.0,False,7.4,baseline
order_0002183,NY,NY,Northeast,Northeast,same_state,zone_1,5,5.0,0.0,False,11.41,baseline
order_0002184,CA,MS,West,South,cross_region,zone_3,10,15.0,5.0,True,8.73,baseline
order_0002185,IL,TX,Midwest,South,cross_region,zone_3,9,,,False,7.71,baseline
order_0002186,TX,PA,South,Northeast,cross_region,zone_3,9,10.0,1.0,True,49.12,baseline
order_0002187,FL,CA,South,West,cross_region,zone_3,8,,,False,8.52,baseline
order_0002188,HI,NE,West,Midwest,remote,zone_4,11,11.0,0.0,False,18.32,baseline
order_0002189,NJ,GA,Northeast,South,cross_region,zone_3,10,13.0,3.0,True,8.28,baseline
order_0002190,DE,MD,South,South,same_region,zone_2,7,7.0,0.0,False,15.02,baseline
order_0002191,PA,IL,Northeast,Midwest,cross_region,zone_3,9,9.0,0.0,False,8.73,baseline
order_0002192,SD,VT,Midwest,Northeast,cross_region,zone_3,9,9.0,0.0,False,8.03,baseline
order_0002193,IL,SC,Midwest,South,cross_region,zone_3,9,8.0,0.0,False,7.44,baseline
order_0002194,IL,TX,Midwest,South,cross_region,zone_3,9,13.0,4.0,True,7.61,baseline
order_0002195,ID,WV,West,South,cross_region,zone_3,8,8.0,0.0,False,7.78,baseline
order_0002196,CT,TX,Northeast,South,cross_region,zone_3,9,11.0,2.0,True,15.65,baseline
order_0002197,FL,NY,South,Northeast,cross_region,zone_3,9,9.0,0.0,False,7.34,baseline
order_0002198,NY,IN,Northeast,Midwest,cross_region,zone_3,9,9.0,0.0,False,16.8,baseline
order_0002199,TX,PA,South,Northeast,cross_region,zone_3,9,9.0,0.0,False,16.4,baseline
order_0002200,MS,MT,South,West,cross_region,zone_3,8,10.0,2.0,True,27.32,baseline
order_0002201,NY,AK,Northeast,West,remote,zone_4,12,11.0,0.0,False,13.54,baseline
order_0002202,HI,IA,West,Midwest,remote,zone_4,12,12.0,0.0,False,25.52,baseline
order_0002203,IL,DE,Midwest,South,cross_region,zone_3,9,8.0,0.0,False,11.85,baseline
order_0002204,PA,AK,Northeast,West,remote,zone_4,11,14.0,3.0,True,43.76,baseline
order_0002205,FL,CA,South,West,cross_region,zone_3,9,8.0,0.0,False,7.36,baseline
order_0002206,IL,NC,Midwest,South,cross_region,zone_3,9,14.0,5.0,True,8.91,baseline
order_0002207,IL,PA,Midwest,Northeast,cross_region,zone_3,9,9.0,0.0,False,24.91,baseline
order_0002208,WV,NJ,South,Northeast,cross_region,zone_3,10,10.0,0.0,False,9.08,baseline
order_0002209,NJ,IN,Northeast,Midwest,cross_region,zone_3,9,10.0,1.0,True,7.75,baseline
order_0002210,CA,TX,West,South,cross_region,zone_3,9,9.0,0.0,False,8.26,baseline
order_0002211,NY,WV,Northeast,South,cross_region,zone_3,9,,,False,18.33,baseline
order_0002212,NJ,MN,Northeast,Midwest,cross_region,zone_3,9,,,False,16.75,baseline
order_0002213,PA,GA,Northeast,South,cross_region,zone_3,9,9.0,0.0,False,9.35,baseline
order_0002214,NJ,OH,Northeast,Midwest,cross_region,zone_3,9,14.0,5.0,True,9.17,baseline
order_0002215,TN,NC,South,South,same_region,zone_2,7,,,False,11.75,baseline
order_0002216,NY,OH,Northeast,Midwest,cross_region,zone_3,9,8.0,0.0,False,24.35,baseline
order_0002217,IL,CO,Midwest,West,cross_region,zone_3,9,8.0,0.0,False,35.05,baseline
order_0002218,NJ,NC,Northeast,South,cross_region,zone_3,10,10.0,0.0,False,20.7,baseline
order_0002219,TX,IL,South,Midwest,cross_region,zone_3,9,,,False,7.88,baseline
order_0002220,GA,VA,South,South,same_region,zone_2,7,7.0,0.0,False,17.4,baseline
order_0002221,FL,NY,South,Northeast,cross_region,zone_3,9,9.0,0.0,False,25.1,baseline
order_0002222,NY,KY,Northeast,South,cross_region,zone_3,10,15.0,5.0,True,18.58,baseline
order_0002223,IL,KY,Midwest,South,cross_region,zone_3,9,9.0,0.0,False,8.18,baseline
order_0002224,IL,NY,Midwest,Northeast,cross_region,zone_3,10,,,False,17.78,baseline
order_0002225,ME,CA,Northeast,West,cross_region,zone_3,9,9.0,0.0,False,8.26,baseline
order_0002226,FL,AZ,South,West,cross_region,zone_3,9,,,False,11.6,baseline
order_0002227,WA,FL,West,South,cross_region,zone_3,9,9.0,0.0,False,8.72,baseline
order_0002228,ME,PA,Northeast,Northeast,same_region,zone_2,7,6.0,0.0,False,14.21,baseline
order_0002229,ND,CA,Midwest,West,cross_region,zone_3,9,9.0,0.0,False,17.58,baseline
order_0002230,KY,TX,South,South,same_region,zone_2,8,10.0,2.0,True,28.06,baseline
order_0002231,MI,ND,Midwest,Midwest,same_region,zone_2,7,12.0,5.0,True,19.5,baseline
order_0002232,TX,RI,South,Northeast,cross_region,zone_3,9,9.0,0.0,False,8.01,baseline
order_0002233,FL,NY,South,Northeast,cross_region,zone_3,10,10.0,0.0,False,17.12,baseline
order_0002234,CA,WV,West,South,cross_region,zone_3,9,9.0,0.0,False,23.8,baseline
order_0002235,DE,FL,South,South,same_region,zone_2,8,,,False,10.69,baseline
order_0002236,NY,SC,Northeast,South,cross_region,zone_3,9,12.0,3.0,True,9.55,baseline
order_0002237,MN,NY,Midwest,Northeast,cross_region,zone_3,9,9.0,0.0,False,8.55,baseline
order_0002238,TX,TX,South,South,same_state,zone_1,5,,,False,8.88,baseline
order_0002239,MT,MI,West,Midwest,cross_region,zone_3,10,9.0,0.0,False,8.41,baseline
order_0002240,MA,MO,Northeast,Midwest,cross_region,zone_3,9,8.0,0.0,False,41.81,baseline
order_0002241,MS,FL,South,South,same_region,zone_2,6,6.0,0.0,False,19.64,baseline
order_0002242,IL,VT,Midwest,Northeast,cross_region,zone_3,9,9.0,0.0,False,16.31,baseline
order_0002243,IL,IL,Midwest,Midwest,same_state,zone_1,5,4.0,0.0,False,3.95,baseline
order_0002244,ID,AK,West,West,same_region,zone_2,7,9.0,2.0,True,10.69,baseline
order_0002245,OR,NY,West,Northeast,cross_region,zone_3,9,8.0,0.0,False,26.05,baseline
order_0002246,NY,WI,Northeast,Midwest,cross_region,zone_3,9,,,False,16.19,baseline
order_0002247,DC,FL,South,South,same_region,zone_2,7,7.0,0.0,False,12.26,baseline
order_0002248,HI,UT,West,West,same_region,zone_2,6,6.0,0.0,False,5.27,baseline
order_0002249,VA,AK,South,West,remote,zone_4,12,12.0,0.0,False,38.31,baseline
order_0002250,VT,FL,Northeast,South,cross_region,zone_3,8,8.0,0.0,False,8.18,baseline
order_0002251,FL,CA,South,West,cross_region,zone_3,10,10.0,0.0,False,19.51,baseline
order_0002252,AZ,NY,West,Northeast,cross_region,zone_3,9,9.0,0.0,False,9.28,baseline
order_0002253,FL,UT,South,West,cross_region,zone_3,9,8.0,0.0,False,18.07,baseline
order_0002254,PA,CA,Northeast,West,cross_region,zone_3,8,8.0,0.0,False,9.54,baseline
order_0002255,UT,CA,West,West,same_region,zone_2,7,7.0,0.0,False,8.97,baseline
order_0002256,CA,MI,West,Midwest,cross_region,zone_3,9,9.0,0.0,False,15.03,baseline
order_0002257,KY,CA,South,West,cross_region,zone_3,9,9.0,0.0,False,15.66,baseline
order_0002258,OH,UT,Midwest,West,cross_region,zone_3,9,8.0,0.0,False,20.51,baseline
order_0002259,ND,TX,Midwest,South,cross_region,zone_3,9,8.0,0.0,False,17.09,baseline
order_0002260,PA,FL,Northeast,South,cross_region,zone_3,9,9.0,0.0,False,7.54,baseline
order_0002261,TN,PA,South,Northeast,cross_region,zone_3,9,9.0,0.0,False,8.44,baseline
order_0002262,NJ,HI,Northeast,West,remote,zone_4,13,16.0,3.0,True,14.97,baseline
order_0002263,AR,IL,South,Midwest,cross_region,zone_3,9,9.0,0.0,False,7.61,baseline
order_0002264,MT,PA,West,Northeast,cross_region,zone_3,9,9.0,0.0,False,9.72,baseline
order_0002265,AZ,CA,West,West,same_region,zone_2,7,7.0,0.0,False,4.84,baseline
order_0002266,FL,NC,South,South,same_region,zone_2,7,7.0,0.0,False,5.96,baseline
order_0002267,CA,NV,West,West,same_region,zone_2,7,,,False,8.82,baseline
order_0002268,GA,PA,South,Northeast,cross_region,zone_3,8,8.0,0.0,False,15.42,baseline
order_0002269,NV,ME,West,Northeast,cross_region,zone_3,10,9.0,0.0,False,9.32,baseline
order_0002270,IL,TX,Midwest,South,cross_region,zone_3,8,8.0,0.0,False,9.58,baseline
order_0002271,TX,OH,South,Midwest,cross_region,zone_3,9,8.0,0.0,False,9.71,baseline
order_0002272,IL,FL,Midwest,South,cross_region,zone_3,9,9.0,0.0,False,7.99,baseline
order_0002273,NJ,TX,Northeast,South,cross_region,zone_3,8,11.0,3.0,True,25.98,baseline
order_0002274,NY,OH,Northeast,Midwest,cross_region,zone_3,9,10.0,1.0,True,9.02,baseline
order_0002275,CA,NY,West,Northeast,cross_region,zone_3,9,9.0,0.0,False,15.1,baseline
order_0002276,MN,NY,Midwest,Northeast,cross_region,zone_3,9,9.0,0.0,False,9.16,baseline
order_0002277,GA,AK,South,West,remote,zone_4,12,12.0,0.0,False,15.44,baseline
order_0002278,CT,MI,Northeast,Midwest,cross_region,zone_3,9,8.0,0.0,False,25.56,baseline
order_0002279,NY,NC,Northeast,South,cross_region,zone_3,9,9.0,0.0,False,16.66,baseline
order_0002280,GA,AR,South,South,same_region,zone_2,7,7.0,0.0,False,6.04,baseline
order_0002281,NY,NC,Northeast,South,cross_region,zone_3,9,14.0,5.0,True,7.71,baseline
order_0002282,HI,PA,West,Northeast,remote,zone_4,11,11.0,0.0,False,12.9,baseline
order_0002283,FL,CA,South,West,cross_region,zone_3,9,11.0,2.0,True,40.61,baseline
order_0002284,FL,AZ,South,West,cross_region,zone_3,8,8.0,0.0,False,16.62,baseline
order_0002285,AR,FL,South,South,same_region,zone_2,7,6.0,0.0,False,5.56,baseline
order_0002286,MT,GA,West,South,cross_region,zone_3,8,8.0,0.0,False,8.71,baseline
order_0002287,PA,IN,Northeast,Midwest,cross_region,zone_3,10,,,False,17.9,baseline
order_0002288,PA,MA,Northeast,Northeast,same_region,zone_2,7,6.0,0.0,False,5.65,baseline
order_0002289,IL,CA,Midwest,West,cross_region,zone_3,9,14.0,5.0,True,7.68,baseline
order_0002290,GA,IL,South,Midwest,cross_region,zone_3,9,9.0,0.0,False,7.79,baseline
order_0002291,NY,TX,Northeast,South,cross_region,zone_3,9,9.0,0.0,False,7.47,baseline
order_0002292,IA,SC,Midwest,South,cross_region,zone_3,9,9.0,0.0,False,26.5,baseline
order_0002293,HI,ME,West,Northeast,remote,zone_4,11,11.0,0.0,False,26.34,baseline
order_0002294,MN,HI,Midwest,West,remote,zone_4,11,,,False,45.0,baseline
order_0002295,OH,NC,Midwest,South,cross_region,zone_3,9,8.0,0.0,False,8.27,baseline
order_0002296,CA,NY,West,Northeast,cross_region,zone_3,9,,,False,24.12,baseline
order_0002297,TX,TX,South,South,same_state,zone_1,5,4.0,0.0,False,4.33,baseline
order_0002298,MN,MI,Midwest,Midwest,same_region,zone_2,7,7.0,0.0,False,6.29,baseline
order_0002299,NJ,GA,Northeast,South,cross_region,zone_3,9,10.0,1.0,True,7.39,baseline
order_0002300,HI,UT,West,West,same_region,zone_2,6,5.0,0.0,False,12.97,baseline
order_0002301,TN,MI,South,Midwest,cross_region,zone_3,9,8.0,0.0,False,18.77,baseline
order_0002302,ND,PA,Midwest,Northeast,cross_region,zone_3,9,9.0,0.0,False,35.11,baseline
order_0002303,LA,IL,South,Midwest,cross_region,zone_3,8,7.0,0.0,False,19.9,baseline
order_0002304,CA,CA,West,West,same_state,zone_1,4,4.0,0.0,False,19.04,baseline
order_0002305,RI,CO,Northeast,West,cross_region,zone_3,9,9.0,0.0,False,39.05,baseline
order_0002306,GA,NC,South,South,same_region,zone_2,8,10.0,2.0,True,6.53,baseline
order_0002307,MT,CA,West,West,same_region,zone_2,7,7.0,0.0,False,12.16,baseline
order_0002308,NV,FL,West,South,cross_region,zone_3,9,,,False,46.8,baseline
order_0002309,NY,NY,Northeast,Northeast,same_state,zone_1,4,4.0,0.0,False,4.22,baseline
order_0002310,CA,AK,West,West,same_region,zone_2,8,,,False,25.46,baseline
order_0002311,NJ,CA,Northeast,West,cross_region,zone_3,9,,,False,8.81,baseline
order_0002312,HI,NY,West,Northeast,remote,zone_4,11,11.0,0.0,False,13.64,baseline
order_0002313,NY,CA,Northeast,West,cross_region,zone_3,9,9.0,0.0,False,12.07,baseline
order_0002314,IL,CA,Midwest,West,cross_region,zone_3,9,9.0,0.0,False,8.73,baseline
order_0002315,FL,IL,South,Midwest,cross_region,zone_3,9,8.0,0.0,False,16.83,baseline
order_0002316,CA,NY,West,Northeast,cross_region,zone_3,9,13.0,4.0,True,18.9,baseline
order_0002317,TN,IL,South,Midwest,cross_region,zone_3,9,9.0,0.0,False,11.45,baseline
order_0002318,FL,TX,South,South,same_region,zone_2,8,8.0,0.0,False,7.76,baseline
order_0002319,NH,NY,Northeast,Northeast,same_region,zone_2,7,7.0,0.0,False,7.46,baseline
order_0002320,OR,NY,West,Northeast,cross_region,zone_3,9,9.0,0.0,False,27.59,baseline
order_0002321,WY,OH,West,Midwest,cross_region,zone_3,9,8.0,0.0,False,9.1,baseline
order_0002322,ME,MI,Northeast,Midwest,cross_region,zone_3,9,8.0,0.0,False,8.67,baseline
order_0002323,SD,CA,Midwest,West,cross_region,zone_3,9,9.0,0.0,False,9.32,baseline
order_0002324,VT,KS,Northeast,Midwest,cross_region,zone_3,9,10.0,1.0,True,9.75,baseline
order_0002325,OH,IL,Midwest,Midwest,same_region,zone_2,7,6.0,0.0,False,30.69,baseline
order_0002326,CA,IL,West,Midwest,cross_region,zone_3,9,9.0,0.0,False,8.88,baseline
order_0002327,NJ,CO,Northeast,West,cross_region,zone_3,9,9.0,0.0,False,7.97,baseline
order_0002328,CA,FL,West,South,cross_region,zone_3,9,9.0,0.0,False,23.29,baseline
order_0002329,HI,IL,West,Midwest,remote,zone_4,12,12.0,0.0,False,30.54,baseline
order_0002330,FL,AL,South,South,same_region,zone_2,7,7.0,0.0,False,16.52,baseline
order_0002331,IA,CA,Midwest,West,cross_region,zone_3,9,8.0,0.0,False,7.92,baseline
order_0002332,NV,FL,West,South,cross_region,zone_3,9,9.0,0.0,False,26.1,baseline
order_0002333,MT,OH,West,Midwest,cross_region,zone_3,10,10.0,0.0,False,8.66,baseline
order_0002334,FL,VA,South,South,same_region,zone_2,6,6.0,0.0,False,36.31,baseline
order_0002335,NY,NM,Northeast,West,cross_region,zone_3,9,9.0,0.0,False,22.61,baseline
order_0002336,FL,NY,South,Northeast,cross_region,zone_3,8,9.0,1.0,True,8.03,baseline
order_0002337,AL,SC,South,South,same_region,zone_2,7,7.0,0.0,False,6.18,baseline
order_0002338,HI,DE,West,South,remote,zone_4,11,11.0,0.0,False,13.11,baseline
order_0002339,TX,TX,South,South,same_state,zone_1,6,5.0,0.0,False,16.21,baseline
order_0002340,OH,CA,Midwest,West,cross_region,zone_3,10,10.0,0.0,False,8.92,baseline
order_0002341,AR,NC,South,South,same_region,zone_2,8,8.0,0.0,False,6.06,baseline
order_0002342,WA,MD,West,South,cross_region,zone_3,9,9.0,0.0,False,13.91,baseline
order_0002343,GA,ME,South,Northeast,cross_region,zone_3,9,9.0,0.0,False,7.73,baseline
order_0002344,FL,IL,South,Midwest,cross_region,zone_3,9,10.0,1.0,True,7.75,baseline
order_0002345,OK,PA,South,Northeast,cross_region,zone_3,9,8.0,0.0,False,8.15,baseline
order_0002346,HI,MA,West,Northeast,remote,zone_4,11,11.0,0.0,False,25.89,baseline
order_0002347,TX,OR,South,West,cross_region,zone_3,9,9.0,0.0,False,15.85,baseline
order_0002348,GA,KS,South,Midwest,cross_region,zone_3,9,9.0,0.0,False,17.1,baseline
order_0002349,MS,NJ,South,Northeast,cross_region,zone_3,9,9.0,0.0,False,23.06,baseline
order_0002350,NJ,ID,Northeast,West,cross_region,zone_3,9,8.0,0.0,False,16.0,baseline
order_0002351,TX,VA,South,South,same_region,zone_2,7,7.0,0.0,False,23.88,baseline
order_0002352,NJ,SC,Northeast,South,cross_region,zone_3,9,8.0,0.0,False,24.44,baseline
order_0002353,ME,FL,Northeast,South,cross_region,zone_3,9,9.0,0.0,False,41.05,baseline
order_0002354,TX,TX,South,South,same_state,zone_1,6,5.0,0.0,False,6.15,baseline
order_0002355,NJ,HI,Northeast,West,remote,zone_4,13,,,False,14.36,baseline
order_0002356,IA,KY,Midwest,South,cross_region,zone_3,9,8.0,0.0,False,8.45,baseline
order_0002357,WI,NY,Midwest,Northeast,cross_region,zone_3,9,9.0,0.0,False,7.77,baseline
order_0002358,TX,AR,South,South,same_region,zone_2,8,8.0,0.0,False,6.94,baseline
order_0002359,WV,LA,South,South,same_region,zone_2,7,7.0,0.0,False,5.36,baseline
order_0002360,PA,CA,Northeast,West,cross_region,zone_3,9,,,False,9.7,baseline
order_0002361,MD,NM,South,West,cross_region,zone_3,9,9.0,0.0,False,9.56,baseline
order_0002362,MA,AR,Northeast,South,cross_region,zone_3,9,9.0,0.0,False,10.67,baseline
order_0002363,PA,DC,Northeast,South,cross_region,zone_3,9,9.0,0.0,False,15.8,baseline
order_0002364,FL,KY,South,South,same_region,zone_2,8,8.0,0.0,False,8.74,baseline
order_0002365,PA,ID,Northeast,West,cross_region,zone_3,10,10.0,0.0,False,17.93,baseline
order_0002366,CT,VA,Northeast,South,cross_region,zone_3,9,9.0,0.0,False,35.68,baseline
order_0002367,LA,NE,South,Midwest,cross_region,zone_3,8,8.0,0.0,False,17.22,baseline
order_0002368,PA,FL,Northeast,South,cross_region,zone_3,9,9.0,0.0,False,37.39,baseline
order_0002369,OH,NC,Midwest,South,cross_region,zone_3,8,8.0,0.0,False,18.64,baseline
order_0002370,HI,PA,West,Northeast,remote,zone_4,12,12.0,0.0,False,31.13,baseline
order_0002371,MI,FL,Midwest,South,cross_region,zone_3,9,9.0,0.0,False,17.01,baseline
order_0002372,CA,CA,West,West,same_state,zone_1,5,5.0,0.0,False,15.57,baseline
order_0002373,IL,CA,Midwest,West,cross_region,zone_3,9,8.0,0.0,False,8.06,baseline
order_0002374,TN,TX,South,South,same_region,zone_2,7,6.0,0.0,False,6.28,baseline
order_0002375,IL,CT,Midwest,Northeast,cross_region,zone_3,10,9.0,0.0,False,11.59,baseline
order_0002376,OH,OH,Midwest,Midwest,same_state,zone_1,4,4.0,0.0,False,4.65,baseline
order_0002377,MD,TX,South,South,same_region,zone_2,7,7.0,0.0,False,6.91,baseline
order_0002378,OH,NJ,Midwest,Northeast,cross_region,zone_3,9,8.0,0.0,False,25.76,baseline
order_0002379,MS,VT,South,Northeast,cross_region,zone_3,8,11.0,3.0,True,16.81,baseline
order_0002380,IA,CA,Midwest,West,cross_region,zone_3,9,8.0,0.0,False,11.78,baseline
order_0002381,NY,WY,Northeast,West,cross_region,zone_3,9,9.0,0.0,False,24.86,baseline
order_0002382,MI,IL,Midwest,Midwest,same_region,zone_2,7,7.0,0.0,False,7.72,baseline
order_0002383,NM,IN,West,Midwest,cross_region,zone_3,9,9.0,0.0,False,11.13,baseline
order_0002384,NY,CA,Northeast,West,cross_region,zone_3,9,8.0,0.0,False,7.74,baseline
order_0002385,OR,FL,West,South,cross_region,zone_3,9,8.0,0.0,False,23.76,baseline
order_0002386,SD,CA,Midwest,West,cross_region,zone_3,9,9.0,0.0,False,16.75,baseline
order_0002387,LA,PA,South,Northeast,cross_region,zone_3,9,9.0,0.0,False,7.62,baseline
order_0002388,GA,MT,South,West,cross_region,zone_3,9,,,False,36.55,baseline
order_0002389,NY,TX,Northeast,South,cross_region,zone_3,9,9.0,0.0,False,16.29,baseline
order_0002390,NC,TX,South,South,same_region,zone_2,7,,,False,14.77,baseline
order_0002391,MT,DC,West,South,cross_region,zone_3,10,9.0,0.0,False,8.16,baseline
order_0002392,CA,NM,West,West,same_region,zone_2,7,,,False,5.26,baseline
order_0002393,CT,PA,Northeast,Northeast,same_region,zone_2,7,7.0,0.0,False,6.55,baseline
order_0002394,OH,GA,Midwest,South,cross_region,zone_3,9,9.0,0.0,False,31.78,baseline
order_0002395,CA,TX,West,South,cross_region,zone_3,10,10.0,0.0,False,9.5,baseline
order_0002396,PA,NV,Northeast,West,cross_region,zone_3,10,10.0,0.0,False,31.29,baseline
order_0002397,HI,OK,West,South,remote,zone_4,12,12.0,0.0,False,13.92,baseline
order_0002398,OR,CA,West,West,same_region,zone_2,7,7.0,0.0,False,5.07,baseline
order_0002399,OR,CA,West,West,same_region,zone_2,7,7.0,0.0,False,22.63,baseline
order_0002400,NJ,TX,Northeast,South,cross_region,zone_3,9,,,False,13.8,baseline
order_0002401,OH,NY,Midwest,Northeast,cross_region,zone_3,10,,,False,8.96,baseline
order_0002402,HI,CA,West,West,same_region,zone_2,7,7.0,0.0,False,8.24,baseline
order_0002403,NJ,DE,Northeast,South,cross_region,zone_3,10,10.0,0.0,False,17.94,baseline
order_0002404,CT,NY,Northeast,Northeast,same_region,zone_2,7,7.0,0.0,False,5.89,baseline
order_0002405,NY,SD,Northeast,Midwest,cross_region,zone_3,9,8.0,0.0,False,10.22,baseline
order_0002406,IL,FL,Midwest,South,cross_region,zone_3,9,9.0,0.0,False,17.16,baseline
order_0002407,GA,KS,South,Midwest,cross_region,zone_3,9,9.0,0.0,False,16.46,baseline
order_0002408,NJ,FL,Northeast,South,cross_region,zone_3,10,11.0,1.0,True,9.2,baseline
order_0002409,HI,MI,West,Midwest,remote,zone_4,11,11.0,0.0,False,70.9,baseline
order_0002410,DC,OH,South,Midwest,cross_region,zone_3,9,8.0,0.0,False,9.56,baseline
order_0002411,CO,CA,West,West,same_region,zone_2,7,7.0,0.0,False,12.23,baseline
order_0002412,HI,CA,West,West,same_region,zone_2,7,7.0,0.0,False,14.34,baseline
order_0002413,CA,CA,West,West,same_state,zone_1,5,5.0,0.0,False,10.66,baseline
order_0002414,MN,MA,Midwest,Northeast,cross_region,zone_3,9,8.0,0.0,False,7.92,baseline
order_0002415,WV,NC,South,South,same_region,zone_2,8,8.0,0.0,False,6.03,baseline
order_0002416,NJ,PA,Northeast,Northeast,same_region,zone_2,8,7.0,0.0,False,5.8,baseline
order_0002417,CA,CT,West,Northeast,cross_region,zone_3,9,9.0,0.0,False,8.76,baseline
order_0002418,NV,IL,West,Midwest,cross_region,zone_3,9,9.0,0.0,False,49.45,baseline
order_0002419,IL,GA,Midwest,South,cross_region,zone_3,9,,,False,9.86,baseline
order_0002420,NY,GA,Northeast,South,cross_region,zone_3,9,,,False,7.9,baseline
order_0002421,NJ,PA,Northeast,Northeast,same_region,zone_2,7,7.0,0.0,False,6.3,baseline
order_0002422,WA,FL,West,South,cross_region,zone_3,9,9.0,0.0,False,24.98,baseline
order_0002423,WV,AL,South,South,same_region,zone_2,7,6.0,0.0,False,5.23,baseline
order_0002424,GA,MI,South,Midwest,cross_region,zone_3,9,9.0,0.0,False,13.55,baseline
order_0002425,CA,FL,West,South,cross_region,zone_3,9,,,False,29.52,baseline
order_0002426,NJ,TX,Northeast,South,cross_region,zone_3,10,9.0,0.0,False,8.18,baseline
order_0002427,CA,AK,West,West,same_region,zone_2,7,6.0,0.0,False,5.3,baseline
order_0002428,AR,GA,South,South,same_region,zone_2,7,7.0,0.0,False,7.15,baseline
order_0002429,HI,ME,West,Northeast,remote,zone_4,11,10.0,0.0,False,26.2,baseline
order_0002430,FL,CA,South,West,cross_region,zone_3,9,9.0,0.0,False,25.98,baseline
order_0002431,TN,CA,South,West,cross_region,zone_3,9,9.0,0.0,False,7.93,baseline
order_0002432,FL,MI,South,Midwest,cross_region,zone_3,9,13.0,4.0,True,8.32,baseline
order_0002433,NY,GA,Northeast,South,cross_region,zone_3,10,9.0,0.0,False,10.39,baseline
order_0002434,OR,CA,West,West,same_region,zone_2,7,7.0,0.0,False,5.5,baseline
order_0002435,HI,CA,West,West,same_region,zone_2,6,10.0,4.0,True,7.98,baseline
order_0002436,WA,CA,West,West,same_region,zone_2,7,7.0,0.0,False,14.52,baseline
order_0002437,AZ,TX,West,South,cross_region,zone_3,9,8.0,0.0,False,7.52,baseline
order_0002438,IL,CA,Midwest,West,cross_region,zone_3,9,9.0,0.0,False,10.82,baseline
order_0002439,NV,HI,West,West,same_region,zone_2,7,7.0,0.0,False,16.49,baseline
order_0002440,CA,CA,West,West,same_state,zone_1,5,,,False,5.16,baseline
order_0002441,CA,NY,West,Northeast,cross_region,zone_3,9,9.0,0.0,False,16.88,baseline
order_0002442,TX,SC,South,South,same_region,zone_2,7,6.0,0.0,False,5.05,baseline
order_0002443,GA,OR,South,West,cross_region,zone_3,9,14.0,5.0,True,33.89,baseline
order_0002444,FL,NJ,South,Northeast,cross_region,zone_3,9,9.0,0.0,False,18.4,baseline
order_0002445,AR,WV,South,South,same_region,zone_2,7,7.0,0.0,False,15.77,baseline
order_0002446,OR,IL,West,Midwest,cross_region,zone_3,9,13.0,4.0,True,11.24,baseline
order_0002447,VT,IL,Northeast,Midwest,cross_region,zone_3,8,,,False,9.01,baseline
order_0002448,TX,AZ,South,West,cross_region,zone_3,9,12.0,3.0,True,8.39,baseline
order_0002449,WA,OR,West,West,same_region,zone_2,6,6.0,0.0,False,10.41,baseline
order_0002450,PA,MI,Northeast,Midwest,cross_region,zone_3,9,11.0,2.0,True,10.83,baseline
order_0002451,IL,SD,Midwest,Midwest,same_region,zone_2,8,,,False,12.82,baseline
order_0002452,NY,NY,Northeast,Northeast,same_state,zone_1,5,,,False,14.1,baseline
order_0002453,FL,WV,South,South,same_region,zone_2,7,6.0,0.0,False,5.49,baseline
order_0002454,NH,OK,Northeast,South,cross_region,zone_3,9,9.0,0.0,False,8.57,baseline
order_0002455,AR,CA,South,West,cross_region,zone_3,9,9.0,0.0,False,17.85,baseline
order_0002456,CA,MA,West,Northeast,cross_region,zone_3,9,11.0,2.0,True,9.82,baseline
order_0002457,HI,CA,West,West,same_region,zone_2,7,7.0,0.0,False,5.73,baseline
order_0002458,AR,KY,South,South,same_region,zone_2,7,7.0,0.0,False,16.67,baseline
order_0002459,KY,IA,South,Midwest,cross_region,zone_3,9,9.0,0.0,False,8.72,baseline
order_0002460,NJ,TX,Northeast,South,cross_region,zone_3,10,10.0,0.0,False,17.02,baseline
order_0002461,GA,PA,South,Northeast,cross_region,zone_3,9,8.0,0.0,False,8.17,baseline
order_0002462,AL,CA,South,West,cross_region,zone_3,9,13.0,4.0,True,9.09,baseline
order_0002463,IA,MI,Midwest,Midwest,same_region,zone_2,7,,,False,5.54,baseline
order_0002464,NY,IL,Northeast,Midwest,cross_region,zone_3,8,8.0,0.0,False,11.26,baseline
order_0002465,FL,CA,South,West,cross_region,zone_3,9,8.0,0.0,False,12.5,baseline
order_0002466,PA,CA,Northeast,West,cross_region,zone_3,9,9.0,0.0,False,24.66,baseline
order_0002467,FL,NY,South,Northeast,cross_region,zone_3,9,9.0,0.0,False,30.28,baseline
order_0002468,FL,ND,South,Midwest,cross_region,zone_3,9,9.0,0.0,False,41.85,baseline
order_0002469,TX,TX,South,South,same_state,zone_1,6,5.0,0.0,False,4.51,baseline
order_0002470,CA,PA,West,Northeast,cross_region,zone_3,9,9.0,0.0,False,16.09,baseline
order_0002471,LA,NC,South,South,same_region,zone_2,7,7.0,0.0,False,4.8,baseline
order_0002472,CA,HI,West,West,same_region,zone_2,7,7.0,0.0,False,15.08,baseline
order_0002473,MS,NY,South,Northeast,cross_region,zone_3,9,9.0,0.0,False,17.07,baseline
order_0002474,CA,MA,West,Northeast,cross_region,zone_3,9,8.0,0.0,False,8.34,baseline
order_0002475,FL,IL,South,Midwest,cross_region,zone_3,9,8.0,0.0,False,24.41,baseline
order_0002476,OR,KS,West,Midwest,cross_region,zone_3,9,9.0,0.0,False,11.41,baseline
order_0002477,SC,MA,South,Northeast,cross_region,zone_3,8,8.0,0.0,False,7.78,baseline
order_0002478,TX,MD,South,South,same_region,zone_2,7,7.0,0.0,False,11.45,baseline
order_0002479,NM,NY,West,Northeast,cross_region,zone_3,9,8.0,0.0,False,19.5,baseline
order_0002480,CT,TX,Northeast,South,cross_region,zone_3,8,8.0,0.0,False,15.46,baseline
order_0002481,FL,TX,South,South,same_region,zone_2,6,5.0,0.0,False,10.88,baseline
order_0002482,NY,DE,Northeast,South,cross_region,zone_3,9,9.0,0.0,False,14.13,baseline
order_0002483,NJ,CA,Northeast,West,cross_region,zone_3,9,,,False,7.66,baseline
order_0002484,NM,NY,West,Northeast,cross_region,zone_3,9,8.0,0.0,False,14.4,baseline
order_0002485,NM,TX,West,South,cross_region,zone_3,9,9.0,0.0,False,13.42,baseline
order_0002486,MO,CA,Midwest,West,cross_region,zone_3,9,9.0,0.0,False,7.71,baseline
order_0002487,NY,TX,Northeast,South,cross_region,zone_3,9,9.0,0.0,False,16.74,baseline
order_0002488,MO,IN,Midwest,Midwest,same_region,zone_2,7,7.0,0.0,False,24.8,baseline
order_0002489,AR,OH,South,Midwest,cross_region,zone_3,9,8.0,0.0,False,25.22,baseline
order_0002490,HI,NY,West,Northeast,remote,zone_4,11,11.0,0.0,False,11.89,baseline
order_0002491,IL,NY,Midwest,Northeast,cross_region,zone_3,9,8.0,0.0,False,7.1,baseline
order_0002492,IA,NH,Midwest,Northeast,cross_region,zone_3,10,9.0,0.0,False,8.72,baseline
order_0002493,MS,GA,South,South,same_region,zone_2,6,6.0,0.0,False,5.73,baseline
order_0002494,MO,IL,Midwest,Midwest,same_region,zone_2,7,7.0,0.0,False,5.2,baseline
order_0002495,IA,IA,Midwest,Midwest,same_state,zone_1,5,5.0,0.0,False,4.71,baseline
order_0002496,FL,NH,South,Northeast,cross_region,zone_3,9,8.0,0.0,False,7.86,baseline
order_0002497,FL,MI,South,Midwest,cross_region,zone_3,8,8.0,0.0,False,9.67,baseline
order_0002498,CA,OH,West,Midwest,cross_region,zone_3,9,13.0,4.0,True,15.92,baseline
order_0002499,WA,CT,West,Northeast,cross_region,zone_3,9,9.0,0.0,False,10.77,baseline
order_0002500,NJ,CA,Northeast,West,cross_region,zone_3,9,9.0,0.0,False,8.39,baseline
order_0002501,IN,NJ,Midwest,Northeast,cross_region,zone_3,9,8.0,0.0,False,17.44,baseline
order_0002502,DC,GA,South,South,same_region,zone_2,8,,,False,9.55,baseline
order_0002503,OH,TX,Midwest,South,cross_region,zone_3,10,10.0,0.0,False,33.21,baseline
order_0002504,HI,CA,West,West,same_region,zone_2,6,,,False,11.52,baseline
order_0002505,IL,UT,Midwest,West,cross_region,zone_3,9,9.0,0.0,False,15.37,baseline
order_0002506,NJ,AK,Northeast,West,remote,zone_4,12,12.0,0.0,False,13.34,baseline
order_0002507,IA,RI,Midwest,Northeast,cross_region,zone_3,9,9.0,0.0,False,9.48,baseline
order_0002508,GA,IL,South,Midwest,cross_region,zone_3,9,9.0,0.0,False,8.24,baseline
order_0002509,CA,NC,West,South,cross_region,zone_3,10,10.0,0.0,False,9.16,baseline
order_0002510,TX,NM,South,West,cross_region,zone_3,9,9.0,0.0,False,8.2,baseline
order_0002511,NY,VA,Northeast,South,cross_region,zone_3,9,11.0,2.0,True,7.82,baseline
order_0002512,FL,TX,South,South,same_region,zone_2,6,6.0,0.0,False,5.63,baseline
order_0002513,AZ,FL,West,South,cross_region,zone_3,9,9.0,0.0,False,21.1,baseline
order_0002514,NJ,FL,Northeast,South,cross_region,zone_3,9,9.0,0.0,False,22.45,baseline
order_0002515,HI,NC,West,South,remote,zone_4,11,10.0,0.0,False,14.44,baseline
order_0002516,TX,NV,South,West,cross_region,zone_3,9,9.0,0.0,False,27.47,baseline
order_0002517,NV,MT,West,West,same_region,zone_2,7,6.0,0.0,False,6.03,baseline
order_0002518,IL,MA,Midwest,Northeast,cross_region,zone_3,9,8.0,0.0,False,8.23,baseline
order_0002519,IL,LA,Midwest,South,cross_region,zone_3,10,12.0,2.0,True,8.25,baseline
order_0002520,CT,GA,Northeast,South,cross_region,zone_3,9,8.0,0.0,False,10.59,baseline
order_0002521,CO,MI,West,Midwest,cross_region,zone_3,9,9.0,0.0,False,20.04,baseline
order_0002522,DC,NE,South,Midwest,cross_region,zone_3,9,9.0,0.0,False,7.53,baseline
order_0002523,TN,MI,South,Midwest,cross_region,zone_3,10,,,False,33.61,baseline
order_0002524,NJ,TX,Northeast,South,cross_region,zone_3,9,9.0,0.0,False,19.52,baseline
order_0002525,FL,PA,South,Northeast,cross_region,zone_3,9,9.0,0.0,False,19.72,baseline
order_0002526,NE,UT,Midwest,West,cross_region,zone_3,9,10.0,1.0,True,8.4,baseline
order_0002527,NY,NV,Northeast,West,cross_region,zone_3,8,11.0,3.0,True,7.86,baseline
order_0002528,NE,AK,Midwest,West,remote,zone_4,12,15.0,3.0,True,29.98,baseline
order_0002529,AZ,NC,West,South,cross_region,zone_3,8,7.0,0.0,False,15.74,baseline
order_0002530,NJ,OR,Northeast,West,cross_region,zone_3,8,8.0,0.0,False,16.57,baseline
order_0002531,AL,UT,South,West,cross_region,zone_3,9,9.0,0.0,False,18.09,baseline
order_0002532,NJ,WI,Northeast,Midwest,cross_region,zone_3,9,8.0,0.0,False,8.61,baseline
order_0002533,LA,IN,South,Midwest,cross_region,zone_3,8,8.0,0.0,False,38.07,baseline
order_0002534,NJ,NV,Northeast,West,cross_region,zone_3,10,10.0,0.0,False,45.8,baseline
order_0002535,WA,KS,West,Midwest,cross_region,zone_3,9,9.0,0.0,False,16.79,baseline
order_0002536,DC,CA,South,West,cross_region,zone_3,9,,,False,7.85,baseline
order_0002537,OH,NC,Midwest,South,cross_region,zone_3,10,10.0,0.0,False,16.44,baseline
order_0002538,CA,IL,West,Midwest,cross_region,zone_3,10,10.0,0.0,False,22.89,baseline
order_0002539,NY,NY,Northeast,Northeast,same_state,zone_1,6,6.0,0.0,False,4.21,baseline
order_0002540,PA,NY,Northeast,Northeast,same_region,zone_2,7,7.0,0.0,False,5.62,baseline
order_0002541,WA,IN,West,Midwest,cross_region,zone_3,8,8.0,0.0,False,16.82,baseline
order_0002542,NM,MN,West,Midwest,cross_region,zone_3,9,9.0,0.0,False,7.57,baseline
order_0002543,NJ,TX,Northeast,South,cross_region,zone_3,9,9.0,0.0,False,7.64,baseline
order_0002544,NH,CT,Northeast,Northeast,same_region,zone_2,8,,,False,27.29,baseline
order_0002545,TX,WI,South,Midwest,cross_region,zone_3,9,9.0,0.0,False,22.85,baseline
order_0002546,NJ,TX,Northeast,South,cross_region,zone_3,9,8.0,0.0,False,8.59,baseline
order_0002547,GA,NV,South,West,cross_region,zone_3,9,8.0,0.0,False,8.21,baseline
order_0002548,PA,IL,Northeast,Midwest,cross_region,zone_3,10,10.0,0.0,False,9.32,baseline
order_0002549,LA,SD,South,Midwest,cross_region,zone_3,8,8.0,0.0,False,9.42,baseline
order_0002550,OH,GA,Midwest,South,cross_region,zone_3,9,9.0,0.0,False,8.62,baseline
order_0002551,IL,NM,Midwest,West,cross_region,zone_3,9,8.0,0.0,False,17.93,baseline
order_0002552,NY,NC,Northeast,South,cross_region,zone_3,9,9.0,0.0,False,17.02,baseline
order_0002553,GA,MO,South,Midwest,cross_region,zone_3,10,10.0,0.0,False,8.75,baseline
order_0002554,LA,PA,South,Northeast,cross_region,zone_3,9,9.0,0.0,False,24.5,baseline
order_0002555,MS,NE,South,Midwest,cross_region,zone_3,8,8.0,0.0,False,18.05,baseline
order_0002556,NJ,TX,Northeast,South,cross_region,zone_3,9,8.0,0.0,False,8.61,baseline
order_0002557,IA,MT,Midwest,West,cross_region,zone_3,9,10.0,1.0,True,25.37,baseline
order_0002558,MO,TX,Midwest,South,cross_region,zone_3,9,9.0,0.0,False,17.29,baseline
order_0002559,NC,NY,South,Northeast,cross_region,zone_3,9,8.0,0.0,False,8.14,baseline
order_0002560,CA,ID,West,West,same_region,zone_2,7,7.0,0.0,False,5.24,baseline
order_0002561,TX,GA,South,South,same_region,zone_2,7,7.0,0.0,False,20.21,baseline
order_0002562,WA,NE,West,Midwest,cross_region,zone_3,9,13.0,4.0,True,7.61,baseline
order_0002563,NY,IL,Northeast,Midwest,cross_region,zone_3,9,11.0,2.0,True,10.29,baseline
order_0002564,NY,NM,Northeast,West,cross_region,zone_3,9,9.0,0.0,False,7.45,baseline
order_0002565,FL,MO,South,Midwest,cross_region,zone_3,9,9.0,0.0,False,16.45,baseline
order_0002566,MA,TX,Northeast,South,cross_region,zone_3,9,9.0,0.0,False,7.98,baseline
order_0002567,MO,NY,Midwest,Northeast,cross_region,zone_3,9,8.0,0.0,False,8.49,baseline
order_0002568,NJ,PA,Northeast,Northeast,same_region,zone_2,7,7.0,0.0,False,4.94,baseline
order_0002569,NJ,PA,Northeast,Northeast,same_region,zone_2,8,8.0,0.0,False,6.32,baseline
order_0002570,AR,IA,South,Midwest,cross_region,zone_3,10,9.0,0.0,False,8.29,baseline
order_0002571,SC,TX,South,South,same_region,zone_2,6,6.0,0.0,False,5.58,baseline
order_0002572,NJ,CA,Northeast,West,cross_region,zone_3,9,9.0,0.0,False,11.31,baseline
order_0002573,FL,TX,South,South,same_region,zone_2,7,7.0,0.0,False,5.63,baseline
order_0002574,IN,OH,Midwest,Midwest,same_region,zone_2,7,7.0,0.0,False,19.93,baseline
order_0002575,TN,IL,South,Midwest,cross_region,zone_3,9,9.0,0.0,False,15.0,baseline
order_0002576,NJ,NC,Northeast,South,cross_region,zone_3,9,9.0,0.0,False,34.0,baseline
order_0002577,VA,IL,South,Midwest,cross_region,zone_3,9,,,False,41.35,baseline
order_0002578,TX,IL,South,Midwest,cross_region,zone_3,9,9.0,0.0,False,26.44,baseline
order_0002579,OH,NY,Midwest,Northeast,cross_region,zone_3,9,9.0,0.0,False,8.88,baseline
order_0002580,IA,MS,Midwest,South,cross_region,zone_3,9,8.0,0.0,False,16.85,baseline
order_0002581,FL,AL,South,South,same_region,zone_2,7,7.0,0.0,False,5.59,baseline
order_0002582,CA,MI,West,Midwest,cross_region,zone_3,8,8.0,0.0,False,8.04,baseline
order_0002583,PA,TX,Northeast,South,cross_region,zone_3,9,,,False,33.2,baseline
order_0002584,NY,CA,Northeast,West,cross_region,zone_3,10,13.0,3.0,True,17.3,baseline
order_0002585,NY,OR,Northeast,West,cross_region,zone_3,9,9.0,0.0,False,8.31,baseline
order_0002586,WA,PA,West,Northeast,cross_region,zone_3,9,9.0,0.0,False,7.86,baseline
order_0002587,GA,TX,South,South,same_region,zone_2,7,,,False,6.26,baseline
order_0002588,TN,FL,South,South,same_region,zone_2,7,9.0,2.0,True,10.92,baseline
order_0002589,WY,OH,West,Midwest,cross_region,zone_3,9,8.0,0.0,False,8.17,baseline
order_0002590,PA,SD,Northeast,Midwest,cross_region,zone_3,9,12.0,3.0,True,16.88,baseline
order_0002591,KS,LA,Midwest,South,cross_region,zone_3,10,,,False,51.42,baseline
order_0002592,CA,MN,West,Midwest,cross_region,zone_3,10,10.0,0.0,False,8.78,baseline
order_0002593,PA,NJ,Northeast,Northeast,same_region,zone_2,7,7.0,0.0,False,5.5,baseline
order_0002594,CA,IN,West,Midwest,cross_region,zone_3,10,11.0,1.0,True,8.81,baseline
order_0002595,OH,TX,Midwest,South,cross_region,zone_3,8,8.0,0.0,False,8.69,baseline
order_0002596,OH,MA,Midwest,Northeast,cross_region,zone_3,9,8.0,0.0,False,7.68,baseline
order_0002597,FL,OR,South,West,cross_region,zone_3,9,9.0,0.0,False,8.97,baseline
order_0002598,NJ,MS,Northeast,South,cross_region,zone_3,9,8.0,0.0,False,21.89,baseline
order_0002599,NJ,TX,Northeast,South,cross_region,zone_3,9,9.0,0.0,False,16.41,baseline
order_0002600,CA,CO,West,West,same_region,zone_2,6,5.0,0.0,False,5.08,baseline
order_0002601,MI,IL,Midwest,Midwest,same_region,zone_2,7,7.0,0.0,False,36.26,baseline
order_0002602,CA,TX,West,South,cross_region,zone_3,9,9.0,0.0,False,19.58,baseline
order_0002603,NM,PA,West,Northeast,cross_region,zone_3,9,9.0,0.0,False,7.64,baseline
order_0002604,NY,NY,Northeast,Northeast,same_state,zone_1,5,4.0,0.0,False,8.89,baseline
order_0002605,OR,PA,West,Northeast,cross_region,zone_3,10,10.0,0.0,False,9.23,baseline
order_0002606,NY,CA,Northeast,West,cross_region,zone_3,9,9.0,0.0,False,10.8,baseline
order_0002607,NY,IL,Northeast,Midwest,cross_region,zone_3,8,8.0,0.0,False,24.55,baseline
order_0002608,NJ,NY,Northeast,Northeast,same_region,zone_2,7,7.0,0.0,False,5.39,baseline
order_0002609,CA,FL,West,South,cross_region,zone_3,10,10.0,0.0,False,9.01,baseline
order_0002610,NJ,CA,Northeast,West,cross_region,zone_3,8,7.0,0.0,False,14.13,baseline
order_0002611,CT,MA,Northeast,Northeast,same_region,zone_2,7,7.0,0.0,False,6.67,baseline
order_0002612,HI,WY,West,West,same_region,zone_2,6,,,False,6.15,baseline
order_0002613,HI,NC,West,South,remote,zone_4,11,13.0,2.0,True,45.96,baseline
order_0002614,CA,OH,West,Midwest,cross_region,zone_3,9,13.0,4.0,True,9.24,baseline
order_0002615,CA,PA,West,Northeast,cross_region,zone_3,9,9.0,0.0,False,8.39,baseline
order_0002616,IL,IA,Midwest,Midwest,same_region,zone_2,7,7.0,0.0,False,11.6,baseline
order_0002617,SC,HI,South,West,remote,zone_4,12,12.0,0.0,False,13.22,baseline
order_0002618,NY,ID,Northeast,West,cross_region,zone_3,9,9.0,0.0,False,16.27,baseline
order_0002619,CT,TX,Northeast,South,cross_region,zone_3,9,14.0,5.0,True,7.9,baseline
order_0002620,FL,PA,South,Northeast,cross_region,zone_3,9,9.0,0.0,False,7.84,baseline
order_0002621,MS,TX,South,South,same_region,zone_2,7,,,False,11.69,baseline
order_0002622,MA,GA,Northeast,South,cross_region,zone_3,9,8.0,0.0,False,11.54,baseline
order_0002623,CA,WV,West,South,cross_region,zone_3,8,11.0,3.0,True,16.1,baseline
order_0002624,NJ,PA,Northeast,Northeast,same_region,zone_2,7,7.0,0.0,False,18.11,baseline
order_0002625,NY,FL,Northeast,South,cross_region,zone_3,9,9.0,0.0,False,16.34,baseline
order_0002626,WV,IL,South,Midwest,cross_region,zone_3,9,9.0,0.0,False,7.35,baseline
order_0002627,CO,NJ,West,Northeast,cross_region,zone_3,9,,,False,19.46,baseline
order_0002628,OH,AL,Midwest,South,cross_region,zone_3,9,8.0,0.0,False,7.58,baseline
order_0002629,NJ,AL,Northeast,South,cross_region,zone_3,9,9.0,0.0,False,17.61,baseline
order_0002630,MS,CA,South,West,cross_region,zone_3,8,7.0,0.0,False,9.09,baseline
order_0002631,TN,AK,South,West,remote,zone_4,12,12.0,0.0,False,14.34,baseline
order_0002632,FL,OH,South,Midwest,cross_region,zone_3,10,9.0,0.0,False,25.23,baseline
order_0002633,HI,FL,West,South,remote,zone_4,11,11.0,0.0,False,13.25,baseline
order_0002634,TX,CO,South,West,cross_region,zone_3,9,9.0,0.0,False,8.29,baseline
order_0002635,CA,IL,West,Midwest,cross_region,zone_3,9,8.0,0.0,False,8.77,baseline
order_0002636,IA,IL,Midwest,Midwest,same_region,zone_2,7,7.0,0.0,False,11.18,baseline
order_0002637,NY,SC,Northeast,South,cross_region,zone_3,8,8.0,0.0,False,24.75,baseline
order_0002638,IL,CA,Midwest,West,cross_region,zone_3,9,11.0,2.0,True,8.92,baseline
order_0002639,AZ,MI,West,Midwest,cross_region,zone_3,9,13.0,4.0,True,36.01,baseline
order_0002640,NJ,NY,Northeast,Northeast,same_region,zone_2,7,7.0,0.0,False,12.51,baseline
order_0002641,IL,PA,Midwest,Northeast,cross_region,zone_3,10,10.0,0.0,False,28.75,baseline
order_0002642,SC,NY,South,Northeast,cross_region,zone_3,9,9.0,0.0,False,10.29,baseline
order_0002643,WA,AL,West,South,cross_region,zone_3,9,10.0,1.0,True,29.21,baseline
order_0002644,TN,VA,South,South,same_region,zone_2,7,7.0,0.0,False,5.77,baseline
order_0002645,NY,PA,Northeast,Northeast,same_region,zone_2,7,6.0,0.0,False,4.85,baseline
order_0002646,NJ,DC,Northeast,South,cross_region,zone_3,9,8.0,0.0,False,8.83,baseline
order_0002647,CA,NY,West,Northeast,cross_region,zone_3,9,8.0,0.0,False,8.35,baseline
order_0002648,NJ,GA,Northeast,South,cross_region,zone_3,9,9.0,0.0,False,15.51,baseline
order_0002649,FL,GA,South,South,same_region,zone_2,6,6.0,0.0,False,12.04,baseline
order_0002650,WA,NJ,West,Northeast,cross_region,zone_3,10,,,False,13.24,baseline
order_0002651,HI,IL,West,Midwest,remote,zone_4,11,15.0,4.0,True,20.78,baseline
order_0002652,FL,WY,South,West,cross_region,zone_3,8,8.0,0.0,False,24.87,baseline
order_0002653,NJ,NH,Northeast,Northeast,same_region,zone_2,8,8.0,0.0,False,25.92,baseline
order_0002654,NY,PA,Northeast,Northeast,same_region,zone_2,8,8.0,0.0,False,17.87,baseline
order_0002655,WA,PA,West,Northeast,cross_region,zone_3,9,9.0,0.0,False,7.98,baseline
order_0002656,NY,WA,Northeast,West,cross_region,zone_3,9,9.0,0.0,False,16.41,baseline
order_0002657,HI,AL,West,South,remote,zone_4,12,11.0,0.0,False,28.0,baseline
order_0002658,TX,NY,South,Northeast,cross_region,zone_3,10,10.0,0.0,False,8.63,baseline
order_0002659,TN,NY,South,Northeast,cross_region,zone_3,9,8.0,0.0,False,49.94,baseline
order_0002660,IN,MN,Midwest,Midwest,same_region,zone_2,6,,,False,25.07,baseline
order_0002661,GA,NY,South,Northeast,cross_region,zone_3,10,10.0,0.0,False,13.85,baseline
order_0002662,KY,DC,South,South,same_region,zone_2,7,7.0,0.0,False,5.88,baseline
order_0002663,MO,CA,Midwest,West,cross_region,zone_3,9,9.0,0.0,False,10.53,baseline
order_0002664,CA,TX,West,South,cross_region,zone_3,8,,,False,16.66,baseline
order_0002665,DE,TX,South,South,same_region,zone_2,7,7.0,0.0,False,5.28,baseline
order_0002666,NY,FL,Northeast,South,cross_region,zone_3,8,7.0,0.0,False,11.2,baseline
order_0002667,HI,NY,West,Northeast,remote,zone_4,11,10.0,0.0,False,16.49,baseline
order_0002668,TN,WI,South,Midwest,cross_region,zone_3,10,,,False,15.92,baseline
order_0002669,NY,ME,Northeast,Northeast,same_region,zone_2,7,6.0,0.0,False,5.79,baseline
order_0002670,OR,OR,West,West,same_state,zone_1,5,5.0,0.0,False,5.09,baseline
order_0002671,GA,MA,South,Northeast,cross_region,zone_3,9,8.0,0.0,False,8.76,baseline
order_0002672,HI,CA,West,West,same_region,zone_2,7,10.0,3.0,True,12.09,baseline
order_0002673,TX,NY,South,Northeast,cross_region,zone_3,9,9.0,0.0,False,7.81,baseline
order_0002674,WY,MI,West,Midwest,cross_region,zone_3,9,9.0,0.0,False,8.94,baseline
order_0002675,NJ,NY,Northeast,Northeast,same_region,zone_2,7,6.0,0.0,False,13.4,baseline
order_0002676,NJ,NY,Northeast,Northeast,same_region,zone_2,8,8.0,0.0,False,5.66,baseline
order_0002677,CT,IL,Northeast,Midwest,cross_region,zone_3,10,10.0,0.0,False,8.24,baseline
order_0002678,NJ,PA,Northeast,Northeast,same_region,zone_2,8,8.0,0.0,False,27.54,baseline
order_0002679,DC,PA,South,Northeast,cross_region,zone_3,9,9.0,0.0,False,39.69,baseline
order_0002680,RI,NY,Northeast,Northeast,same_region,zone_2,7,7.0,0.0,False,19.14,baseline
order_0002681,FL,MI,South,Midwest,cross_region,zone_3,9,9.0,0.0,False,7.91,baseline
order_0002682,UT,VA,West,South,cross_region,zone_3,9,9.0,0.0,False,17.05,baseline
order_0002683,NY,CA,Northeast,West,cross_region,zone_3,8,8.0,0.0,False,8.63,baseline
order_0002684,TX,MT,South,West,cross_region,zone_3,10,10.0,0.0,False,44.99,baseline
order_0002685,IL,NY,Midwest,Northeast,cross_region,zone_3,10,10.0,0.0,False,18.27,baseline
order_0002686,NJ,MI,Northeast,Midwest,cross_region,zone_3,9,,,False,8.17,baseline
order_0002687,NJ,CT,Northeast,Northeast,same_region,zone_2,8,8.0,0.0,False,11.6,baseline
order_0002688,GA,MI,South,Midwest,cross_region,zone_3,9,9.0,0.0,False,15.38,baseline
order_0002689,NJ,TX,Northeast,South,cross_region,zone_3,10,9.0,0.0,False,8.13,baseline
order_0002690,CT,CA,Northeast,West,cross_region,zone_3,10,10.0,0.0,False,10.55,baseline
order_0002691,MT,WV,West,South,cross_region,zone_3,8,7.0,0.0,False,9.89,baseline
order_0002692,DE,TX,South,South,same_region,zone_2,7,,,False,5.78,baseline
order_0002693,PA,TX,Northeast,South,cross_region,zone_3,9,9.0,0.0,False,7.78,baseline
order_0002694,NJ,NV,Northeast,West,cross_region,zone_3,9,8.0,0.0,False,32.42,baseline
order_0002695,ME,MI,Northeast,Midwest,cross_region,zone_3,9,12.0,3.0,True,11.15,baseline
order_0002696,MI,MD,Midwest,South,cross_region,zone_3,9,9.0,0.0,False,8.97,baseline
order_0002697,WA,NC,West,South,cross_region,zone_3,8,7.0,0.0,False,8.21,baseline
order_0002698,TX,FL,South,South,same_region,zone_2,7,6.0,0.0,False,6.93,baseline
order_0002699,MT,NY,West,Northeast,cross_region,zone_3,9,9.0,0.0,False,31.17,baseline
order_0002700,KY,TN,South,South,same_region,zone_2,7,7.0,0.0,False,4.76,baseline
order_0002701,NJ,NC,Northeast,South,cross_region,zone_3,9,9.0,0.0,False,19.94,baseline
order_0002702,GA,TX,South,South,same_region,zone_2,7,6.0,0.0,False,5.59,baseline
order_0002703,NY,KS,Northeast,Midwest,cross_region,zone_3,8,8.0,0.0,False,7.51,baseline
order_0002704,CT,MD,Northeast,South,cross_region,zone_3,9,9.0,0.0,False,17.34,baseline
order_0002705,OH,NM,Midwest,West,cross_region,zone_3,10,10.0,0.0,False,10.76,baseline
order_0002706,TX,PA,South,Northeast,cross_region,zone_3,10,10.0,0.0,False,18.58,baseline
order_0002707,NY,TX,Northeast,South,cross_region,zone_3,9,9.0,0.0,False,7.24,baseline
order_0002708,HI,OH,West,Midwest,remote,zone_4,11,11.0,0.0,False,67.22,baseline
order_0002709,CA,NY,West,Northeast,cross_region,zone_3,9,10.0,1.0,True,17.36,baseline
order_0002710,AK,RI,West,Northeast,remote,zone_4,12,12.0,0.0,False,15.44,baseline
order_0002711,TN,IL,South,Midwest,cross_region,zone_3,9,9.0,0.0,False,7.59,baseline
order_0002712,CA,CT,West,Northeast,cross_region,zone_3,8,12.0,4.0,True,34.4,baseline
order_0002713,CA,TX,West,South,cross_region,zone_3,9,9.0,0.0,False,8.32,baseline
order_0002714,WV,VT,South,Northeast,cross_region,zone_3,9,9.0,0.0,False,44.09,baseline
order_0002715,IA,OH,Midwest,Midwest,same_region,zone_2,8,8.0,0.0,False,12.89,baseline
order_0002716,NY,ME,Northeast,Northeast,same_region,zone_2,7,7.0,0.0,False,24.22,baseline
order_0002717,FL,MI,South,Midwest,cross_region,zone_3,9,9.0,0.0,False,7.82,baseline
order_0002718,TX,CA,South,West,cross_region,zone_3,9,10.0,1.0,True,17.67,baseline
order_0002719,CA,TX,West,South,cross_region,zone_3,9,8.0,0.0,False,10.29,baseline
order_0002720,TX,VT,South,Northeast,cross_region,zone_3,10,10.0,0.0,False,11.72,baseline
order_0002721,TX,RI,South,Northeast,cross_region,zone_3,9,9.0,0.0,False,36.98,baseline
order_0002722,NY,NY,Northeast,Northeast,same_state,zone_1,4,4.0,0.0,False,4.7,baseline
order_0002723,TX,ID,South,West,cross_region,zone_3,9,9.0,0.0,False,26.6,baseline
order_0002724,IL,TX,Midwest,South,cross_region,zone_3,9,9.0,0.0,False,18.75,baseline
order_0002725,TX,TX,South,South,same_state,zone_1,5,6.0,1.0,True,8.96,baseline
order_0002726,NJ,CA,Northeast,West,cross_region,zone_3,9,9.0,0.0,False,9.54,baseline
order_0002727,FL,GA,South,South,same_region,zone_2,7,7.0,0.0,False,20.22,baseline
order_0002728,OR,RI,West,Northeast,cross_region,zone_3,9,,,False,7.95,baseline
order_0002729,AR,TX,South,South,same_region,zone_2,7,7.0,0.0,False,18.05,baseline
order_0002730,IL,IL,Midwest,Midwest,same_state,zone_1,5,4.0,0.0,False,15.43,baseline
order_0002731,IL,KY,Midwest,South,cross_region,zone_3,10,10.0,0.0,False,10.31,baseline
order_0002732,IL,NM,Midwest,West,cross_region,zone_3,9,10.0,1.0,True,7.41,baseline
order_0002733,WY,NY,West,Northeast,cross_region,zone_3,9,,,False,18.64,baseline
order_0002734,NJ,TX,Northeast,South,cross_region,zone_3,9,11.0,2.0,True,15.94,baseline
order_0002735,MA,CO,Northeast,West,cross_region,zone_3,10,10.0,0.0,False,8.73,baseline
order_0002736,NJ,TX,Northeast,South,cross_region,zone_3,9,,,False,16.5,baseline
order_0002737,NV,FL,West,South,cross_region,zone_3,9,9.0,0.0,False,10.76,baseline
order_0002738,FL,FL,South,South,same_state,zone_1,5,5.0,0.0,False,6.21,baseline
order_0002739,TX,OH,South,Midwest,cross_region,zone_3,9,9.0,0.0,False,8.09,baseline
order_0002740,OR,NY,West,Northeast,cross_region,zone_3,9,9.0,0.0,False,16.92,baseline
order_0002741,IL,FL,Midwest,South,cross_region,zone_3,9,9.0,0.0,False,8.98,baseline
order_0002742,IL,TX,Midwest,South,cross_region,zone_3,9,8.0,0.0,False,9.08,baseline
order_0002743,MA,NC,Northeast,South,cross_region,zone_3,9,10.0,1.0,True,7.72,baseline
order_0002744,NY,AK,Northeast,West,remote,zone_4,12,11.0,0.0,False,15.62,baseline
order_0002745,IN,FL,Midwest,South,cross_region,zone_3,8,8.0,0.0,False,8.85,baseline
order_0002746,NM,SD,West,Midwest,cross_region,zone_3,9,9.0,0.0,False,7.46,baseline
order_0002747,TX,NY,South,Northeast,cross_region,zone_3,9,9.0,0.0,False,7.83,baseline
order_0002748,HI,PA,West,Northeast,remote,zone_4,11,13.0,2.0,True,27.43,baseline
order_0002749,NY,TX,Northeast,South,cross_region,zone_3,8,7.0,0.0,False,8.23,baseline
order_0002750,CA,CA,West,West,same_state,zone_1,5,5.0,0.0,False,5.08,baseline
order_0002751,AK,ME,West,Northeast,remote,zone_4,12,12.0,0.0,False,11.73,baseline
order_0002752,TX,ND,South,Midwest,cross_region,zone_3,10,12.0,2.0,True,17.15,baseline
order_0002753,ME,NM,Northeast,West,cross_region,zone_3,9,9.0,0.0,False,17.61,baseline
order_0002754,IL,OH,Midwest,Midwest,same_region,zone_2,7,7.0,0.0,False,32.27,baseline
order_0002755,AR,SC,South,South,same_region,zone_2,7,,,False,16.96,baseline
order_0002756,IL,WA,Midwest,West,cross_region,zone_3,9,8.0,0.0,False,10.52,baseline
order_0002757,PA,MI,Northeast,Midwest,cross_region,zone_3,10,10.0,0.0,False,10.27,baseline
order_0002758,OH,CA,Midwest,West,cross_region,zone_3,9,9.0,0.0,False,16.77,baseline
order_0002759,AZ,MI,West,Midwest,cross_region,zone_3,9,,,False,24.72,baseline
order_0002760,HI,CO,West,West,same_region,zone_2,6,,,False,5.49,baseline
order_0002761,CA,CA,West,West,same_state,zone_1,5,4.0,0.0,False,4.58,baseline
order_0002762,PA,MO,Northeast,Midwest,cross_region,zone_3,10,,,False,18.07,baseline
order_0002763,CA,NY,West,Northeast,cross_region,zone_3,10,,,False,10.53,baseline
order_0002764,GA,SD,South,Midwest,cross_region,zone_3,9,11.0,2.0,True,23.32,baseline
order_0002765,TX,NY,South,Northeast,cross_region,zone_3,9,9.0,0.0,False,7.21,baseline
order_0002766,IL,IL,Midwest,Midwest,same_state,zone_1,5,5.0,0.0,False,4.29,baseline
order_0002767,NY,WV,Northeast,South,cross_region,zone_3,9,,,False,16.28,baseline
order_0002768,TX,CA,South,West,cross_region,zone_3,9,9.0,0.0,False,29.37,baseline
order_0002769,OR,NY,West,Northeast,cross_region,zone_3,8,8.0,0.0,False,8.48,baseline
order_0002770,IL,WV,Midwest,South,cross_region,zone_3,9,9.0,0.0,False,38.9,baseline
order_0002771,OH,CA,Midwest,West,cross_region,zone_3,9,10.0,1.0,True,9.65,baseline
order_0002772,HI,CT,West,Northeast,remote,zone_4,13,13.0,0.0,False,27.59,baseline
order_0002773,IL,TX,Midwest,South,cross_region,zone_3,9,9.0,0.0,False,24.42,baseline
order_0002774,CA,WY,West,West,same_region,zone_2,7,7.0,0.0,False,35.61,baseline
order_0002775,CO,TN,West,South,cross_region,zone_3,9,11.0,2.0,True,12.67,baseline
order_0002776,WA,TX,West,South,cross_region,zone_3,8,12.0,4.0,True,20.65,baseline
order_0002777,IL,OK,Midwest,South,cross_region,zone_3,8,7.0,0.0,False,7.46,baseline
order_0002778,PA,NY,Northeast,Northeast,same_region,zone_2,7,7.0,0.0,False,18.38,baseline
order_0002779,WA,NC,West,South,cross_region,zone_3,9,9.0,0.0,False,8.04,baseline
order_0002780,CT,CA,Northeast,West,cross_region,zone_3,9,13.0,4.0,True,26.11,baseline
order_0002781,PA,CA,Northeast,West,cross_region,zone_3,9,9.0,0.0,False,8.59,baseline
order_0002782,PA,FL,Northeast,South,cross_region,zone_3,8,7.0,0.0,False,41.56,baseline
order_0002783,NJ,GA,Northeast,South,cross_region,zone_3,8,8.0,0.0,False,19.23,baseline
order_0002784,WA,TX,West,South,cross_region,zone_3,8,8.0,0.0,False,16.95,baseline
order_0002785,CA,IL,West,Midwest,cross_region,zone_3,9,9.0,0.0,False,25.01,baseline
order_0002786,OR,CA,West,West,same_region,zone_2,8,,,False,5.8,baseline
order_0002787,UT,NC,West,South,cross_region,zone_3,9,9.0,0.0,False,12.4,baseline
order_0002788,CA,AZ,West,West,same_region,zone_2,7,7.0,0.0,False,6.09,baseline
order_0002789,NH,FL,Northeast,South,cross_region,zone_3,8,8.0,0.0,False,15.28,baseline
order_0002790,FL,CA,South,West,cross_region,zone_3,9,8.0,0.0,False,16.51,baseline
order_0002791,ME,NY,Northeast,Northeast,same_region,zone_2,7,7.0,0.0,False,5.25,baseline
order_0002792,TX,MN,South,Midwest,cross_region,zone_3,9,9.0,0.0,False,9.58,baseline
order_0002793,CA,FL,West,South,cross_region,zone_3,10,10.0,0.0,False,8.94,baseline
order_0002794,FL,GA,South,South,same_region,zone_2,7,6.0,0.0,False,5.06,baseline
order_0002795,HI,NY,West,Northeast,remote,zone_4,13,,,False,38.59,baseline
order_0002796,TX,MI,South,Midwest,cross_region,zone_3,9,9.0,0.0,False,8.37,baseline
order_0002797,NY,NC,Northeast,South,cross_region,zone_3,9,8.0,0.0,False,7.43,baseline
order_0002798,ID,MI,West,Midwest,cross_region,zone_3,9,9.0,0.0,False,7.83,baseline
order_0002799,IL,MI,Midwest,Midwest,same_region,zone_2,7,6.0,0.0,False,15.37,baseline
order_0002800,NJ,WY,Northeast,West,cross_region,zone_3,9,9.0,0.0,False,17.32,baseline
order_0002801,NY,IL,Northeast,Midwest,cross_region,zone_3,10,12.0,2.0,True,19.62,baseline
order_0002802,CA,AL,West,South,cross_region,zone_3,9,9.0,0.0,False,7.55,baseline
order_0002803,PA,NY,Northeast,Northeast,same_region,zone_2,7,11.0,4.0,True,14.25,baseline
order_0002804,TN,GA,South,South,same_region,zone_2,7,7.0,0.0,False,22.73,baseline
order_0002805,CA,PA,West,Northeast,cross_region,zone_3,9,9.0,0.0,False,9.51,baseline
order_0002806,IL,NY,Midwest,Northeast,cross_region,zone_3,9,9.0,0.0,False,11.05,baseline
order_0002807,FL,NY,South,Northeast,cross_region,zone_3,9,9.0,0.0,False,32.9,baseline
order_0002808,TX,NY,South,Northeast,cross_region,zone_3,9,8.0,0.0,False,16.76,baseline
order_0002809,FL,PA,South,Northeast,cross_region,zone_3,8,8.0,0.0,False,8.69,baseline
order_0002810,NV,TX,West,South,cross_region,zone_3,8,8.0,0.0,False,8.15,baseline
order_0002811,TX,CA,South,West,cross_region,zone_3,10,10.0,0.0,False,9.01,baseline
order_0002812,MN,FL,Midwest,South,cross_region,zone_3,8,8.0,0.0,False,9.53,baseline
order_0002813,NY,NY,Northeast,Northeast,same_state,zone_1,5,10.0,5.0,True,3.86,baseline
order_0002814,NJ,TX,Northeast,South,cross_region,zone_3,9,9.0,0.0,False,9.95,baseline
order_0002815,NJ,IL,Northeast,Midwest,cross_region,zone_3,9,8.0,0.0,False,16.93,baseline
order_0002816,IL,TN,Midwest,South,cross_region,zone_3,9,9.0,0.0,False,17.6,baseline
order_0002817,FL,WI,South,Midwest,cross_region,zone_3,9,,,False,8.47,baseline
order_0002818,TX,AL,South,South,same_region,zone_2,7,6.0,0.0,False,20.06,baseline
order_0002819,CO,NE,West,Midwest,cross_region,zone_3,9,9.0,0.0,False,9.68,baseline
order_0002820,TX,IL,South,Midwest,cross_region,zone_3,10,10.0,0.0,False,16.37,baseline
order_0002821,IA,NY,Midwest,Northeast,cross_region,zone_3,10,10.0,0.0,False,16.98,baseline
order_0002822,LA,NE,South,Midwest,cross_region,zone_3,9,9.0,0.0,False,16.08,baseline
order_0002823,FL,FL,South,South,same_state,zone_1,5,8.0,3.0,True,3.77,baseline
order_0002824,OR,CA,West,West,same_region,zone_2,7,7.0,0.0,False,5.47,baseline
order_0002825,CA,VA,West,South,cross_region,zone_3,9,9.0,0.0,False,9.23,baseline
order_0002826,NV,OH,West,Midwest,cross_region,zone_3,9,12.0,3.0,True,13.0,baseline
order_0002827,FL,OR,South,West,cross_region,zone_3,9,9.0,0.0,False,8.34,baseline
order_0002828,KY,MS,South,South,same_region,zone_2,8,,,False,9.36,baseline
order_0002829,PA,KY,Northeast,South,cross_region,zone_3,9,8.0,0.0,False,8.07,baseline
order_0002830,NY,WA,Northeast,West,cross_region,zone_3,8,8.0,0.0,False,8.77,baseline
order_0002831,FL,CA,South,West,cross_region,zone_3,8,8.0,0.0,False,19.05,baseline
order_0002832,TX,CA,South,West,cross_region,zone_3,9,9.0,0.0,False,12.0,baseline
order_0002833,CA,MS,West,South,cross_region,zone_3,10,10.0,0.0,False,30.48,baseline
order_0002834,GA,FL,South,South,same_region,zone_2,8,8.0,0.0,False,5.85,baseline
order_0002835,LA,MI,South,Midwest,cross_region,zone_3,9,13.0,4.0,True,8.35,baseline
order_0002836,TX,ND,South,Midwest,cross_region,zone_3,9,,,False,8.79,baseline
order_0002837,MS,DC,South,South,same_region,zone_2,6,6.0,0.0,False,6.63,baseline
order_0002838,NJ,CA,Northeast,West,cross_region,zone_3,10,10.0,0.0,False,8.54,baseline
order_0002839,CA,NY,West,Northeast,cross_region,zone_3,9,,,False,28.41,baseline
order_0002840,NJ,MN,Northeast,Midwest,cross_region,zone_3,9,9.0,0.0,False,8.22,baseline
order_0002841,MA,MD,Northeast,South,cross_region,zone_3,9,11.0,2.0,True,7.76,baseline
order_0002842,FL,DC,South,South,same_region,zone_2,7,7.0,0.0,False,5.17,baseline
order_0002843,CA,OH,West,Midwest,cross_region,zone_3,8,8.0,0.0,False,8.12,baseline
order_0002844,CA,IA,West,Midwest,cross_region,zone_3,8,7.0,0.0,False,20.15,baseline
order_0002845,OR,MO,West,Midwest,cross_region,zone_3,9,9.0,0.0,False,8.83,baseline
order_0002846,NV,PA,West,Northeast,cross_region,zone_3,9,9.0,0.0,False,34.49,baseline
order_0002847,NJ,IL,Northeast,Midwest,cross_region,zone_3,10,14.0,4.0,True,17.79,baseline
order_0002848,FL,WV,South,South,same_region,zone_2,7,6.0,0.0,False,4.88,baseline
order_0002849,TN,OK,South,South,same_region,zone_2,7,7.0,0.0,False,5.55,baseline
order_0002850,MO,DE,Midwest,South,cross_region,zone_3,9,9.0,0.0,False,8.21,baseline
order_0002851,CA,VA,West,South,cross_region,zone_3,9,9.0,0.0,False,10.95,baseline
order_0002852,OK,FL,South,South,same_region,zone_2,7,7.0,0.0,False,8.2,baseline
order_0002853,DC,TX,South,South,same_region,zone_2,7,7.0,0.0,False,10.04,baseline
order_0002854,WA,NY,West,Northeast,cross_region,zone_3,9,9.0,0.0,False,7.52,baseline
order_0002855,CA,FL,West,South,cross_region,zone_3,9,9.0,0.0,False,7.82,baseline
order_0002856,FL,CA,South,West,cross_region,zone_3,10,10.0,0.0,False,8.51,baseline
order_0002857,FL,TX,South,South,same_region,zone_2,6,6.0,0.0,False,6.26,baseline
order_0002858,WA,VA,West,South,cross_region,zone_3,9,9.0,0.0,False,17.94,baseline
order_0002859,PA,FL,Northeast,South,cross_region,zone_3,9,14.0,5.0,True,11.25,baseline
order_0002860,CA,MI,West,Midwest,cross_region,zone_3,9,9.0,0.0,False,16.88,baseline
order_0002861,KS,TX,Midwest,South,cross_region,zone_3,10,9.0,0.0,False,11.97,baseline
order_0002862,PA,IL,Northeast,Midwest,cross_region,zone_3,9,8.0,0.0,False,7.58,baseline
order_0002863,RI,CA,Northeast,West,cross_region,zone_3,9,13.0,4.0,True,17.22,baseline
order_0002864,TX,NY,South,Northeast,cross_region,zone_3,9,9.0,0.0,False,38.82,baseline
order_0002865,FL,AZ,South,West,cross_region,zone_3,10,10.0,0.0,False,8.84,baseline
order_0002866,ME,WV,Northeast,South,cross_region,zone_3,9,10.0,1.0,True,49.92,baseline
order_0002867,KY,OK,South,South,same_region,zone_2,7,7.0,0.0,False,5.13,baseline
order_0002868,CA,WY,West,West,same_region,zone_2,8,,,False,6.56,baseline
order_0002869,CA,VT,West,Northeast,cross_region,zone_3,9,9.0,0.0,False,17.91,baseline
order_0002870,FL,PA,South,Northeast,cross_region,zone_3,9,8.0,0.0,False,8.36,baseline
order_0002871,CA,OH,West,Midwest,cross_region,zone_3,10,10.0,0.0,False,27.83,baseline
order_0002872,HI,PA,West,Northeast,remote,zone_4,12,12.0,0.0,False,12.39,baseline
order_0002873,NJ,NE,Northeast,Midwest,cross_region,zone_3,9,9.0,0.0,False,8.21,baseline
order_0002874,CA,FL,West,South,cross_region,zone_3,9,9.0,0.0,False,38.42,baseline
order_0002875,NY,GA,Northeast,South,cross_region,zone_3,9,12.0,3.0,True,16.34,baseline
order_0002876,HI,TX,West,South,remote,zone_4,11,11.0,0.0,False,13.03,baseline
order_0002877,NY,TX,Northeast,South,cross_region,zone_3,9,14.0,5.0,True,8.19,baseline
order_0002878,PA,KS,Northeast,Midwest,cross_region,zone_3,10,13.0,3.0,True,28.08,baseline
order_0002879,KY,MT,South,West,cross_region,zone_3,9,8.0,0.0,False,8.76,baseline
order_0002880,HI,TX,West,South,remote,zone_4,12,12.0,0.0,False,14.3,baseline
order_0002881,OR,NH,West,Northeast,cross_region,zone_3,9,,,False,7.6,baseline
order_0002882,FL,FL,South,South,same_state,zone_1,5,5.0,0.0,False,16.22,baseline
order_0002883,IL,WI,Midwest,Midwest,same_region,zone_2,7,7.0,0.0,False,6.03,baseline
order_0002884,NJ,MI,Northeast,Midwest,cross_region,zone_3,9,9.0,0.0,False,33.15,baseline
order_0002885,NY,CA,Northeast,West,cross_region,zone_3,9,11.0,2.0,True,25.59,baseline
order_0002886,AR,IL,South,Midwest,cross_region,zone_3,9,8.0,0.0,False,7.78,baseline
order_0002887,HI,IL,West,Midwest,remote,zone_4,11,11.0,0.0,False,13.35,baseline
order_0002888,NJ,NY,Northeast,Northeast,same_region,zone_2,7,6.0,0.0,False,6.17,baseline
order_0002889,OR,TX,West,South,cross_region,zone_3,9,9.0,0.0,False,8.13,baseline
order_0002890,IL,NC,Midwest,South,cross_region,zone_3,8,8.0,0.0,False,26.01,baseline
order_0002891,MA,GA,Northeast,South,cross_region,zone_3,10,10.0,0.0,False,8.61,baseline
order_0002892,OK,MA,South,Northeast,cross_region,zone_3,9,9.0,0.0,False,25.45,baseline
order_0002893,MA,KS,Northeast,Midwest,cross_region,zone_3,9,,,False,17.73,baseline
order_0002894,NJ,VA,Northeast,South,cross_region,zone_3,9,9.0,0.0,False,23.63,baseline
order_0002895,CA,NY,West,Northeast,cross_region,zone_3,9,9.0,0.0,False,15.9,baseline
order_0002896,GA,TX,South,South,same_region,zone_2,7,10.0,3.0,True,30.12,baseline
order_0002897,LA,FL,South,South,same_region,zone_2,7,7.0,0.0,False,6.12,baseline
order_0002898,WA,FL,West,South,cross_region,zone_3,9,9.0,0.0,False,8.09,baseline
order_0002899,LA,NC,South,South,same_region,zone_2,6,5.0,0.0,False,21.69,baseline
order_0002900,PA,DE,Northeast,South,cross_region,zone_3,9,14.0,5.0,True,8.15,baseline
order_0002901,NJ,UT,Northeast,West,cross_region,zone_3,9,9.0,0.0,False,8.64,baseline
order_0002902,OH,PA,Midwest,Northeast,cross_region,zone_3,10,12.0,2.0,True,25.98,baseline
order_0002903,NY,SD,Northeast,Midwest,cross_region,zone_3,9,9.0,0.0,False,7.78,baseline
order_0002904,KY,AZ,South,West,cross_region,zone_3,9,8.0,0.0,False,18.86,baseline
order_0002905,KS,NC,Midwest,South,cross_region,zone_3,9,,,False,8.55,baseline
order_0002906,TN,FL,South,South,same_region,zone_2,6,5.0,0.0,False,18.29,baseline
order_0002907,LA,DC,South,South,same_region,zone_2,7,12.0,5.0,True,5.38,baseline
order_0002908,NY,CA,Northeast,West,cross_region,zone_3,8,8.0,0.0,False,7.41,baseline
order_0002909,GA,NV,South,West,cross_region,zone_3,10,9.0,0.0,False,9.51,baseline
order_0002910,WV,SC,South,South,same_region,zone_2,7,6.0,0.0,False,4.89,baseline
order_0002911,KS,CA,Midwest,West,cross_region,zone_3,9,9.0,0.0,False,8.22,baseline
order_0002912,WA,AL,West,South,cross_region,zone_3,9,9.0,0.0,False,20.13,baseline
order_0002913,AR,OH,South,Midwest,cross_region,zone_3,10,9.0,0.0,False,19.82,baseline
order_0002914,WA,FL,West,South,cross_region,zone_3,9,8.0,0.0,False,8.82,baseline
order_0002915,PA,ME,Northeast,Northeast,same_region,zone_2,7,7.0,0.0,False,16.51,baseline
order_0002916,NY,FL,Northeast,South,cross_region,zone_3,8,8.0,0.0,False,24.55,baseline
order_0002917,WA,TX,West,South,cross_region,zone_3,10,13.0,3.0,True,25.19,baseline
order_0002918,CA,MI,West,Midwest,cross_region,zone_3,9,8.0,0.0,False,10.14,baseline
order_0002919,NJ,PA,Northeast,Northeast,same_region,zone_2,7,7.0,0.0,False,9.47,baseline
order_0002920,GA,NH,South,Northeast,cross_region,zone_3,9,11.0,2.0,True,35.75,baseline
order_0002921,NJ,WY,Northeast,West,cross_region,zone_3,9,9.0,0.0,False,7.71,baseline
order_0002922,CA,OH,West,Midwest,cross_region,zone_3,9,13.0,4.0,True,24.49,baseline
order_0002923,IL,NY,Midwest,Northeast,cross_region,zone_3,9,8.0,0.0,False,8.01,baseline
order_0002924,HI,NE,West,Midwest,remote,zone_4,12,12.0,0.0,False,14.88,baseline
order_0002925,TX,FL,South,South,same_region,zone_2,8,,,False,25.07,baseline
order_0002926,NY,NY,Northeast,Northeast,same_state,zone_1,5,5.0,0.0,False,8.08,baseline
order_0002927,GA,WY,South,West,cross_region,zone_3,9,9.0,0.0,False,11.38,baseline
order_0002928,CA,MI,West,Midwest,cross_region,zone_3,9,9.0,0.0,False,42.4,baseline
order_0002929,OH,NJ,Midwest,Northeast,cross_region,zone_3,9,8.0,0.0,False,9.22,baseline
order_0002930,CA,SD,West,Midwest,cross_region,zone_3,9,,,False,31.07,baseline
order_0002931,FL,CA,South,West,cross_region,zone_3,9,9.0,0.0,False,8.71,baseline
order_0002932,HI,NY,West,Northeast,remote,zone_4,11,11.0,0.0,False,13.8,baseline
order_0002933,MT,WI,West,Midwest,cross_region,zone_3,8,,,False,8.01,baseline
order_0002934,ID,ND,West,Midwest,cross_region,zone_3,9,8.0,0.0,False,23.66,baseline
order_0002935,UT,IN,West,Midwest,cross_region,zone_3,8,7.0,0.0,False,44.94,baseline
order_0002936,CA,FL,West,South,cross_region,zone_3,9,8.0,0.0,False,20.2,baseline
order_0002937,FL,GA,South,South,same_region,zone_2,7,7.0,0.0,False,5.34,baseline
order_0002938,NM,SC,West,South,cross_region,zone_3,9,9.0,0.0,False,8.52,baseline
order_0002939,FL,OH,South,Midwest,cross_region,zone_3,10,10.0,0.0,False,9.16,baseline
order_0002940,OH,DC,Midwest,South,cross_region,zone_3,9,9.0,0.0,False,8.45,baseline
order_0002941,OR,NY,West,Northeast,cross_region,zone_3,9,9.0,0.0,False,31.35,baseline
order_0002942,NY,GA,Northeast,South,cross_region,zone_3,9,8.0,0.0,False,14.84,baseline
order_0002943,GA,TX,South,South,same_region,zone_2,7,7.0,0.0,False,18.67,baseline
order_0002944,NJ,TX,Northeast,South,cross_region,zone_3,9,9.0,0.0,False,10.13,baseline
order_0002945,LA,OH,South,Midwest,cross_region,zone_3,9,9.0,0.0,False,40.5,baseline
order_0002946,MS,NY,South,Northeast,cross_region,zone_3,8,,,False,10.35,baseline
order_0002947,CA,NY,West,Northeast,cross_region,zone_3,9,9.0,0.0,False,35.38,baseline
order_0002948,NY,TX,Northeast,South,cross_region,zone_3,9,8.0,0.0,False,9.22,baseline
order_0002949,IL,MA,Midwest,Northeast,cross_region,zone_3,9,,,False,7.9,baseline
order_0002950,WA,TX,West,South,cross_region,zone_3,8,12.0,4.0,True,24.33,baseline
order_0002951,NH,WA,Northeast,West,cross_region,zone_3,9,8.0,0.0,False,7.5,baseline
order_0002952,KY,FL,South,South,same_region,zone_2,7,11.0,4.0,True,20.78,baseline
order_0002953,TN,KS,South,Midwest,cross_region,zone_3,9,8.0,0.0,False,16.71,baseline
order_0002954,VA,UT,South,West,cross_region,zone_3,10,10.0,0.0,False,9.02,baseline
order_0002955,NM,NM,West,West,same_state,zone_1,5,4.0,0.0,False,8.23,baseline
order_0002956,MO,IL,Midwest,Midwest,same_region,zone_2,7,7.0,0.0,False,16.11,baseline
order_0002957,NJ,FL,Northeast,South,cross_region,zone_3,9,13.0,4.0,True,7.31,baseline
order_0002958,IL,FL,Midwest,South,cross_region,zone_3,9,9.0,0.0,False,8.46,baseline
order_0002959,WA,CA,West,West,same_region,zone_2,7,7.0,0.0,False,16.16,baseline
order_0002960,NY,AZ,Northeast,West,cross_region,zone_3,10,10.0,0.0,False,9.51,baseline
order_0002961,AL,TX,South,South,same_region,zone_2,7,7.0,0.0,False,7.95,baseline
order_0002962,HI,NC,West,South,remote,zone_4,12,13.0,1.0,True,12.41,baseline
order_0002963,MS,CA,South,West,cross_region,zone_3,8,8.0,0.0,False,17.41,baseline
order_0002964,CT,CA,Northeast,West,cross_region,zone_3,9,,,False,22.93,baseline
order_0002965,PA,MI,Northeast,Midwest,cross_region,zone_3,9,9.0,0.0,False,8.7,baseline
order_0002966,TN,DE,South,South,same_region,zone_2,7,6.0,0.0,False,5.06,baseline
order_0002967,NY,CA,Northeast,West,cross_region,zone_3,8,8.0,0.0,False,26.41,baseline
order_0002968,FL,MO,South,Midwest,cross_region,zone_3,9,9.0,0.0,False,7.4,baseline
order_0002969,NY,AL,Northeast,South,cross_region,zone_3,9,9.0,0.0,False,22.84,baseline
order_0002970,NJ,TX,Northeast,South,cross_region,zone_3,9,9.0,0.0,False,7.23,baseline
order_0002971,CT,NV,Northeast,West,cross_region,zone_3,9,9.0,0.0,False,8.11,baseline
order_0002972,NY,MS,Northeast,South,cross_region,zone_3,10,10.0,0.0,False,20.4,baseline
order_0002973,CA,FL,West,South,cross_region,zone_3,9,8.0,0.0,False,35.26,baseline
order_0002974,NH,PA,Northeast,Northeast,same_region,zone_2,7,7.0,0.0,False,4.88,baseline
order_0002975,NJ,FL,Northeast,South,cross_region,zone_3,10,12.0,2.0,True,7.91,baseline
order_0002976,IL,TX,Midwest,South,cross_region,zone_3,9,11.0,2.0,True,28.22,baseline
order_0002977,HI,FL,West,South,remote,zone_4,12,13.0,1.0,True,27.84,baseline
order_0002978,CA,IN,West,Midwest,cross_region,zone_3,9,9.0,0.0,False,35.53,baseline
order_0002979,NM,IL,West,Midwest,cross_region,zone_3,9,9.0,0.0,False,9.25,baseline
order_0002980,HI,AK,West,West,same_region,zone_2,6,,,False,9.25,baseline
order_0002981,WA,NY,West,Northeast,cross_region,zone_3,8,8.0,0.0,False,7.5,baseline
order_0002982,CA,KS,West,Midwest,cross_region,zone_3,10,9.0,0.0,False,10.1,baseline
order_0002983,SD,DE,Midwest,South,cross_region,zone_3,9,,,False,17.4,baseline
order_0002984,CA,ID,West,West,same_region,zone_2,8,8.0,0.0,False,5.64,baseline
order_0002985,GA,WV,South,South,same_region,zone_2,7,7.0,0.0,False,11.15,baseline
order_0002986,NH,ME,Northeast,Northeast,same_region,zone_2,7,6.0,0.0,False,11.52,baseline
order_0002987,CA,CA,West,West,same_state,zone_1,5,5.0,0.0,False,6.04,baseline
order_0002988,NY,PA,Northeast,Northeast,same_region,zone_2,7,7.0,0.0,False,5.63,baseline
order_0002989,HI,NM,West,West,same_region,zone_2,6,6.0,0.0,False,11.75,baseline
order_0002990,CA,FL,West,South,cross_region,zone_3,9,9.0,0.0,False,8.1,baseline
order_0002991,TX,FL,South,South,same_region,zone_2,7,6.0,0.0,False,5.32,baseline
order_0002992,LA,PA,South,Northeast,cross_region,zone_3,9,,,False,20.65,baseline
order_0002993,WA,CA,West,West,same_region,zone_2,8,7.0,0.0,False,12.95,baseline
order_0002994,NJ,MS,Northeast,South,cross_region,zone_3,9,10.0,1.0,True,7.37,baseline
order_0002995,NJ,NV,Northeast,West,cross_region,zone_3,9,9.0,0.0,False,14.93,baseline
order_0002996,FL,OR,South,West,cross_region,zone_3,9,9.0,0.0,False,31.97,baseline
order_0002997,HI,MI,West,Midwest,remote,zone_4,11,11.0,0.0,False,39.21,baseline
order_0002998,TX,NY,South,Northeast,cross_region,zone_3,10,11.0,1.0,True,19.04,baseline
order_0002999,CA,HI,West,West,same_region,zone_2,8,8.0,0.0,False,5.6,baseline
order_0003000,CT,FL,Northeast,South,cross_region,zone_3,9,9.0,0.0,False,28.49,baseline
order_0003001,OR,CA,West,West,same_region,zone_2,7,12.0,5.0,True,6.58,baseline
order_0003002,MD,FL,South,South,same_region,zone_2,7,7.0,0.0,False,12.83,baseline
order_0003003,NY,OK,Northeast,South,cross_region,zone_3,10,10.0,0.0,False,12.66,baseline
order_0003004,CO,MI,West,Midwest,cross_region,zone_3,9,8.0,0.0,False,9.41,baseline
order_0003005,CA,UT,West,West,same_region,zone_2,7,7.0,0.0,False,5.0,baseline
order_0003006,NY,FL,Northeast,South,cross_region,zone_3,9,9.0,0.0,False,8.89,baseline
order_0003007,IL,FL,Midwest,South,cross_region,zone_3,9,9.0,0.0,False,23.1,baseline
order_0003008,NJ,NV,Northeast,West,cross_region,zone_3,10,10.0,0.0,False,8.27,baseline
order_0003009,FL,CA,South,West,cross_region,zone_3,9,9.0,0.0,False,8.54,baseline
order_0003010,OR,GA,West,South,cross_region,zone_3,10,10.0,0.0,False,9.91,baseline
order_0003011,HI,NY,West,Northeast,remote,zone_4,12,11.0,0.0,False,77.43,baseline
order_0003012,WA,MI,West,Midwest,cross_region,zone_3,8,8.0,0.0,False,10.92,baseline
order_0003013,WV,GA,South,South,same_region,zone_2,7,7.0,0.0,False,22.08,baseline
order_0003014,HI,MO,West,Midwest,remote,zone_4,11,11.0,0.0,False,11.96,baseline
order_0003015,NY,GA,Northeast,South,cross_region,zone_3,10,10.0,0.0,False,8.38,baseline
order_0003016,NY,CA,Northeast,West,cross_region,zone_3,8,8.0,0.0,False,7.83,baseline
order_0003017,SD,OK,Midwest,South,cross_region,zone_3,9,12.0,3.0,True,17.3,baseline
order_0003018,TX,NY,South,Northeast,cross_region,zone_3,10,10.0,0.0,False,17.29,baseline
order_0003019,NJ,SC,Northeast,South,cross_region,zone_3,9,9.0,0.0,False,10.89,baseline
order_0003020,WI,DC,Midwest,South,cross_region,zone_3,10,10.0,0.0,False,9.09,baseline
order_0003021,OH,SD,Midwest,Midwest,same_region,zone_2,7,7.0,0.0,False,27.59,baseline
order_0003022,CA,IL,West,Midwest,cross_region,zone_3,8,8.0,0.0,False,7.61,baseline
order_0003023,CO,CO,West,West,same_state,zone_1,5,5.0,0.0,False,14.48,baseline
order_0003024,NY,NH,Northeast,Northeast,same_region,zone_2,8,,,False,5.56,baseline
order_0003025,CA,NY,West,Northeast,cross_region,zone_3,9,9.0,0.0,False,8.5,baseline
order_0003026,FL,FL,South,South,same_state,zone_1,5,5.0,0.0,False,12.93,baseline
order_0003027,CA,KY,West,South,cross_region,zone_3,10,10.0,0.0,False,8.13,baseline
order_0003028,WA,FL,West,South,cross_region,zone_3,9,8.0,0.0,False,8.14,baseline
order_0003029,FL,KS,South,Midwest,cross_region,zone_3,8,10.0,2.0,True,15.06,baseline
order_0003030,NJ,MI,Northeast,Midwest,cross_region,zone_3,9,8.0,0.0,False,8.22,baseline
order_0003031,NY,MT,Northeast,West,cross_region,zone_3,10,10.0,0.0,False,19.02,baseline
order_0003032,SD,UT,Midwest,West,cross_region,zone_3,9,10.0,1.0,True,27.87,baseline
order_0003033,PA,NJ,Northeast,Northeast,same_region,zone_2,6,6.0,0.0,False,5.89,baseline
order_0003034,MS,RI,South,Northeast,cross_region,zone_3,10,14.0,4.0,True,17.87,baseline
order_0003035,NY,PA,Northeast,Northeast,same_region,zone_2,7,6.0,0.0,False,9.27,baseline
order_0003036,IL,MI,Midwest,Midwest,same_region,zone_2,6,6.0,0.0,False,5.25,baseline
order_0003037,HI,CA,West,West,same_region,zone_2,6,6.0,0.0,False,7.25,baseline
order_0003038,MI,NY,Midwest,Northeast,cross_region,zone_3,9,9.0,0.0,False,16.97,baseline
order_0003039,VT,NV,Northeast,West,cross_region,zone_3,9,9.0,0.0,False,15.97,baseline
order_0003040,ME,GA,Northeast,South,cross_region,zone_3,9,11.0,2.0,True,7.81,baseline
order_0003041,AK,NM,West,West,same_region,zone_2,8,8.0,0.0,False,6.16,baseline
order_0003042,CA,TX,West,South,cross_region,zone_3,9,9.0,0.0,False,8.52,baseline
order_0003043,FL,FL,South,South,same_state,zone_1,5,5.0,0.0,False,28.58,baseline
order_0003044,WA,PA,West,Northeast,cross_region,zone_3,9,9.0,0.0,False,16.51,baseline
order_0003045,IL,FL,Midwest,South,cross_region,zone_3,9,9.0,0.0,False,9.7,baseline
order_0003046,TX,GA,South,South,same_region,zone_2,8,8.0,0.0,False,6.54,baseline
order_0003047,CT,PA,Northeast,Northeast,same_region,zone_2,7,7.0,0.0,False,5.77,baseline
order_0003048,NJ,NY,Northeast,Northeast,same_region,zone_2,7,7.0,0.0,False,28.42,baseline
order_0003049,CO,DC,West,South,cross_region,zone_3,9,9.0,0.0,False,8.66,baseline
order_0003050,FL,SD,South,Midwest,cross_region,zone_3,9,9.0,0.0,False,7.86,baseline
order_0003051,TX,TX,South,South,same_state,zone_1,5,4.0,0.0,False,8.27,baseline
order_0003052,HI,SC,West,South,remote,zone_4,12,11.0,0.0,False,30.45,baseline
order_0003053,AR,TX,South,South,same_region,zone_2,7,7.0,0.0,False,4.91,baseline
order_0003054,MT,MS,West,South,cross_region,zone_3,9,9.0,0.0,False,8.71,baseline
order_0003055,OR,IN,West,Midwest,cross_region,zone_3,9,8.0,0.0,False,17.65,baseline
order_0003056,NV,TX,West,South,cross_region,zone_3,8,8.0,0.0,False,16.24,baseline
order_0003057,GA,NY,South,Northeast,cross_region,zone_3,9,9.0,0.0,False,10.29,baseline
order_0003058,ND,GA,Midwest,South,cross_region,zone_3,10,10.0,0.0,False,8.04,baseline
order_0003059,HI,IA,West,Midwest,remote,zone_4,13,13.0,0.0,False,13.94,baseline
order_0003060,CA,IN,West,Midwest,cross_region,zone_3,9,9.0,0.0,False,26.54,baseline
order_0003061,IL,WY,Midwest,West,cross_region,zone_3,9,12.0,3.0,True,47.33,baseline
order_0003062,NJ,CA,Northeast,West,cross_region,zone_3,9,10.0,1.0,True,7.48,baseline
order_0003063,IL,IL,Midwest,Midwest,same_state,zone_1,5,5.0,0.0,False,16.04,baseline
order_0003064,MA,MI,Northeast,Midwest,cross_region,zone_3,9,9.0,0.0,False,8.66,baseline
order_0003065,FL,MD,South,South,same_region,zone_2,7,7.0,0.0,False,11.11,baseline
order_0003066,NY,ID,Northeast,West,cross_region,zone_3,9,9.0,0.0,False,16.71,baseline
order_0003067,NE,OH,Midwest,Midwest,same_region,zone_2,8,,,False,5.88,baseline
order_0003068,HI,IL,West,Midwest,remote,zone_4,12,12.0,0.0,False,34.12,baseline
order_0003069,TX,CT,South,Northeast,cross_region,zone_3,9,9.0,0.0,False,8.88,baseline
order_0003070,CA,TX,West,South,cross_region,zone_3,9,9.0,0.0,False,9.01,baseline
order_0003071,OH,DE,Midwest,South,cross_region,zone_3,9,9.0,0.0,False,16.89,baseline
order_0003072,NY,TX,Northeast,South,cross_region,zone_3,9,13.0,4.0,True,11.68,baseline
order_0003073,WY,NY,West,Northeast,cross_region,zone_3,9,11.0,2.0,True,15.78,baseline
order_0003074,TX,WI,South,Midwest,cross_region,zone_3,9,9.0,0.0,False,29.61,baseline
order_0003075,FL,OK,South,South,same_region,zone_2,8,8.0,0.0,False,21.95,baseline
order_0003076,NY,NY,Northeast,Northeast,same_state,zone_1,5,5.0,0.0,False,4.39,baseline
order_0003077,GA,NC,South,South,same_region,zone_2,7,6.0,0.0,False,12.05,baseline
order_0003078,OR,NY,West,Northeast,cross_region,zone_3,9,8.0,0.0,False,8.95,baseline
order_0003079,PA,ND,Northeast,Midwest,cross_region,zone_3,10,11.0,1.0,True,29.94,baseline
order_0003080,NY,TX,Northeast,South,cross_region,zone_3,9,8.0,0.0,False,16.74,baseline
order_0003081,HI,FL,West,South,remote,zone_4,11,15.0,4.0,True,32.67,baseline
order_0003082,PA,NY,Northeast,Northeast,same_region,zone_2,7,7.0,0.0,False,17.9,baseline
order_0003083,TX,ID,South,West,cross_region,zone_3,9,9.0,0.0,False,8.12,baseline
order_0003084,DC,CT,South,Northeast,cross_region,zone_3,9,11.0,2.0,True,8.25,baseline
order_0003085,IL,NY,Midwest,Northeast,cross_region,zone_3,10,11.0,1.0,True,27.59,baseline
order_0003086,TX,FL,South,South,same_region,zone_2,7,10.0,3.0,True,7.57,baseline
order_0003087,FL,CT,South,Northeast,cross_region,zone_3,9,9.0,0.0,False,7.84,baseline
order_0003088,NH,IL,Northeast,Midwest,cross_region,zone_3,9,9.0,0.0,False,16.2,baseline
order_0003089,CA,NM,West,West,same_region,zone_2,7,,,False,10.44,baseline
order_0003090,WA,SC,West,South,cross_region,zone_3,9,9.0,0.0,False,7.5,baseline
order_0003091,RI,CA,Northeast,West,cross_region,zone_3,9,9.0,0.0,False,8.45,baseline
order_0003092,OH,CA,Midwest,West,cross_region,zone_3,9,8.0,0.0,False,7.86,baseline
order_0003093,PA,CA,Northeast,West,cross_region,zone_3,9,9.0,0.0,False,35.97,baseline
order_0003094,NY,MO,Northeast,Midwest,cross_region,zone_3,10,15.0,5.0,True,18.12,baseline
order_0003095,WA,NY,West,Northeast,cross_region,zone_3,9,8.0,0.0,False,7.69,baseline
order_0003096,CA,OR,West,West,same_region,zone_2,8,,,False,13.12,baseline
order_0003097,FL,UT,South,West,cross_region,zone_3,10,10.0,0.0,False,30.27,baseline
order_0003098,TX,RI,South,Northeast,cross_region,zone_3,9,10.0,1.0,True,9.38,baseline
order_0003099,NJ,CA,Northeast,West,cross_region,zone_3,10,10.0,0.0,False,10.71,baseline
order_0003100,HI,NM,West,West,same_region,zone_2,6,8.0,2.0,True,5.28,baseline
order_0003101,FL,TN,South,South,same_region,zone_2,7,7.0,0.0,False,6.18,baseline
order_0003102,NH,CA,Northeast,West,cross_region,zone_3,9,9.0,0.0,False,8.4,baseline
order_0003103,NY,OK,Northeast,South,cross_region,zone_3,8,8.0,0.0,False,13.81,baseline
order_0003104,NM,TX,West,South,cross_region,zone_3,10,10.0,0.0,False,8.63,baseline
order_0003105,LA,OH,South,Midwest,cross_region,zone_3,10,,,False,20.14,baseline
order_0003106,NM,TX,West,South,cross_region,zone_3,9,14.0,5.0,True,7.89,baseline
order_0003107,WA,TX,West,South,cross_region,zone_3,8,8.0,0.0,False,8.09,baseline
order_0003108,CA,KS,West,Midwest,cross_region,zone_3,9,9.0,0.0,False,8.44,baseline
order_0003109,NM,CA,West,West,same_region,zone_2,7,7.0,0.0,False,5.33,baseline
order_0003110,NY,UT,Northeast,West,cross_region,zone_3,9,9.0,0.0,False,9.37,baseline
order_0003111,FL,NY,South,Northeast,cross_region,zone_3,9,9.0,0.0,False,40.59,baseline
order_0003112,NJ,PA,Northeast,Northeast,same_region,zone_2,7,7.0,0.0,False,5.41,baseline
order_0003113,FL,VT,South,Northeast,cross_region,zone_3,9,8.0,0.0,False,8.37,baseline
order_0003114,NY,CA,Northeast,West,cross_region,zone_3,10,11.0,1.0,True,9.16,baseline
order_0003115,NY,GA,Northeast,South,cross_region,zone_3,9,9.0,0.0,False,29.31,baseline
order_0003116,NM,MI,West,Midwest,cross_region,zone_3,9,,,False,7.56,baseline
order_0003117,NV,IA,West,Midwest,cross_region,zone_3,9,9.0,0.0,False,16.7,baseline
order_0003118,NJ,IA,Northeast,Midwest,cross_region,zone_3,9,9.0,0.0,False,7.4,baseline
order_0003119,CA,FL,West,South,cross_region,zone_3,9,9.0,0.0,False,8.54,baseline
order_0003120,NJ,PA,Northeast,Northeast,same_region,zone_2,7,6.0,0.0,False,6.75,baseline
order_0003121,FL,NY,South,Northeast,cross_region,zone_3,9,8.0,0.0,False,25.08,baseline
order_0003122,LA,OR,South,West,cross_region,zone_3,8,8.0,0.0,False,24.04,baseline
order_0003123,IL,CA,Midwest,West,cross_region,zone_3,9,9.0,0.0,False,17.36,baseline
order_0003124,CA,NE,West,Midwest,cross_region,zone_3,9,8.0,0.0,False,24.52,baseline
order_0003125,AZ,NV,West,West,same_region,zone_2,8,,,False,5.04,baseline
order_0003126,OH,CA,Midwest,West,cross_region,zone_3,9,8.0,0.0,False,10.59,baseline
order_0003127,FL,MD,South,South,same_region,zone_2,7,6.0,0.0,False,5.33,baseline
order_0003128,CA,NJ,West,Northeast,cross_region,zone_3,10,9.0,0.0,False,16.01,baseline
order_0003129,MS,VT,South,Northeast,cross_region,zone_3,8,8.0,0.0,False,27.22,baseline
order_0003130,ME,NC,Northeast,South,cross_region,zone_3,9,9.0,0.0,False,10.22,baseline
order_0003131,IL,CO,Midwest,West,cross_region,zone_3,9,9.0,0.0,False,7.83,baseline
order_0003132,TX,TX,South,South,same_state,zone_1,5,5.0,0.0,False,3.73,baseline
order_0003133,NJ,FL,Northeast,South,cross_region,zone_3,9,9.0,0.0,False,8.21,baseline
order_0003134,IL,MA,Midwest,Northeast,cross_region,zone_3,9,9.0,0.0,False,19.33,baseline
order_0003135,MS,TX,South,South,same_region,zone_2,6,8.0,2.0,True,17.9,baseline
order_0003136,SC,AR,South,South,same_region,zone_2,7,7.0,0.0,False,12.97,baseline
order_0003137,MN,UT,Midwest,West,cross_region,zone_3,9,9.0,0.0,False,16.15,baseline
order_0003138,MO,NE,Midwest,Midwest,same_region,zone_2,7,7.0,0.0,False,12.83,baseline
order_0003139,WA,UT,West,West,same_region,zone_2,7,7.0,0.0,False,31.25,baseline
order_0003140,NY,OH,Northeast,Midwest,cross_region,zone_3,9,9.0,0.0,False,16.82,baseline
order_0003141,VA,AZ,South,West,cross_region,zone_3,8,8.0,0.0,False,7.65,baseline
order_0003142,PA,FL,Northeast,South,cross_region,zone_3,9,8.0,0.0,False,19.54,baseline
order_0003143,CO,CA,West,West,same_region,zone_2,7,,,False,12.24,baseline
order_0003144,TX,FL,South,South,same_region,zone_2,7,7.0,0.0,False,20.1,baseline
order_0003145,OH,ND,Midwest,Midwest,same_region,zone_2,7,7.0,0.0,False,11.97,baseline
order_0003146,NJ,AK,Northeast,West,remote,zone_4,12,14.0,2.0,True,14.87,baseline
order_0003147,CA,KY,West,South,cross_region,zone_3,9,10.0,1.0,True,19.64,baseline
order_0003148,IL,GA,Midwest,South,cross_region,zone_3,9,9.0,0.0,False,15.6,baseline
order_0003149,CA,KY,West,South,cross_region,zone_3,9,9.0,0.0,False,26.1,baseline
order_0003150,PA,PA,Northeast,Northeast,same_state,zone_1,5,5.0,0.0,False,4.35,baseline
order_0003151,GA,RI,South,Northeast,cross_region,zone_3,10,10.0,0.0,False,8.65,baseline
order_0003152,IL,IL,Midwest,Midwest,same_state,zone_1,5,5.0,0.0,False,4.42,baseline
order_0003153,HI,ME,West,Northeast,remote,zone_4,12,12.0,0.0,False,17.85,baseline
order_0003154,RI,NJ,Northeast,Northeast,same_region,zone_2,7,6.0,0.0,False,17.17,baseline
order_0003155,CA,GA,West,South,cross_region,zone_3,9,9.0,0.0,False,7.46,baseline
order_0003156,ME,NV,Northeast,West,cross_region,zone_3,9,8.0,0.0,False,8.42,baseline
order_0003157,CA,IN,West,Midwest,cross_region,zone_3,9,9.0,0.0,False,8.12,baseline
order_0003158,GA,NE,South,Midwest,cross_region,zone_3,8,7.0,0.0,False,9.03,baseline
order_0003159,VA,PA,South,Northeast,cross_region,zone_3,9,8.0,0.0,False,8.89,baseline
order_0003160,FL,MS,South,South,same_region,zone_2,7,,,False,13.79,baseline
order_0003161,SD,TX,Midwest,South,cross_region,zone_3,10,10.0,0.0,False,10.16,baseline
order_0003162,FL,PA,South,Northeast,cross_region,zone_3,9,10.0,1.0,True,23.84,baseline
order_0003163,FL,CA,South,West,cross_region,zone_3,9,9.0,0.0,False,8.41,baseline
order_0003164,IL,AZ,Midwest,West,cross_region,zone_3,10,,,False,25.68,baseline
order_0003165,FL,OR,South,West,cross_region,zone_3,9,9.0,0.0,False,27.15,baseline
order_0003166,WA,SC,West,South,cross_region,zone_3,9,9.0,0.0,False,16.45,baseline
order_0003167,GA,IL,South,Midwest,cross_region,zone_3,8,7.0,0.0,False,24.73,baseline
order_0003168,DE,FL,South,South,same_region,zone_2,7,7.0,0.0,False,5.43,baseline
order_0003169,NY,PA,Northeast,Northeast,same_region,zone_2,7,7.0,0.0,False,17.88,baseline
order_0003170,IL,NC,Midwest,South,cross_region,zone_3,9,12.0,3.0,True,7.8,baseline
order_0003171,CT,ME,Northeast,Northeast,same_region,zone_2,7,7.0,0.0,False,5.42,baseline
order_0003172,MA,IL,Northeast,Midwest,cross_region,zone_3,9,9.0,0.0,False,24.96,baseline
order_0003173,TX,DC,South,South,same_region,zone_2,7,6.0,0.0,False,11.45,baseline
order_0003174,CA,MT,West,West,same_region,zone_2,7,12.0,5.0,True,36.66,baseline
order_0003175,MA,TX,Northeast,South,cross_region,zone_3,9,13.0,4.0,True,7.96,baseline
order_0003176,NJ,CT,Northeast,Northeast,same_region,zone_2,7,6.0,0.0,False,24.08,baseline
order_0003177,AL,MI,South,Midwest,cross_region,zone_3,9,9.0,0.0,False,19.94,baseline
order_0003178,OR,CA,West,West,same_region,zone_2,7,7.0,0.0,False,11.64,baseline
order_0003179,WA,NY,West,Northeast,cross_region,zone_3,9,,,False,19.77,baseline
order_0003180,TX,CA,South,West,cross_region,zone_3,9,9.0,0.0,False,26.11,baseline
order_0003181,NE,SD,Midwest,Midwest,same_region,zone_2,7,7.0,0.0,False,11.05,baseline
order_0003182,NY,NC,Northeast,South,cross_region,zone_3,9,9.0,0.0,False,8.08,baseline
order_0003183,LA,MI,South,Midwest,cross_region,zone_3,9,,,False,12.36,baseline
order_0003184,HI,CA,West,West,same_region,zone_2,6,6.0,0.0,False,16.86,baseline
order_0003185,NY,CA,Northeast,West,cross_region,zone_3,9,9.0,0.0,False,8.99,baseline
order_0003186,MO,FL,Midwest,South,cross_region,zone_3,9,9.0,0.0,False,12.98,baseline
order_0003187,ND,LA,Midwest,South,cross_region,zone_3,9,9.0,0.0,False,19.72,baseline
order_0003188,CA,NY,West,Northeast,cross_region,zone_3,9,9.0,0.0,False,27.14,baseline
order_0003189,AZ,CA,West,West,same_region,zone_2,8,7.0,0.0,False,5.92,baseline
order_0003190,CA,AL,West,South,cross_region,zone_3,9,9.0,0.0,False,7.96,baseline
order_0003191,NH,AL,Northeast,South,cross_region,zone_3,9,8.0,0.0,False,7.79,baseline
order_0003192,PA,ND,Northeast,Midwest,cross_region,zone_3,9,9.0,0.0,False,7.74,baseline
order_0003193,NY,IN,Northeast,Midwest,cross_region,zone_3,9,9.0,0.0,False,8.87,baseline
order_0003194,IL,FL,Midwest,South,cross_region,zone_3,9,9.0,0.0,False,15.5,baseline
order_0003195,OR,GA,West,South,cross_region,zone_3,9,9.0,0.0,False,8.34,baseline
order_0003196,CO,KS,West,Midwest,cross_region,zone_3,9,9.0,0.0,False,7.98,baseline
order_0003197,IA,NC,Midwest,South,cross_region,zone_3,10,9.0,0.0,False,14.22,baseline
order_0003198,WA,MI,West,Midwest,cross_region,zone_3,8,11.0,3.0,True,30.49,baseline
order_0003199,MS,GA,South,South,same_region,zone_2,7,7.0,0.0,False,10.59,baseline
order_0003200,TX,MD,South,South,same_region,zone_2,7,7.0,0.0,False,6.29,baseline
order_0003201,TN,TX,South,South,same_region,zone_2,7,7.0,0.0,False,11.44,baseline
order_0003202,CA,RI,West,Northeast,cross_region,zone_3,9,9.0,0.0,False,7.35,baseline
order_0003203,FL,NM,South,West,cross_region,zone_3,8,8.0,0.0,False,7.4,baseline
order_0003204,FL,AK,South,West,remote,zone_4,12,12.0,0.0,False,12.83,baseline
order_0003205,HI,ND,West,Midwest,remote,zone_4,12,12.0,0.0,False,14.49,baseline
order_0003206,FL,KS,South,Midwest,cross_region,zone_3,9,9.0,0.0,False,44.37,baseline
order_0003207,FL,KS,South,Midwest,cross_region,zone_3,9,9.0,0.0,False,24.59,baseline
order_0003208,IL,KS,Midwest,Midwest,same_region,zone_2,7,9.0,2.0,True,6.02,baseline
order_0003209,NJ,FL,Northeast,South,cross_region,zone_3,9,,,False,7.22,baseline
order_0003210,OH,TX,Midwest,South,cross_region,zone_3,9,13.0,4.0,True,9.63,baseline
order_0003211,HI,IN,West,Midwest,remote,zone_4,12,12.0,0.0,False,43.29,baseline
order_0003212,NH,CA,Northeast,West,cross_region,zone_3,10,,,False,28.02,baseline
order_0003213,OR,TX,West,South,cross_region,zone_3,9,8.0,0.0,False,21.95,baseline
order_0003214,FL,OH,South,Midwest,cross_region,zone_3,9,8.0,0.0,False,43.48,baseline
order_0003215,IL,WY,Midwest,West,cross_region,zone_3,10,,,False,7.95,baseline
order_0003216,FL,CA,South,West,cross_region,zone_3,9,9.0,0.0,False,16.21,baseline
order_0003217,NY,CA,Northeast,West,cross_region,zone_3,9,13.0,4.0,True,9.01,baseline
order_0003218,WA,TX,West,South,cross_region,zone_3,9,8.0,0.0,False,15.94,baseline
order_0003219,GA,PA,South,Northeast,cross_region,zone_3,9,9.0,0.0,False,9.72,baseline
order_0003220,CA,CA,West,West,same_state,zone_1,6,10.0,4.0,True,4.47,baseline
order_0003221,MI,MO,Midwest,Midwest,same_region,zone_2,7,6.0,0.0,False,7.02,baseline
order_0003222,IL,NY,Midwest,Northeast,cross_region,zone_3,10,9.0,0.0,False,27.22,baseline
order_0003223,WI,PA,Midwest,Northeast,cross_region,zone_3,9,9.0,0.0,False,17.6,baseline
order_0003224,DE,MT,South,West,cross_region,zone_3,9,9.0,0.0,False,9.83,baseline
order_0003225,FL,NC,South,South,same_region,zone_2,7,7.0,0.0,False,11.93,baseline
order_0003226,AR,IN,South,Midwest,cross_region,zone_3,9,10.0,1.0,True,9.32,baseline
order_0003227,WA,CA,West,West,same_region,zone_2,7,12.0,5.0,True,8.12,baseline
order_0003228,AZ,MT,West,West,same_region,zone_2,6,11.0,5.0,True,5.93,baseline
order_0003229,OR,IL,West,Midwest,cross_region,zone_3,9,9.0,0.0,False,8.27,baseline
order_0003230,NJ,HI,Northeast,West,remote,zone_4,12,12.0,0.0,False,13.41,baseline
order_0003231,IL,OK,Midwest,South,cross_region,zone_3,10,10.0,0.0,False,29.23,baseline
order_0003232,CA,OR,West,West,same_region,zone_2,7,,,False,5.44,baseline
order_0003233,TX,MI,South,Midwest,cross_region,zone_3,9,14.0,5.0,True,7.96,baseline
order_0003234,NY,IA,Northeast,Midwest,cross_region,zone_3,8,8.0,0.0,False,8.9,baseline
order_0003235,TX,CA,South,West,cross_region,zone_3,9,9.0,0.0,False,8.39,baseline
order_0003236,FL,TX,South,South,same_region,zone_2,7,10.0,3.0,True,15.49,baseline
order_0003237,LA,AZ,South,West,cross_region,zone_3,9,8.0,0.0,False,10.32,baseline
order_0003238,IN,TX,Midwest,South,cross_region,zone_3,8,7.0,0.0,False,19.37,baseline
order_0003239,FL,NY,South,Northeast,cross_region,zone_3,9,9.0,0.0,False,23.21,baseline
order_0003240,PA,NY,Northeast,Northeast,same_region,zone_2,7,7.0,0.0,False,9.47,baseline
order_0003241,NY,AR,Northeast,South,cross_region,zone_3,8,8.0,0.0,False,9.58,baseline
order_0003242,MT,AR,West,South,cross_region,zone_3,9,8.0,0.0,False,8.84,baseline
order_0003243,NV,NY,West,Northeast,cross_region,zone_3,9,12.0,3.0,True,11.36,baseline
order_0003244,AL,NC,South,South,same_region,zone_2,7,7.0,0.0,False,5.23,baseline
order_0003245,FL,TX,South,South,same_region,zone_2,8,8.0,0.0,False,14.59,baseline
order_0003246,NJ,FL,Northeast,South,cross_region,zone_3,10,,,False,8.95,baseline
order_0003247,GA,NV,South,West,cross_region,zone_3,9,9.0,0.0,False,19.07,baseline
order_0003248,SC,GA,South,South,same_region,zone_2,7,7.0,0.0,False,12.09,baseline
order_0003249,PA,NC,Northeast,South,cross_region,zone_3,9,8.0,0.0,False,15.84,baseline
order_0003250,NM,NH,West,Northeast,cross_region,zone_3,9,9.0,0.0,False,25.53,baseline
order_0003251,IL,WV,Midwest,South,cross_region,zone_3,8,8.0,0.0,False,7.89,baseline
order_0003252,CT,VA,Northeast,South,cross_region,zone_3,9,9.0,0.0,False,18.29,baseline
order_0003253,FL,RI,South,Northeast,cross_region,zone_3,8,8.0,0.0,False,7.24,baseline
order_0003254,AZ,FL,West,South,cross_region,zone_3,9,9.0,0.0,False,20.35,baseline
order_0003255,WA,FL,West,South,cross_region,zone_3,9,,,False,7.88,baseline
order_0003256,CA,NY,West,Northeast,cross_region,zone_3,9,9.0,0.0,False,8.42,baseline
order_0003257,IL,CO,Midwest,West,cross_region,zone_3,8,8.0,0.0,False,16.05,baseline
order_0003258,NJ,CA,Northeast,West,cross_region,zone_3,9,8.0,0.0,False,25.73,baseline
order_0003259,DC,TX,South,South,same_region,zone_2,7,7.0,0.0,False,5.43,baseline
order_0003260,IA,MA,Midwest,Northeast,cross_region,zone_3,10,10.0,0.0,False,8.98,baseline
order_0003261,IL,TX,Midwest,South,cross_region,zone_3,9,8.0,0.0,False,7.41,baseline
order_0003262,CA,FL,West,South,cross_region,zone_3,9,,,False,34.22,baseline
order_0003263,TX,CA,South,West,cross_region,zone_3,9,,,False,21.28,baseline
order_0003264,TX,CA,South,West,cross_region,zone_3,9,9.0,0.0,False,8.49,baseline
order_0003265,OH,FL,Midwest,South,cross_region,zone_3,10,10.0,0.0,False,17.71,baseline
order_0003266,NY,CA,Northeast,West,cross_region,zone_3,9,10.0,1.0,True,7.71,baseline
order_0003267,OH,SC,Midwest,South,cross_region,zone_3,9,9.0,0.0,False,23.83,baseline
order_0003268,OH,MN,Midwest,Midwest,same_region,zone_2,7,7.0,0.0,False,11.93,baseline
order_0003269,OR,VT,West,Northeast,cross_region,zone_3,10,10.0,0.0,False,8.74,baseline
order_0003270,TN,GA,South,South,same_region,zone_2,7,7.0,0.0,False,6.6,baseline
order_0003271,IL,CT,Midwest,Northeast,cross_region,zone_3,8,7.0,0.0,False,36.84,baseline
order_0003272,FL,KY,South,South,same_region,zone_2,7,8.0,1.0,True,5.86,baseline
order_0003273,TX,ME,South,Northeast,cross_region,zone_3,9,9.0,0.0,False,54.23,baseline
order_0003274,CA,LA,West,South,cross_region,zone_3,10,10.0,0.0,False,28.12,baseline
order_0003275,CT,VA,Northeast,South,cross_region,zone_3,9,8.0,0.0,False,26.52,baseline
order_0003276,VA,MI,South,Midwest,cross_region,zone_3,9,9.0,0.0,False,13.59,baseline
order_0003277,TX,NY,South,Northeast,cross_region,zone_3,8,8.0,0.0,False,10.15,baseline
order_0003278,NY,DC,Northeast,South,cross_region,zone_3,9,9.0,0.0,False,11.54,baseline
order_0003279,PA,IL,Northeast,Midwest,cross_region,zone_3,9,9.0,0.0,False,10.2,baseline
order_0003280,KY,DE,South,South,same_region,zone_2,7,7.0,0.0,False,33.59,baseline
order_0003281,PA,UT,Northeast,West,cross_region,zone_3,10,9.0,0.0,False,8.89,baseline
order_0003282,FL,MS,South,South,same_region,zone_2,7,7.0,0.0,False,12.76,baseline
order_0003283,TX,MA,South,Northeast,cross_region,zone_3,9,9.0,0.0,False,8.44,baseline
order_0003284,TX,NY,South,Northeast,cross_region,zone_3,10,12.0,2.0,True,34.29,baseline
order_0003285,MD,LA,South,South,same_region,zone_2,7,7.0,0.0,False,5.34,baseline
order_0003286,FL,OH,South,Midwest,cross_region,zone_3,10,,,False,8.88,baseline
order_0003287,LA,FL,South,South,same_region,zone_2,6,8.0,2.0,True,12.62,baseline
order_0003288,HI,IL,West,Midwest,remote,zone_4,11,11.0,0.0,False,26.65,baseline
order_0003289,LA,TN,South,South,same_region,zone_2,7,7.0,0.0,False,5.87,baseline
order_0003290,KY,VT,South,Northeast,cross_region,zone_3,9,9.0,0.0,False,17.39,baseline
order_0003291,HI,OH,West,Midwest,remote,zone_4,11,13.0,2.0,True,14.1,baseline
order_0003292,FL,NC,South,South,same_region,zone_2,7,7.0,0.0,False,5.1,baseline
order_0003293,SC,MI,South,Midwest,cross_region,zone_3,8,10.0,2.0,True,8.13,baseline
order_0003294,PA,IN,Northeast,Midwest,cross_region,zone_3,9,9.0,0.0,False,28.1,baseline
order_0003295,IL,GA,Midwest,South,cross_region,zone_3,9,9.0,0.0,False,16.83,baseline
order_0003296,LA,NM,South,West,cross_region,zone_3,9,9.0,0.0,False,7.54,baseline
order_0003297,MS,WV,South,South,same_region,zone_2,6,6.0,0.0,False,12.3,baseline
order_0003298,NH,CO,Northeast,West,cross_region,zone_3,9,9.0,0.0,False,7.28,baseline
order_0003299,TX,CA,South,West,cross_region,zone_3,9,9.0,0.0,False,32.4,baseline
order_0003300,NY,TX,Northeast,South,cross_region,zone_3,10,,,False,21.99,baseline
order_0003301,TX,WA,South,West,cross_region,zone_3,10,10.0,0.0,False,9.77,baseline
order_0003302,OR,NY,West,Northeast,cross_region,zone_3,9,9.0,0.0,False,7.26,baseline
order_0003303,PA,DE,Northeast,South,cross_region,zone_3,9,,,False,10.09,baseline
order_0003304,TX,IA,South,Midwest,cross_region,zone_3,9,9.0,0.0,False,8.75,baseline
order_0003305,IA,GA,Midwest,South,cross_region,zone_3,9,,,False,8.5,baseline
order_0003306,NJ,TX,Northeast,South,cross_region,zone_3,9,9.0,0.0,False,8.33,baseline
order_0003307,TX,NY,South,Northeast,cross_region,zone_3,9,9.0,0.0,False,15.92,baseline
order_0003308,HI,NC,West,South,remote,zone_4,11,13.0,2.0,True,26.12,baseline
order_0003309,WA,IA,West,Midwest,cross_region,zone_3,9,9.0,0.0,False,8.07,baseline
order_0003310,GA,NV,South,West,cross_region,zone_3,9,,,False,18.87,baseline
order_0003311,MN,MI,Midwest,Midwest,same_region,zone_2,7,9.0,2.0,True,5.58,baseline
order_0003312,HI,CT,West,Northeast,remote,zone_4,11,11.0,0.0,False,40.49,baseline
order_0003313,IL,DC,Midwest,South,cross_region,zone_3,9,,,False,17.98,baseline
order_0003314,NJ,MI,Northeast,Midwest,cross_region,zone_3,9,9.0,0.0,False,27.92,baseline
order_0003315,HI,AZ,West,West,same_region,zone_2,6,6.0,0.0,False,6.75,baseline
order_0003316,FL,CA,South,West,cross_region,zone_3,10,9.0,0.0,False,8.03,baseline
order_0003317,UT,PA,West,Northeast,cross_region,zone_3,9,9.0,0.0,False,8.12,baseline
order_0003318,MA,PA,Northeast,Northeast,same_region,zone_2,7,7.0,0.0,False,12.87,baseline
order_0003319,WA,CA,West,West,same_region,zone_2,8,13.0,5.0,True,5.26,baseline
order_0003320,OH,TN,Midwest,South,cross_region,zone_3,9,9.0,0.0,False,18.09,baseline
order_0003321,FL,NH,South,Northeast,cross_region,zone_3,9,9.0,0.0,False,8.07,baseline
order_0003322,NJ,DE,Northeast,South,cross_region,zone_3,9,9.0,0.0,False,8.92,baseline
order_0003323,AR,FL,South,South,same_region,zone_2,8,8.0,0.0,False,5.22,baseline
order_0003324,TX,FL,South,South,same_region,zone_2,7,,,False,33.86,baseline
order_0003325,HI,PA,West,Northeast,remote,zone_4,12,12.0,0.0,False,32.37,baseline
order_0003326,GA,NY,South,Northeast,cross_region,zone_3,9,9.0,0.0,False,9.51,baseline
order_0003327,NJ,CA,Northeast,West,cross_region,zone_3,9,9.0,0.0,False,7.43,baseline
order_0003328,CA,FL,West,South,cross_region,zone_3,9,,,False,7.58,baseline
order_0003329,OH,IL,Midwest,Midwest,same_region,zone_2,7,10.0,3.0,True,4.92,baseline
order_0003330,HI,HI,West,West,same_state,zone_1,4,4.0,0.0,False,4.47,baseline
order_0003331,IL,SC,Midwest,South,cross_region,zone_3,9,9.0,0.0,False,18.77,baseline
order_0003332,LA,MI,South,Midwest,cross_region,zone_3,9,8.0,0.0,False,8.96,baseline
order_0003333,NJ,MI,Northeast,Midwest,cross_region,zone_3,9,9.0,0.0,False,24.4,baseline
order_0003334,WV,DC,South,South,same_region,zone_2,7,7.0,0.0,False,17.54,baseline
order_0003335,TX,FL,South,South,same_region,zone_2,8,,,False,11.45,baseline
order_0003336,OR,MA,West,Northeast,cross_region,zone_3,9,,,False,15.3,baseline
order_0003337,GA,WY,South,West,cross_region,zone_3,9,11.0,2.0,True,8.3,baseline
order_0003338,RI,WI,Northeast,Midwest,cross_region,zone_3,10,10.0,0.0,False,19.8,baseline
order_0003339,FL,IN,South,Midwest,cross_region,zone_3,9,9.0,0.0,False,23.8,baseline
order_0003340,MI,TX,Midwest,South,cross_region,zone_3,9,9.0,0.0,False,27.23,baseline
order_0003341,CA,TX,West,South,cross_region,zone_3,9,,,False,15.19,baseline
order_0003342,ME,NV,Northeast,West,cross_region,zone_3,9,8.0,0.0,False,15.35,baseline
order_0003343,NY,FL,Northeast,South,cross_region,zone_3,8,8.0,0.0,False,8.05,baseline
order_0003344,DC,OH,South,Midwest,cross_region,zone_3,9,9.0,0.0,False,7.91,baseline
order_0003345,OR,IN,West,Midwest,cross_region,zone_3,9,9.0,0.0,False,7.95,baseline
order_0003346,LA,CA,South,West,cross_region,zone_3,9,10.0,1.0,True,21.81,baseline
order_0003347,UT,CA,West,West,same_region,zone_2,7,7.0,0.0,False,4.92,baseline
order_0003348,IL,IL,Midwest,Midwest,same_state,zone_1,5,4.0,0.0,False,4.98,baseline
order_0003349,IL,AZ,Midwest,West,cross_region,zone_3,10,10.0,0.0,False,10.38,baseline
order_0003350,HI,OH,West,Midwest,remote,zone_4,12,12.0,0.0,False,12.86,baseline
order_0003351,IL,MS,Midwest,South,cross_region,zone_3,10,10.0,0.0,False,18.04,baseline
order_0003352,TX,CO,South,West,cross_region,zone_3,10,11.0,1.0,True,32.63,baseline
order_0003353,HI,UT,West,West,same_region,zone_2,6,6.0,0.0,False,10.8,baseline
order_0003354,WA,MI,West,Midwest,cross_region,zone_3,9,9.0,0.0,False,16.75,baseline
order_0003355,GA,AZ,South,West,cross_region,zone_3,9,13.0,4.0,True,31.28,baseline
order_0003356,MI,WI,Midwest,Midwest,same_region,zone_2,7,8.0,1.0,True,5.84,baseline
order_0003357,FL,NY,South,Northeast,cross_region,zone_3,9,,,False,26.58,baseline
order_0003358,NY,TX,Northeast,South,cross_region,zone_3,10,10.0,0.0,False,25.47,baseline
order_0003359,NV,NM,West,West,same_region,zone_2,6,6.0,0.0,False,19.57,baseline
order_0003360,NY,GA,Northeast,South,cross_region,zone_3,9,8.0,0.0,False,26.14,baseline
order_0003361,MT,RI,West,Northeast,cross_region,zone_3,9,12.0,3.0,True,34.87,baseline
order_0003362,TX,CA,South,West,cross_region,zone_3,9,9.0,0.0,False,8.65,baseline
order_0003363,FL,SC,South,South,same_region,zone_2,8,8.0,0.0,False,6.62,baseline
order_0003364,CA,IL,West,Midwest,cross_region,zone_3,9,9.0,0.0,False,7.69,baseline
order_0003365,OH,RI,Midwest,Northeast,cross_region,zone_3,8,8.0,0.0,False,10.61,baseline
order_0003366,GA,MN,South,Midwest,cross_region,zone_3,9,,,False,42.5,baseline
order_0003367,IA,VT,Midwest,Northeast,cross_region,zone_3,9,9.0,0.0,False,12.56,baseline
order_0003368,DC,PA,South,Northeast,cross_region,zone_3,9,14.0,5.0,True,8.24,baseline
order_0003369,NY,NY,Northeast,Northeast,same_state,zone_1,5,5.0,0.0,False,3.9,baseline
order_0003370,KS,OH,Midwest,Midwest,same_region,zone_2,8,8.0,0.0,False,24.04,baseline
order_0003371,CA,NC,West,South,cross_region,zone_3,9,8.0,0.0,False,8.35,baseline
order_0003372,NY,MO,Northeast,Midwest,cross_region,zone_3,9,13.0,4.0,True,42.26,baseline
order_0003373,VT,FL,Northeast,South,cross_region,zone_3,9,9.0,0.0,False,11.76,baseline
order_0003374,GA,CA,South,West,cross_region,zone_3,9,9.0,0.0,False,19.35,baseline
order_0003375,GA,NY,South,Northeast,cross_region,zone_3,10,10.0,0.0,False,36.94,baseline
order_0003376,NJ,CA,Northeast,West,cross_region,zone_3,9,9.0,0.0,False,17.3,baseline
order_0003377,PA,OH,Northeast,Midwest,cross_region,zone_3,9,9.0,0.0,False,7.93,baseline
order_0003378,NY,TX,Northeast,South,cross_region,zone_3,9,9.0,0.0,False,8.08,baseline
order_0003379,CA,ID,West,West,same_region,zone_2,7,7.0,0.0,False,5.49,baseline
order_0003380,AL,GA,South,South,same_region,zone_2,7,7.0,0.0,False,11.37,baseline
order_0003381,NJ,FL,Northeast,South,cross_region,zone_3,10,10.0,0.0,False,8.1,baseline
order_0003382,TN,TX,South,South,same_region,zone_2,8,8.0,0.0,False,5.85,baseline
order_0003383,WI,NC,Midwest,South,cross_region,zone_3,9,9.0,0.0,False,21.38,baseline
order_0003384,TN,MI,South,Midwest,cross_region,zone_3,8,7.0,0.0,False,8.64,baseline
order_0003385,NJ,PA,Northeast,Northeast,same_region,zone_2,7,6.0,0.0,False,5.07,baseline
order_0003386,IL,NH,Midwest,Northeast,cross_region,zone_3,9,9.0,0.0,False,8.08,baseline
order_0003387,PA,UT,Northeast,West,cross_region,zone_3,9,12.0,3.0,True,23.51,baseline
order_0003388,TN,IL,South,Midwest,cross_region,zone_3,9,9.0,0.0,False,7.59,baseline
order_0003389,VT,TX,Northeast,South,cross_region,zone_3,9,8.0,0.0,False,15.49,baseline
order_0003390,FL,CA,South,West,cross_region,zone_3,9,9.0,0.0,False,8.17,baseline
order_0003391,NY,NY,Northeast,Northeast,same_state,zone_1,5,4.0,0.0,False,4.35,baseline
order_0003392,MN,PA,Midwest,Northeast,cross_region,zone_3,9,9.0,0.0,False,16.53,baseline
order_0003393,NY,TX,Northeast,South,cross_region,zone_3,9,9.0,0.0,False,24.68,baseline
order_0003394,CA,OK,West,South,cross_region,zone_3,9,9.0,0.0,False,8.73,baseline
order_0003395,MN,KS,Midwest,Midwest,same_region,zone_2,7,9.0,2.0,True,11.66,baseline
order_0003396,TX,VT,South,Northeast,cross_region,zone_3,9,12.0,3.0,True,7.19,baseline
order_0003397,CA,NY,West,Northeast,cross_region,zone_3,9,9.0,0.0,False,8.27,baseline
order_0003398,NY,CA,Northeast,West,cross_region,zone_3,8,12.0,4.0,True,7.75,baseline
order_0003399,OR,CA,West,West,same_region,zone_2,8,8.0,0.0,False,28.05,baseline
order_0003400,WY,OH,West,Midwest,cross_region,zone_3,9,9.0,0.0,False,7.76,baseline
order_0003401,FL,DE,South,South,same_region,zone_2,7,,,False,5.43,baseline
order_0003402,GA,TX,South,South,same_region,zone_2,7,11.0,4.0,True,5.79,baseline
order_0003403,CA,MI,West,Midwest,cross_region,zone_3,9,12.0,3.0,True,11.55,baseline
order_0003404,CA,IL,West,Midwest,cross_region,zone_3,9,9.0,0.0,False,8.12,baseline
order_0003405,PA,SC,Northeast,South,cross_region,zone_3,9,9.0,0.0,False,16.74,baseline
order_0003406,FL,GA,South,South,same_region,zone_2,7,6.0,0.0,False,28.82,baseline
order_0003407,KS,GA,Midwest,South,cross_region,zone_3,9,9.0,0.0,False,9.64,baseline
order_0003408,FL,VT,South,Northeast,cross_region,zone_3,9,9.0,0.0,False,22.03,baseline
order_0003409,ID,NE,West,Midwest,cross_region,zone_3,10,10.0,0.0,False,7.82,baseline
order_0003410,HI,GA,West,South,remote,zone_4,11,11.0,0.0,False,13.63,baseline
order_0003411,TX,UT,South,West,cross_region,zone_3,9,9.0,0.0,False,8.24,baseline
order_0003412,FL,NY,South,Northeast,cross_region,zone_3,10,,,False,10.01,baseline
order_0003413,FL,NY,South,Northeast,cross_region,zone_3,9,9.0,0.0,False,7.79,baseline
order_0003414,HI,IL,West,Midwest,remote,zone_4,11,16.0,5.0,True,13.58,baseline
order_0003415,PA,IL,Northeast,Midwest,cross_region,zone_3,10,10.0,0.0,False,9.13,baseline
order_0003416,CA,ND,West,Midwest,cross_region,zone_3,9,11.0,2.0,True,8.28,baseline
order_0003417,NJ,NY,Northeast,Northeast,same_region,zone_2,7,7.0,0.0,False,5.7,baseline
order_0003418,WV,VT,South,Northeast,cross_region,zone_3,10,10.0,0.0,False,8.92,baseline
order_0003419,CA,AZ,West,West,same_region,zone_2,7,7.0,0.0,False,21.49,baseline
order_0003420,WV,CA,South,West,cross_region,zone_3,9,9.0,0.0,False,15.15,baseline
order_0003421,LA,AK,South,West,remote,zone_4,11,10.0,0.0,False,24.5,baseline
order_0003422,GA,AK,South,West,remote,zone_4,12,11.0,0.0,False,28.59,baseline
order_0003423,FL,CA,South,West,cross_region,zone_3,9,9.0,0.0,False,8.13,baseline
order_0003424,OR,DC,West,South,cross_region,zone_3,9,9.0,0.0,False,7.86,baseline
order_0003425,NJ,IL,Northeast,Midwest,cross_region,zone_3,9,9.0,0.0,False,7.71,baseline
order_0003426,HI,FL,West,South,remote,zone_4,11,11.0,0.0,False,13.03,baseline
order_0003427,TX,AZ,South,West,cross_region,zone_3,9,8.0,0.0,False,9.5,baseline
order_0003428,CA,NJ,West,Northeast,cross_region,zone_3,9,,,False,24.6,baseline
order_0003429,NY,IL,Northeast,Midwest,cross_region,zone_3,10,10.0,0.0,False,48.79,baseline
order_0003430,PA,NM,Northeast,West,cross_region,zone_3,8,8.0,0.0,False,16.45,baseline
order_0003431,SC,WI,South,Midwest,cross_region,zone_3,8,12.0,4.0,True,25.3,baseline
order_0003432,IN,NC,Midwest,South,cross_region,zone_3,8,12.0,4.0,True,8.06,baseline
order_0003433,IL,OH,Midwest,Midwest,same_region,zone_2,7,6.0,0.0,False,5.06,baseline
order_0003434,NY,TX,Northeast,South,cross_region,zone_3,9,10.0,1.0,True,11.96,baseline
order_0003435,FL,NY,South,Northeast,cross_region,zone_3,9,12.0,3.0,True,31.56,baseline
order_0003436,OH,IL,Midwest,Midwest,same_region,zone_2,7,7.0,0.0,False,5.41,baseline
order_0003437,SC,NC,South,South,same_region,zone_2,6,11.0,5.0,True,5.49,baseline
order_0003438,IN,CA,Midwest,West,cross_region,zone_3,10,13.0,3.0,True,16.19,baseline
order_0003439,WA,AL,West,South,cross_region,zone_3,9,,,False,28.99,baseline
order_0003440,WA,GA,West,South,cross_region,zone_3,9,9.0,0.0,False,17.79,baseline
order_0003441,ID,TX,West,South,cross_region,zone_3,8,8.0,0.0,False,17.84,baseline
order_0003442,CA,CA,West,West,same_state,zone_1,5,9.0,4.0,True,9.74,baseline
order_0003443,AL,NC,South,South,same_region,zone_2,7,6.0,0.0,False,16.58,baseline
order_0003444,IL,NY,Midwest,Northeast,cross_region,zone_3,9,9.0,0.0,False,7.86,baseline
order_0003445,CA,NY,West,Northeast,cross_region,zone_3,9,13.0,4.0,True,8.12,baseline
order_0003446,OH,SD,Midwest,Midwest,same_region,zone_2,8,8.0,0.0,False,6.14,baseline
order_0003447,NM,NY,West,Northeast,cross_region,zone_3,9,9.0,0.0,False,7.69,baseline
order_0003448,LA,MO,South,Midwest,cross_region,zone_3,10,14.0,4.0,True,20.26,baseline
order_0003449,OH,MS,Midwest,South,cross_region,zone_3,9,9.0,0.0,False,9.09,baseline
order_0003450,CA,NH,West,Northeast,cross_region,zone_3,9,9.0,0.0,False,8.22,baseline
order_0003451,VA,OH,South,Midwest,cross_region,zone_3,9,9.0,0.0,False,46.49,baseline
order_0003452,AK,IL,West,Midwest,remote,zone_4,12,,,False,25.55,baseline
order_0003453,IL,TX,Midwest,South,cross_region,zone_3,9,9.0,0.0,False,11.33,baseline
order_0003454,IL,CA,Midwest,West,cross_region,zone_3,8,7.0,0.0,False,13.4,baseline
order_0003455,MA,PA,Northeast,Northeast,same_region,zone_2,8,8.0,0.0,False,8.09,baseline
order_0003456,OH,CA,Midwest,West,cross_region,zone_3,9,9.0,0.0,False,8.64,baseline
order_0003457,GA,OH,South,Midwest,cross_region,zone_3,9,,,False,7.65,baseline
order_0003458,NJ,TX,Northeast,South,cross_region,zone_3,9,8.0,0.0,False,19.22,baseline
order_0003459,IL,RI,Midwest,Northeast,cross_region,zone_3,9,9.0,0.0,False,8.87,baseline
order_0003460,GA,NY,South,Northeast,cross_region,zone_3,9,9.0,0.0,False,7.54,baseline
order_0003461,TN,NY,South,Northeast,cross_region,zone_3,9,8.0,0.0,False,8.79,baseline
order_0003462,RI,NC,Northeast,South,cross_region,zone_3,9,9.0,0.0,False,8.28,baseline
order_0003463,FL,DC,South,South,same_region,zone_2,6,,,False,5.23,baseline
order_0003464,NJ,TN,Northeast,South,cross_region,zone_3,10,10.0,0.0,False,36.85,baseline
order_0003465,MS,MA,South,Northeast,cross_region,zone_3,8,7.0,0.0,False,8.7,baseline
order_0003466,TX,FL,South,South,same_region,zone_2,7,7.0,0.0,False,11.99,baseline
order_0003467,WI,SC,Midwest,South,cross_region,zone_3,10,10.0,0.0,False,17.39,baseline
order_0003468,MA,FL,Northeast,South,cross_region,zone_3,9,9.0,0.0,False,8.18,baseline
order_0003469,NM,OR,West,West,same_region,zone_2,7,7.0,0.0,False,6.12,baseline
order_0003470,FL,WV,South,South,same_region,zone_2,7,6.0,0.0,False,9.97,baseline
order_0003471,PA,TX,Northeast,South,cross_region,zone_3,9,9.0,0.0,False,24.9,baseline
order_0003472,CA,FL,West,South,cross_region,zone_3,9,9.0,0.0,False,7.3,baseline
order_0003473,GA,MT,South,West,cross_region,zone_3,10,,,False,17.2,baseline
order_0003474,CA,AZ,West,West,same_region,zone_2,8,8.0,0.0,False,24.34,baseline
order_0003475,FL,MI,South,Midwest,cross_region,zone_3,9,9.0,0.0,False,21.69,baseline
order_0003476,NY,AL,Northeast,South,cross_region,zone_3,9,13.0,4.0,True,24.75,baseline
order_0003477,FL,IL,South,Midwest,cross_region,zone_3,8,12.0,4.0,True,22.03,baseline
order_0003478,FL,NY,South,Northeast,cross_region,zone_3,10,10.0,0.0,False,26.71,baseline
order_0003479,CA,GA,West,South,cross_region,zone_3,9,,,False,40.83,baseline
order_0003480,CA,MA,West,Northeast,cross_region,zone_3,9,8.0,0.0,False,10.28,baseline
order_0003481,OH,NM,Midwest,West,cross_region,zone_3,9,8.0,0.0,False,7.62,baseline
order_0003482,VT,NV,Northeast,West,cross_region,zone_3,9,8.0,0.0,False,8.04,baseline
order_0003483,FL,KS,South,Midwest,cross_region,zone_3,9,9.0,0.0,False,20.97,baseline
order_0003484,UT,NH,West,Northeast,cross_region,zone_3,9,,,False,10.47,baseline
order_0003485,TN,WY,South,West,cross_region,zone_3,9,,,False,8.02,baseline
order_0003486,MI,OR,Midwest,West,cross_region,zone_3,9,9.0,0.0,False,9.25,baseline
order_0003487,NY,CA,Northeast,West,cross_region,zone_3,10,10.0,0.0,False,9.11,baseline
order_0003488,IL,FL,Midwest,South,cross_region,zone_3,9,9.0,0.0,False,8.45,baseline
order_0003489,TX,UT,South,West,cross_region,zone_3,9,8.0,0.0,False,7.82,baseline
order_0003490,FL,OR,South,West,cross_region,zone_3,9,14.0,5.0,True,8.12,baseline
order_0003491,HI,CA,West,West,same_region,zone_2,7,7.0,0.0,False,7.4,baseline
order_0003492,AR,NY,South,Northeast,cross_region,zone_3,9,9.0,0.0,False,9.0,baseline
order_0003493,OR,WA,West,West,same_region,zone_2,7,7.0,0.0,False,12.2,baseline
order_0003494,NY,SC,Northeast,South,cross_region,zone_3,9,11.0,2.0,True,8.32,baseline
order_0003495,HI,CA,West,West,same_region,zone_2,6,6.0,0.0,False,5.37,baseline
order_0003496,DC,CA,South,West,cross_region,zone_3,9,9.0,0.0,False,36.19,baseline
order_0003497,HI,CA,West,West,same_region,zone_2,6,6.0,0.0,False,7.4,baseline
order_0003498,PA,NY,Northeast,Northeast,same_region,zone_2,6,6.0,0.0,False,6.66,baseline
order_0003499,FL,NH,South,Northeast,cross_region,zone_3,9,9.0,0.0,False,27.89,baseline
order_0003500,IA,PA,Midwest,Northeast,cross_region,zone_3,9,,,False,34.98,baseline
order_0003501,IL,TX,Midwest,South,cross_region,zone_3,8,8.0,0.0,False,9.51,baseline
order_0003502,IN,CT,Midwest,Northeast,cross_region,zone_3,9,11.0,2.0,True,16.71,baseline
order_0003503,NY,CA,Northeast,West,cross_region,zone_3,8,8.0,0.0,False,16.86,baseline
order_0003504,IL,NC,Midwest,South,cross_region,zone_3,9,14.0,5.0,True,9.48,baseline
order_0003505,TX,NY,South,Northeast,cross_region,zone_3,9,8.0,0.0,False,15.59,baseline
order_0003506,HI,TX,West,South,remote,zone_4,11,11.0,0.0,False,13.77,baseline
order_0003507,ID,FL,West,South,cross_region,zone_3,8,8.0,0.0,False,39.48,baseline
order_0003508,NJ,IL,Northeast,Midwest,cross_region,zone_3,9,9.0,0.0,False,23.06,baseline
order_0003509,IL,TX,Midwest,South,cross_region,zone_3,9,9.0,0.0,False,7.42,baseline
order_0003510,NJ,UT,Northeast,West,cross_region,zone_3,8,8.0,0.0,False,30.92,baseline
order_0003511,HI,DE,West,South,remote,zone_4,12,12.0,0.0,False,12.63,baseline
order_0003512,TX,WY,South,West,cross_region,zone_3,9,13.0,4.0,True,9.14,baseline
order_0003513,NY,FL,Northeast,South,cross_region,zone_3,9,9.0,0.0,False,8.59,baseline
order_0003514,NJ,PA,Northeast,Northeast,same_region,zone_2,7,,,False,5.05,baseline
order_0003515,HI,NC,West,South,remote,zone_4,11,13.0,2.0,True,11.69,baseline
order_0003516,GA,NY,South,Northeast,cross_region,zone_3,9,8.0,0.0,False,8.54,baseline
order_0003517,TX,CA,South,West,cross_region,zone_3,9,9.0,0.0,False,8.35,baseline
order_0003518,NY,MI,Northeast,Midwest,cross_region,zone_3,9,9.0,0.0,False,15.52,baseline
order_0003519,WV,AZ,South,West,cross_region,zone_3,9,9.0,0.0,False,8.51,baseline
order_0003520,CT,MT,Northeast,West,cross_region,zone_3,9,9.0,0.0,False,7.86,baseline
order_0003521,TX,CA,South,West,cross_region,zone_3,9,11.0,2.0,True,8.03,baseline
order_0003522,IL,NY,Midwest,Northeast,cross_region,zone_3,9,9.0,0.0,False,8.95,baseline
order_0003523,TX,AL,South,South,same_region,zone_2,7,7.0,0.0,False,5.73,baseline
order_0003524,TX,CA,South,West,cross_region,zone_3,9,10.0,1.0,True,27.46,baseline
order_0003525,HI,MD,West,South,remote,zone_4,11,15.0,4.0,True,17.05,baseline
order_0003526,NY,TX,Northeast,South,cross_region,zone_3,8,8.0,0.0,False,41.81,baseline
order_0003527,LA,VT,South,Northeast,cross_region,zone_3,8,8.0,0.0,False,35.11,baseline
order_0003528,OH,ID,Midwest,West,cross_region,zone_3,10,10.0,0.0,False,19.29,baseline
order_0003529,OH,KY,Midwest,South,cross_region,zone_3,10,9.0,0.0,False,30.98,baseline
order_0003530,TX,SC,South,South,same_region,zone_2,7,7.0,0.0,False,10.35,baseline
order_0003531,WA,MA,West,Northeast,cross_region,zone_3,10,,,False,18.63,baseline
order_0003532,IL,ID,Midwest,West,cross_region,zone_3,9,9.0,0.0,False,7.67,baseline
order_0003533,NJ,OH,Northeast,Midwest,cross_region,zone_3,9,8.0,0.0,False,15.39,baseline
order_0003534,OR,MI,West,Midwest,cross_region,zone_3,9,9.0,0.0,False,41.31,baseline
order_0003535,NJ,OH,Northeast,Midwest,cross_region,zone_3,8,7.0,0.0,False,8.38,baseline
order_0003536,WA,NC,West,South,cross_region,zone_3,9,9.0,0.0,False,8.39,baseline
order_0003537,TN,FL,South,South,same_region,zone_2,7,7.0,0.0,False,5.88,baseline
order_0003538,TX,NM,South,West,cross_region,zone_3,9,9.0,0.0,False,17.93,baseline
order_0003539,NY,IL,Northeast,Midwest,cross_region,zone_3,9,8.0,0.0,False,18.57,baseline
order_0003540,FL,DE,South,South,same_region,zone_2,8,8.0,0.0,False,5.74,baseline
order_0003541,HI,OH,West,Midwest,remote,zone_4,11,11.0,0.0,False,11.94,baseline
order_0003542,NY,IA,Northeast,Midwest,cross_region,zone_3,9,12.0,3.0,True,8.46,baseline
order_0003543,TX,WI,South,Midwest,cross_region,zone_3,10,9.0,0.0,False,29.31,baseline
order_0003544,KY,OH,South,Midwest,cross_region,zone_3,10,10.0,0.0,False,7.59,baseline
order_0003545,WV,CA,South,West,cross_region,zone_3,9,9.0,0.0,False,20.27,baseline
order_0003546,PA,CA,Northeast,West,cross_region,zone_3,8,8.0,0.0,False,26.84,baseline
order_0003547,NJ,CA,Northeast,West,cross_region,zone_3,8,7.0,0.0,False,9.57,baseline
order_0003548,PA,GA,Northeast,South,cross_region,zone_3,8,8.0,0.0,False,8.2,baseline
order_0003549,IL,SD,Midwest,Midwest,same_region,zone_2,7,6.0,0.0,False,6.03,baseline
order_0003550,NY,NY,Northeast,Northeast,same_state,zone_1,4,,,False,8.0,baseline
order_0003551,NJ,OR,Northeast,West,cross_region,zone_3,9,9.0,0.0,False,8.09,baseline
order_0003552,NY,CA,Northeast,West,cross_region,zone_3,9,9.0,0.0,False,8.12,baseline
order_0003553,CA,TN,West,South,cross_region,zone_3,9,9.0,0.0,False,10.14,baseline
order_0003554,WY,OR,West,West,same_region,zone_2,7,6.0,0.0,False,16.56,baseline
order_0003555,NJ,MI,Northeast,Midwest,cross_region,zone_3,9,9.0,0.0,False,9.02,baseline
order_0003556,IL,IL,Midwest,Midwest,same_state,zone_1,5,5.0,0.0,False,23.62,baseline
order_0003557,CA,VT,West,Northeast,cross_region,zone_3,9,12.0,3.0,True,15.9,baseline
order_0003558,GA,TX,South,South,same_region,zone_2,7,7.0,0.0,False,5.07,baseline
order_0003559,TX,TX,South,South,same_state,zone_1,5,4.0,0.0,False,4.82,baseline
order_0003560,FL,CA,South,West,cross_region,zone_3,9,9.0,0.0,False,7.98,baseline
order_0003561,AZ,NC,West,South,cross_region,zone_3,8,7.0,0.0,False,7.72,baseline
order_0003562,KS,CA,Midwest,West,cross_region,zone_3,10,10.0,0.0,False,18.9,baseline
order_0003563,IL,AR,Midwest,South,cross_region,zone_3,9,9.0,0.0,False,10.03,baseline
order_0003564,FL,NH,South,Northeast,cross_region,zone_3,8,8.0,0.0,False,9.35,baseline
order_0003565,AR,FL,South,South,same_region,zone_2,8,12.0,4.0,True,8.65,baseline
order_0003566,NM,FL,West,South,cross_region,zone_3,9,9.0,0.0,False,7.75,baseline
order_0003567,NJ,MI,Northeast,Midwest,cross_region,zone_3,9,,,False,24.12,baseline
order_0003568,FL,NC,South,South,same_region,zone_2,8,9.0,1.0,True,36.66,baseline
order_0003569,NJ,CA,Northeast,West,cross_region,zone_3,9,12.0,3.0,True,9.03,baseline
order_0003570,AL,TX,South,South,same_region,zone_2,7,7.0,0.0,False,8.21,baseline
order_0003571,NV,NE,West,Midwest,cross_region,zone_3,8,13.0,5.0,True,7.37,baseline
order_0003572,OH,CA,Midwest,West,cross_region,zone_3,9,9.0,0.0,False,7.7,baseline
order_0003573,TX,CA,South,West,cross_region,zone_3,9,8.0,0.0,False,8.59,baseline
order_0003574,IL,TN,Midwest,South,cross_region,zone_3,8,8.0,0.0,False,7.31,baseline
order_0003575,TX,AZ,South,West,cross_region,zone_3,9,9.0,0.0,False,35.81,baseline
order_0003576,CA,PA,West,Northeast,cross_region,zone_3,9,9.0,0.0,False,8.27,baseline
order_0003577,GA,CA,South,West,cross_region,zone_3,9,9.0,0.0,False,9.24,baseline
order_0003578,IL,TX,Midwest,South,cross_region,zone_3,10,10.0,0.0,False,25.72,baseline
order_0003579,NY,HI,Northeast,West,remote,zone_4,12,12.0,0.0,False,11.73,baseline
order_0003580,DE,CT,South,Northeast,cross_region,zone_3,9,9.0,0.0,False,17.77,baseline
order_0003581,PA,SC,Northeast,South,cross_region,zone_3,9,9.0,0.0,False,8.97,baseline
order_0003582,FL,GA,South,South,same_region,zone_2,7,6.0,0.0,False,17.23,baseline
order_0003583,TX,IA,South,Midwest,cross_region,zone_3,9,9.0,0.0,False,7.23,baseline
order_0003584,PA,CA,Northeast,West,cross_region,zone_3,9,9.0,0.0,False,11.53,baseline
order_0003585,NY,KS,Northeast,Midwest,cross_region,zone_3,8,8.0,0.0,False,9.31,baseline
order_0003586,NY,NY,Northeast,Northeast,same_state,zone_1,5,5.0,0.0,False,5.02,baseline
order_0003587,GA,WY,South,West,cross_region,zone_3,9,9.0,0.0,False,24.91,baseline
order_0003588,FL,NC,South,South,same_region,zone_2,7,6.0,0.0,False,5.82,baseline
order_0003589,NY,PA,Northeast,Northeast,same_region,zone_2,7,10.0,3.0,True,5.13,baseline
order_0003590,CA,CT,West,Northeast,cross_region,zone_3,9,8.0,0.0,False,38.0,baseline
order_0003591,NH,MD,Northeast,South,cross_region,zone_3,9,,,False,18.66,baseline
order_0003592,HI,IL,West,Midwest,remote,zone_4,11,10.0,0.0,False,43.35,baseline
order_0003593,CT,GA,Northeast,South,cross_region,zone_3,9,9.0,0.0,False,21.79,baseline
order_0003594,NJ,LA,Northeast,South,cross_region,zone_3,9,9.0,0.0,False,9.05,baseline
order_0003595,WI,CO,Midwest,West,cross_region,zone_3,9,9.0,0.0,False,8.61,baseline
order_0003596,CA,PA,West,Northeast,cross_region,zone_3,9,14.0,5.0,True,8.68,baseline
order_0003597,MA,CT,Northeast,Northeast,same_region,zone_2,7,,,False,5.54,baseline
order_0003598,WY,NY,West,Northeast,cross_region,zone_3,9,9.0,0.0,False,17.41,baseline
order_0003599,NY,FL,Northeast,South,cross_region,zone_3,8,8.0,0.0,False,9.13,baseline
order_0003600,GA,NH,South,Northeast,cross_region,zone_3,9,9.0,0.0,False,9.38,baseline
order_0003601,HI,MS,West,South,remote,zone_4,11,11.0,0.0,False,12.86,baseline
order_0003602,PA,FL,Northeast,South,cross_region,zone_3,9,11.0,2.0,True,7.22,baseline
order_0003603,FL,PA,South,Northeast,cross_region,zone_3,10,15.0,5.0,True,9.45,baseline
order_0003604,NY,LA,Northeast,South,cross_region,zone_3,9,8.0,0.0,False,26.69,baseline
order_0003605,NY,FL,Northeast,South,cross_region,zone_3,8,7.0,0.0,False,8.11,baseline
order_0003606,TX,ND,South,Midwest,cross_region,zone_3,10,9.0,0.0,False,8.6,baseline
order_0003607,PA,OH,Northeast,Midwest,cross_region,zone_3,9,14.0,5.0,True,7.68,baseline
order_0003608,CA,PA,West,Northeast,cross_region,zone_3,10,11.0,1.0,True,41.44,baseline
order_0003609,GA,NC,South,South,same_region,zone_2,7,7.0,0.0,False,6.48,baseline
order_0003610,CA,GA,West,South,cross_region,zone_3,9,9.0,0.0,False,7.7,baseline
order_0003611,IL,UT,Midwest,West,cross_region,zone_3,9,8.0,0.0,False,17.5,baseline
order_0003612,NY,TX,Northeast,South,cross_region,zone_3,8,8.0,0.0,False,7.64,baseline
order_0003613,WA,NJ,West,Northeast,cross_region,zone_3,9,,,False,8.41,baseline
order_0003614,NY,NC,Northeast,South,cross_region,zone_3,9,9.0,0.0,False,10.26,baseline
order_0003615,TX,KY,South,South,same_region,zone_2,8,7.0,0.0,False,5.58,baseline
order_0003616,TX,OH,South,Midwest,cross_region,zone_3,9,10.0,1.0,True,9.91,baseline
order_0003617,NM,FL,West,South,cross_region,zone_3,9,9.0,0.0,False,8.22,baseline
order_0003618,FL,CA,South,West,cross_region,zone_3,9,9.0,0.0,False,16.28,baseline
order_0003619,FL,DC,South,South,same_region,zone_2,7,6.0,0.0,False,5.66,baseline
order_0003620,SC,NV,South,West,cross_region,zone_3,10,,,False,8.55,baseline
order_0003621,OH,ME,Midwest,Northeast,cross_region,zone_3,9,9.0,0.0,False,8.42,baseline
order_0003622,OK,IA,South,Midwest,cross_region,zone_3,9,14.0,5.0,True,9.46,baseline
order_0003623,NJ,CA,Northeast,West,cross_region,zone_3,10,10.0,0.0,False,10.46,baseline
order_0003624,NM,TX,West,South,cross_region,zone_3,9,8.0,0.0,False,25.56,baseline
order_0003625,FL,NY,South,Northeast,cross_region,zone_3,10,9.0,0.0,False,10.98,baseline
order_0003626,GA,MD,South,South,same_region,zone_2,7,9.0,2.0,True,11.15,baseline
order_0003627,GA,PA,South,Northeast,cross_region,zone_3,9,8.0,0.0,False,7.4,baseline
order_0003628,NJ,NM,Northeast,West,cross_region,zone_3,9,8.0,0.0,False,17.49,baseline
order_0003629,WI,OH,Midwest,Midwest,same_region,zone_2,7,7.0,0.0,False,6.65,baseline
order_0003630,CA,FL,West,South,cross_region,zone_3,8,8.0,0.0,False,7.63,baseline
order_0003631,WV,OH,South,Midwest,cross_region,zone_3,9,,,False,10.77,baseline
order_0003632,CA,IA,West,Midwest,cross_region,zone_3,9,9.0,0.0,False,8.2,baseline
order_0003633,PA,CA,Northeast,West,cross_region,zone_3,9,9.0,0.0,False,24.08,baseline
order_0003634,NJ,TN,Northeast,South,cross_region,zone_3,9,9.0,0.0,False,8.18,baseline
order_0003635,LA,AR,South,South,same_region,zone_2,6,5.0,0.0,False,11.59,baseline
order_0003636,TX,NY,South,Northeast,cross_region,zone_3,9,8.0,0.0,False,16.17,baseline
order_0003637,MI,CA,Midwest,West,cross_region,zone_3,9,9.0,0.0,False,45.15,baseline
order_0003638,CA,OH,West,Midwest,cross_region,zone_3,9,9.0,0.0,False,9.61,baseline
order_0003639,CO,TX,West,South,cross_region,zone_3,9,8.0,0.0,False,8.8,baseline
order_0003640,NY,WV,Northeast,South,cross_region,zone_3,8,8.0,0.0,False,8.24,baseline
order_0003641,CA,KY,West,South,cross_region,zone_3,10,10.0,0.0,False,19.27,baseline
order_0003642,IL,AR,Midwest,South,cross_region,zone_3,9,13.0,4.0,True,29.37,baseline
order_0003643,FL,IL,South,Midwest,cross_region,zone_3,8,8.0,0.0,False,8.14,baseline
order_0003644,NM,TX,West,South,cross_region,zone_3,9,9.0,0.0,False,35.55,baseline
order_0003645,SD,TX,Midwest,South,cross_region,zone_3,9,9.0,0.0,False,8.55,baseline
order_0003646,MI,WV,Midwest,South,cross_region,zone_3,10,13.0,3.0,True,10.09,baseline
order_0003647,TX,SC,South,South,same_region,zone_2,7,7.0,0.0,False,10.83,baseline
order_0003648,TX,TX,South,South,same_state,zone_1,5,,,False,15.83,baseline
order_0003649,IL,TX,Midwest,South,cross_region,zone_3,9,12.0,3.0,True,16.49,baseline
order_0003650,FL,OH,South,Midwest,cross_region,zone_3,8,8.0,0.0,False,8.76,baseline
order_0003651,ND,NY,Midwest,Northeast,cross_region,zone_3,10,,,False,21.06,baseline
order_0003652,GA,PA,South,Northeast,cross_region,zone_3,9,12.0,3.0,True,7.77,baseline
order_0003653,WV,NY,South,Northeast,cross_region,zone_3,9,14.0,5.0,True,9.87,baseline
order_0003654,FL,OR,South,West,cross_region,zone_3,9,9.0,0.0,False,17.38,baseline
order_0003655,TX,CA,South,West,cross_region,zone_3,9,9.0,0.0,False,8.19,baseline
order_0003656,DC,TX,South,South,same_region,zone_2,8,7.0,0.0,False,20.3,baseline
order_0003657,OR,VA,West,South,cross_region,zone_3,9,12.0,3.0,True,9.92,baseline
order_0003658,FL,KY,South,South,same_region,zone_2,7,6.0,0.0,False,12.55,baseline
order_0003659,IA,NY,Midwest,Northeast,cross_region,zone_3,9,9.0,0.0,False,16.99,baseline
order_0003660,CA,IL,West,Midwest,cross_region,zone_3,9,12.0,3.0,True,7.55,baseline
order_0003661,NC,CA,South,West,cross_region,zone_3,9,11.0,2.0,True,18.94,baseline
order_0003662,NY,FL,Northeast,South,cross_region,zone_3,9,9.0,0.0,False,17.33,baseline
order_0003663,FL,TX,South,South,same_region,zone_2,7,7.0,0.0,False,9.31,baseline
order_0003664,IL,GA,Midwest,South,cross_region,zone_3,9,9.0,0.0,False,7.56,baseline
order_0003665,AK,MT,West,West,same_region,zone_2,7,7.0,0.0,False,12.81,baseline
order_0003666,TN,FL,South,South,same_region,zone_2,6,6.0,0.0,False,6.41,baseline
order_0003667,CA,CT,West,Northeast,cross_region,zone_3,9,8.0,0.0,False,8.05,baseline
order_0003668,NY,MN,Northeast,Midwest,cross_region,zone_3,9,10.0,1.0,True,8.91,baseline
order_0003669,NJ,CA,Northeast,West,cross_region,zone_3,10,10.0,0.0,False,18.05,baseline
order_0003670,FL,CA,South,West,cross_region,zone_3,9,9.0,0.0,False,7.76,baseline
order_0003671,CA,ND,West,Midwest,cross_region,zone_3,9,14.0,5.0,True,8.35,baseline
order_0003672,CA,TN,West,South,cross_region,zone_3,9,9.0,0.0,False,15.1,baseline
order_0003673,PA,OH,Northeast,Midwest,cross_region,zone_3,9,8.0,0.0,False,7.88,baseline
order_0003674,FL,MI,South,Midwest,cross_region,zone_3,10,9.0,0.0,False,18.13,baseline
order_0003675,LA,NY,South,Northeast,cross_region,zone_3,8,7.0,0.0,False,15.68,baseline
order_0003676,CA,NY,West,Northeast,cross_region,zone_3,10,10.0,0.0,False,8.4,baseline
order_0003677,CA,CA,West,West,same_state,zone_1,5,5.0,0.0,False,4.82,baseline
order_0003678,WA,NY,West,Northeast,cross_region,zone_3,8,8.0,0.0,False,8.42,baseline
order_0003679,NV,DC,West,South,cross_region,zone_3,9,9.0,0.0,False,8.12,baseline
order_0003680,MT,TX,West,South,cross_region,zone_3,10,10.0,0.0,False,20.13,baseline
order_0003681,FL,VA,South,South,same_region,zone_2,7,,,False,21.32,baseline
order_0003682,TX,MO,South,Midwest,cross_region,zone_3,9,14.0,5.0,True,31.55,baseline
order_0003683,OR,PA,West,Northeast,cross_region,zone_3,10,10.0,0.0,False,8.8,baseline
order_0003684,WV,NY,South,Northeast,cross_region,zone_3,9,9.0,0.0,False,7.83,baseline
order_0003685,NM,NV,West,West,same_region,zone_2,7,7.0,0.0,False,12.39,baseline
order_0003686,WA,UT,West,West,same_region,zone_2,6,5.0,0.0,False,22.74,baseline
order_0003687,GA,MT,South,West,cross_region,zone_3,10,10.0,0.0,False,10.85,baseline
order_0003688,IL,CA,Midwest,West,cross_region,zone_3,9,13.0,4.0,True,7.4,baseline
order_0003689,AR,ND,South,Midwest,cross_region,zone_3,9,9.0,0.0,False,29.67,baseline
order_0003690,GA,MS,South,South,same_region,zone_2,8,8.0,0.0,False,14.17,baseline
order_0003691,PA,AR,Northeast,South,cross_region,zone_3,8,8.0,0.0,False,45.38,baseline
order_0003692,FL,CA,South,West,cross_region,zone_3,9,9.0,0.0,False,21.89,baseline
order_0003693,VA,MA,South,Northeast,cross_region,zone_3,9,9.0,0.0,False,32.32,baseline
order_0003694,FL,WY,South,West,cross_region,zone_3,9,,,False,10.33,baseline
order_0003695,TX,NY,South,Northeast,cross_region,zone_3,9,,,False,11.55,baseline
order_0003696,CA,FL,West,South,cross_region,zone_3,9,8.0,0.0,False,8.58,baseline
order_0003697,NV,TX,West,South,cross_region,zone_3,9,8.0,0.0,False,16.12,baseline
order_0003698,NM,CA,West,West,same_region,zone_2,7,6.0,0.0,False,5.62,baseline
order_0003699,CA,FL,West,South,cross_region,zone_3,9,9.0,0.0,False,26.04,baseline
order_0003700,VA,AL,South,South,same_region,zone_2,7,,,False,10.22,baseline
order_0003701,GA,TX,South,South,same_region,zone_2,7,7.0,0.0,False,14.17,baseline
order_0003702,NJ,UT,Northeast,West,cross_region,zone_3,9,14.0,5.0,True,23.81,baseline
order_0003703,PA,ID,Northeast,West,cross_region,zone_3,9,8.0,0.0,False,8.89,baseline
order_0003704,IL,ID,Midwest,West,cross_region,zone_3,9,9.0,0.0,False,12.02,baseline
order_0003705,NJ,NH,Northeast,Northeast,same_region,zone_2,7,10.0,3.0,True,4.9,baseline
order_0003706,IL,UT,Midwest,West,cross_region,zone_3,10,10.0,0.0,False,9.05,baseline
order_0003707,FL,KS,South,Midwest,cross_region,zone_3,9,9.0,0.0,False,10.22,baseline
order_0003708,IL,NY,Midwest,Northeast,cross_region,zone_3,9,,,False,8.3,baseline
order_0003709,NJ,FL,Northeast,South,cross_region,zone_3,9,9.0,0.0,False,9.01,baseline
order_0003710,MT,PA,West,Northeast,cross_region,zone_3,8,7.0,0.0,False,17.35,baseline
order_0003711,PA,IL,Northeast,Midwest,cross_region,zone_3,9,,,False,20.93,baseline
order_0003712,NV,CA,West,West,same_region,zone_2,7,7.0,0.0,False,5.45,baseline
order_0003713,TX,MN,South,Midwest,cross_region,zone_3,9,10.0,1.0,True,56.74,baseline
order_0003714,TX,MD,South,South,same_region,zone_2,7,7.0,0.0,False,7.71,baseline
order_0003715,FL,ME,South,Northeast,cross_region,zone_3,9,8.0,0.0,False,36.08,baseline
order_0003716,CA,OH,West,Midwest,cross_region,zone_3,9,9.0,0.0,False,9.94,baseline
order_0003717,CA,DC,West,South,cross_region,zone_3,9,9.0,0.0,False,8.26,baseline
order_0003718,FL,CT,South,Northeast,cross_region,zone_3,9,9.0,0.0,False,7.35,baseline
order_0003719,MN,NC,Midwest,South,cross_region,zone_3,9,9.0,0.0,False,45.68,baseline
order_0003720,NY,KS,Northeast,Midwest,cross_region,zone_3,8,8.0,0.0,False,10.86,baseline
order_0003721,CA,MN,West,Midwest,cross_region,zone_3,9,9.0,0.0,False,18.09,baseline
order_0003722,OR,CA,West,West,same_region,zone_2,7,7.0,0.0,False,5.22,baseline
order_0003723,WA,KS,West,Midwest,cross_region,zone_3,9,9.0,0.0,False,17.04,baseline
order_0003724,FL,FL,South,South,same_state,zone_1,4,4.0,0.0,False,4.15,baseline
order_0003725,TX,MO,South,Midwest,cross_region,zone_3,9,9.0,0.0,False,43.15,baseline
order_0003726,PA,IL,Northeast,Midwest,cross_region,zone_3,9,8.0,0.0,False,7.64,baseline
order_0003727,TX,OK,South,South,same_region,zone_2,7,7.0,0.0,False,5.74,baseline
order_0003728,MS,MI,South,Midwest,cross_region,zone_3,8,10.0,2.0,True,20.71,baseline
order_0003729,CA,MI,West,Midwest,cross_region,zone_3,9,9.0,0.0,False,7.69,baseline
order_0003730,AR,DC,South,South,same_region,zone_2,7,6.0,0.0,False,5.04,baseline
order_0003731,GA,TX,South,South,same_region,zone_2,7,7.0,0.0,False,10.62,baseline
order_0003732,IL,MO,Midwest,Midwest,same_region,zone_2,7,7.0,0.0,False,6.48,baseline
order_0003733,IL,NC,Midwest,South,cross_region,zone_3,9,13.0,4.0,True,9.65,baseline
order_0003734,CT,CA,Northeast,West,cross_region,zone_3,9,9.0,0.0,False,8.03,baseline
order_0003735,LA,NY,South,Northeast,cross_region,zone_3,9,9.0,0.0,False,26.09,baseline
order_0003736,NY,OH,Northeast,Midwest,cross_region,zone_3,9,8.0,0.0,False,31.55,baseline
order_0003737,FL,MO,South,Midwest,cross_region,zone_3,9,9.0,0.0,False,7.69,baseline
order_0003738,ND,TX,Midwest,South,cross_region,zone_3,9,,,False,8.18,baseline
order_0003739,CA,IL,West,Midwest,cross_region,zone_3,9,9.0,0.0,False,23.64,baseline
order_0003740,LA,AZ,South,West,cross_region,zone_3,8,8.0,0.0,False,33.54,baseline
order_0003741,PA,CO,Northeast,West,cross_region,zone_3,9,9.0,0.0,False,8.0,baseline
order_0003742,NJ,NY,Northeast,Northeast,same_region,zone_2,7,7.0,0.0,False,12.33,baseline
order_0003743,OH,NJ,Midwest,Northeast,cross_region,zone_3,8,8.0,0.0,False,33.78,baseline
order_0003744,GA,NC,South,South,same_region,zone_2,7,7.0,0.0,False,32.59,baseline
order_0003745,NJ,CA,Northeast,West,cross_region,zone_3,9,8.0,0.0,False,20.72,baseline
order_0003746,PA,FL,Northeast,South,cross_region,zone_3,9,9.0,0.0,False,18.24,baseline
order_0003747,NJ,IA,Northeast,Midwest,cross_region,zone_3,10,10.0,0.0,False,8.71,baseline
order_0003748,PA,LA,Northeast,South,cross_region,zone_3,8,12.0,4.0,True,8.18,baseline
order_0003749,FL,MA,South,Northeast,cross_region,zone_3,9,8.0,0.0,False,15.76,baseline
order_0003750,NV,PA,West,Northeast,cross_region,zone_3,9,9.0,0.0,False,8.15,baseline
order_0003751,TN,OR,South,West,cross_region,zone_3,9,9.0,0.0,False,16.57,baseline
order_0003752,FL,TX,South,South,same_region,zone_2,7,7.0,0.0,False,15.21,baseline
order_0003753,PA,GA,Northeast,South,cross_region,zone_3,9,9.0,0.0,False,8.57,baseline
order_0003754,CA,NY,West,Northeast,cross_region,zone_3,9,9.0,0.0,False,8.18,baseline
order_0003755,NY,TX,Northeast,South,cross_region,zone_3,8,7.0,0.0,False,9.63,baseline
order_0003756,PA,KS,Northeast,Midwest,cross_region,zone_3,9,8.0,0.0,False,16.91,baseline
order_0003757,IL,OH,Midwest,Midwest,same_region,zone_2,7,8.0,1.0,True,39.2,baseline
order_0003758,TX,NY,South,Northeast,cross_region,zone_3,9,9.0,0.0,False,37.02,baseline
order_0003759,IL,PA,Midwest,Northeast,cross_region,zone_3,9,9.0,0.0,False,7.5,baseline
order_0003760,CA,MA,West,Northeast,cross_region,zone_3,9,8.0,0.0,False,25.06,baseline
order_0003761,NJ,NC,Northeast,South,cross_region,zone_3,9,,,False,24.01,baseline
order_0003762,TX,LA,South,South,same_region,zone_2,7,7.0,0.0,False,17.75,baseline
order_0003763,SD,NE,Midwest,Midwest,same_region,zone_2,7,6.0,0.0,False,6.41,baseline
order_0003764,NY,WY,Northeast,West,cross_region,zone_3,9,8.0,0.0,False,8.69,baseline
order_0003765,MA,AR,Northeast,South,cross_region,zone_3,9,9.0,0.0,False,9.6,baseline
order_0003766,NH,MI,Northeast,Midwest,cross_region,zone_3,9,,,False,7.69,baseline
order_0003767,IN,TX,Midwest,South,cross_region,zone_3,10,15.0,5.0,True,10.56,baseline
order_0003768,TX,MI,South,Midwest,cross_region,zone_3,9,,,False,9.44,baseline
order_0003769,MI,MS,Midwest,South,cross_region,zone_3,9,,,False,8.42,baseline
order_0003770,TX,OK,South,South,same_region,zone_2,7,7.0,0.0,False,5.27,baseline
order_0003771,NY,NY,Northeast,Northeast,same_state,zone_1,5,5.0,0.0,False,4.47,baseline
order_0003772,FL,FL,South,South,same_state,zone_1,5,4.0,0.0,False,4.78,baseline
order_0003773,OH,NY,Midwest,Northeast,cross_region,zone_3,9,8.0,0.0,False,18.32,baseline
order_0003774,MO,SD,Midwest,Midwest,same_region,zone_2,7,7.0,0.0,False,5.56,baseline
order_0003775,NJ,GA,Northeast,South,cross_region,zone_3,9,9.0,0.0,False,8.19,baseline
order_0003776,FL,GA,South,South,same_region,zone_2,7,9.0,2.0,True,25.39,baseline
order_0003777,MS,ME,South,Northeast,cross_region,zone_3,8,8.0,0.0,False,14.39,baseline
order_0003778,NY,NC,Northeast,South,cross_region,zone_3,9,9.0,0.0,False,8.71,baseline
order_0003779,MT,MT,West,West,same_state,zone_1,6,8.0,2.0,True,10.45,baseline
order_0003780,KY,FL,South,South,same_region,zone_2,7,,,False,13.36,baseline
order_0003781,MS,CO,South,West,cross_region,zone_3,10,10.0,0.0,False,24.38,baseline
order_0003782,IA,NY,Midwest,Northeast,cross_region,zone_3,9,9.0,0.0,False,16.85,baseline
order_0003783,PA,NY,Northeast,Northeast,same_region,zone_2,8,,,False,28.64,baseline
order_0003784,WI,CA,Midwest,West,cross_region,zone_3,9,9.0,0.0,False,12.69,baseline
order_0003785,NY,CA,Northeast,West,cross_region,zone_3,8,8.0,0.0,False,7.6,baseline
order_0003786,OH,NM,Midwest,West,cross_region,zone_3,9,8.0,0.0,False,24.04,baseline
order_0003787,CA,TN,West,South,cross_region,zone_3,9,8.0,0.0,False,33.7,baseline
order_0003788,CO,CA,West,West,same_region,zone_2,7,8.0,1.0,True,11.71,baseline
order_0003789,CA,CA,West,West,same_state,zone_1,5,4.0,0.0,False,6.16,baseline
order_0003790,HI,MT,West,West,same_region,zone_2,7,7.0,0.0,False,5.27,baseline
order_0003791,NY,LA,Northeast,South,cross_region,zone_3,8,8.0,0.0,False,16.8,baseline
order_0003792,HI,LA,West,South,remote,zone_4,11,12.0,1.0,True,12.65,baseline
order_0003793,VA,FL,South,South,same_region,zone_2,8,8.0,0.0,False,18.39,baseline
order_0003794,AL,MT,South,West,cross_region,zone_3,9,9.0,0.0,False,7.3,baseline
order_0003795,MN,MS,Midwest,South,cross_region,zone_3,8,8.0,0.0,False,8.13,baseline
order_0003796,WI,CA,Midwest,West,cross_region,zone_3,9,9.0,0.0,False,9.47,baseline
order_0003797,CT,MT,Northeast,West,cross_region,zone_3,9,9.0,0.0,False,7.55,baseline
order_0003798,TN,FL,South,South,same_region,zone_2,7,8.0,1.0,True,6.23,baseline
order_0003799,TX,NE,South,Midwest,cross_region,zone_3,10,10.0,0.0,False,8.67,baseline
order_0003800,TX,CA,South,West,cross_region,zone_3,10,10.0,0.0,False,19.01,baseline
order_0003801,CA,FL,West,South,cross_region,zone_3,9,14.0,5.0,True,8.06,baseline
order_0003802,OH,ID,Midwest,West,cross_region,zone_3,9,9.0,0.0,False,7.81,baseline
order_0003803,TX,NY,South,Northeast,cross_region,zone_3,9,9.0,0.0,False,13.01,baseline
order_0003804,TX,MT,South,West,cross_region,zone_3,9,11.0,2.0,True,7.78,baseline
order_0003805,TX,CA,South,West,cross_region,zone_3,9,8.0,0.0,False,16.25,baseline
order_0003806,OR,ID,West,West,same_region,zone_2,7,9.0,2.0,True,17.6,baseline
order_0003807,PA,FL,Northeast,South,cross_region,zone_3,10,12.0,2.0,True,17.25,baseline
order_0003808,OH,NV,Midwest,West,cross_region,zone_3,9,8.0,0.0,False,8.37,baseline
order_0003809,NV,DC,West,South,cross_region,zone_3,9,9.0,0.0,False,8.1,baseline
order_0003810,FL,NJ,South,Northeast,cross_region,zone_3,9,9.0,0.0,False,16.22,baseline
order_0003811,CA,TX,West,South,cross_region,zone_3,9,9.0,0.0,False,9.11,baseline
order_0003812,GA,PA,South,Northeast,cross_region,zone_3,10,9.0,0.0,False,47.26,baseline
order_0003813,FL,TX,South,South,same_region,zone_2,6,6.0,0.0,False,5.69,baseline
order_0003814,TX,MI,South,Midwest,cross_region,zone_3,9,11.0,2.0,True,7.68,baseline
order_0003815,WV,PA,South,Northeast,cross_region,zone_3,9,8.0,0.0,False,15.87,baseline
order_0003816,CO,TN,West,South,cross_region,zone_3,9,,,False,8.64,baseline
order_0003817,AZ,KS,West,Midwest,cross_region,zone_3,9,9.0,0.0,False,43.69,baseline
order_0003818,AR,MN,South,Midwest,cross_region,zone_3,9,9.0,0.0,False,7.41,baseline
order_0003819,CA,NY,West,Northeast,cross_region,zone_3,9,9.0,0.0,False,8.05,baseline
order_0003820,IL,WV,Midwest,South,cross_region,zone_3,9,12.0,3.0,True,8.8,baseline
order_0003821,WA,NY,West,Northeast,cross_region,zone_3,9,9.0,0.0,False,19.54,baseline
order_0003822,IL,NC,Midwest,South,cross_region,zone_3,10,9.0,0.0,False,29.37,baseline
order_0003823,NY,CA,Northeast,West,cross_region,zone_3,9,9.0,0.0,False,9.21,baseline
order_0003824,TX,NE,South,Midwest,cross_region,zone_3,9,8.0,0.0,False,8.16,baseline
order_0003825,IL,GA,Midwest,South,cross_region,zone_3,9,8.0,0.0,False,20.49,baseline
order_0003826,IL,CO,Midwest,West,cross_region,zone_3,9,9.0,0.0,False,31.74,baseline
order_0003827,SD,IL,Midwest,Midwest,same_region,zone_2,8,7.0,0.0,False,18.41,baseline
order_0003828,CA,MO,West,Midwest,cross_region,zone_3,9,8.0,0.0,False,19.73,baseline
order_0003829,CA,CA,West,West,same_state,zone_1,6,6.0,0.0,False,4.29,baseline
order_0003830,GA,TX,South,South,same_region,zone_2,7,6.0,0.0,False,12.26,baseline
order_0003831,FL,CA,South,West,cross_region,zone_3,9,9.0,0.0,False,8.62,baseline
order_0003832,CA,OR,West,West,same_region,zone_2,6,6.0,0.0,False,5.48,baseline
order_0003833,HI,TX,West,South,remote,zone_4,11,10.0,0.0,False,12.72,baseline
order_0003834,OR,OH,West,Midwest,cross_region,zone_3,9,9.0,0.0,False,8.51,baseline
order_0003835,IA,VA,Midwest,South,cross_region,zone_3,9,9.0,0.0,False,19.43,baseline
order_0003836,OH,NV,Midwest,West,cross_region,zone_3,10,15.0,5.0,True,46.86,baseline
order_0003837,IL,IL,Midwest,Midwest,same_state,zone_1,5,,,False,8.71,baseline
order_0003838,NY,GA,Northeast,South,cross_region,zone_3,8,8.0,0.0,False,8.41,baseline
order_0003839,FL,UT,South,West,cross_region,zone_3,10,10.0,0.0,False,34.55,baseline
order_0003840,TX,IA,South,Midwest,cross_region,zone_3,9,9.0,0.0,False,35.14,baseline
order_0003841,NJ,ID,Northeast,West,cross_region,zone_3,9,9.0,0.0,False,21.55,baseline
order_0003842,HI,FL,West,South,remote,zone_4,11,11.0,0.0,False,66.09,baseline
order_0003843,NY,TX,Northeast,South,cross_region,zone_3,9,8.0,0.0,False,23.15,baseline
order_0003844,TX,NY,South,Northeast,cross_region,zone_3,9,9.0,0.0,False,16.56,baseline
order_0003845,CA,PA,West,Northeast,cross_region,zone_3,10,10.0,0.0,False,8.61,baseline
order_0003846,UT,CA,West,West,same_region,zone_2,7,7.0,0.0,False,10.27,baseline
order_0003847,OR,NY,West,Northeast,cross_region,zone_3,9,9.0,0.0,False,12.89,baseline
order_0003848,CA,GA,West,South,cross_region,zone_3,9,9.0,0.0,False,8.13,baseline
order_0003849,MA,IL,Northeast,Midwest,cross_region,zone_3,9,9.0,0.0,False,8.3,baseline
order_0003850,CT,OH,Northeast,Midwest,cross_region,zone_3,9,9.0,0.0,False,9.08,baseline
order_0003851,MO,MD,Midwest,South,cross_region,zone_3,10,10.0,0.0,False,36.21,baseline
order_0003852,OH,CA,Midwest,West,cross_region,zone_3,9,9.0,0.0,False,9.36,baseline
order_0003853,NY,IL,Northeast,Midwest,cross_region,zone_3,9,9.0,0.0,False,11.5,baseline
order_0003854,HI,TX,West,South,remote,zone_4,11,11.0,0.0,False,13.76,baseline
order_0003855,NY,CA,Northeast,West,cross_region,zone_3,9,8.0,0.0,False,7.81,baseline
order_0003856,DC,FL,South,South,same_region,zone_2,7,7.0,0.0,False,12.53,baseline
order_0003857,WY,MS,West,South,cross_region,zone_3,10,,,False,17.64,baseline
order_0003858,TN,TX,South,South,same_region,zone_2,7,11.0,4.0,True,33.99,baseline
order_0003859,NM,KY,West,South,cross_region,zone_3,9,9.0,0.0,False,7.35,baseline
order_0003860,IN,GA,Midwest,South,cross_region,zone_3,10,9.0,0.0,False,20.04,baseline
order_0003861,GA,ND,South,Midwest,cross_region,zone_3,9,9.0,0.0,False,8.11,baseline
order_0003862,FL,AZ,South,West,cross_region,zone_3,9,8.0,0.0,False,25.81,baseline
order_0003863,ID,PA,West,Northeast,cross_region,zone_3,9,9.0,0.0,False,7.5,baseline
order_0003864,AZ,FL,West,South,cross_region,zone_3,9,9.0,0.0,False,9.61,baseline
order_0003865,WA,NY,West,Northeast,cross_region,zone_3,9,11.0,2.0,True,18.89,baseline
order_0003866,LA,FL,South,South,same_region,zone_2,7,7.0,0.0,False,5.86,baseline
order_0003867,NE,TX,Midwest,South,cross_region,zone_3,9,,,False,24.05,baseline
order_0003868,TX,UT,South,West,cross_region,zone_3,8,8.0,0.0,False,8.57,baseline
order_0003869,IL,GA,Midwest,South,cross_region,zone_3,8,8.0,0.0,False,26.12,baseline
order_0003870,CA,CA,West,West,same_state,zone_1,4,4.0,0.0,False,4.82,baseline
order_0003871,SD,NY,Midwest,Northeast,cross_region,zone_3,9,9.0,0.0,False,9.79,baseline
order_0003872,FL,TX,South,South,same_region,zone_2,8,8.0,0.0,False,5.64,baseline
order_0003873,FL,CA,South,West,cross_region,zone_3,9,,,False,7.39,baseline
order_0003874,CA,NJ,West,Northeast,cross_region,zone_3,9,9.0,0.0,False,8.23,baseline
order_0003875,PA,TX,Northeast,South,cross_region,zone_3,9,9.0,0.0,False,7.53,baseline
order_0003876,CA,UT,West,West,same_region,zone_2,8,8.0,0.0,False,5.34,baseline
order_0003877,FL,IN,South,Midwest,cross_region,zone_3,10,10.0,0.0,False,8.53,baseline
order_0003878,CA,TX,West,South,cross_region,zone_3,9,9.0,0.0,False,28.16,baseline
order_0003879,NH,NC,Northeast,South,cross_region,zone_3,9,9.0,0.0,False,27.61,baseline
order_0003880,NH,NE,Northeast,Midwest,cross_region,zone_3,10,10.0,0.0,False,13.02,baseline
order_0003881,CA,PA,West,Northeast,cross_region,zone_3,9,9.0,0.0,False,9.82,baseline
order_0003882,IN,CA,Midwest,West,cross_region,zone_3,9,9.0,0.0,False,35.64,baseline
order_0003883,NJ,SC,Northeast,South,cross_region,zone_3,9,9.0,0.0,False,16.0,baseline
order_0003884,FL,ID,South,West,cross_region,zone_3,9,8.0,0.0,False,8.48,baseline
order_0003885,ND,AL,Midwest,South,cross_region,zone_3,10,10.0,0.0,False,10.89,baseline
order_0003886,CA,MI,West,Midwest,cross_region,zone_3,9,10.0,1.0,True,8.51,baseline
order_0003887,TX,MI,South,Midwest,cross_region,zone_3,9,9.0,0.0,False,24.06,baseline
order_0003888,NJ,UT,Northeast,West,cross_region,zone_3,9,9.0,0.0,False,9.11,baseline
order_0003889,HI,FL,West,South,remote,zone_4,12,11.0,0.0,False,31.14,baseline
order_0003890,TN,GA,South,South,same_region,zone_2,7,6.0,0.0,False,12.67,baseline
order_0003891,NM,OR,West,West,same_region,zone_2,8,7.0,0.0,False,6.23,baseline
order_0003892,CA,RI,West,Northeast,cross_region,zone_3,9,9.0,0.0,False,8.01,baseline
order_0003893,TX,KY,South,South,same_region,zone_2,7,7.0,0.0,False,5.15,baseline
order_0003894,OR,GA,West,South,cross_region,zone_3,9,9.0,0.0,False,26.48,baseline
order_0003895,FL,PA,South,Northeast,cross_region,zone_3,9,9.0,0.0,False,10.42,baseline
order_0003896,HI,GA,West,South,remote,zone_4,12,12.0,0.0,False,12.88,baseline
order_0003897,OR,FL,West,South,cross_region,zone_3,9,11.0,2.0,True,7.93,baseline
order_0003898,OH,IL,Midwest,Midwest,same_region,zone_2,8,10.0,2.0,True,31.33,baseline
order_0003899,MA,MN,Northeast,Midwest,cross_region,zone_3,9,,,False,20.17,baseline
order_0003900,CA,SC,West,South,cross_region,zone_3,9,8.0,0.0,False,8.45,baseline
order_0003901,IL,TX,Midwest,South,cross_region,zone_3,9,11.0,2.0,True,37.69,baseline
order_0003902,VA,VA,South,South,same_state,zone_1,6,6.0,0.0,False,12.21,baseline
order_0003903,TX,TN,South,South,same_region,zone_2,8,7.0,0.0,False,23.0,baseline
order_0003904,NY,FL,Northeast,South,cross_region,zone_3,8,8.0,0.0,False,18.07,baseline
order_0003905,CA,FL,West,South,cross_region,zone_3,9,9.0,0.0,False,16.81,baseline
order_0003906,MA,TX,Northeast,South,cross_region,zone_3,9,9.0,0.0,False,16.83,baseline
order_0003907,IL,GA,Midwest,South,cross_region,zone_3,9,9.0,0.0,False,10.43,baseline
order_0003908,CA,NY,West,Northeast,cross_region,zone_3,10,,,False,18.69,baseline
order_0003909,WV,TX,South,South,same_region,zone_2,7,7.0,0.0,False,19.22,baseline
order_0003910,AR,MS,South,South,same_region,zone_2,7,6.0,0.0,False,5.12,baseline
order_0003911,OH,NY,Midwest,Northeast,cross_region,zone_3,9,14.0,5.0,True,7.94,baseline
order_0003912,MO,MT,Midwest,West,cross_region,zone_3,10,9.0,0.0,False,8.54,baseline
order_0003913,GA,IN,South,Midwest,cross_region,zone_3,9,9.0,0.0,False,18.31,baseline
order_0003914,TX,HI,South,West,remote,zone_4,12,11.0,0.0,False,12.01,baseline
order_0003915,HI,PA,West,Northeast,remote,zone_4,12,17.0,5.0,True,39.95,baseline
order_0003916,WA,PA,West,Northeast,cross_region,zone_3,9,8.0,0.0,False,7.72,baseline
order_0003917,PA,CA,Northeast,West,cross_region,zone_3,10,,,False,15.96,baseline
order_0003918,NV,CA,West,West,same_region,zone_2,7,7.0,0.0,False,6.08,baseline
order_0003919,AL,ND,South,Midwest,cross_region,zone_3,9,9.0,0.0,False,8.07,baseline
order_0003920,IL,VT,Midwest,Northeast,cross_region,zone_3,8,8.0,0.0,False,44.23,baseline
order_0003921,CA,OK,West,South,cross_region,zone_3,9,9.0,0.0,False,18.6,baseline
order_0003922,NY,VA,Northeast,South,cross_region,zone_3,8,8.0,0.0,False,16.06,baseline
order_0003923,NH,IA,Northeast,Midwest,cross_region,zone_3,9,14.0,5.0,True,7.64,baseline
order_0003924,PA,KY,Northeast,South,cross_region,zone_3,9,9.0,0.0,False,8.09,baseline
order_0003925,FL,GA,South,South,same_region,zone_2,7,7.0,0.0,False,6.35,baseline
order_0003926,RI,IL,Northeast,Midwest,cross_region,zone_3,9,9.0,0.0,False,9.22,baseline
order_0003927,NY,KY,Northeast,South,cross_region,zone_3,9,9.0,0.0,False,9.11,baseline
order_0003928,NY,AK,Northeast,West,remote,zone_4,12,12.0,0.0,False,11.88,baseline
order_0003929,PA,CA,Northeast,West,cross_region,zone_3,9,9.0,0.0,False,22.06,baseline
order_0003930,PA,FL,Northeast,South,cross_region,zone_3,9,9.0,0.0,False,7.98,baseline
order_0003931,FL,IN,South,Midwest,cross_region,zone_3,10,10.0,0.0,False,7.89,baseline
order_0003932,PA,FL,Northeast,South,cross_region,zone_3,9,9.0,0.0,False,9.43,baseline
order_0003933,NY,NC,Northeast,South,cross_region,zone_3,9,9.0,0.0,False,15.96,baseline
order_0003934,NJ,NY,Northeast,Northeast,same_region,zone_2,7,,,False,4.93,baseline
order_0003935,ME,GA,Northeast,South,cross_region,zone_3,9,8.0,0.0,False,7.78,baseline
order_0003936,OR,IL,West,Midwest,cross_region,zone_3,9,13.0,4.0,True,7.39,baseline
order_0003937,NY,IL,Northeast,Midwest,cross_region,zone_3,9,9.0,0.0,False,7.25,baseline
order_0003938,MI,NY,Midwest,Northeast,cross_region,zone_3,9,9.0,0.0,False,43.4,baseline
order_0003939,OH,CA,Midwest,West,cross_region,zone_3,9,8.0,0.0,False,30.41,baseline
order_0003940,WV,PA,South,Northeast,cross_region,zone_3,9,14.0,5.0,True,7.96,baseline
order_0003941,CA,TN,West,South,cross_region,zone_3,9,9.0,0.0,False,19.39,baseline
order_0003942,OR,MA,West,Northeast,cross_region,zone_3,9,9.0,0.0,False,25.79,baseline
order_0003943,FL,NY,South,Northeast,cross_region,zone_3,9,8.0,0.0,False,18.38,baseline
order_0003944,CA,NY,West,Northeast,cross_region,zone_3,9,9.0,0.0,False,8.02,baseline
order_0003945,CA,CA,West,West,same_state,zone_1,6,5.0,0.0,False,22.16,baseline
order_0003946,TX,CA,South,West,cross_region,zone_3,9,9.0,0.0,False,27.96,baseline
order_0003947,FL,DC,South,South,same_region,zone_2,7,7.0,0.0,False,6.31,baseline
order_0003948,KY,MI,South,Midwest,cross_region,zone_3,9,9.0,0.0,False,10.05,baseline
order_0003949,MT,AL,West,South,cross_region,zone_3,9,8.0,0.0,False,8.88,baseline
order_0003950,ND,PA,Midwest,Northeast,cross_region,zone_3,9,10.0,1.0,True,16.29,baseline
order_0003951,NM,NE,West,Midwest,cross_region,zone_3,9,9.0,0.0,False,7.27,baseline
order_0003952,PA,GA,Northeast,South,cross_region,zone_3,10,10.0,0.0,False,17.86,baseline
order_0003953,FL,ID,South,West,cross_region,zone_3,9,13.0,4.0,True,7.3,baseline
order_0003954,AZ,MI,West,Midwest,cross_region,zone_3,9,9.0,0.0,False,18.04,baseline
order_0003955,CT,ND,Northeast,Midwest,cross_region,zone_3,9,12.0,3.0,True,7.82,baseline
order_0003956,OH,GA,Midwest,South,cross_region,zone_3,9,9.0,0.0,False,13.75,baseline
order_0003957,HI,TX,West,South,remote,zone_4,11,16.0,5.0,True,13.21,baseline
order_0003958,FL,ID,South,West,cross_region,zone_3,9,8.0,0.0,False,9.29,baseline
order_0003959,NC,UT,South,West,cross_region,zone_3,9,8.0,0.0,False,7.9,baseline
order_0003960,GA,NM,South,West,cross_region,zone_3,10,10.0,0.0,False,8.84,baseline
order_0003961,HI,IN,West,Midwest,remote,zone_4,11,14.0,3.0,True,12.66,baseline
order_0003962,WA,OH,West,Midwest,cross_region,zone_3,8,8.0,0.0,False,8.19,baseline
order_0003963,TX,OH,South,Midwest,cross_region,zone_3,10,10.0,0.0,False,7.85,baseline
order_0003964,NH,CO,Northeast,West,cross_region,zone_3,9,,,False,9.55,baseline
order_0003965,ID,FL,West,South,cross_region,zone_3,9,,,False,15.74,baseline
order_0003966,FL,IL,South,Midwest,cross_region,zone_3,10,10.0,0.0,False,9.42,baseline
order_0003967,CA,IL,West,Midwest,cross_region,zone_3,9,9.0,0.0,False,8.07,baseline
order_0003968,NY,NY,Northeast,Northeast,same_state,zone_1,5,5.0,0.0,False,8.82,baseline
order_0003969,GA,TN,South,South,same_region,zone_2,7,7.0,0.0,False,21.55,baseline
order_0003970,MA,NY,Northeast,Northeast,same_region,zone_2,7,7.0,0.0,False,5.87,baseline
order_0003971,NM,MO,West,Midwest,cross_region,zone_3,10,10.0,0.0,False,10.19,baseline
order_0003972,LA,FL,South,South,same_region,zone_2,6,5.0,0.0,False,7.19,baseline
order_0003973,CA,MI,West,Midwest,cross_region,zone_3,10,10.0,0.0,False,18.85,baseline
order_0003974,FL,TX,South,South,same_region,zone_2,6,5.0,0.0,False,13.59,baseline
order_0003975,PA,TX,Northeast,South,cross_region,zone_3,9,9.0,0.0,False,10.18,baseline
order_0003976,GA,CT,South,Northeast,cross_region,zone_3,10,9.0,0.0,False,7.98,baseline
order_0003977,CA,TX,West,South,cross_region,zone_3,9,9.0,0.0,False,7.14,baseline
order_0003978,NH,PA,Northeast,Northeast,same_region,zone_2,7,10.0,3.0,True,18.37,baseline
order_0003979,MT,CA,West,West,same_region,zone_2,6,5.0,0.0,False,5.55,baseline
order_0003980,IL,MT,Midwest,West,cross_region,zone_3,9,8.0,0.0,False,9.06,baseline
order_0003981,CA,OK,West,South,cross_region,zone_3,9,,,False,31.71,baseline
order_0003982,NY,GA,Northeast,South,cross_region,zone_3,9,9.0,0.0,False,21.97,baseline
order_0003983,VT,OH,Northeast,Midwest,cross_region,zone_3,9,9.0,0.0,False,9.18,baseline
order_0003984,DC,ID,South,West,cross_region,zone_3,9,9.0,0.0,False,7.59,baseline
order_0003985,TX,GA,South,South,same_region,zone_2,7,7.0,0.0,False,5.65,baseline
order_0003986,ID,NJ,West,Northeast,cross_region,zone_3,9,9.0,0.0,False,7.79,baseline
order_0003987,MN,AL,Midwest,South,cross_region,zone_3,9,9.0,0.0,False,10.72,baseline
order_0003988,NJ,FL,Northeast,South,cross_region,zone_3,9,,,False,17.23,baseline
order_0003989,AR,MI,South,Midwest,cross_region,zone_3,9,8.0,0.0,False,15.67,baseline
order_0003990,CA,NY,West,Northeast,cross_region,zone_3,8,7.0,0.0,False,9.71,baseline
order_0003991,CT,IL,Northeast,Midwest,cross_region,zone_3,8,7.0,0.0,False,16.22,baseline
order_0003992,TX,MA,South,Northeast,cross_region,zone_3,9,9.0,0.0,False,7.8,baseline
order_0003993,NJ,MO,Northeast,Midwest,cross_region,zone_3,9,9.0,0.0,False,42.23,baseline
order_0003994,GA,UT,South,West,cross_region,zone_3,9,14.0,5.0,True,8.17,baseline
order_0003995,FL,GA,South,South,same_region,zone_2,7,7.0,0.0,False,20.49,baseline
order_0003996,CA,CA,West,West,same_state,zone_1,5,5.0,0.0,False,16.46,baseline
order_0003997,OR,CT,West,Northeast,cross_region,zone_3,9,13.0,4.0,True,22.66,baseline
order_0003998,NY,CA,Northeast,West,cross_region,zone_3,9,9.0,0.0,False,7.61,baseline
order_0003999,FL,CA,South,West,cross_region,zone_3,8,12.0,4.0,True,17.36,baseline
order_0004000,WA,CA,West,West,same_region,zone_2,7,7.0,0.0,False,7.07,baseline
order_0004001,WA,MI,West,Midwest,cross_region,zone_3,8,8.0,0.0,False,7.91,baseline
order_0004002,WY,FL,West,South,cross_region,zone_3,9,,,False,8.69,baseline
order_0004003,NY,TX,Northeast,South,cross_region,zone_3,9,8.0,0.0,False,36.21,baseline
order_0004004,CA,FL,West,South,cross_region,zone_3,9,9.0,0.0,False,36.62,baseline
order_0004005,NY,TX,Northeast,South,cross_region,zone_3,10,9.0,0.0,False,20.3,baseline
order_0004006,AR,AR,South,South,same_state,zone_1,6,,,False,4.37,baseline
order_0004007,FL,SD,South,Midwest,cross_region,zone_3,9,8.0,0.0,False,15.31,baseline
order_0004008,WA,NY,West,Northeast,cross_region,zone_3,8,,,False,31.57,baseline
order_0004009,OR,MI,West,Midwest,cross_region,zone_3,9,,,False,8.32,baseline
order_0004010,TX,DC,South,South,same_region,zone_2,7,7.0,0.0,False,6.29,baseline
order_0004011,IL,SD,Midwest,Midwest,same_region,zone_2,6,6.0,0.0,False,17.96,baseline
order_0004012,AR,AR,South,South,same_state,zone_1,5,5.0,0.0,False,7.82,baseline
order_0004013,NE,OR,Midwest,West,cross_region,zone_3,9,8.0,0.0,False,8.29,baseline
order_0004014,CA,TX,West,South,cross_region,zone_3,9,11.0,2.0,True,16.76,baseline
order_0004015,GA,MI,South,Midwest,cross_region,zone_3,10,9.0,0.0,False,18.54,baseline
order_0004016,VA,FL,South,South,same_region,zone_2,7,8.0,1.0,True,35.75,baseline
order_0004017,AZ,FL,West,South,cross_region,zone_3,9,14.0,5.0,True,21.75,baseline
order_0004018,CA,NJ,West,Northeast,cross_region,zone_3,9,9.0,0.0,False,8.88,baseline
order_0004019,FL,TX,South,South,same_region,zone_2,7,6.0,0.0,False,13.36,baseline
order_0004020,NJ,TX,Northeast,South,cross_region,zone_3,10,10.0,0.0,False,10.09,baseline
order_0004021,FL,IA,South,Midwest,cross_region,zone_3,8,10.0,2.0,True,8.46,baseline
order_0004022,GA,CA,South,West,cross_region,zone_3,9,8.0,0.0,False,25.58,baseline
order_0004023,NY,MI,Northeast,Midwest,cross_region,zone_3,10,10.0,0.0,False,8.67,baseline
order_0004024,LA,CA,South,West,cross_region,zone_3,8,8.0,0.0,False,15.46,baseline
order_0004025,TN,GA,South,South,same_region,zone_2,6,5.0,0.0,False,5.66,baseline
order_0004026,TX,TX,South,South,same_state,zone_1,5,5.0,0.0,False,9.92,baseline
order_0004027,TX,RI,South,Northeast,cross_region,zone_3,9,9.0,0.0,False,8.36,baseline
order_0004028,TX,IL,South,Midwest,cross_region,zone_3,8,8.0,0.0,False,15.8,baseline
order_0004029,OK,NY,South,Northeast,cross_region,zone_3,9,9.0,0.0,False,16.38,baseline
order_0004030,CA,RI,West,Northeast,cross_region,zone_3,9,9.0,0.0,False,34.86,baseline
order_0004031,WI,PA,Midwest,Northeast,cross_region,zone_3,8,8.0,0.0,False,8.56,baseline
order_0004032,TN,CA,South,West,cross_region,zone_3,8,8.0,0.0,False,9.68,baseline
order_0004033,NY,NY,Northeast,Northeast,same_state,zone_1,5,5.0,0.0,False,4.24,baseline
order_0004034,CT,TX,Northeast,South,cross_region,zone_3,10,10.0,0.0,False,9.8,baseline
order_0004035,OR,UT,West,West,same_region,zone_2,7,7.0,0.0,False,11.36,baseline
order_0004036,DE,CA,South,West,cross_region,zone_3,9,13.0,4.0,True,15.88,baseline
order_0004037,NH,TX,Northeast,South,cross_region,zone_3,9,9.0,0.0,False,7.73,baseline
order_0004038,FL,UT,South,West,cross_region,zone_3,9,9.0,0.0,False,8.29,baseline
order_0004039,CA,TX,West,South,cross_region,zone_3,9,9.0,0.0,False,8.73,baseline
order_0004040,IL,TX,Midwest,South,cross_region,zone_3,10,9.0,0.0,False,21.1,baseline
order_0004041,NV,HI,West,West,same_region,zone_2,6,6.0,0.0,False,11.86,baseline
order_0004042,NY,PA,Northeast,Northeast,same_region,zone_2,7,,,False,5.89,baseline
order_0004043,CA,CA,West,West,same_state,zone_1,5,4.0,0.0,False,19.79,baseline
order_0004044,AK,CA,West,West,same_region,zone_2,7,7.0,0.0,False,5.74,baseline
order_0004045,NY,MI,Northeast,Midwest,cross_region,zone_3,9,9.0,0.0,False,27.2,baseline
order_0004046,CA,VT,West,Northeast,cross_region,zone_3,9,8.0,0.0,False,26.51,baseline
order_0004047,NJ,OH,Northeast,Midwest,cross_region,zone_3,9,12.0,3.0,True,9.46,baseline
order_0004048,TX,OH,South,Midwest,cross_region,zone_3,10,10.0,0.0,False,8.86,baseline
order_0004049,IL,MS,Midwest,South,cross_region,zone_3,9,9.0,0.0,False,20.17,baseline
order_0004050,IN,NC,Midwest,South,cross_region,zone_3,8,7.0,0.0,False,19.91,baseline
order_0004051,TX,NE,South,Midwest,cross_region,zone_3,9,8.0,0.0,False,10.19,baseline
order_0004052,LA,TN,South,South,same_region,zone_2,7,7.0,0.0,False,6.42,baseline
order_0004053,AL,OH,South,Midwest,cross_region,zone_3,9,10.0,1.0,True,7.82,baseline
order_0004054,TX,OH,South,Midwest,cross_region,zone_3,9,9.0,0.0,False,14.21,baseline
order_0004055,FL,TX,South,South,same_region,zone_2,7,6.0,0.0,False,6.29,baseline
order_0004056,NJ,OR,Northeast,West,cross_region,zone_3,10,10.0,0.0,False,18.37,baseline
order_0004057,MS,WV,South,South,same_region,zone_2,7,7.0,0.0,False,11.17,baseline
order_0004058,CA,WV,West,South,cross_region,zone_3,10,10.0,0.0,False,48.33,baseline
order_0004059,OH,MI,Midwest,Midwest,same_region,zone_2,7,10.0,3.0,True,18.26,baseline
order_0004060,NM,NY,West,Northeast,cross_region,zone_3,9,9.0,0.0,False,14.04,baseline
order_0004061,NJ,FL,Northeast,South,cross_region,zone_3,9,8.0,0.0,False,8.09,baseline
order_0004062,NJ,GA,Northeast,South,cross_region,zone_3,9,8.0,0.0,False,15.61,baseline
order_0004063,OR,KY,West,South,cross_region,zone_3,9,9.0,0.0,False,8.29,baseline
order_0004064,AR,MS,South,South,same_region,zone_2,8,8.0,0.0,False,5.58,baseline
order_0004065,IL,FL,Midwest,South,cross_region,zone_3,9,9.0,0.0,False,8.53,baseline
order_0004066,KS,FL,Midwest,South,cross_region,zone_3,9,,,False,20.97,baseline
order_0004067,PA,FL,Northeast,South,cross_region,zone_3,9,,,False,9.91,baseline
order_0004068,TX,TX,South,South,same_state,zone_1,5,5.0,0.0,False,20.37,baseline
order_0004069,TN,KY,South,South,same_region,zone_2,7,7.0,0.0,False,10.05,baseline
order_0004070,NY,CA,Northeast,West,cross_region,zone_3,10,10.0,0.0,False,17.58,baseline
order_0004071,MO,TX,Midwest,South,cross_region,zone_3,10,,,False,43.4,baseline
order_0004072,HI,CA,West,West,same_region,zone_2,6,6.0,0.0,False,10.57,baseline
order_0004073,OH,OH,Midwest,Midwest,same_state,zone_1,5,5.0,0.0,False,8.65,baseline
order_0004074,IL,WV,Midwest,South,cross_region,zone_3,9,9.0,0.0,False,7.67,baseline
order_0004075,NY,PA,Northeast,Northeast,same_region,zone_2,7,7.0,0.0,False,6.23,baseline
order_0004076,OH,MT,Midwest,West,cross_region,zone_3,9,9.0,0.0,False,19.09,baseline
order_0004077,OK,SC,South,South,same_region,zone_2,7,7.0,0.0,False,10.5,baseline
order_0004078,CA,TN,West,South,cross_region,zone_3,9,8.0,0.0,False,7.32,baseline
order_0004079,MO,IL,Midwest,Midwest,same_region,zone_2,8,7.0,0.0,False,6.22,baseline
order_0004080,MO,WV,Midwest,South,cross_region,zone_3,9,9.0,0.0,False,41.4,baseline
order_0004081,MS,DE,South,South,same_region,zone_2,6,6.0,0.0,False,13.4,baseline
order_0004082,CA,NY,West,Northeast,cross_region,zone_3,9,9.0,0.0,False,9.6,baseline
order_0004083,TX,FL,South,South,same_region,zone_2,7,7.0,0.0,False,10.59,baseline
order_0004084,PA,PA,Northeast,Northeast,same_state,zone_1,5,4.0,0.0,False,10.55,baseline
order_0004085,TX,UT,South,West,cross_region,zone_3,9,9.0,0.0,False,8.38,baseline
order_0004086,CA,FL,West,South,cross_region,zone_3,10,10.0,0.0,False,30.1,baseline
order_0004087,TX,ID,South,West,cross_region,zone_3,10,10.0,0.0,False,8.67,baseline
order_0004088,FL,NY,South,Northeast,cross_region,zone_3,10,10.0,0.0,False,20.37,baseline
order_0004089,CA,IL,West,Midwest,cross_region,zone_3,9,9.0,0.0,False,17.93,baseline
order_0004090,OH,IA,Midwest,Midwest,same_region,zone_2,7,7.0,0.0,False,5.8,baseline
order_0004091,OR,CA,West,West,same_region,zone_2,7,7.0,0.0,False,18.63,baseline
order_0004092,TN,NY,South,Northeast,cross_region,zone_3,9,9.0,0.0,False,21.44,baseline
order_0004093,AL,CA,South,West,cross_region,zone_3,9,9.0,0.0,False,7.68,baseline
order_0004094,TX,OH,South,Midwest,cross_region,zone_3,9,8.0,0.0,False,7.67,baseline
order_0004095,WA,TX,West,South,cross_region,zone_3,9,9.0,0.0,False,9.67,baseline
order_0004096,OH,CA,Midwest,West,cross_region,zone_3,10,10.0,0.0,False,37.9,baseline
order_0004097,GA,MI,South,Midwest,cross_region,zone_3,10,10.0,0.0,False,10.15,baseline
order_0004098,LA,PA,South,Northeast,cross_region,zone_3,8,7.0,0.0,False,13.35,baseline
order_0004099,FL,TX,South,South,same_region,zone_2,7,7.0,0.0,False,6.16,baseline
order_0004100,NJ,FL,Northeast,South,cross_region,zone_3,10,14.0,4.0,True,8.89,baseline
order_0004101,NY,NY,Northeast,Northeast,same_state,zone_1,5,4.0,0.0,False,3.82,baseline
order_0004102,TX,OH,South,Midwest,cross_region,zone_3,10,10.0,0.0,False,10.3,baseline
order_0004103,TN,TX,South,South,same_region,zone_2,8,,,False,12.65,baseline
order_0004104,MO,KS,Midwest,Midwest,same_region,zone_2,7,7.0,0.0,False,6.87,baseline
order_0004105,HI,IA,West,Midwest,remote,zone_4,11,12.0,1.0,True,12.58,baseline
order_0004106,IL,NH,Midwest,Northeast,cross_region,zone_3,9,8.0,0.0,False,8.84,baseline
order_0004107,NJ,MD,Northeast,South,cross_region,zone_3,9,9.0,0.0,False,12.97,baseline
order_0004108,NJ,NC,Northeast,South,cross_region,zone_3,9,9.0,0.0,False,12.3,baseline
order_0004109,IL,DE,Midwest,South,cross_region,zone_3,9,9.0,0.0,False,9.21,baseline
order_0004110,MT,MI,West,Midwest,cross_region,zone_3,8,7.0,0.0,False,10.58,baseline
order_0004111,FL,OH,South,Midwest,cross_region,zone_3,9,13.0,4.0,True,8.87,baseline
order_0004112,WV,TX,South,South,same_region,zone_2,7,6.0,0.0,False,17.02,baseline
order_0004113,TX,CA,South,West,cross_region,zone_3,9,9.0,0.0,False,7.52,baseline
order_0004114,TX,WY,South,West,cross_region,zone_3,9,9.0,0.0,False,8.27,baseline
order_0004115,TN,DC,South,South,same_region,zone_2,6,,,False,13.02,baseline
order_0004116,CA,CA,West,West,same_state,zone_1,6,6.0,0.0,False,8.91,baseline
order_0004117,FL,CO,South,West,cross_region,zone_3,9,,,False,7.9,baseline
order_0004118,GA,HI,South,West,remote,zone_4,12,11.0,0.0,False,14.52,baseline
order_0004119,SC,AZ,South,West,cross_region,zone_3,9,8.0,0.0,False,17.75,baseline
order_0004120,AZ,NY,West,Northeast,cross_region,zone_3,8,8.0,0.0,False,8.63,baseline
order_0004121,WA,NY,West,Northeast,cross_region,zone_3,9,8.0,0.0,False,8.61,baseline
order_0004122,TN,ME,South,Northeast,cross_region,zone_3,9,9.0,0.0,False,7.29,baseline
order_0004123,FL,MN,South,Midwest,cross_region,zone_3,8,8.0,0.0,False,8.55,baseline
order_0004124,ID,OH,West,Midwest,cross_region,zone_3,9,9.0,0.0,False,29.41,baseline
order_0004125,MI,MI,Midwest,Midwest,same_state,zone_1,6,,,False,4.48,baseline
order_0004126,DE,MA,South,Northeast,cross_region,zone_3,9,9.0,0.0,False,9.52,baseline
order_0004127,WA,CA,West,West,same_region,zone_2,7,7.0,0.0,False,11.51,baseline
order_0004128,HI,IL,West,Midwest,remote,zone_4,11,14.0,3.0,True,13.4,baseline
order_0004129,GA,PA,South,Northeast,cross_region,zone_3,9,8.0,0.0,False,8.61,baseline
order_0004130,RI,OH,Northeast,Midwest,cross_region,zone_3,10,13.0,3.0,True,9.12,baseline
order_0004131,MN,MI,Midwest,Midwest,same_region,zone_2,7,7.0,0.0,False,12.44,baseline
order_0004132,PA,FL,Northeast,South,cross_region,zone_3,9,8.0,0.0,False,11.36,baseline
order_0004133,WA,MA,West,Northeast,cross_region,zone_3,9,9.0,0.0,False,7.24,baseline
order_0004134,OH,TX,Midwest,South,cross_region,zone_3,9,9.0,0.0,False,15.41,baseline
order_0004135,LA,WY,South,West,cross_region,zone_3,9,8.0,0.0,False,33.32,baseline
order_0004136,TX,GA,South,South,same_region,zone_2,7,6.0,0.0,False,19.27,baseline
order_0004137,LA,CA,South,West,cross_region,zone_3,9,8.0,0.0,False,7.33,baseline
order_0004138,KY,MD,South,South,same_region,zone_2,7,6.0,0.0,False,9.24,baseline
order_0004139,CA,NC,West,South,cross_region,zone_3,9,9.0,0.0,False,15.61,baseline
order_0004140,ID,NM,West,West,same_region,zone_2,6,6.0,0.0,False,5.4,baseline
order_0004141,NM,IA,West,Midwest,cross_region,zone_3,9,9.0,0.0,False,8.26,baseline
order_0004142,NY,MO,Northeast,Midwest,cross_region,zone_3,9,8.0,0.0,False,7.95,baseline
order_0004143,FL,WI,South,Midwest,cross_region,zone_3,8,8.0,0.0,False,34.85,baseline
order_0004144,AK,MO,West,Midwest,remote,zone_4,12,12.0,0.0,False,17.83,baseline
order_0004145,PA,FL,Northeast,South,cross_region,zone_3,8,8.0,0.0,False,15.72,baseline
order_0004146,IL,IL,Midwest,Midwest,same_state,zone_1,4,5.0,1.0,True,4.78,baseline
order_0004147,TX,TX,South,South,same_state,zone_1,5,5.0,0.0,False,4.03,baseline
order_0004148,CT,FL,Northeast,South,cross_region,zone_3,9,9.0,0.0,False,16.43,baseline
order_0004149,NJ,CA,Northeast,West,cross_region,zone_3,9,9.0,0.0,False,9.75,baseline
order_0004150,NY,LA,Northeast,South,cross_region,zone_3,9,11.0,2.0,True,8.57,baseline
order_0004151,NY,OK,Northeast,South,cross_region,zone_3,9,9.0,0.0,False,7.69,baseline
order_0004152,IL,NC,Midwest,South,cross_region,zone_3,9,,,False,9.52,baseline
order_0004153,MI,PA,Midwest,Northeast,cross_region,zone_3,9,9.0,0.0,False,7.92,baseline
order_0004154,TX,IL,South,Midwest,cross_region,zone_3,10,10.0,0.0,False,37.76,baseline
order_0004155,TX,CA,South,West,cross_region,zone_3,9,12.0,3.0,True,47.93,baseline
order_0004156,HI,CO,West,West,same_region,zone_2,6,6.0,0.0,False,6.0,baseline
order_0004157,TX,NC,South,South,same_region,zone_2,7,7.0,0.0,False,7.02,baseline
order_0004158,OR,OH,West,Midwest,cross_region,zone_3,9,9.0,0.0,False,38.48,baseline
order_0004159,MA,PA,Northeast,Northeast,same_region,zone_2,7,6.0,0.0,False,17.99,baseline
order_0004160,OH,KS,Midwest,Midwest,same_region,zone_2,7,11.0,4.0,True,4.93,baseline
order_0004161,GA,MO,South,Midwest,cross_region,zone_3,9,9.0,0.0,False,8.67,baseline
order_0004162,NJ,VT,Northeast,Northeast,same_region,zone_2,7,,,False,13.4,baseline
order_0004163,HI,MS,West,South,remote,zone_4,11,12.0,1.0,True,11.82,baseline
order_0004164,FL,NH,South,Northeast,cross_region,zone_3,9,9.0,0.0,False,28.56,baseline
order_0004165,OR,TX,West,South,cross_region,zone_3,9,9.0,0.0,False,16.42,baseline
order_0004166,OH,TX,Midwest,South,cross_region,zone_3,9,8.0,0.0,False,9.23,baseline
order_0004167,HI,OH,West,Midwest,remote,zone_4,11,13.0,2.0,True,26.74,baseline
order_0004168,HI,TX,West,South,remote,zone_4,12,13.0,1.0,True,14.82,baseline
order_0004169,PA,DC,Northeast,South,cross_region,zone_3,10,9.0,0.0,False,18.24,baseline
order_0004170,NJ,CA,Northeast,West,cross_region,zone_3,9,9.0,0.0,False,8.95,baseline
order_0004171,NJ,CA,Northeast,West,cross_region,zone_3,8,7.0,0.0,False,25.05,baseline
order_0004172,SC,TX,South,South,same_region,zone_2,6,6.0,0.0,False,11.8,baseline
order_0004173,CA,CA,West,West,same_state,zone_1,5,,,False,3.96,baseline
order_0004174,NH,CA,Northeast,West,cross_region,zone_3,9,9.0,0.0,False,42.59,baseline
order_0004175,TX,NJ,South,Northeast,cross_region,zone_3,9,8.0,0.0,False,7.77,baseline
order_0004176,HI,CA,West,West,same_region,zone_2,6,6.0,0.0,False,5.3,baseline
order_0004177,WA,FL,West,South,cross_region,zone_3,8,8.0,0.0,False,7.7,baseline
order_0004178,GA,GA,South,South,same_state,zone_1,5,5.0,0.0,False,6.97,baseline
order_0004179,KY,KS,South,Midwest,cross_region,zone_3,9,9.0,0.0,False,12.91,baseline
order_0004180,CA,OH,West,Midwest,cross_region,zone_3,9,9.0,0.0,False,16.75,baseline
order_0004181,CA,NC,West,South,cross_region,zone_3,9,9.0,0.0,False,8.24,baseline
order_0004182,CA,NC,West,South,cross_region,zone_3,9,13.0,4.0,True,24.31,baseline
order_0004183,LA,CA,South,West,cross_region,zone_3,8,7.0,0.0,False,12.44,baseline
order_0004184,HI,NH,West,Northeast,remote,zone_4,13,13.0,0.0,False,14.51,baseline
order_0004185,AL,MI,South,Midwest,cross_region,zone_3,9,9.0,0.0,False,9.13,baseline
order_0004186,SD,CA,Midwest,West,cross_region,zone_3,9,9.0,0.0,False,7.7,baseline
order_0004187,NJ,NE,Northeast,Midwest,cross_region,zone_3,10,10.0,0.0,False,17.22,baseline
order_0004188,NY,MO,Northeast,Midwest,cross_region,zone_3,9,10.0,1.0,True,10.24,baseline
order_0004189,ME,TX,Northeast,South,cross_region,zone_3,9,11.0,2.0,True,17.21,baseline
order_0004190,FL,TX,South,South,same_region,zone_2,7,6.0,0.0,False,11.03,baseline
order_0004191,NY,FL,Northeast,South,cross_region,zone_3,9,9.0,0.0,False,8.91,baseline
order_0004192,AR,KS,South,Midwest,cross_region,zone_3,9,9.0,0.0,False,27.19,baseline
order_0004193,OH,FL,Midwest,South,cross_region,zone_3,9,13.0,4.0,True,46.28,baseline
order_0004194,NE,GA,Midwest,South,cross_region,zone_3,9,8.0,0.0,False,29.37,baseline
order_0004195,LA,TN,South,South,same_region,zone_2,6,6.0,0.0,False,20.35,baseline
order_0004196,TX,VA,South,South,same_region,zone_2,7,6.0,0.0,False,5.88,baseline
order_0004197,FL,TX,South,South,same_region,zone_2,8,8.0,0.0,False,19.56,baseline
order_0004198,PA,NC,Northeast,South,cross_region,zone_3,9,9.0,0.0,False,24.14,baseline
order_0004199,IL,PA,Midwest,Northeast,cross_region,zone_3,9,9.0,0.0,False,15.5,baseline
order_0004200,TX,NH,South,Northeast,cross_region,zone_3,9,9.0,0.0,False,7.63,baseline
order_0004201,NY,CA,Northeast,West,cross_region,zone_3,9,8.0,0.0,False,7.9,baseline
order_0004202,TX,PA,South,Northeast,cross_region,zone_3,10,9.0,0.0,False,28.02,baseline
order_0004203,HI,CA,West,West,same_region,zone_2,6,6.0,0.0,False,19.05,baseline
order_0004204,IL,IL,Midwest,Midwest,same_state,zone_1,6,6.0,0.0,False,4.58,baseline
order_0004205,OH,GA,Midwest,South,cross_region,zone_3,9,9.0,0.0,False,24.14,baseline
order_0004206,HI,VA,West,South,remote,zone_4,11,10.0,0.0,False,39.44,baseline
order_0004207,HI,TX,West,South,remote,zone_4,11,10.0,0.0,False,15.82,baseline
order_0004208,NM,TX,West,South,cross_region,zone_3,9,9.0,0.0,False,24.75,baseline
order_0004209,FL,NC,South,South,same_region,zone_2,6,6.0,0.0,False,5.83,baseline
order_0004210,FL,CA,South,West,cross_region,zone_3,10,13.0,3.0,True,18.01,baseline
order_0004211,FL,TX,South,South,same_region,zone_2,7,10.0,3.0,True,6.71,baseline
order_0004212,CA,DC,West,South,cross_region,zone_3,9,8.0,0.0,False,8.66,baseline
order_0004213,CA,NM,West,West,same_region,zone_2,7,7.0,0.0,False,5.2,baseline
order_0004214,NY,PA,Northeast,Northeast,same_region,zone_2,7,7.0,0.0,False,5.61,baseline
order_0004215,GA,CA,South,West,cross_region,zone_3,9,9.0,0.0,False,20.07,baseline
order_0004216,AR,MI,South,Midwest,cross_region,zone_3,9,9.0,0.0,False,18.95,baseline
order_0004217,AZ,TX,West,South,cross_region,zone_3,9,9.0,0.0,False,8.23,baseline
order_0004218,TX,OH,South,Midwest,cross_region,zone_3,9,8.0,0.0,False,10.19,baseline
order_0004219,MO,PA,Midwest,Northeast,cross_region,zone_3,9,8.0,0.0,False,9.94,baseline
order_0004220,HI,OH,West,Midwest,remote,zone_4,11,14.0,3.0,True,14.25,baseline
order_0004221,FL,NY,South,Northeast,cross_region,zone_3,9,,,False,7.46,baseline
order_0004222,PA,MI,Northeast,Midwest,cross_region,zone_3,8,8.0,0.0,False,36.74,baseline
order_0004223,OH,CO,Midwest,West,cross_region,zone_3,9,,,False,10.36,baseline
order_0004224,PA,NE,Northeast,Midwest,cross_region,zone_3,10,13.0,3.0,True,9.02,baseline
order_0004225,TX,TX,South,South,same_state,zone_1,6,,,False,13.73,baseline
order_0004226,PA,MS,Northeast,South,cross_region,zone_3,9,9.0,0.0,False,7.45,baseline
order_0004227,NV,TX,West,South,cross_region,zone_3,10,10.0,0.0,False,37.54,baseline
order_0004228,CA,CA,West,West,same_state,zone_1,5,,,False,5.68,baseline
order_0004229,OH,PA,Midwest,Northeast,cross_region,zone_3,9,9.0,0.0,False,25.79,baseline
order_0004230,MO,CA,Midwest,West,cross_region,zone_3,9,9.0,0.0,False,8.19,baseline
order_0004231,CA,NY,West,Northeast,cross_region,zone_3,9,9.0,0.0,False,9.35,baseline
order_0004232,SC,NY,South,Northeast,cross_region,zone_3,8,8.0,0.0,False,8.84,baseline
order_0004233,CA,FL,West,South,cross_region,zone_3,10,9.0,0.0,False,17.7,baseline
order_0004234,OH,NY,Midwest,Northeast,cross_region,zone_3,9,8.0,0.0,False,7.34,baseline
order_0004235,AZ,NV,West,West,same_region,zone_2,7,7.0,0.0,False,12.88,baseline
order_0004236,IL,OH,Midwest,Midwest,same_region,zone_2,7,7.0,0.0,False,12.21,baseline
order_0004237,CA,KS,West,Midwest,cross_region,zone_3,9,8.0,0.0,False,9.04,baseline
order_0004238,MS,GA,South,South,same_region,zone_2,7,6.0,0.0,False,6.6,baseline
order_0004239,NJ,MI,Northeast,Midwest,cross_region,zone_3,9,11.0,2.0,True,9.18,baseline
order_0004240,TX,MD,South,South,same_region,zone_2,7,7.0,0.0,False,5.1,baseline
order_0004241,CA,TX,West,South,cross_region,zone_3,9,9.0,0.0,False,9.75,baseline
order_0004242,HI,OH,West,Midwest,remote,zone_4,11,11.0,0.0,False,11.93,baseline
order_0004243,CA,NH,West,Northeast,cross_region,zone_3,8,8.0,0.0,False,11.01,baseline
order_0004244,IL,NY,Midwest,Northeast,cross_region,zone_3,8,13.0,5.0,True,16.83,baseline
order_0004245,GA,ID,South,West,cross_region,zone_3,9,8.0,0.0,False,11.53,baseline
order_0004246,TX,CA,South,West,cross_region,zone_3,10,11.0,1.0,True,28.27,baseline
order_0004247,FL,GA,South,South,same_region,zone_2,7,7.0,0.0,False,4.95,baseline
order_0004248,IL,NY,Midwest,Northeast,cross_region,zone_3,10,10.0,0.0,False,23.6,baseline
order_0004249,ME,NH,Northeast,Northeast,same_region,zone_2,8,8.0,0.0,False,6.37,baseline
order_0004250,HI,VT,West,Northeast,remote,zone_4,11,16.0,5.0,True,25.59,baseline
order_0004251,TN,MI,South,Midwest,cross_region,zone_3,9,9.0,0.0,False,18.11,baseline
order_0004252,SD,TX,Midwest,South,cross_region,zone_3,9,9.0,0.0,False,19.62,baseline
order_0004253,KS,NY,Midwest,Northeast,cross_region,zone_3,10,,,False,16.84,baseline
order_0004254,SC,RI,South,Northeast,cross_region,zone_3,9,9.0,0.0,False,7.78,baseline
order_0004255,IA,TX,Midwest,South,cross_region,zone_3,8,11.0,3.0,True,25.12,baseline
order_0004256,NH,TN,Northeast,South,cross_region,zone_3,9,9.0,0.0,False,16.09,baseline
order_0004257,IL,FL,Midwest,South,cross_region,zone_3,9,9.0,0.0,False,49.73,baseline
order_0004258,CA,TX,West,South,cross_region,zone_3,9,9.0,0.0,False,9.21,baseline
order_0004259,CA,MI,West,Midwest,cross_region,zone_3,9,13.0,4.0,True,11.03,baseline
order_0004260,NJ,GA,Northeast,South,cross_region,zone_3,9,,,False,13.58,baseline
order_0004261,SC,TX,South,South,same_region,zone_2,7,6.0,0.0,False,6.67,baseline
order_0004262,FL,NJ,South,Northeast,cross_region,zone_3,9,9.0,0.0,False,20.21,baseline
order_0004263,NM,RI,West,Northeast,cross_region,zone_3,10,10.0,0.0,False,8.92,baseline
order_0004264,ND,NC,Midwest,South,cross_region,zone_3,9,9.0,0.0,False,9.09,baseline
order_0004265,HI,MN,West,Midwest,remote,zone_4,11,,,False,39.06,baseline
order_0004266,CA,FL,West,South,cross_region,zone_3,9,9.0,0.0,False,18.54,baseline
order_0004267,CA,IA,West,Midwest,cross_region,zone_3,9,9.0,0.0,False,8.79,baseline
order_0004268,NY,MD,Northeast,South,cross_region,zone_3,9,9.0,0.0,False,14.82,baseline
order_0004269,TX,MI,South,Midwest,cross_region,zone_3,10,,,False,16.44,baseline
order_0004270,CA,TX,West,South,cross_region,zone_3,10,10.0,0.0,False,8.13,baseline
order_0004271,TX,CA,South,West,cross_region,zone_3,9,8.0,0.0,False,18.78,baseline
order_0004272,SC,SC,South,South,same_state,zone_1,4,4.0,0.0,False,3.8,baseline
order_0004273,OR,GA,West,South,cross_region,zone_3,9,9.0,0.0,False,23.87,baseline
order_0004274,NJ,PA,Northeast,Northeast,same_region,zone_2,7,7.0,0.0,False,5.4,baseline
order_0004275,MI,NJ,Midwest,Northeast,cross_region,zone_3,9,8.0,0.0,False,16.47,baseline
order_0004276,TN,WV,South,South,same_region,zone_2,6,6.0,0.0,False,5.0,baseline
order_0004277,OR,CA,West,West,same_region,zone_2,8,7.0,0.0,False,5.46,baseline
order_0004278,TX,FL,South,South,same_region,zone_2,7,7.0,0.0,False,5.73,baseline
order_0004279,LA,MI,South,Midwest,cross_region,zone_3,9,8.0,0.0,False,24.76,baseline
order_0004280,FL,IL,South,Midwest,cross_region,zone_3,10,10.0,0.0,False,15.68,baseline
order_0004281,PA,NY,Northeast,Northeast,same_region,zone_2,8,7.0,0.0,False,5.25,baseline
order_0004282,OH,GA,Midwest,South,cross_region,zone_3,9,8.0,0.0,False,8.1,baseline
order_0004283,MT,WV,West,South,cross_region,zone_3,8,8.0,0.0,False,10.5,baseline
order_0004284,WA,OK,West,South,cross_region,zone_3,8,7.0,0.0,False,7.33,baseline
order_0004285,CA,PA,West,Northeast,cross_region,zone_3,10,,,False,19.42,baseline
order_0004286,MA,NC,Northeast,South,cross_region,zone_3,9,9.0,0.0,False,24.65,baseline
order_0004287,NY,UT,Northeast,West,cross_region,zone_3,9,9.0,0.0,False,8.81,baseline
order_0004288,PA,NY,Northeast,Northeast,same_region,zone_2,7,7.0,0.0,False,5.66,baseline
order_0004289,MT,IL,West,Midwest,cross_region,zone_3,9,,,False,9.15,baseline
order_0004290,OR,CA,West,West,same_region,zone_2,7,7.0,0.0,False,12.32,baseline
order_0004291,TN,IL,South,Midwest,cross_region,zone_3,9,8.0,0.0,False,24.86,baseline
order_0004292,IL,IL,Midwest,Midwest,same_state,zone_1,5,5.0,0.0,False,4.26,baseline
order_0004293,MD,OH,South,Midwest,cross_region,zone_3,10,10.0,0.0,False,8.43,baseline
order_0004294,TX,SC,South,South,same_region,zone_2,8,,,False,6.85,baseline
order_0004295,WA,IN,West,Midwest,cross_region,zone_3,9,11.0,2.0,True,15.25,baseline
order_0004296,FL,CA,South,West,cross_region,zone_3,9,9.0,0.0,False,8.79,baseline
order_0004297,NY,GA,Northeast,South,cross_region,zone_3,8,8.0,0.0,False,7.27,baseline
order_0004298,WA,TX,West,South,cross_region,zone_3,9,9.0,0.0,False,7.45,baseline
order_0004299,AZ,NY,West,Northeast,cross_region,zone_3,9,9.0,0.0,False,8.01,baseline
order_0004300,IL,DE,Midwest,South,cross_region,zone_3,9,9.0,0.0,False,11.76,baseline
order_0004301,CA,KY,West,South,cross_region,zone_3,9,9.0,0.0,False,12.53,baseline
order_0004302,MS,IL,South,Midwest,cross_region,zone_3,8,,,False,12.29,baseline
order_0004303,CA,FL,West,South,cross_region,zone_3,9,14.0,5.0,True,18.51,baseline
order_0004304,HI,VA,West,South,remote,zone_4,12,12.0,0.0,False,25.44,baseline
order_0004305,ME,CA,Northeast,West,cross_region,zone_3,9,9.0,0.0,False,17.2,baseline
order_0004306,FL,OH,South,Midwest,cross_region,zone_3,9,9.0,0.0,False,18.07,baseline
order_0004307,WA,NM,West,West,same_region,zone_2,7,7.0,0.0,False,5.85,baseline
order_0004308,AK,NC,West,South,remote,zone_4,12,15.0,3.0,True,13.36,baseline
order_0004309,NY,IL,Northeast,Midwest,cross_region,zone_3,9,9.0,0.0,False,15.2,baseline
order_0004310,NY,OH,Northeast,Midwest,cross_region,zone_3,10,12.0,2.0,True,32.78,baseline
order_0004311,IA,CA,Midwest,West,cross_region,zone_3,9,9.0,0.0,False,16.42,baseline
order_0004312,CA,IL,West,Midwest,cross_region,zone_3,9,9.0,0.0,False,8.96,baseline
order_0004313,TX,ID,South,West,cross_region,zone_3,10,10.0,0.0,False,8.82,baseline
order_0004314,GA,SC,South,South,same_region,zone_2,7,9.0,2.0,True,19.07,baseline
order_0004315,NJ,CA,Northeast,West,cross_region,zone_3,9,10.0,1.0,True,8.08,baseline
order_0004316,PA,GA,Northeast,South,cross_region,zone_3,9,8.0,0.0,False,18.21,baseline
order_0004317,SC,TX,South,South,same_region,zone_2,6,6.0,0.0,False,6.7,baseline
order_0004318,NJ,TX,Northeast,South,cross_region,zone_3,9,8.0,0.0,False,19.51,baseline
order_0004319,WA,MI,West,Midwest,cross_region,zone_3,10,15.0,5.0,True,28.41,baseline
order_0004320,AR,TN,South,South,same_region,zone_2,7,6.0,0.0,False,18.92,baseline
order_0004321,CA,TX,West,South,cross_region,zone_3,9,,,False,19.18,baseline
order_0004322,OK,AZ,South,West,cross_region,zone_3,10,15.0,5.0,True,8.35,baseline
order_0004323,HI,TN,West,South,remote,zone_4,11,11.0,0.0,False,15.85,baseline
order_0004324,HI,OH,West,Midwest,remote,zone_4,11,11.0,0.0,False,24.82,baseline
order_0004325,HI,AZ,West,West,same_region,zone_2,6,6.0,0.0,False,12.18,baseline
order_0004326,KY,NY,South,Northeast,cross_region,zone_3,9,8.0,0.0,False,28.45,baseline
order_0004327,MD,RI,South,Northeast,cross_region,zone_3,9,8.0,0.0,False,20.62,baseline
order_0004328,GA,LA,South,South,same_region,zone_2,7,6.0,0.0,False,19.06,baseline
order_0004329,IL,CA,Midwest,West,cross_region,zone_3,8,7.0,0.0,False,7.66,baseline
order_0004330,OH,WI,Midwest,Midwest,same_region,zone_2,7,6.0,0.0,False,18.22,baseline
order_0004331,GA,NY,South,Northeast,cross_region,zone_3,9,9.0,0.0,False,15.69,baseline
order_0004332,ID,AK,West,West,same_region,zone_2,7,7.0,0.0,False,30.99,baseline
order_0004333,SD,NY,Midwest,Northeast,cross_region,zone_3,10,9.0,0.0,False,19.61,baseline
order_0004334,FL,NY,South,Northeast,cross_region,zone_3,9,9.0,0.0,False,9.87,baseline
order_0004335,TN,NH,South,Northeast,cross_region,zone_3,9,9.0,0.0,False,9.49,baseline
order_0004336,NJ,KS,Northeast,Midwest,cross_region,zone_3,10,,,False,26.64,baseline
order_0004337,IA,AZ,Midwest,West,cross_region,zone_3,10,9.0,0.0,False,17.42,baseline
order_0004338,NH,TX,Northeast,South,cross_region,zone_3,10,10.0,0.0,False,8.93,baseline
order_0004339,IL,DC,Midwest,South,cross_region,zone_3,10,15.0,5.0,True,9.09,baseline
order_0004340,NY,HI,Northeast,West,remote,zone_4,11,11.0,0.0,False,67.23,baseline
order_0004341,TX,TX,South,South,same_state,zone_1,5,4.0,0.0,False,4.53,baseline
order_0004342,WY,FL,West,South,cross_region,zone_3,9,9.0,0.0,False,8.84,baseline
order_0004343,CA,OH,West,Midwest,cross_region,zone_3,9,9.0,0.0,False,15.86,baseline
order_0004344,RI,LA,Northeast,South,cross_region,zone_3,9,9.0,0.0,False,18.25,baseline
order_0004345,TX,IL,South,Midwest,cross_region,zone_3,9,9.0,0.0,False,20.25,baseline
order_0004346,NJ,TX,Northeast,South,cross_region,zone_3,9,9.0,0.0,False,17.52,baseline
order_0004347,NE,MI,Midwest,Midwest,same_region,zone_2,7,7.0,0.0,False,11.19,baseline
order_0004348,HI,CA,West,West,same_region,zone_2,6,5.0,0.0,False,9.95,baseline
order_0004349,TX,NC,South,South,same_region,zone_2,7,7.0,0.0,False,13.59,baseline
order_0004350,MN,FL,Midwest,South,cross_region,zone_3,9,9.0,0.0,False,7.43,baseline
order_0004351,TX,CA,South,West,cross_region,zone_3,9,9.0,0.0,False,15.63,baseline
order_0004352,NV,MD,West,South,cross_region,zone_3,8,8.0,0.0,False,8.02,baseline
order_0004353,FL,MI,South,Midwest,cross_region,zone_3,9,9.0,0.0,False,10.76,baseline
order_0004354,NJ,CA,Northeast,West,cross_region,zone_3,9,9.0,0.0,False,7.77,baseline
order_0004355,CA,CT,West,Northeast,cross_region,zone_3,9,9.0,0.0,False,11.53,baseline
order_0004356,TX,NM,South,West,cross_region,zone_3,10,9.0,0.0,False,8.11,baseline
order_0004357,FL,CA,South,West,cross_region,zone_3,9,9.0,0.0,False,17.1,baseline
order_0004358,PA,MI,Northeast,Midwest,cross_region,zone_3,8,8.0,0.0,False,16.84,baseline
order_0004359,MS,KY,South,South,same_region,zone_2,6,10.0,4.0,True,10.47,baseline
order_0004360,CA,CA,West,West,same_state,zone_1,5,5.0,0.0,False,17.39,baseline
order_0004361,WV,IL,South,Midwest,cross_region,zone_3,10,12.0,2.0,True,27.81,baseline
order_0004362,CA,PA,West,Northeast,cross_region,zone_3,10,9.0,0.0,False,17.85,baseline
order_0004363,WA,NY,West,Northeast,cross_region,zone_3,9,8.0,0.0,False,15.47,baseline
order_0004364,OR,CA,West,West,same_region,zone_2,7,6.0,0.0,False,5.97,baseline
order_0004365,MN,CA,Midwest,West,cross_region,zone_3,9,9.0,0.0,False,16.93,baseline
order_0004366,AK,NM,West,West,same_region,zone_2,7,7.0,0.0,False,7.2,baseline
order_0004367,TX,TX,South,South,same_state,zone_1,5,4.0,0.0,False,4.01,baseline
order_0004368,CT,FL,Northeast,South,cross_region,zone_3,10,11.0,1.0,True,9.53,baseline
order_0004369,TX,MI,South,Midwest,cross_region,zone_3,9,,,False,8.27,baseline
order_0004370,OH,AZ,Midwest,West,cross_region,zone_3,9,8.0,0.0,False,8.81,baseline
order_0004371,NJ,LA,Northeast,South,cross_region,zone_3,9,8.0,0.0,False,8.9,baseline
order_0004372,AZ,CA,West,West,same_region,zone_2,7,7.0,0.0,False,5.53,baseline
order_0004373,NY,TX,Northeast,South,cross_region,zone_3,9,9.0,0.0,False,8.96,baseline
order_0004374,CA,GA,West,South,cross_region,zone_3,10,10.0,0.0,False,8.97,baseline
order_0004375,IL,FL,Midwest,South,cross_region,zone_3,10,9.0,0.0,False,8.36,baseline
order_0004376,MI,NY,Midwest,Northeast,cross_region,zone_3,9,9.0,0.0,False,15.17,baseline
order_0004377,FL,TX,South,South,same_region,zone_2,7,7.0,0.0,False,10.91,baseline
order_0004378,AR,NY,South,Northeast,cross_region,zone_3,9,8.0,0.0,False,8.18,baseline
order_0004379,IL,FL,Midwest,South,cross_region,zone_3,8,8.0,0.0,False,8.54,baseline
order_0004380,NY,TX,Northeast,South,cross_region,zone_3,9,9.0,0.0,False,8.18,baseline
order_0004381,CA,IL,West,Midwest,cross_region,zone_3,9,9.0,0.0,False,7.89,baseline
order_0004382,TX,TX,South,South,same_state,zone_1,5,5.0,0.0,False,11.07,baseline
order_0004383,NM,OH,West,Midwest,cross_region,zone_3,9,13.0,4.0,True,34.14,baseline
order_0004384,HI,NY,West,Northeast,remote,zone_4,11,16.0,5.0,True,38.11,baseline
order_0004385,NJ,WA,Northeast,West,cross_region,zone_3,9,14.0,5.0,True,8.55,baseline
order_0004386,OR,CA,West,West,same_region,zone_2,7,7.0,0.0,False,6.19,baseline
order_0004387,NY,TX,Northeast,South,cross_region,zone_3,8,8.0,0.0,False,8.75,baseline
order_0004388,AL,IL,South,Midwest,cross_region,zone_3,9,8.0,0.0,False,8.38,baseline
order_0004389,GA,OH,South,Midwest,cross_region,zone_3,9,11.0,2.0,True,11.91,baseline
order_0004390,CA,DE,West,South,cross_region,zone_3,9,9.0,0.0,False,18.18,baseline
order_0004391,MO,FL,Midwest,South,cross_region,zone_3,9,9.0,0.0,False,7.54,baseline
order_0004392,AL,MN,South,Midwest,cross_region,zone_3,9,10.0,1.0,True,28.21,baseline
order_0004393,TX,CA,South,West,cross_region,zone_3,9,8.0,0.0,False,27.36,baseline
order_0004394,TN,CA,South,West,cross_region,zone_3,9,,,False,8.04,baseline
order_0004395,MS,NE,South,Midwest,cross_region,zone_3,9,12.0,3.0,True,9.11,baseline
order_0004396,IL,IL,Midwest,Midwest,same_state,zone_1,5,,,False,4.0,baseline
order_0004397,CA,ID,West,West,same_region,zone_2,7,7.0,0.0,False,5.34,baseline
order_0004398,VA,CA,South,West,cross_region,zone_3,9,14.0,5.0,True,7.52,baseline
order_0004399,MS,TX,South,South,same_region,zone_2,6,6.0,0.0,False,5.49,baseline
order_0004400,HI,NC,West,South,remote,zone_4,11,11.0,0.0,False,12.6,baseline
order_0004401,CA,FL,West,South,cross_region,zone_3,9,13.0,4.0,True,10.88,baseline
order_0004402,FL,CA,South,West,cross_region,zone_3,8,8.0,0.0,False,19.27,baseline
order_0004403,PA,TX,Northeast,South,cross_region,zone_3,9,9.0,0.0,False,18.02,baseline
order_0004404,FL,TX,South,South,same_region,zone_2,7,7.0,0.0,False,5.81,baseline
order_0004405,HI,CA,West,West,same_region,zone_2,7,7.0,0.0,False,6.46,baseline
order_0004406,NJ,MI,Northeast,Midwest,cross_region,zone_3,9,10.0,1.0,True,41.42,baseline
order_0004407,NY,MN,Northeast,Midwest,cross_region,zone_3,9,9.0,0.0,False,16.32,baseline
order_0004408,MS,DC,South,South,same_region,zone_2,7,8.0,1.0,True,25.63,baseline
order_0004409,CA,HI,West,West,same_region,zone_2,7,7.0,0.0,False,16.73,baseline
order_0004410,CA,OR,West,West,same_region,zone_2,7,7.0,0.0,False,6.12,baseline
order_0004411,NJ,LA,Northeast,South,cross_region,zone_3,10,9.0,0.0,False,9.39,baseline
order_0004412,IL,NY,Midwest,Northeast,cross_region,zone_3,9,8.0,0.0,False,26.38,baseline
order_0004413,NH,SD,Northeast,Midwest,cross_region,zone_3,9,9.0,0.0,False,7.39,baseline
order_0004414,CA,OR,West,West,same_region,zone_2,7,7.0,0.0,False,9.58,baseline
order_0004415,OR,AR,West,South,cross_region,zone_3,9,8.0,0.0,False,8.58,baseline
order_0004416,CT,PA,Northeast,Northeast,same_region,zone_2,8,8.0,0.0,False,12.44,baseline
order_0004417,CA,NC,West,South,cross_region,zone_3,9,9.0,0.0,False,7.59,baseline
order_0004418,MT,FL,West,South,cross_region,zone_3,8,8.0,0.0,False,7.26,baseline
order_0004419,IL,MI,Midwest,Midwest,same_region,zone_2,8,7.0,0.0,False,11.59,baseline
order_0004420,IL,NH,Midwest,Northeast,cross_region,zone_3,9,9.0,0.0,False,44.82,baseline
order_0004421,OH,OH,Midwest,Midwest,same_state,zone_1,5,5.0,0.0,False,4.44,baseline
order_0004422,NJ,GA,Northeast,South,cross_region,zone_3,10,,,False,8.98,baseline
order_0004423,FL,IL,South,Midwest,cross_region,zone_3,9,8.0,0.0,False,7.64,baseline
order_0004424,MS,NE,South,Midwest,cross_region,zone_3,10,,,False,10.05,baseline
order_0004425,CA,NY,West,Northeast,cross_region,zone_3,9,9.0,0.0,False,15.89,baseline
order_0004426,OR,IL,West,Midwest,cross_region,zone_3,9,14.0,5.0,True,24.02,baseline
order_0004427,NJ,GA,Northeast,South,cross_region,zone_3,9,9.0,0.0,False,8.74,baseline
order_0004428,KY,GA,South,South,same_region,zone_2,7,7.0,0.0,False,6.16,baseline
order_0004429,MN,GA,Midwest,South,cross_region,zone_3,9,9.0,0.0,False,22.82,baseline
order_0004430,VA,CO,South,West,cross_region,zone_3,9,9.0,0.0,False,16.62,baseline
order_0004431,TN,FL,South,South,same_region,zone_2,7,6.0,0.0,False,5.68,baseline
order_0004432,CA,IL,West,Midwest,cross_region,zone_3,9,9.0,0.0,False,15.7,baseline
order_0004433,NV,NC,West,South,cross_region,zone_3,10,10.0,0.0,False,25.38,baseline
order_0004434,CA,IL,West,Midwest,cross_region,zone_3,8,8.0,0.0,False,15.64,baseline
order_0004435,AL,CA,South,West,cross_region,zone_3,9,10.0,1.0,True,10.33,baseline
order_0004436,FL,GA,South,South,same_region,zone_2,7,7.0,0.0,False,5.06,baseline
order_0004437,CA,OR,West,West,same_region,zone_2,8,8.0,0.0,False,14.39,baseline
order_0004438,OH,NC,Midwest,South,cross_region,zone_3,9,9.0,0.0,False,26.71,baseline
order_0004439,OR,NY,West,Northeast,cross_region,zone_3,9,9.0,0.0,False,26.65,baseline
order_0004440,PA,CA,Northeast,West,cross_region,zone_3,10,9.0,0.0,False,9.4,baseline
order_0004441,NM,MT,West,West,same_region,zone_2,7,,,False,5.83,baseline
order_0004442,OR,FL,West,South,cross_region,zone_3,9,,,False,7.45,baseline
order_0004443,SC,GA,South,South,same_region,zone_2,7,6.0,0.0,False,5.76,baseline
order_0004444,TX,NY,South,Northeast,cross_region,zone_3,10,10.0,0.0,False,17.85,baseline
order_0004445,IL,CA,Midwest,West,cross_region,zone_3,9,8.0,0.0,False,15.65,baseline
order_0004446,CO,PA,West,Northeast,cross_region,zone_3,9,9.0,0.0,False,14.84,baseline
order_0004447,NJ,PA,Northeast,Northeast,same_region,zone_2,7,8.0,1.0,True,5.35,baseline
order_0004448,NY,UT,Northeast,West,cross_region,zone_3,9,13.0,4.0,True,7.39,baseline
order_0004449,NY,IL,Northeast,Midwest,cross_region,zone_3,9,,,False,7.66,baseline
order_0004450,TX,PA,South,Northeast,cross_region,zone_3,9,9.0,0.0,False,8.7,baseline
order_0004451,IL,KS,Midwest,Midwest,same_region,zone_2,8,8.0,0.0,False,13.92,baseline
order_0004452,NY,OH,Northeast,Midwest,cross_region,zone_3,9,11.0,2.0,True,7.41,baseline
order_0004453,IA,TX,Midwest,South,cross_region,zone_3,8,7.0,0.0,False,8.11,baseline
order_0004454,CA,GA,West,South,cross_region,zone_3,9,9.0,0.0,False,8.11,baseline
order_0004455,NJ,NC,Northeast,South,cross_region,zone_3,10,10.0,0.0,False,8.84,baseline
order_0004456,TX,FL,South,South,same_region,zone_2,7,7.0,0.0,False,36.19,baseline
order_0004457,TX,NH,South,Northeast,cross_region,zone_3,10,10.0,0.0,False,36.86,baseline
order_0004458,NJ,FL,Northeast,South,cross_region,zone_3,9,9.0,0.0,False,8.33,baseline
order_0004459,AL,GA,South,South,same_region,zone_2,7,6.0,0.0,False,22.08,baseline
order_0004460,NJ,MS,Northeast,South,cross_region,zone_3,9,9.0,0.0,False,11.34,baseline
order_0004461,NY,AR,Northeast,South,cross_region,zone_3,8,9.0,1.0,True,17.06,baseline
order_0004462,NH,IL,Northeast,Midwest,cross_region,zone_3,9,8.0,0.0,False,17.13,baseline
order_0004463,TN,TX,South,South,same_region,zone_2,7,7.0,0.0,False,11.04,baseline
order_0004464,CA,NY,West,Northeast,cross_region,zone_3,10,,,False,7.83,baseline
order_0004465,KY,MA,South,Northeast,cross_region,zone_3,10,12.0,2.0,True,29.91,baseline
order_0004466,PA,CA,Northeast,West,cross_region,zone_3,10,9.0,0.0,False,43.32,baseline
order_0004467,AL,CA,South,West,cross_region,zone_3,9,9.0,0.0,False,9.76,baseline
order_0004468,IL,MI,Midwest,Midwest,same_region,zone_2,7,7.0,0.0,False,11.23,baseline
order_0004469,GA,TX,South,South,same_region,zone_2,7,7.0,0.0,False,5.44,baseline
order_0004470,NJ,CA,Northeast,West,cross_region,zone_3,9,9.0,0.0,False,8.67,baseline
order_0004471,PA,NY,Northeast,Northeast,same_region,zone_2,7,6.0,0.0,False,6.07,baseline
order_0004472,CA,NM,West,West,same_region,zone_2,7,6.0,0.0,False,11.25,baseline
order_0004473,VA,TX,South,South,same_region,zone_2,7,7.0,0.0,False,5.17,baseline
order_0004474,FL,TX,South,South,same_region,zone_2,7,7.0,0.0,False,6.8,baseline
order_0004475,IA,MT,Midwest,West,cross_region,zone_3,9,9.0,0.0,False,11.23,baseline
order_0004476,CA,TX,West,South,cross_region,zone_3,9,9.0,0.0,False,8.45,baseline
order_0004477,NM,WI,West,Midwest,cross_region,zone_3,9,10.0,1.0,True,18.56,baseline
order_0004478,TX,IL,South,Midwest,cross_region,zone_3,10,9.0,0.0,False,9.99,baseline
order_0004479,FL,NY,South,Northeast,cross_region,zone_3,8,8.0,0.0,False,8.8,baseline
order_0004480,AL,IN,South,Midwest,cross_region,zone_3,10,10.0,0.0,False,8.56,baseline
order_0004481,FL,TX,South,South,same_region,zone_2,7,6.0,0.0,False,11.19,baseline
order_0004482,HI,TX,West,South,remote,zone_4,12,12.0,0.0,False,16.19,baseline
order_0004483,NJ,GA,Northeast,South,cross_region,zone_3,9,14.0,5.0,True,8.7,baseline
order_0004484,TX,IA,South,Midwest,cross_region,zone_3,9,8.0,0.0,False,9.31,baseline
order_0004485,NY,FL,Northeast,South,cross_region,zone_3,9,10.0,1.0,True,38.41,baseline
order_0004486,OH,OH,Midwest,Midwest,same_state,zone_1,5,5.0,0.0,False,12.04,baseline
order_0004487,WI,FL,Midwest,South,cross_region,zone_3,9,9.0,0.0,False,10.87,baseline
order_0004488,HI,VA,West,South,remote,zone_4,11,11.0,0.0,False,13.53,baseline
order_0004489,NJ,WA,Northeast,West,cross_region,zone_3,10,10.0,0.0,False,29.89,baseline
order_0004490,PA,CA,Northeast,West,cross_region,zone_3,9,9.0,0.0,False,19.26,baseline
order_0004491,ID,SC,West,South,cross_region,zone_3,9,9.0,0.0,False,7.9,baseline
order_0004492,UT,MT,West,West,same_region,zone_2,6,6.0,0.0,False,6.18,baseline
order_0004493,CA,TX,West,South,cross_region,zone_3,9,9.0,0.0,False,7.89,baseline
order_0004494,TX,NY,South,Northeast,cross_region,zone_3,9,9.0,0.0,False,9.65,baseline
order_0004495,PA,FL,Northeast,South,cross_region,zone_3,9,9.0,0.0,False,7.8,baseline
order_0004496,OH,OH,Midwest,Midwest,same_state,zone_1,5,5.0,0.0,False,4.26,baseline
order_0004497,FL,MI,South,Midwest,cross_region,zone_3,9,9.0,0.0,False,7.79,baseline
order_0004498,IL,TN,Midwest,South,cross_region,zone_3,9,9.0,0.0,False,9.22,baseline
order_0004499,MS,IN,South,Midwest,cross_region,zone_3,10,9.0,0.0,False,11.66,baseline
order_0004500,CT,NY,Northeast,Northeast,same_region,zone_2,7,7.0,0.0,False,22.9,baseline
order_0004501,HI,WI,West,Midwest,remote,zone_4,11,11.0,0.0,False,13.14,baseline
order_0004502,PA,NC,Northeast,South,cross_region,zone_3,10,,,False,9.91,baseline
order_0004503,OR,KY,West,South,cross_region,zone_3,9,9.0,0.0,False,15.4,baseline
order_0004504,NM,IL,West,Midwest,cross_region,zone_3,9,9.0,0.0,False,15.67,baseline
order_0004505,TN,RI,South,Northeast,cross_region,zone_3,9,,,False,8.26,baseline
order_0004506,GA,CO,South,West,cross_region,zone_3,9,8.0,0.0,False,15.04,baseline
order_0004507,VA,NY,South,Northeast,cross_region,zone_3,9,9.0,0.0,False,11.54,baseline
order_0004508,NY,TX,Northeast,South,cross_region,zone_3,8,8.0,0.0,False,31.53,baseline
order_0004509,VA,VA,South,South,same_state,zone_1,5,4.0,0.0,False,6.88,baseline
order_0004510,FL,CA,South,West,cross_region,zone_3,9,9.0,0.0,False,17.01,baseline
order_0004511,NY,NY,Northeast,Northeast,same_state,zone_1,5,5.0,0.0,False,8.12,baseline
order_0004512,FL,VA,South,South,same_region,zone_2,7,7.0,0.0,False,5.19,baseline
order_0004513,MI,TX,Midwest,South,cross_region,zone_3,9,9.0,0.0,False,9.45,baseline
order_0004514,NY,CO,Northeast,West,cross_region,zone_3,9,9.0,0.0,False,47.9,baseline
order_0004515,PA,UT,Northeast,West,cross_region,zone_3,10,9.0,0.0,False,9.87,baseline
order_0004516,PA,PA,Northeast,Northeast,same_state,zone_1,5,4.0,0.0,False,4.2,baseline
order_0004517,NJ,NC,Northeast,South,cross_region,zone_3,10,,,False,7.93,baseline
order_0004518,NJ,IL,Northeast,Midwest,cross_region,zone_3,9,9.0,0.0,False,7.75,baseline
order_0004519,NY,UT,Northeast,West,cross_region,zone_3,8,8.0,0.0,False,43.06,baseline
order_0004520,DC,CA,South,West,cross_region,zone_3,9,9.0,0.0,False,10.71,baseline
order_0004521,NJ,CA,Northeast,West,cross_region,zone_3,9,8.0,0.0,False,23.48,baseline
order_0004522,NC,GA,South,South,same_region,zone_2,7,7.0,0.0,False,5.05,baseline
order_0004523,WA,DE,West,South,cross_region,zone_3,9,8.0,0.0,False,8.21,baseline
order_0004524,NY,OH,Northeast,Midwest,cross_region,zone_3,9,9.0,0.0,False,16.68,baseline
order_0004525,GA,CO,South,West,cross_region,zone_3,9,8.0,0.0,False,18.91,baseline
order_0004526,GA,AR,South,South,same_region,zone_2,7,7.0,0.0,False,6.49,baseline
order_0004527,FL,RI,South,Northeast,cross_region,zone_3,9,,,False,16.02,baseline
order_0004528,TX,MI,South,Midwest,cross_region,zone_3,9,8.0,0.0,False,17.5,baseline
order_0004529,FL,WV,South,South,same_region,zone_2,7,12.0,5.0,True,15.97,baseline
order_0004530,CO,MS,West,South,cross_region,zone_3,9,9.0,0.0,False,7.84,baseline
order_0004531,FL,NV,South,West,cross_region,zone_3,8,8.0,0.0,False,21.61,baseline
order_0004532,CA,PA,West,Northeast,cross_region,zone_3,10,,,False,8.28,baseline
order_0004533,FL,NE,South,Midwest,cross_region,zone_3,9,13.0,4.0,True,7.75,baseline
order_0004534,TX,TX,South,South,same_state,zone_1,5,5.0,0.0,False,4.1,baseline
order_0004535,IL,DC,Midwest,South,cross_region,zone_3,9,9.0,0.0,False,41.11,baseline
order_0004536,VT,FL,Northeast,South,cross_region,zone_3,9,9.0,0.0,False,19.08,baseline
order_0004537,TX,MO,South,Midwest,cross_region,zone_3,9,14.0,5.0,True,7.74,baseline
order_0004538,CA,FL,West,South,cross_region,zone_3,8,8.0,0.0,False,15.8,baseline
order_0004539,OR,FL,West,South,cross_region,zone_3,9,9.0,0.0,False,9.5,baseline
order_0004540,HI,IL,West,Midwest,remote,zone_4,11,11.0,0.0,False,49.21,baseline
order_0004541,HI,TX,West,South,remote,zone_4,11,11.0,0.0,False,13.1,baseline
order_0004542,TX,IL,South,Midwest,cross_region,zone_3,9,9.0,0.0,False,17.22,baseline
order_0004543,FL,TN,South,South,same_region,zone_2,7,6.0,0.0,False,7.08,baseline
order_0004544,GA,MS,South,South,same_region,zone_2,6,,,False,11.21,baseline
order_0004545,PA,OH,Northeast,Midwest,cross_region,zone_3,9,9.0,0.0,False,45.94,baseline
order_0004546,NY,FL,Northeast,South,cross_region,zone_3,9,9.0,0.0,False,31.58,baseline
order_0004547,CA,CA,West,West,same_state,zone_1,5,10.0,5.0,True,4.59,baseline
order_0004548,TX,OH,South,Midwest,cross_region,zone_3,9,9.0,0.0,False,33.69,baseline
order_0004549,NJ,TX,Northeast,South,cross_region,zone_3,9,8.0,0.0,False,7.74,baseline
order_0004550,NY,OH,Northeast,Midwest,cross_region,zone_3,9,9.0,0.0,False,16.08,baseline
order_0004551,HI,TN,West,South,remote,zone_4,11,,,False,26.48,baseline
order_0004552,OH,NV,Midwest,West,cross_region,zone_3,9,9.0,0.0,False,16.79,baseline
order_0004553,CA,PA,West,Northeast,cross_region,zone_3,9,8.0,0.0,False,7.61,baseline
order_0004554,NY,DE,Northeast,South,cross_region,zone_3,9,8.0,0.0,False,31.25,baseline
order_0004555,CT,AZ,Northeast,West,cross_region,zone_3,9,9.0,0.0,False,7.75,baseline
order_0004556,MS,DC,South,South,same_region,zone_2,8,8.0,0.0,False,12.77,baseline
order_0004557,ND,MO,Midwest,Midwest,same_region,zone_2,7,7.0,0.0,False,16.33,baseline
order_0004558,GA,MD,South,South,same_region,zone_2,7,7.0,0.0,False,6.26,baseline
order_0004559,CO,KS,West,Midwest,cross_region,zone_3,10,10.0,0.0,False,16.9,baseline
order_0004560,NJ,CA,Northeast,West,cross_region,zone_3,9,9.0,0.0,False,11.35,baseline
order_0004561,CA,NY,West,Northeast,cross_region,zone_3,9,,,False,37.52,baseline
order_0004562,OH,PA,Midwest,Northeast,cross_region,zone_3,9,9.0,0.0,False,31.34,baseline
order_0004563,GA,NY,South,Northeast,cross_region,zone_3,9,8.0,0.0,False,29.79,baseline
order_0004564,HI,IL,West,Midwest,remote,zone_4,11,11.0,0.0,False,26.56,baseline
order_0004565,CA,TN,West,South,cross_region,zone_3,9,,,False,16.25,baseline
order_0004566,NJ,FL,Northeast,South,cross_region,zone_3,8,9.0,1.0,True,17.71,baseline
order_0004567,TX,CA,South,West,cross_region,zone_3,9,9.0,0.0,False,19.19,baseline
order_0004568,TX,NY,South,Northeast,cross_region,zone_3,9,9.0,0.0,False,15.68,baseline
order_0004569,FL,CA,South,West,cross_region,zone_3,9,8.0,0.0,False,16.48,baseline
order_0004570,NY,CA,Northeast,West,cross_region,zone_3,8,8.0,0.0,False,16.51,baseline
order_0004571,PA,AZ,Northeast,West,cross_region,zone_3,8,8.0,0.0,False,38.09,baseline
order_0004572,ME,PA,Northeast,Northeast,same_region,zone_2,7,7.0,0.0,False,5.4,baseline
order_0004573,NY,CT,Northeast,Northeast,same_region,zone_2,7,,,False,11.87,baseline
order_0004574,IL,DE,Midwest,South,cross_region,zone_3,9,8.0,0.0,False,32.77,baseline
order_0004575,MN,NV,Midwest,West,cross_region,zone_3,9,8.0,0.0,False,15.8,baseline
order_0004576,IA,CA,Midwest,West,cross_region,zone_3,10,10.0,0.0,False,8.74,baseline
order_0004577,CA,IL,West,Midwest,cross_region,zone_3,9,9.0,0.0,False,7.94,baseline
order_0004578,CA,NY,West,Northeast,cross_region,zone_3,9,9.0,0.0,False,8.39,baseline
order_0004579,HI,TX,West,South,remote,zone_4,11,15.0,4.0,True,24.99,baseline
order_0004580,MI,CA,Midwest,West,cross_region,zone_3,10,11.0,1.0,True,9.46,baseline
order_0004581,NJ,AZ,Northeast,West,cross_region,zone_3,9,9.0,0.0,False,7.66,baseline
order_0004582,FL,NC,South,South,same_region,zone_2,7,7.0,0.0,False,16.4,baseline
order_0004583,FL,VT,South,Northeast,cross_region,zone_3,9,9.0,0.0,False,31.17,baseline
order_0004584,LA,OH,South,Midwest,cross_region,zone_3,9,9.0,0.0,False,8.61,baseline
order_0004585,NY,TX,Northeast,South,cross_region,zone_3,10,10.0,0.0,False,9.43,baseline
order_0004586,WI,TX,Midwest,South,cross_region,zone_3,10,10.0,0.0,False,17.77,baseline
order_0004587,NY,TX,Northeast,South,cross_region,zone_3,8,8.0,0.0,False,27.05,baseline
order_0004588,LA,AK,South,West,remote,zone_4,11,11.0,0.0,False,58.64,baseline
order_0004589,HI,OH,West,Midwest,remote,zone_4,12,,,False,11.69,baseline
order_0004590,AR,TX,South,South,same_region,zone_2,7,,,False,5.54,baseline
order_0004591,NJ,CO,Northeast,West,cross_region,zone_3,9,8.0,0.0,False,7.61,baseline
order_0004592,ND,VT,Midwest,Northeast,cross_region,zone_3,9,9.0,0.0,False,10.48,baseline
order_0004593,ID,HI,West,West,same_region,zone_2,8,8.0,0.0,False,16.34,baseline
order_0004594,IA,NY,Midwest,Northeast,cross_region,zone_3,9,9.0,0.0,False,7.62,baseline
order_0004595,DE,CA,South,West,cross_region,zone_3,9,8.0,0.0,False,25.68,baseline
order_0004596,NJ,NJ,Northeast,Northeast,same_state,zone_1,5,,,False,6.68,baseline
order_0004597,IL,KY,Midwest,South,cross_region,zone_3,10,13.0,3.0,True,8.42,baseline
order_0004598,IL,AR,Midwest,South,cross_region,zone_3,9,13.0,4.0,True,18.59,baseline
order_0004599,FL,DC,South,South,same_region,zone_2,7,7.0,0.0,False,27.35,baseline
order_0004600,AR,PA,South,Northeast,cross_region,zone_3,9,13.0,4.0,True,24.2,baseline
order_0004601,OR,SC,West,South,cross_region,zone_3,9,9.0,0.0,False,14.82,baseline
order_0004602,NJ,NJ,Northeast,Northeast,same_state,zone_1,5,5.0,0.0,False,5.38,baseline
order_0004603,WA,IL,West,Midwest,cross_region,zone_3,8,7.0,0.0,False,9.6,baseline
order_0004604,OR,CA,West,West,same_region,zone_2,7,6.0,0.0,False,6.98,baseline
order_0004605,IL,CA,Midwest,West,cross_region,zone_3,9,8.0,0.0,False,9.92,baseline
order_0004606,MS,DE,South,South,same_region,zone_2,6,6.0,0.0,False,6.02,baseline
order_0004607,HI,NV,West,West,same_region,zone_2,6,6.0,0.0,False,5.52,baseline
order_0004608,HI,IL,West,Midwest,remote,zone_4,11,10.0,0.0,False,31.7,baseline
order_0004609,VA,NY,South,Northeast,cross_region,zone_3,10,10.0,0.0,False,8.96,baseline
order_0004610,AL,NV,South,West,cross_region,zone_3,10,10.0,0.0,False,49.52,baseline
order_0004611,CA,FL,West,South,cross_region,zone_3,9,9.0,0.0,False,24.93,baseline
order_0004612,HI,WY,West,West,same_region,zone_2,7,7.0,0.0,False,24.31,baseline
order_0004613,OH,NH,Midwest,Northeast,cross_region,zone_3,9,9.0,0.0,False,15.71,baseline
order_0004614,RI,WI,Northeast,Midwest,cross_region,zone_3,10,9.0,0.0,False,17.92,baseline
order_0004615,PA,IL,Northeast,Midwest,cross_region,zone_3,10,14.0,4.0,True,8.65,baseline
order_0004616,FL,AR,South,South,same_region,zone_2,7,,,False,6.47,baseline
order_0004617,LA,MI,South,Midwest,cross_region,zone_3,9,8.0,0.0,False,26.19,baseline
order_0004618,HI,TX,West,South,remote,zone_4,12,11.0,0.0,False,26.73,baseline
order_0004619,LA,MO,South,Midwest,cross_region,zone_3,8,13.0,5.0,True,7.99,baseline
order_0004620,CA,KY,West,South,cross_region,zone_3,9,9.0,0.0,False,35.72,baseline
order_0004621,IL,AL,Midwest,South,cross_region,zone_3,9,9.0,0.0,False,9.14,baseline
order_0004622,CA,MT,West,West,same_region,zone_2,8,13.0,5.0,True,5.95,baseline
order_0004623,TN,CA,South,West,cross_region,zone_3,9,9.0,0.0,False,9.74,baseline
order_0004624,GA,CA,South,West,cross_region,zone_3,9,9.0,0.0,False,9.77,baseline
order_0004625,NJ,NC,Northeast,South,cross_region,zone_3,9,9.0,0.0,False,7.2,baseline
order_0004626,PA,IL,Northeast,Midwest,cross_region,zone_3,9,9.0,0.0,False,8.92,baseline
order_0004627,MA,FL,Northeast,South,cross_region,zone_3,9,9.0,0.0,False,25.7,baseline
order_0004628,AR,MA,South,Northeast,cross_region,zone_3,9,14.0,5.0,True,8.61,baseline
order_0004629,ND,CA,Midwest,West,cross_region,zone_3,9,9.0,0.0,False,14.86,baseline
order_0004630,SD,VA,Midwest,South,cross_region,zone_3,10,12.0,2.0,True,7.95,baseline
order_0004631,CT,NC,Northeast,South,cross_region,zone_3,9,9.0,0.0,False,9.18,baseline
order_0004632,CA,TX,West,South,cross_region,zone_3,9,9.0,0.0,False,7.91,baseline
order_0004633,IA,NY,Midwest,Northeast,cross_region,zone_3,10,10.0,0.0,False,18.73,baseline
order_0004634,CA,GA,West,South,cross_region,zone_3,9,9.0,0.0,False,8.78,baseline
order_0004635,NJ,FL,Northeast,South,cross_region,zone_3,9,9.0,0.0,False,8.9,baseline
order_0004636,CA,TN,West,South,cross_region,zone_3,8,8.0,0.0,False,16.8,baseline
order_0004637,AL,TX,South,South,same_region,zone_2,7,7.0,0.0,False,5.32,baseline
order_0004638,FL,GA,South,South,same_region,zone_2,7,6.0,0.0,False,5.98,baseline
order_0004639,IA,CA,Midwest,West,cross_region,zone_3,8,13.0,5.0,True,8.13,baseline
order_0004640,TX,NJ,South,Northeast,cross_region,zone_3,9,9.0,0.0,False,8.44,baseline
order_0004641,PA,NC,Northeast,South,cross_region,zone_3,9,8.0,0.0,False,15.7,baseline
order_0004642,FL,NY,South,Northeast,cross_region,zone_3,9,8.0,0.0,False,16.43,baseline
order_0004643,IL,IL,Midwest,Midwest,same_state,zone_1,5,5.0,0.0,False,9.0,baseline
order_0004644,AZ,NY,West,Northeast,cross_region,zone_3,9,9.0,0.0,False,7.71,baseline
order_0004645,MI,OK,Midwest,South,cross_region,zone_3,10,,,False,10.36,baseline
order_0004646,TX,PA,South,Northeast,cross_region,zone_3,10,10.0,0.0,False,7.88,baseline
order_0004647,FL,MI,South,Midwest,cross_region,zone_3,9,9.0,0.0,False,7.32,baseline
order_0004648,AR,OH,South,Midwest,cross_region,zone_3,10,9.0,0.0,False,18.63,baseline
order_0004649,NY,MT,Northeast,West,cross_region,zone_3,8,7.0,0.0,False,9.1,baseline
order_0004650,OH,AR,Midwest,South,cross_region,zone_3,9,8.0,0.0,False,9.72,baseline
order_0004651,PA,NY,Northeast,Northeast,same_region,zone_2,8,8.0,0.0,False,6.45,baseline
order_0004652,OH,CA,Midwest,West,cross_region,zone_3,9,,,False,9.4,baseline
order_0004653,OR,IN,West,Midwest,cross_region,zone_3,10,10.0,0.0,False,39.19,baseline
order_0004654,FL,WY,South,West,cross_region,zone_3,9,8.0,0.0,False,12.61,baseline
order_0004655,PA,KY,Northeast,South,cross_region,zone_3,8,8.0,0.0,False,16.64,baseline
order_0004656,NH,GA,Northeast,South,cross_region,zone_3,9,9.0,0.0,False,16.65,baseline
order_0004657,CT,TX,Northeast,South,cross_region,zone_3,9,9.0,0.0,False,14.91,baseline
order_0004658,OH,TN,Midwest,South,cross_region,zone_3,9,9.0,0.0,False,16.79,baseline
order_0004659,CA,TX,West,South,cross_region,zone_3,9,9.0,0.0,False,17.11,baseline
order_0004660,TX,NY,South,Northeast,cross_region,zone_3,9,14.0,5.0,True,8.92,baseline
order_0004661,VA,RI,South,Northeast,cross_region,zone_3,9,9.0,0.0,False,7.69,baseline
order_0004662,NM,TX,West,South,cross_region,zone_3,9,9.0,0.0,False,9.16,baseline
order_0004663,OH,MO,Midwest,Midwest,same_region,zone_2,7,7.0,0.0,False,6.17,baseline
order_0004664,NY,IA,Northeast,Midwest,cross_region,zone_3,9,9.0,0.0,False,9.03,baseline
order_0004665,PA,NV,Northeast,West,cross_region,zone_3,9,9.0,0.0,False,18.28,baseline
order_0004666,KY,PA,South,Northeast,cross_region,zone_3,9,9.0,0.0,False,8.33,baseline
order_0004667,MA,KS,Northeast,Midwest,cross_region,zone_3,9,8.0,0.0,False,28.24,baseline
order_0004668,NY,MI,Northeast,Midwest,cross_region,zone_3,9,9.0,0.0,False,8.34,baseline
order_0004669,NV,NH,West,Northeast,cross_region,zone_3,10,10.0,0.0,False,9.68,baseline
order_0004670,AL,GA,South,South,same_region,zone_2,7,7.0,0.0,False,5.49,baseline
order_0004671,CA,FL,West,South,cross_region,zone_3,9,9.0,0.0,False,26.0,baseline
order_0004672,WI,WI,Midwest,Midwest,same_state,zone_1,5,5.0,0.0,False,14.13,baseline
order_0004673,TX,NY,South,Northeast,cross_region,zone_3,10,10.0,0.0,False,9.31,baseline
order_0004674,PA,PA,Northeast,Northeast,same_state,zone_1,5,5.0,0.0,False,8.03,baseline
order_0004675,TX,IL,South,Midwest,cross_region,zone_3,10,13.0,3.0,True,9.62,baseline
order_0004676,TX,NM,South,West,cross_region,zone_3,9,9.0,0.0,False,8.41,baseline
order_0004677,SC,MN,South,Midwest,cross_region,zone_3,8,10.0,2.0,True,29.72,baseline
order_0004678,GA,ND,South,Midwest,cross_region,zone_3,9,,,False,23.85,baseline
order_0004679,NY,PA,Northeast,Northeast,same_region,zone_2,7,7.0,0.0,False,7.58,baseline
order_0004680,MN,TX,Midwest,South,cross_region,zone_3,9,9.0,0.0,False,7.83,baseline
order_0004681,FL,NY,South,Northeast,cross_region,zone_3,9,9.0,0.0,False,8.15,baseline
order_0004682,FL,PA,South,Northeast,cross_region,zone_3,9,9.0,0.0,False,25.75,baseline
order_0004683,TN,CA,South,West,cross_region,zone_3,8,8.0,0.0,False,22.48,baseline
order_0004684,CA,CA,West,West,same_state,zone_1,5,5.0,0.0,False,12.39,baseline
order_0004685,HI,IL,West,Midwest,remote,zone_4,11,11.0,0.0,False,12.72,baseline
order_0004686,WV,NY,South,Northeast,cross_region,zone_3,9,8.0,0.0,False,26.03,baseline
order_0004687,TN,TX,South,South,same_region,zone_2,7,6.0,0.0,False,12.54,baseline
order_0004688,NY,TN,Northeast,South,cross_region,zone_3,9,11.0,2.0,True,44.63,baseline
order_0004689,WV,TX,South,South,same_region,zone_2,7,8.0,1.0,True,29.08,baseline
order_0004690,CA,MO,West,Midwest,cross_region,zone_3,8,8.0,0.0,False,8.31,baseline
order_0004691,IL,HI,Midwest,West,remote,zone_4,12,11.0,0.0,False,54.75,baseline
order_0004692,VA,WY,South,West,cross_region,zone_3,9,9.0,0.0,False,10.06,baseline
order_0004693,NY,PA,Northeast,Northeast,same_region,zone_2,7,7.0,0.0,False,12.03,baseline
order_0004694,ID,TX,West,South,cross_region,zone_3,9,9.0,0.0,False,20.89,baseline
order_0004695,MA,RI,Northeast,Northeast,same_region,zone_2,8,8.0,0.0,False,20.0,baseline
order_0004696,DC,TX,South,South,same_region,zone_2,7,6.0,0.0,False,15.44,baseline
order_0004697,NY,FL,Northeast,South,cross_region,zone_3,10,11.0,1.0,True,9.19,baseline
order_0004698,TN,CA,South,West,cross_region,zone_3,9,9.0,0.0,False,9.07,baseline
order_0004699,IL,AL,Midwest,South,cross_region,zone_3,8,7.0,0.0,False,8.4,baseline
order_0004700,FL,UT,South,West,cross_region,zone_3,10,12.0,2.0,True,8.96,baseline
order_0004701,SC,IL,South,Midwest,cross_region,zone_3,10,10.0,0.0,False,10.43,baseline
order_0004702,AL,NJ,South,Northeast,cross_region,zone_3,10,9.0,0.0,False,18.19,baseline
order_0004703,CT,TX,Northeast,South,cross_region,zone_3,9,9.0,0.0,False,8.37,baseline
order_0004704,MT,CA,West,West,same_region,zone_2,7,,,False,5.61,baseline
order_0004705,TX,ND,South,Midwest,cross_region,zone_3,9,9.0,0.0,False,26.7,baseline
order_0004706,PA,FL,Northeast,South,cross_region,zone_3,9,10.0,1.0,True,19.15,baseline
order_0004707,IA,GA,Midwest,South,cross_region,zone_3,9,8.0,0.0,False,8.3,baseline
order_0004708,LA,FL,South,South,same_region,zone_2,6,8.0,2.0,True,14.88,baseline
order_0004709,CT,TX,Northeast,South,cross_region,zone_3,9,8.0,0.0,False,8.83,baseline
order_0004710,IL,HI,Midwest,West,remote,zone_4,12,15.0,3.0,True,25.31,baseline
order_0004711,GA,GA,South,South,same_state,zone_1,5,5.0,0.0,False,28.72,baseline
order_0004712,MN,VA,Midwest,South,cross_region,zone_3,9,9.0,0.0,False,16.32,baseline
order_0004713,NY,IL,Northeast,Midwest,cross_region,zone_3,9,9.0,0.0,False,15.43,baseline
order_0004714,FL,PA,South,Northeast,cross_region,zone_3,8,8.0,0.0,False,47.43,baseline
order_0004715,MT,GA,West,South,cross_region,zone_3,8,8.0,0.0,False,7.81,baseline
order_0004716,IL,TX,Midwest,South,cross_region,zone_3,9,9.0,0.0,False,8.46,baseline
order_0004717,WA,KS,West,Midwest,cross_region,zone_3,9,9.0,0.0,False,7.34,baseline
order_0004718,TX,NH,South,Northeast,cross_region,zone_3,9,9.0,0.0,False,7.73,baseline
order_0004719,TX,CA,South,West,cross_region,zone_3,10,10.0,0.0,False,32.14,baseline
order_0004720,DE,IA,South,Midwest,cross_region,zone_3,9,9.0,0.0,False,8.56,baseline
order_0004721,NY,IL,Northeast,Midwest,cross_region,zone_3,8,10.0,2.0,True,9.44,baseline
order_0004722,WV,IL,South,Midwest,cross_region,zone_3,9,8.0,0.0,False,8.19,baseline
order_0004723,KS,MD,Midwest,South,cross_region,zone_3,9,9.0,0.0,False,19.17,baseline
order_0004724,IL,OH,Midwest,Midwest,same_region,zone_2,7,7.0,0.0,False,5.96,baseline
order_0004725,WV,AL,South,South,same_region,zone_2,7,6.0,0.0,False,11.61,baseline
order_0004726,PA,VT,Northeast,Northeast,same_region,zone_2,7,8.0,1.0,True,10.38,baseline
order_0004727,NY,FL,Northeast,South,cross_region,zone_3,8,8.0,0.0,False,8.74,baseline
order_0004728,NJ,LA,Northeast,South,cross_region,zone_3,9,9.0,0.0,False,7.78,baseline
order_0004729,NY,WY,Northeast,West,cross_region,zone_3,8,8.0,0.0,False,9.42,baseline
order_0004730,MO,TX,Midwest,South,cross_region,zone_3,10,9.0,0.0,False,9.27,baseline
order_0004731,NY,HI,Northeast,West,remote,zone_4,11,11.0,0.0,False,44.9,baseline
order_0004732,AR,OH,South,Midwest,cross_region,zone_3,9,8.0,0.0,False,17.06,baseline
order_0004733,KY,PA,South,Northeast,cross_region,zone_3,9,9.0,0.0,False,19.28,baseline
order_0004734,LA,TX,South,South,same_region,zone_2,8,8.0,0.0,False,18.64,baseline
order_0004735,FL,NY,South,Northeast,cross_region,zone_3,9,13.0,4.0,True,8.7,baseline
order_0004736,IL,WY,Midwest,West,cross_region,zone_3,9,,,False,7.46,baseline
order_0004737,OR,NC,West,South,cross_region,zone_3,9,9.0,0.0,False,29.27,baseline
order_0004738,NY,IL,Northeast,Midwest,cross_region,zone_3,8,8.0,0.0,False,20.55,baseline
order_0004739,CA,NY,West,Northeast,cross_region,zone_3,9,8.0,0.0,False,7.37,baseline
order_0004740,AR,WV,South,South,same_region,zone_2,8,8.0,0.0,False,28.85,baseline
order_0004741,OR,PA,West,Northeast,cross_region,zone_3,9,9.0,0.0,False,8.4,baseline
order_0004742,FL,TX,South,South,same_region,zone_2,6,,,False,16.4,baseline
order_0004743,TX,FL,South,South,same_region,zone_2,7,7.0,0.0,False,9.23,baseline
order_0004744,GA,ID,South,West,cross_region,zone_3,9,12.0,3.0,True,19.37,baseline
order_0004745,CO,FL,West,South,cross_region,zone_3,9,9.0,0.0,False,9.07,baseline
order_0004746,GA,RI,South,Northeast,cross_region,zone_3,9,9.0,0.0,False,20.49,baseline
order_0004747,SD,MN,Midwest,Midwest,same_region,zone_2,7,7.0,0.0,False,5.23,baseline
order_0004748,IA,VA,Midwest,South,cross_region,zone_3,9,13.0,4.0,True,8.32,baseline
order_0004749,MI,TX,Midwest,South,cross_region,zone_3,10,9.0,0.0,False,39.91,baseline
order_0004750,TX,NC,South,South,same_region,zone_2,7,7.0,0.0,False,5.9,baseline
order_0004751,FL,GA,South,South,same_region,zone_2,8,8.0,0.0,False,7.16,baseline
order_0004752,UT,CO,West,West,same_region,zone_2,8,10.0,2.0,True,7.08,baseline
order_0004753,OH,VA,Midwest,South,cross_region,zone_3,9,,,False,18.96,baseline
order_0004754,NY,TX,Northeast,South,cross_region,zone_3,10,10.0,0.0,False,17.91,baseline
order_0004755,MO,NY,Midwest,Northeast,cross_region,zone_3,9,12.0,3.0,True,24.58,baseline
order_0004756,FL,MI,South,Midwest,cross_region,zone_3,9,9.0,0.0,False,41.26,baseline
order_0004757,PA,AL,Northeast,South,cross_region,zone_3,9,9.0,0.0,False,16.83,baseline
order_0004758,IL,MS,Midwest,South,cross_region,zone_3,9,9.0,0.0,False,18.24,baseline
order_0004759,CA,AL,West,South,cross_region,zone_3,9,9.0,0.0,False,16.49,baseline
order_0004760,NJ,MN,Northeast,Midwest,cross_region,zone_3,9,9.0,0.0,False,30.48,baseline
order_0004761,TX,TX,South,South,same_state,zone_1,5,5.0,0.0,False,21.52,baseline
order_0004762,NV,GA,West,South,cross_region,zone_3,8,8.0,0.0,False,9.08,baseline
order_0004763,NJ,NY,Northeast,Northeast,same_region,zone_2,7,7.0,0.0,False,17.56,baseline
order_0004764,FL,PA,South,Northeast,cross_region,zone_3,8,7.0,0.0,False,9.38,baseline
order_0004765,ID,PA,West,Northeast,cross_region,zone_3,9,8.0,0.0,False,8.97,baseline
order_0004766,IL,IL,Midwest,Midwest,same_state,zone_1,5,6.0,1.0,True,13.12,baseline
order_0004767,FL,CA,South,West,cross_region,zone_3,10,10.0,0.0,False,10.73,baseline
order_0004768,OK,DC,South,South,same_region,zone_2,7,7.0,0.0,False,14.59,baseline
order_0004769,AZ,CA,West,West,same_region,zone_2,7,7.0,0.0,False,20.05,baseline
order_0004770,FL,CA,South,West,cross_region,zone_3,9,8.0,0.0,False,16.97,baseline
order_0004771,TX,CA,South,West,cross_region,zone_3,9,9.0,0.0,False,39.58,baseline
order_0004772,IN,NV,Midwest,West,cross_region,zone_3,9,,,False,20.47,baseline
order_0004773,NJ,HI,Northeast,West,remote,zone_4,12,14.0,2.0,True,27.28,baseline
order_0004774,CT,NY,Northeast,Northeast,same_region,zone_2,7,6.0,0.0,False,5.47,baseline
order_0004775,MT,MS,West,South,cross_region,zone_3,8,8.0,0.0,False,8.17,baseline
order_0004776,GA,PA,South,Northeast,cross_region,zone_3,9,9.0,0.0,False,11.01,baseline
order_0004777,HI,FL,West,South,remote,zone_4,12,12.0,0.0,False,14.86,baseline
order_0004778,CA,ND,West,Midwest,cross_region,zone_3,9,8.0,0.0,False,7.99,baseline
order_0004779,IL,MN,Midwest,Midwest,same_region,zone_2,8,,,False,5.66,baseline
order_0004780,WA,MI,West,Midwest,cross_region,zone_3,9,8.0,0.0,False,8.0,baseline
order_0004781,FL,OR,South,West,cross_region,zone_3,10,14.0,4.0,True,18.33,baseline
order_0004782,HI,TX,West,South,remote,zone_4,12,17.0,5.0,True,27.38,baseline
order_0004783,HI,TN,West,South,remote,zone_4,11,11.0,0.0,False,12.71,baseline
order_0004784,SC,AK,South,West,remote,zone_4,12,13.0,1.0,True,59.39,baseline
order_0004785,PA,TX,Northeast,South,cross_region,zone_3,9,8.0,0.0,False,7.85,baseline
order_0004786,KS,PA,Midwest,Northeast,cross_region,zone_3,9,9.0,0.0,False,8.15,baseline
order_0004787,NV,GA,West,South,cross_region,zone_3,8,8.0,0.0,False,41.85,baseline
order_0004788,NY,PA,Northeast,Northeast,same_region,zone_2,7,7.0,0.0,False,5.07,baseline
order_0004789,NJ,MS,Northeast,South,cross_region,zone_3,9,9.0,0.0,False,7.26,baseline
order_0004790,TX,FL,South,South,same_region,zone_2,6,,,False,13.28,baseline
order_0004791,MT,NJ,West,Northeast,cross_region,zone_3,9,9.0,0.0,False,20.1,baseline
order_0004792,TX,PA,South,Northeast,cross_region,zone_3,9,,,False,16.83,baseline
order_0004793,HI,FL,West,South,remote,zone_4,11,11.0,0.0,False,11.67,baseline
order_0004794,KY,TX,South,South,same_region,zone_2,7,7.0,0.0,False,11.8,baseline
order_0004795,CO,CA,West,West,same_region,zone_2,8,13.0,5.0,True,5.76,baseline
order_0004796,GA,MS,South,South,same_region,zone_2,7,6.0,0.0,False,12.87,baseline
order_0004797,TX,NY,South,Northeast,cross_region,zone_3,9,9.0,0.0,False,7.37,baseline
order_0004798,OH,CO,Midwest,West,cross_region,zone_3,9,9.0,0.0,False,23.81,baseline
order_0004799,MT,ND,West,Midwest,cross_region,zone_3,9,9.0,0.0,False,12.81,baseline
order_0004800,CT,WY,Northeast,West,cross_region,zone_3,9,11.0,2.0,True,9.35,baseline
order_0004801,WA,HI,West,West,same_region,zone_2,7,7.0,0.0,False,12.01,baseline
order_0004802,HI,MI,West,Midwest,remote,zone_4,11,11.0,0.0,False,13.1,baseline
order_0004803,CA,NJ,West,Northeast,cross_region,zone_3,9,9.0,0.0,False,9.07,baseline
order_0004804,TX,TX,South,South,same_state,zone_1,5,6.0,1.0,True,3.94,baseline
order_0004805,ID,NY,West,Northeast,cross_region,zone_3,10,10.0,0.0,False,10.21,baseline
order_0004806,NC,MT,South,West,cross_region,zone_3,9,9.0,0.0,False,8.67,baseline
order_0004807,FL,NY,South,Northeast,cross_region,zone_3,9,9.0,0.0,False,23.99,baseline
order_0004808,HI,CA,West,West,same_region,zone_2,6,6.0,0.0,False,11.61,baseline
order_0004809,PA,NC,Northeast,South,cross_region,zone_3,9,9.0,0.0,False,18.3,baseline
order_0004810,NY,FL,Northeast,South,cross_region,zone_3,8,11.0,3.0,True,26.22,baseline
order_0004811,MD,VT,South,Northeast,cross_region,zone_3,9,9.0,0.0,False,16.31,baseline
order_0004812,NY,GA,Northeast,South,cross_region,zone_3,10,15.0,5.0,True,8.01,baseline
order_0004813,ID,CA,West,West,same_region,zone_2,6,5.0,0.0,False,5.49,baseline
order_0004814,PA,HI,Northeast,West,remote,zone_4,12,12.0,0.0,False,63.41,baseline
order_0004815,FL,NY,South,Northeast,cross_region,zone_3,9,8.0,0.0,False,9.21,baseline
order_0004816,TX,CA,South,West,cross_region,zone_3,9,9.0,0.0,False,26.22,baseline
order_0004817,SD,NC,Midwest,South,cross_region,zone_3,9,9.0,0.0,False,26.06,baseline
order_0004818,TX,NC,South,South,same_region,zone_2,8,8.0,0.0,False,11.87,baseline
order_0004819,WA,TX,West,South,cross_region,zone_3,8,8.0,0.0,False,9.69,baseline
order_0004820,CA,CA,West,West,same_state,zone_1,4,4.0,0.0,False,5.13,baseline
order_0004821,FL,IL,South,Midwest,cross_region,zone_3,9,,,False,8.73,baseline
order_0004822,HI,TX,West,South,remote,zone_4,11,11.0,0.0,False,15.25,baseline
order_0004823,TX,FL,South,South,same_region,zone_2,7,7.0,0.0,False,13.21,baseline
order_0004824,MN,CO,Midwest,West,cross_region,zone_3,9,9.0,0.0,False,8.21,baseline
order_0004825,IA,TX,Midwest,South,cross_region,zone_3,9,9.0,0.0,False,7.88,baseline
order_0004826,HI,MS,West,South,remote,zone_4,11,11.0,0.0,False,32.57,baseline
order_0004827,NJ,CA,Northeast,West,cross_region,zone_3,9,8.0,0.0,False,8.36,baseline
order_0004828,IL,CA,Midwest,West,cross_region,zone_3,8,7.0,0.0,False,8.12,baseline
order_0004829,NY,FL,Northeast,South,cross_region,zone_3,10,10.0,0.0,False,28.34,baseline
order_0004830,TX,FL,South,South,same_region,zone_2,6,6.0,0.0,False,29.38,baseline
order_0004831,OH,DE,Midwest,South,cross_region,zone_3,9,9.0,0.0,False,19.3,baseline
order_0004832,CT,TX,Northeast,South,cross_region,zone_3,9,9.0,0.0,False,8.86,baseline
order_0004833,FL,FL,South,South,same_state,zone_1,5,5.0,0.0,False,9.79,baseline
order_0004834,NY,NY,Northeast,Northeast,same_state,zone_1,5,4.0,0.0,False,13.48,baseline
order_0004835,FL,CO,South,West,cross_region,zone_3,8,8.0,0.0,False,7.36,baseline
order_0004836,OH,TX,Midwest,South,cross_region,zone_3,9,9.0,0.0,False,16.03,baseline
order_0004837,NJ,CA,Northeast,West,cross_region,zone_3,9,9.0,0.0,False,15.92,baseline
order_0004838,NH,TX,Northeast,South,cross_region,zone_3,9,9.0,0.0,False,20.04,baseline
order_0004839,FL,IL,South,Midwest,cross_region,zone_3,9,8.0,0.0,False,8.66,baseline
order_0004840,KY,CA,South,West,cross_region,zone_3,9,9.0,0.0,False,8.5,baseline
order_0004841,PA,MI,Northeast,Midwest,cross_region,zone_3,9,13.0,4.0,True,8.34,baseline
order_0004842,WA,AZ,West,West,same_region,zone_2,7,7.0,0.0,False,5.99,baseline
order_0004843,TX,GA,South,South,same_region,zone_2,7,7.0,0.0,False,24.96,baseline
order_0004844,GA,CA,South,West,cross_region,zone_3,9,8.0,0.0,False,15.58,baseline
order_0004845,CT,AZ,Northeast,West,cross_region,zone_3,9,14.0,5.0,True,7.48,baseline
order_0004846,MI,IL,Midwest,Midwest,same_region,zone_2,7,7.0,0.0,False,14.69,baseline
order_0004847,MA,TX,Northeast,South,cross_region,zone_3,9,14.0,5.0,True,32.32,baseline
order_0004848,HI,NJ,West,Northeast,remote,zone_4,11,11.0,0.0,False,13.79,baseline
order_0004849,CA,NJ,West,Northeast,cross_region,zone_3,9,12.0,3.0,True,7.5,baseline
order_0004850,IL,CA,Midwest,West,cross_region,zone_3,9,8.0,0.0,False,18.5,baseline
order_0004851,GA,NY,South,Northeast,cross_region,zone_3,9,14.0,5.0,True,9.86,baseline
order_0004852,OH,AL,Midwest,South,cross_region,zone_3,10,10.0,0.0,False,11.12,baseline
order_0004853,CA,CA,West,West,same_state,zone_1,5,5.0,0.0,False,17.94,baseline
order_0004854,FL,TX,South,South,same_region,zone_2,7,7.0,0.0,False,5.0,baseline
order_0004855,NJ,TX,Northeast,South,cross_region,zone_3,10,10.0,0.0,False,10.48,baseline
order_0004856,FL,PA,South,Northeast,cross_region,zone_3,9,9.0,0.0,False,23.12,baseline
order_0004857,CT,NY,Northeast,Northeast,same_region,zone_2,7,7.0,0.0,False,8.39,baseline
order_0004858,AL,IL,South,Midwest,cross_region,zone_3,9,8.0,0.0,False,7.51,baseline
order_0004859,WV,HI,South,West,remote,zone_4,12,11.0,0.0,False,13.99,baseline
order_0004860,TX,RI,South,Northeast,cross_region,zone_3,9,9.0,0.0,False,8.37,baseline
order_0004861,FL,VA,South,South,same_region,zone_2,7,6.0,0.0,False,10.34,baseline
order_0004862,HI,WY,West,West,same_region,zone_2,6,6.0,0.0,False,5.94,baseline
order_0004863,NY,TX,Northeast,South,cross_region,zone_3,9,11.0,2.0,True,15.81,baseline
order_0004864,OH,FL,Midwest,South,cross_region,zone_3,10,10.0,0.0,False,22.1,baseline
order_0004865,NV,OH,West,Midwest,cross_region,zone_3,10,13.0,3.0,True,9.19,baseline
order_0004866,LA,NY,South,Northeast,cross_region,zone_3,8,8.0,0.0,False,17.04,baseline
order_0004867,NY,HI,Northeast,West,remote,zone_4,12,12.0,0.0,False,15.2,baseline
order_0004868,MO,NV,Midwest,West,cross_region,zone_3,9,9.0,0.0,False,24.42,baseline
order_0004869,TN,TX,South,South,same_region,zone_2,7,7.0,0.0,False,9.05,baseline
order_0004870,FL,MI,South,Midwest,cross_region,zone_3,9,9.0,0.0,False,11.01,baseline
order_0004871,CA,NJ,West,Northeast,cross_region,zone_3,9,13.0,4.0,True,8.51,baseline
order_0004872,NY,VA,Northeast,South,cross_region,zone_3,8,,,False,7.45,baseline
order_0004873,CA,NY,West,Northeast,cross_region,zone_3,9,8.0,0.0,False,25.35,baseline
order_0004874,GA,AL,South,South,same_region,zone_2,7,7.0,0.0,False,11.09,baseline
order_0004875,FL,FL,South,South,same_state,zone_1,6,5.0,0.0,False,7.49,baseline
order_0004876,UT,NM,West,West,same_region,zone_2,7,7.0,0.0,False,5.6,baseline
order_0004877,HI,FL,West,South,remote,zone_4,12,12.0,0.0,False,40.23,baseline
order_0004878,OH,IL,Midwest,Midwest,same_region,zone_2,7,7.0,0.0,False,16.58,baseline
order_0004879,NY,FL,Northeast,South,cross_region,zone_3,8,7.0,0.0,False,18.1,baseline
order_0004880,TX,TX,South,South,same_state,zone_1,5,5.0,0.0,False,13.23,baseline
order_0004881,PA,MI,Northeast,Midwest,cross_region,zone_3,10,13.0,3.0,True,8.47,baseline
order_0004882,MN,CA,Midwest,West,cross_region,zone_3,9,8.0,0.0,False,7.71,baseline
order_0004883,HI,WY,West,West,same_region,zone_2,7,7.0,0.0,False,11.23,baseline
order_0004884,CT,OR,Northeast,West,cross_region,zone_3,9,9.0,0.0,False,25.74,baseline
order_0004885,PA,MT,Northeast,West,cross_region,zone_3,9,11.0,2.0,True,23.65,baseline
order_0004886,NY,NY,Northeast,Northeast,same_state,zone_1,4,4.0,0.0,False,9.87,baseline
order_0004887,NJ,GA,Northeast,South,cross_region,zone_3,10,10.0,0.0,False,10.14,baseline
order_0004888,ID,TX,West,South,cross_region,zone_3,9,9.0,0.0,False,8.15,baseline
order_0004889,IL,CO,Midwest,West,cross_region,zone_3,9,,,False,11.38,baseline
order_0004890,IL,HI,Midwest,West,remote,zone_4,12,12.0,0.0,False,56.5,baseline
order_0004891,NJ,NY,Northeast,Northeast,same_region,zone_2,7,7.0,0.0,False,15.28,baseline
order_0004892,TN,IA,South,Midwest,cross_region,zone_3,9,8.0,0.0,False,8.51,baseline
order_0004893,FL,TX,South,South,same_region,zone_2,7,7.0,0.0,False,24.91,baseline
order_0004894,OH,CA,Midwest,West,cross_region,zone_3,10,10.0,0.0,False,21.6,baseline
order_0004895,OR,UT,West,West,same_region,zone_2,8,8.0,0.0,False,8.44,baseline
order_0004896,NJ,WI,Northeast,Midwest,cross_region,zone_3,9,9.0,0.0,False,10.51,baseline
order_0004897,CA,CA,West,West,same_state,zone_1,5,5.0,0.0,False,8.43,baseline
order_0004898,OH,IL,Midwest,Midwest,same_region,zone_2,8,,,False,52.11,baseline
order_0004899,LA,OK,South,South,same_region,zone_2,6,5.0,0.0,False,19.26,baseline
order_0004900,OR,TX,West,South,cross_region,zone_3,9,9.0,0.0,False,8.18,baseline
order_0004901,TX,NY,South,Northeast,cross_region,zone_3,9,,,False,7.91,baseline
order_0004902,HI,NE,West,Midwest,remote,zone_4,12,13.0,1.0,True,16.72,baseline
order_0004903,TX,CA,South,West,cross_region,zone_3,9,8.0,0.0,False,28.98,baseline
order_0004904,NM,VT,West,Northeast,cross_region,zone_3,10,9.0,0.0,False,10.35,baseline
order_0004905,NJ,NY,Northeast,Northeast,same_region,zone_2,7,6.0,0.0,False,8.54,baseline
order_0004906,OR,KS,West,Midwest,cross_region,zone_3,9,,,False,22.51,baseline
order_0004907,FL,CA,South,West,cross_region,zone_3,9,9.0,0.0,False,27.83,baseline
order_0004908,NM,CA,West,West,same_region,zone_2,7,7.0,0.0,False,15.92,baseline
order_0004909,CA,FL,West,South,cross_region,zone_3,9,14.0,5.0,True,7.97,baseline
order_0004910,NJ,HI,Northeast,West,remote,zone_4,12,11.0,0.0,False,36.83,baseline
order_0004911,TN,IL,South,Midwest,cross_region,zone_3,9,9.0,0.0,False,7.64,baseline
order_0004912,OH,OH,Midwest,Midwest,same_state,zone_1,6,6.0,0.0,False,4.79,baseline
order_0004913,TN,CA,South,West,cross_region,zone_3,9,9.0,0.0,False,9.05,baseline
order_0004914,IA,CA,Midwest,West,cross_region,zone_3,10,,,False,8.24,baseline
order_0004915,MS,SD,South,Midwest,cross_region,zone_3,10,10.0,0.0,False,9.44,baseline
order_0004916,MI,NJ,Midwest,Northeast,cross_region,zone_3,9,9.0,0.0,False,9.64,baseline
order_0004917,LA,NJ,South,Northeast,cross_region,zone_3,8,8.0,0.0,False,16.11,baseline
order_0004918,NY,NC,Northeast,South,cross_region,zone_3,9,8.0,0.0,False,8.17,baseline
order_0004919,PA,CA,Northeast,West,cross_region,zone_3,9,9.0,0.0,False,20.35,baseline
order_0004920,MA,MI,Northeast,Midwest,cross_region,zone_3,9,9.0,0.0,False,18.23,baseline
order_0004921,AK,IL,West,Midwest,remote,zone_4,12,12.0,0.0,False,30.76,baseline
order_0004922,OK,CA,South,West,cross_region,zone_3,9,8.0,0.0,False,9.11,baseline
order_0004923,CA,TX,West,South,cross_region,zone_3,9,,,False,23.47,baseline
order_0004924,LA,FL,South,South,same_region,zone_2,7,9.0,2.0,True,7.32,baseline
order_0004925,FL,OH,South,Midwest,cross_region,zone_3,9,9.0,0.0,False,25.4,baseline
order_0004926,WV,TX,South,South,same_region,zone_2,8,8.0,0.0,False,9.75,baseline
order_0004927,IL,DC,Midwest,South,cross_region,zone_3,10,10.0,0.0,False,10.01,baseline
order_0004928,CA,CA,West,West,same_state,zone_1,5,5.0,0.0,False,4.08,baseline
order_0004929,PA,AK,Northeast,West,remote,zone_4,12,13.0,1.0,True,13.97,baseline
order_0004930,KY,OH,South,Midwest,cross_region,zone_3,9,8.0,0.0,False,16.52,baseline
order_0004931,IL,GA,Midwest,South,cross_region,zone_3,8,8.0,0.0,False,25.91,baseline
order_0004932,PA,NY,Northeast,Northeast,same_region,zone_2,6,6.0,0.0,False,15.13,baseline
order_0004933,HI,UT,West,West,same_region,zone_2,6,6.0,0.0,False,5.25,baseline
order_0004934,WV,TX,South,South,same_region,zone_2,7,6.0,0.0,False,16.31,baseline
order_0004935,WV,MI,South,Midwest,cross_region,zone_3,10,9.0,0.0,False,8.27,baseline
order_0004936,TX,GA,South,South,same_region,zone_2,6,,,False,5.44,baseline
order_0004937,TX,CA,South,West,cross_region,zone_3,10,10.0,0.0,False,9.61,baseline
order_0004938,TN,TX,South,South,same_region,zone_2,7,6.0,0.0,False,16.88,baseline
order_0004939,NY,TX,Northeast,South,cross_region,zone_3,9,9.0,0.0,False,8.73,baseline
order_0004940,GA,IL,South,Midwest,cross_region,zone_3,9,11.0,2.0,True,8.1,baseline
order_0004941,MI,TX,Midwest,South,cross_region,zone_3,9,8.0,0.0,False,18.79,baseline
order_0004942,IA,DC,Midwest,South,cross_region,zone_3,9,8.0,0.0,False,8.32,baseline
order_0004943,TX,MS,South,South,same_region,zone_2,7,7.0,0.0,False,7.24,baseline
order_0004944,FL,CA,South,West,cross_region,zone_3,9,9.0,0.0,False,8.11,baseline
order_0004945,NJ,TX,Northeast,South,cross_region,zone_3,9,9.0,0.0,False,19.55,baseline
order_0004946,CA,VA,West,South,cross_region,zone_3,10,10.0,0.0,False,28.33,baseline
order_0004947,HI,NM,West,West,same_region,zone_2,6,6.0,0.0,False,5.64,baseline
order_0004948,CA,DE,West,South,cross_region,zone_3,9,8.0,0.0,False,35.03,baseline
order_0004949,NY,NY,Northeast,Northeast,same_state,zone_1,4,4.0,0.0,False,14.3,baseline
order_0004950,IL,CA,Midwest,West,cross_region,zone_3,9,14.0,5.0,True,35.48,baseline
order_0004951,HI,FL,West,South,remote,zone_4,11,,,False,26.26,baseline
order_0004952,FL,WA,South,West,cross_region,zone_3,9,8.0,0.0,False,18.42,baseline
order_0004953,TX,CA,South,West,cross_region,zone_3,9,9.0,0.0,False,8.85,baseline
order_0004954,CA,NY,West,Northeast,cross_region,zone_3,10,9.0,0.0,False,7.75,baseline
order_0004955,CT,AR,Northeast,South,cross_region,zone_3,9,9.0,0.0,False,22.65,baseline
order_0004956,NY,TX,Northeast,South,cross_region,zone_3,9,9.0,0.0,False,10.17,baseline
order_0004957,FL,MA,South,Northeast,cross_region,zone_3,10,10.0,0.0,False,19.2,baseline
order_0004958,MA,IL,Northeast,Midwest,cross_region,zone_3,9,9.0,0.0,False,8.57,baseline
order_0004959,OH,MA,Midwest,Northeast,cross_region,zone_3,8,8.0,0.0,False,20.47,baseline
order_0004960,PA,ME,Northeast,Northeast,same_region,zone_2,7,6.0,0.0,False,6.26,baseline
order_0004961,CT,FL,Northeast,South,cross_region,zone_3,9,9.0,0.0,False,45.59,baseline
order_0004962,GA,NY,South,Northeast,cross_region,zone_3,9,9.0,0.0,False,17.59,baseline
order_0004963,AZ,NY,West,Northeast,cross_region,zone_3,9,8.0,0.0,False,7.25,baseline
order_0004964,IL,FL,Midwest,South,cross_region,zone_3,9,8.0,0.0,False,8.94,baseline
order_0004965,LA,NE,South,Midwest,cross_region,zone_3,8,8.0,0.0,False,34.88,baseline
order_0004966,NJ,NC,Northeast,South,cross_region,zone_3,9,8.0,0.0,False,15.77,baseline
order_0004967,MO,PA,Midwest,Northeast,cross_region,zone_3,10,10.0,0.0,False,14.06,baseline
order_0004968,OR,AR,West,South,cross_region,zone_3,9,,,False,54.33,baseline
order_0004969,CA,GA,West,South,cross_region,zone_3,9,12.0,3.0,True,33.56,baseline
order_0004970,CA,IN,West,Midwest,cross_region,zone_3,9,9.0,0.0,False,32.84,baseline
order_0004971,NY,CO,Northeast,West,cross_region,zone_3,9,12.0,3.0,True,22.52,baseline
order_0004972,FL,TX,South,South,same_region,zone_2,7,7.0,0.0,False,16.57,baseline
order_0004973,PA,IN,Northeast,Midwest,cross_region,zone_3,9,9.0,0.0,False,20.24,baseline
order_0004974,IL,GA,Midwest,South,cross_region,zone_3,8,8.0,0.0,False,18.68,baseline
order_0004975,MI,NJ,Midwest,Northeast,cross_region,zone_3,9,9.0,0.0,False,11.22,baseline
order_0004976,GA,GA,South,South,same_state,zone_1,4,4.0,0.0,False,3.84,baseline
order_0004977,OR,SD,West,Midwest,cross_region,zone_3,9,,,False,7.86,baseline
order_0004978,LA,GA,South,South,same_region,zone_2,7,7.0,0.0,False,22.0,baseline
order_0004979,AR,FL,South,South,same_region,zone_2,7,6.0,0.0,False,6.46,baseline
order_0004980,CA,NE,West,Midwest,cross_region,zone_3,10,9.0,0.0,False,12.51,baseline
order_0004981,FL,NH,South,Northeast,cross_region,zone_3,9,9.0,0.0,False,7.82,baseline
order_0004982,OH,PA,Midwest,Northeast,cross_region,zone_3,10,,,False,8.92,baseline
order_0004983,NY,TX,Northeast,South,cross_region,zone_3,8,10.0,2.0,True,16.41,baseline
order_0004984,MI,KS,Midwest,Midwest,same_region,zone_2,7,7.0,0.0,False,7.53,baseline
order_0004985,NJ,CO,Northeast,West,cross_region,zone_3,9,9.0,0.0,False,7.67,baseline
order_0004986,WA,NY,West,Northeast,cross_region,zone_3,9,9.0,0.0,False,18.56,baseline
order_0004987,PA,CA,Northeast,West,cross_region,zone_3,9,9.0,0.0,False,8.06,baseline
order_0004988,GA,IL,South,Midwest,cross_region,zone_3,9,14.0,5.0,True,7.3,baseline
order_0004989,CA,GA,West,South,cross_region,zone_3,9,8.0,0.0,False,8.88,baseline
order_0004990,NJ,CA,Northeast,West,cross_region,zone_3,9,9.0,0.0,False,8.97,baseline
order_0004991,CA,TX,West,South,cross_region,zone_3,9,8.0,0.0,False,8.3,baseline
order_0004992,IL,RI,Midwest,Northeast,cross_region,zone_3,9,10.0,1.0,True,18.2,baseline
order_0004993,OH,NJ,Midwest,Northeast,cross_region,zone_3,9,8.0,0.0,False,16.55,baseline
order_0004994,OH,FL,Midwest,South,cross_region,zone_3,9,,,False,9.19,baseline
order_0004995,OR,NC,West,South,cross_region,zone_3,9,9.0,0.0,False,9.25,baseline
order_0004996,HI,PA,West,Northeast,remote,zone_4,11,10.0,0.0,False,13.58,baseline
order_0004997,NY,IL,Northeast,Midwest,cross_region,zone_3,9,8.0,0.0,False,7.3,baseline
order_0004998,HI,CA,West,West,same_region,zone_2,6,6.0,0.0,False,10.8,baseline
order_0004999,WA,NY,West,Northeast,cross_region,zone_3,9,9.0,0.0,False,9.47,baseline
order_0005000,TX,OR,South,West,cross_region,zone_3,9,8.0,0.0,False,7.47,baseline
order_0005001,TX,NM,South,West,cross_region,zone_3,9,9.0,0.0,False,10.33,baseline
order_0005002,WI,CA,Midwest,West,cross_region,zone_3,10,15.0,5.0,True,19.15,baseline
order_0005003,PA,ME,Northeast,Northeast,same_region,zone_2,7,7.0,0.0,False,10.17,baseline
order_0005004,CA,DC,West,South,cross_region,zone_3,9,9.0,0.0,False,7.58,baseline
order_0005005,IL,NY,Midwest,Northeast,cross_region,zone_3,9,9.0,0.0,False,11.29,baseline
order_0005006,TX,TX,South,South,same_state,zone_1,5,4.0,0.0,False,4.62,baseline
order_0005007,FL,UT,South,West,cross_region,zone_3,9,8.0,0.0,False,15.16,baseline
order_0005008,NJ,NE,Northeast,Midwest,cross_region,zone_3,9,8.0,0.0,False,9.68,baseline
order_0005009,GA,NY,South,Northeast,cross_region,zone_3,9,8.0,0.0,False,8.43,baseline
order_0005010,TX,DE,South,South,same_region,zone_2,7,7.0,0.0,False,33.57,baseline
order_0005011,SC,NC,South,South,same_region,zone_2,8,10.0,2.0,True,33.71,baseline
order_0005012,NJ,DE,Northeast,South,cross_region,zone_3,9,9.0,0.0,False,19.21,baseline
order_0005013,OH,ND,Midwest,Midwest,same_region,zone_2,7,7.0,0.0,False,5.96,baseline
order_0005014,PA,MT,Northeast,West,cross_region,zone_3,10,,,False,8.9,baseline
order_0005015,CA,NC,West,South,cross_region,zone_3,9,9.0,0.0,False,13.51,baseline
order_0005016,NY,CA,Northeast,West,cross_region,zone_3,8,7.0,0.0,False,25.06,baseline
order_0005017,TX,ID,South,West,cross_region,zone_3,9,9.0,0.0,False,8.56,baseline
order_0005018,TX,PA,South,Northeast,cross_region,zone_3,9,9.0,0.0,False,7.68,baseline
order_0005019,ME,MI,Northeast,Midwest,cross_region,zone_3,9,8.0,0.0,False,11.86,baseline
order_0005020,LA,DC,South,South,same_region,zone_2,7,,,False,13.13,baseline
order_0005021,CA,OH,West,Midwest,cross_region,zone_3,9,10.0,1.0,True,17.2,baseline
order_0005022,NJ,TN,Northeast,South,cross_region,zone_3,9,9.0,0.0,False,8.19,baseline
order_0005023,NY,TN,Northeast,South,cross_region,zone_3,8,8.0,0.0,False,9.82,baseline
order_0005024,CT,WV,Northeast,South,cross_region,zone_3,9,11.0,2.0,True,8.07,baseline
order_0005025,DC,CA,South,West,cross_region,zone_3,10,13.0,3.0,True,9.62,baseline
order_0005026,FL,FL,South,South,same_state,zone_1,5,4.0,0.0,False,10.4,baseline
order_0005027,NM,CA,West,West,same_region,zone_2,7,11.0,4.0,True,6.21,baseline
order_0005028,TX,CO,South,West,cross_region,zone_3,10,15.0,5.0,True,25.89,baseline
order_0005029,NY,IL,Northeast,Midwest,cross_region,zone_3,9,9.0,0.0,False,20.38,baseline
order_0005030,CA,PA,West,Northeast,cross_region,zone_3,8,8.0,0.0,False,8.15,baseline
order_0005031,NJ,TX,Northeast,South,cross_region,zone_3,9,9.0,0.0,False,26.69,baseline
order_0005032,IA,TX,Midwest,South,cross_region,zone_3,10,,,False,8.02,baseline
order_0005033,FL,MO,South,Midwest,cross_region,zone_3,9,9.0,0.0,False,32.25,baseline
order_0005034,NJ,IN,Northeast,Midwest,cross_region,zone_3,9,9.0,0.0,False,23.52,baseline
order_0005035,NY,GA,Northeast,South,cross_region,zone_3,10,,,False,19.57,baseline
order_0005036,NJ,NJ,Northeast,Northeast,same_state,zone_1,5,5.0,0.0,False,4.24,baseline
order_0005037,TN,NC,South,South,same_region,zone_2,7,7.0,0.0,False,15.85,baseline
order_0005038,NY,UT,Northeast,West,cross_region,zone_3,8,9.0,1.0,True,44.2,baseline
order_0005039,CA,CA,West,West,same_state,zone_1,5,5.0,0.0,False,4.91,baseline
order_0005040,IL,AZ,Midwest,West,cross_region,zone_3,9,9.0,0.0,False,15.36,baseline
order_0005041,NJ,NY,Northeast,Northeast,same_region,zone_2,7,6.0,0.0,False,5.2,baseline
order_0005042,FL,TX,South,South,same_region,zone_2,6,6.0,0.0,False,5.86,baseline
order_0005043,TX,NY,South,Northeast,cross_region,zone_3,9,9.0,0.0,False,8.3,baseline
order_0005044,IL,OR,Midwest,West,cross_region,zone_3,9,8.0,0.0,False,27.3,baseline
order_0005045,TX,DE,South,South,same_region,zone_2,7,7.0,0.0,False,5.47,baseline
order_0005046,PA,DC,Northeast,South,cross_region,zone_3,10,10.0,0.0,False,8.14,baseline
order_0005047,PA,FL,Northeast,South,cross_region,zone_3,9,9.0,0.0,False,9.63,baseline
order_0005048,WA,NC,West,South,cross_region,zone_3,10,10.0,0.0,False,8.03,baseline
order_0005049,LA,NV,South,West,cross_region,zone_3,9,9.0,0.0,False,8.75,baseline
order_0005050,WA,OK,West,South,cross_region,zone_3,9,9.0,0.0,False,15.34,baseline
order_0005051,TX,MD,South,South,same_region,zone_2,7,7.0,0.0,False,18.56,baseline
order_0005052,OH,MT,Midwest,West,cross_region,zone_3,9,9.0,0.0,False,44.93,baseline
order_0005053,CT,FL,Northeast,South,cross_region,zone_3,9,9.0,0.0,False,20.0,baseline
order_0005054,NH,NY,Northeast,Northeast,same_region,zone_2,7,7.0,0.0,False,5.72,baseline
order_0005055,TN,PA,South,Northeast,cross_region,zone_3,10,10.0,0.0,False,9.29,baseline
order_0005056,ME,MN,Northeast,Midwest,cross_region,zone_3,9,9.0,0.0,False,7.51,baseline
order_0005057,OH,FL,Midwest,South,cross_region,zone_3,10,10.0,0.0,False,9.62,baseline
order_0005058,GA,OH,South,Midwest,cross_region,zone_3,9,9.0,0.0,False,17.18,baseline
order_0005059,IL,FL,Midwest,South,cross_region,zone_3,8,7.0,0.0,False,7.22,baseline
order_0005060,IL,NY,Midwest,Northeast,cross_region,zone_3,9,14.0,5.0,True,24.92,baseline
order_0005061,FL,CT,South,Northeast,cross_region,zone_3,9,9.0,0.0,False,15.45,baseline
order_0005062,HI,LA,West,South,remote,zone_4,11,14.0,3.0,True,12.92,baseline
order_0005063,FL,CO,South,West,cross_region,zone_3,9,12.0,3.0,True,10.05,baseline
order_0005064,CA,NC,West,South,cross_region,zone_3,9,9.0,0.0,False,8.22,baseline
order_0005065,TN,FL,South,South,same_region,zone_2,7,9.0,2.0,True,17.28,baseline
order_0005066,IL,NM,Midwest,West,cross_region,zone_3,9,14.0,5.0,True,16.12,baseline
order_0005067,CA,NC,West,South,cross_region,zone_3,9,9.0,0.0,False,8.53,baseline
order_0005068,LA,PA,South,Northeast,cross_region,zone_3,8,8.0,0.0,False,36.03,baseline
order_0005069,AL,AL,South,South,same_state,zone_1,5,7.0,2.0,True,20.06,baseline
order_0005070,NY,TX,Northeast,South,cross_region,zone_3,10,9.0,0.0,False,20.74,baseline
order_0005071,NJ,TX,Northeast,South,cross_region,zone_3,10,10.0,0.0,False,9.41,baseline
order_0005072,WA,FL,West,South,cross_region,zone_3,9,9.0,0.0,False,17.74,baseline
order_0005073,IL,GA,Midwest,South,cross_region,zone_3,9,12.0,3.0,True,11.4,baseline
order_0005074,NJ,FL,Northeast,South,cross_region,zone_3,9,9.0,0.0,False,8.59,baseline
order_0005075,IL,OR,Midwest,West,cross_region,zone_3,8,9.0,1.0,True,44.62,baseline
order_0005076,OR,AR,West,South,cross_region,zone_3,9,9.0,0.0,False,8.71,baseline
order_0005077,NY,NJ,Northeast,Northeast,same_region,zone_2,8,12.0,4.0,True,18.67,baseline
order_0005078,CA,CA,West,West,same_state,zone_1,5,5.0,0.0,False,5.18,baseline
order_0005079,WA,SD,West,Midwest,cross_region,zone_3,8,12.0,4.0,True,17.25,baseline
order_0005080,OH,PA,Midwest,Northeast,cross_region,zone_3,9,9.0,0.0,False,8.71,baseline
order_0005081,FL,FL,South,South,same_state,zone_1,5,5.0,0.0,False,5.52,baseline
order_0005082,GA,MI,South,Midwest,cross_region,zone_3,10,,,False,9.71,baseline
order_0005083,TX,GA,South,South,same_region,zone_2,7,10.0,3.0,True,9.84,baseline
order_0005084,FL,TN,South,South,same_region,zone_2,8,7.0,0.0,False,17.05,baseline
order_0005085,MN,TX,Midwest,South,cross_region,zone_3,9,9.0,0.0,False,12.38,baseline
order_0005086,FL,MN,South,Midwest,cross_region,zone_3,9,9.0,0.0,False,7.78,baseline
order_0005087,TX,GA,South,South,same_region,zone_2,7,,,False,8.1,baseline
order_0005088,FL,SD,South,Midwest,cross_region,zone_3,9,9.0,0.0,False,7.2,baseline
order_0005089,HI,DC,West,South,remote,zone_4,11,,,False,11.8,baseline
order_0005090,SD,MT,Midwest,West,cross_region,zone_3,9,9.0,0.0,False,9.15,baseline
order_0005091,CA,CT,West,Northeast,cross_region,zone_3,9,11.0,2.0,True,8.31,baseline
order_0005092,HI,NH,West,Northeast,remote,zone_4,12,11.0,0.0,False,29.19,baseline
order_0005093,NJ,NC,Northeast,South,cross_region,zone_3,8,8.0,0.0,False,8.48,baseline
order_0005094,OR,MD,West,South,cross_region,zone_3,10,9.0,0.0,False,9.93,baseline
order_0005095,NJ,TX,Northeast,South,cross_region,zone_3,9,9.0,0.0,False,36.02,baseline
order_0005096,IL,MO,Midwest,Midwest,same_region,zone_2,7,7.0,0.0,False,5.9,baseline
order_0005097,FL,KY,South,South,same_region,zone_2,7,7.0,0.0,False,5.34,baseline
order_0005098,OR,NE,West,Midwest,cross_region,zone_3,10,10.0,0.0,False,11.51,baseline
order_0005099,TN,AL,South,South,same_region,zone_2,6,5.0,0.0,False,5.69,baseline
order_0005100,TX,PA,South,Northeast,cross_region,zone_3,9,9.0,0.0,False,9.77,baseline
order_0005101,IL,TX,Midwest,South,cross_region,zone_3,10,10.0,0.0,False,8.54,baseline
order_0005102,HI,KS,West,Midwest,remote,zone_4,11,,,False,33.97,baseline
order_0005103,FL,NY,South,Northeast,cross_region,zone_3,9,8.0,0.0,False,20.19,baseline
order_0005104,LA,NY,South,Northeast,cross_region,zone_3,8,7.0,0.0,False,7.74,baseline
order_0005105,OK,GA,South,South,same_region,zone_2,7,7.0,0.0,False,11.36,baseline
order_0005106,OR,CA,West,West,same_region,zone_2,7,,,False,6.97,baseline
order_0005107,TN,CA,South,West,cross_region,zone_3,9,12.0,3.0,True,11.35,baseline
order_0005108,HI,CA,West,West,same_region,zone_2,7,7.0,0.0,False,7.47,baseline
order_0005109,MS,TX,South,South,same_region,zone_2,6,,,False,21.97,baseline
order_0005110,CA,CA,West,West,same_state,zone_1,5,5.0,0.0,False,11.36,baseline
order_0005111,NJ,CA,Northeast,West,cross_region,zone_3,9,9.0,0.0,False,9.49,baseline
order_0005112,TX,MI,South,Midwest,cross_region,zone_3,9,9.0,0.0,False,41.07,baseline
order_0005113,NJ,IL,Northeast,Midwest,cross_region,zone_3,9,9.0,0.0,False,13.51,baseline
order_0005114,WV,NY,South,Northeast,cross_region,zone_3,9,9.0,0.0,False,8.16,baseline
order_0005115,CA,VT,West,Northeast,cross_region,zone_3,9,,,False,8.79,baseline
order_0005116,GA,CA,South,West,cross_region,zone_3,9,13.0,4.0,True,8.29,baseline
order_0005117,OH,NY,Midwest,Northeast,cross_region,zone_3,9,9.0,0.0,False,8.28,baseline
order_0005118,GA,MD,South,South,same_region,zone_2,7,7.0,0.0,False,23.25,baseline
order_0005119,CA,FL,West,South,cross_region,zone_3,9,9.0,0.0,False,17.33,baseline
order_0005120,ND,NY,Midwest,Northeast,cross_region,zone_3,10,10.0,0.0,False,38.91,baseline
order_0005121,OH,IL,Midwest,Midwest,same_region,zone_2,7,7.0,0.0,False,5.77,baseline
order_0005122,MA,FL,Northeast,South,cross_region,zone_3,10,14.0,4.0,True,9.22,baseline
order_0005123,NY,VT,Northeast,Northeast,same_region,zone_2,6,6.0,0.0,False,5.49,baseline
order_0005124,IL,FL,Midwest,South,cross_region,zone_3,9,9.0,0.0,False,17.61,baseline
order_0005125,NV,NY,West,Northeast,cross_region,zone_3,9,8.0,0.0,False,16.84,baseline
order_0005126,OK,SD,South,Midwest,cross_region,zone_3,9,9.0,0.0,False,14.09,baseline
order_0005127,NJ,NY,Northeast,Northeast,same_region,zone_2,7,7.0,0.0,False,6.28,baseline
order_0005128,NY,OR,Northeast,West,cross_region,zone_3,9,9.0,0.0,False,19.5,baseline
order_0005129,HI,NY,West,Northeast,remote,zone_4,12,12.0,0.0,False,56.25,baseline
order_0005130,NY,WY,Northeast,West,cross_region,zone_3,9,9.0,0.0,False,11.96,baseline
order_0005131,OH,IN,Midwest,Midwest,same_region,zone_2,8,8.0,0.0,False,6.09,baseline
order_0005132,NM,DC,West,South,cross_region,zone_3,10,10.0,0.0,False,26.99,baseline
order_0005133,PA,MD,Northeast,South,cross_region,zone_3,9,9.0,0.0,False,12.64,baseline
order_0005134,LA,NC,South,South,same_region,zone_2,6,6.0,0.0,False,17.19,baseline
order_0005135,LA,AR,South,South,same_region,zone_2,8,,,False,6.02,baseline
order_0005136,NH,IA,Northeast,Midwest,cross_region,zone_3,8,8.0,0.0,False,10.2,baseline
order_0005137,GA,NE,South,Midwest,cross_region,zone_3,8,12.0,4.0,True,25.79,baseline
order_0005138,CA,TX,West,South,cross_region,zone_3,9,9.0,0.0,False,45.88,baseline
order_0005139,NJ,MI,Northeast,Midwest,cross_region,zone_3,9,9.0,0.0,False,8.18,baseline
order_0005140,FL,GA,South,South,same_region,zone_2,8,7.0,0.0,False,5.3,baseline
order_0005141,OH,NC,Midwest,South,cross_region,zone_3,9,9.0,0.0,False,18.44,baseline
order_0005142,WA,PA,West,Northeast,cross_region,zone_3,8,8.0,0.0,False,7.73,baseline
order_0005143,TN,IL,South,Midwest,cross_region,zone_3,8,8.0,0.0,False,24.63,baseline
order_0005144,FL,PA,South,Northeast,cross_region,zone_3,9,9.0,0.0,False,19.8,baseline
order_0005145,FL,FL,South,South,same_state,zone_1,4,3.0,0.0,False,7.6,baseline
order_0005146,HI,SC,West,South,remote,zone_4,12,12.0,0.0,False,13.36,baseline
order_0005147,IL,TX,Midwest,South,cross_region,zone_3,9,9.0,0.0,False,15.65,baseline
order_0005148,VT,IN,Northeast,Midwest,cross_region,zone_3,9,9.0,0.0,False,28.58,baseline
order_0005149,MS,GA,South,South,same_region,zone_2,6,,,False,11.38,baseline
order_0005150,CA,FL,West,South,cross_region,zone_3,9,9.0,0.0,False,25.21,baseline
order_0005151,AL,CA,South,West,cross_region,zone_3,9,9.0,0.0,False,7.78,baseline
order_0005152,CO,IA,West,Midwest,cross_region,zone_3,9,9.0,0.0,False,17.23,baseline
order_0005153,ME,IL,Northeast,Midwest,cross_region,zone_3,9,9.0,0.0,False,9.07,baseline
order_0005154,CA,SD,West,Midwest,cross_region,zone_3,9,9.0,0.0,False,8.33,baseline
order_0005155,IA,GA,Midwest,South,cross_region,zone_3,10,12.0,2.0,True,8.77,baseline
order_0005156,TX,WY,South,West,cross_region,zone_3,8,8.0,0.0,False,17.56,baseline
order_0005157,CA,TX,West,South,cross_region,zone_3,9,8.0,0.0,False,26.58,baseline
order_0005158,HI,FL,West,South,remote,zone_4,11,12.0,1.0,True,16.41,baseline
order_0005159,IL,CA,Midwest,West,cross_region,zone_3,8,8.0,0.0,False,7.36,baseline
order_0005160,NJ,NE,Northeast,Midwest,cross_region,zone_3,9,9.0,0.0,False,12.92,baseline
order_0005161,TN,MI,South,Midwest,cross_region,zone_3,9,9.0,0.0,False,16.49,baseline
order_0005162,NJ,DC,Northeast,South,cross_region,zone_3,9,9.0,0.0,False,15.1,baseline
order_0005163,AL,IL,South,Midwest,cross_region,zone_3,9,8.0,0.0,False,37.58,baseline
order_0005164,NY,DC,Northeast,South,cross_region,zone_3,9,9.0,0.0,False,16.13,baseline
order_0005165,DC,WY,South,West,cross_region,zone_3,9,9.0,0.0,False,18.32,baseline
order_0005166,WA,NY,West,Northeast,cross_region,zone_3,9,12.0,3.0,True,8.05,baseline
order_0005167,TX,CA,South,West,cross_region,zone_3,9,13.0,4.0,True,8.28,baseline
order_0005168,LA,FL,South,South,same_region,zone_2,7,,,False,7.22,baseline
order_0005169,IL,ME,Midwest,Northeast,cross_region,zone_3,9,8.0,0.0,False,16.49,baseline
order_0005170,NJ,AZ,Northeast,West,cross_region,zone_3,9,9.0,0.0,False,9.49,baseline
order_0005171,HI,IA,West,Midwest,remote,zone_4,11,11.0,0.0,False,13.39,baseline
order_0005172,AL,CA,South,West,cross_region,zone_3,10,10.0,0.0,False,10.24,baseline
order_0005173,OR,PA,West,Northeast,cross_region,zone_3,9,9.0,0.0,False,7.5,baseline
order_0005174,CA,TX,West,South,cross_region,zone_3,10,13.0,3.0,True,33.07,baseline
order_0005175,FL,NH,South,Northeast,cross_region,zone_3,9,13.0,4.0,True,16.55,baseline
order_0005176,MO,GA,Midwest,South,cross_region,zone_3,9,9.0,0.0,False,46.1,baseline
order_0005177,TN,CA,South,West,cross_region,zone_3,9,8.0,0.0,False,15.45,baseline
order_0005178,FL,CA,South,West,cross_region,zone_3,9,8.0,0.0,False,33.13,baseline
order_0005179,IL,CA,Midwest,West,cross_region,zone_3,10,9.0,0.0,False,8.91,baseline
order_0005180,TX,FL,South,South,same_region,zone_2,7,7.0,0.0,False,20.47,baseline
order_0005181,OR,OR,West,West,same_state,zone_1,5,,,False,4.46,baseline
order_0005182,NV,GA,West,South,cross_region,zone_3,9,9.0,0.0,False,8.59,baseline
order_0005183,CA,MI,West,Midwest,cross_region,zone_3,10,10.0,0.0,False,15.95,baseline
order_0005184,CA,VA,West,South,cross_region,zone_3,8,8.0,0.0,False,8.26,baseline
order_0005185,OR,NY,West,Northeast,cross_region,zone_3,9,9.0,0.0,False,8.18,baseline
order_0005186,NJ,PA,Northeast,Northeast,same_region,zone_2,7,7.0,0.0,False,21.97,baseline
order_0005187,GA,SD,South,Midwest,cross_region,zone_3,10,10.0,0.0,False,19.86,baseline
order_0005188,NJ,TX,Northeast,South,cross_region,zone_3,9,9.0,0.0,False,13.56,baseline
order_0005189,IL,HI,Midwest,West,remote,zone_4,12,11.0,0.0,False,41.29,baseline
order_0005190,HI,KS,West,Midwest,remote,zone_4,12,,,False,18.91,baseline
order_0005191,NY,NC,Northeast,South,cross_region,zone_3,8,8.0,0.0,False,8.01,baseline
order_0005192,VA,MA,South,Northeast,cross_region,zone_3,9,12.0,3.0,True,16.03,baseline
order_0005193,HI,MI,West,Midwest,remote,zone_4,11,10.0,0.0,False,12.33,baseline
order_0005194,MS,MA,South,Northeast,cross_region,zone_3,9,9.0,0.0,False,10.23,baseline
order_0005195,WA,MT,West,West,same_region,zone_2,8,7.0,0.0,False,17.59,baseline
order_0005196,IN,NY,Midwest,Northeast,cross_region,zone_3,9,14.0,5.0,True,18.4,baseline
order_0005197,MS,NY,South,Northeast,cross_region,zone_3,8,,,False,9.85,baseline
order_0005198,MO,MA,Midwest,Northeast,cross_region,zone_3,10,10.0,0.0,False,28.0,baseline
order_0005199,FL,NY,South,Northeast,cross_region,zone_3,9,13.0,4.0,True,9.84,baseline
order_0005200,GA,UT,South,West,cross_region,zone_3,9,9.0,0.0,False,26.36,baseline
order_0005201,TN,NY,South,Northeast,cross_region,zone_3,9,14.0,5.0,True,34.93,baseline
order_0005202,NJ,CA,Northeast,West,cross_region,zone_3,9,8.0,0.0,False,8.01,baseline
order_0005203,NJ,VA,Northeast,South,cross_region,zone_3,9,9.0,0.0,False,9.59,baseline
order_0005204,NY,CA,Northeast,West,cross_region,zone_3,9,9.0,0.0,False,7.75,baseline
order_0005205,FL,IA,South,Midwest,cross_region,zone_3,8,8.0,0.0,False,15.62,baseline
order_0005206,NY,AL,Northeast,South,cross_region,zone_3,9,8.0,0.0,False,26.53,baseline
order_0005207,IL,IA,Midwest,Midwest,same_region,zone_2,7,7.0,0.0,False,10.44,baseline
order_0005208,SD,NY,Midwest,Northeast,cross_region,zone_3,9,9.0,0.0,False,8.23,baseline
order_0005209,NY,MA,Northeast,Northeast,same_region,zone_2,7,6.0,0.0,False,4.86,baseline
order_0005210,OH,NC,Midwest,South,cross_region,zone_3,9,9.0,0.0,False,9.29,baseline
order_0005211,WI,FL,Midwest,South,cross_region,zone_3,9,9.0,0.0,False,8.88,baseline
order_0005212,CT,NC,Northeast,South,cross_region,zone_3,8,8.0,0.0,False,7.87,baseline
order_0005213,CA,FL,West,South,cross_region,zone_3,10,15.0,5.0,True,8.03,baseline
order_0005214,OH,VA,Midwest,South,cross_region,zone_3,10,12.0,2.0,True,11.05,baseline
order_0005215,NM,OH,West,Midwest,cross_region,zone_3,9,9.0,0.0,False,18.37,baseline
order_0005216,CA,OH,West,Midwest,cross_region,zone_3,9,11.0,2.0,True,16.19,baseline
order_0005217,NV,MA,West,Northeast,cross_region,zone_3,9,9.0,0.0,False,16.07,baseline
order_0005218,MT,NC,West,South,cross_region,zone_3,9,8.0,0.0,False,8.42,baseline
order_0005219,OH,TX,Midwest,South,cross_region,zone_3,9,9.0,0.0,False,34.57,baseline
order_0005220,NJ,CA,Northeast,West,cross_region,zone_3,10,9.0,0.0,False,36.1,baseline
order_0005221,FL,MI,South,Midwest,cross_region,zone_3,8,8.0,0.0,False,10.85,baseline
order_0005222,TX,MI,South,Midwest,cross_region,zone_3,10,10.0,0.0,False,17.68,baseline
order_0005223,AL,HI,South,West,remote,zone_4,12,12.0,0.0,False,11.89,baseline
order_0005224,IL,NY,Midwest,Northeast,cross_region,zone_3,9,9.0,0.0,False,9.35,baseline
order_0005225,LA,NY,South,Northeast,cross_region,zone_3,9,8.0,0.0,False,7.82,baseline
order_0005226,PA,DE,Northeast,South,cross_region,zone_3,9,9.0,0.0,False,7.84,baseline
order_0005227,HI,NY,West,Northeast,remote,zone_4,12,13.0,1.0,True,13.44,baseline
order_0005228,CA,KS,West,Midwest,cross_region,zone_3,9,9.0,0.0,False,8.94,baseline
order_0005229,NJ,CA,Northeast,West,cross_region,zone_3,9,9.0,0.0,False,22.42,baseline
order_0005230,TX,OH,South,Midwest,cross_region,zone_3,9,9.0,0.0,False,8.58,baseline
order_0005231,HI,MA,West,Northeast,remote,zone_4,11,11.0,0.0,False,40.5,baseline
order_0005232,FL,TX,South,South,same_region,zone_2,7,10.0,3.0,True,8.2,baseline
order_0005233,HI,CA,West,West,same_region,zone_2,6,5.0,0.0,False,11.93,baseline
order_0005234,IL,GA,Midwest,South,cross_region,zone_3,9,13.0,4.0,True,8.07,baseline
order_0005235,OH,NH,Midwest,Northeast,cross_region,zone_3,10,10.0,0.0,False,8.64,baseline
order_0005236,TX,IL,South,Midwest,cross_region,zone_3,9,8.0,0.0,False,8.11,baseline
order_0005237,WY,FL,West,South,cross_region,zone_3,9,8.0,0.0,False,7.42,baseline
order_0005238,GA,FL,South,South,same_region,zone_2,6,5.0,0.0,False,8.22,baseline
order_0005239,AK,NC,West,South,remote,zone_4,12,12.0,0.0,False,28.48,baseline
order_0005240,TX,VT,South,Northeast,cross_region,zone_3,10,10.0,0.0,False,26.53,baseline
order_0005241,CA,WY,West,West,same_region,zone_2,7,,,False,5.06,baseline
order_0005242,MT,IL,West,Midwest,cross_region,zone_3,8,7.0,0.0,False,8.25,baseline
order_0005243,NY,CA,Northeast,West,cross_region,zone_3,8,11.0,3.0,True,18.71,baseline
order_0005244,TX,ID,South,West,cross_region,zone_3,9,9.0,0.0,False,44.03,baseline
order_0005245,NJ,CO,Northeast,West,cross_region,zone_3,10,9.0,0.0,False,9.22,baseline
order_0005246,CA,PA,West,Northeast,cross_region,zone_3,9,9.0,0.0,False,9.98,baseline
order_0005247,MN,FL,Midwest,South,cross_region,zone_3,8,8.0,0.0,False,7.84,baseline
order_0005248,IL,NV,Midwest,West,cross_region,zone_3,9,9.0,0.0,False,8.13,baseline
order_0005249,MO,SC,Midwest,South,cross_region,zone_3,10,9.0,0.0,False,14.34,baseline
order_0005250,NE,TX,Midwest,South,cross_region,zone_3,9,9.0,0.0,False,9.73,baseline
order_0005251,AR,MA,South,Northeast,cross_region,zone_3,9,9.0,0.0,False,7.86,baseline
order_0005252,PA,TX,Northeast,South,cross_region,zone_3,8,8.0,0.0,False,10.09,baseline
order_0005253,HI,KS,West,Midwest,remote,zone_4,11,11.0,0.0,False,15.07,baseline
order_0005254,TX,TX,South,South,same_state,zone_1,5,5.0,0.0,False,4.21,baseline
order_0005255,TN,NV,South,West,cross_region,zone_3,9,9.0,0.0,False,24.38,baseline
order_0005256,TN,PA,South,Northeast,cross_region,zone_3,9,8.0,0.0,False,25.35,baseline
order_0005257,IL,OH,Midwest,Midwest,same_region,zone_2,7,7.0,0.0,False,14.38,baseline
order_0005258,CA,TX,West,South,cross_region,zone_3,9,11.0,2.0,True,8.04,baseline
order_0005259,HI,UT,West,West,same_region,zone_2,6,5.0,0.0,False,32.17,baseline
order_0005260,OR,NE,West,Midwest,cross_region,zone_3,9,8.0,0.0,False,7.94,baseline
order_0005261,NY,TX,Northeast,South,cross_region,zone_3,8,8.0,0.0,False,9.95,baseline
order_0005262,HI,CA,West,West,same_region,zone_2,7,7.0,0.0,False,17.69,baseline
order_0005263,FL,NY,South,Northeast,cross_region,zone_3,9,9.0,0.0,False,15.38,baseline
order_0005264,IL,IA,Midwest,Midwest,same_region,zone_2,7,10.0,3.0,True,5.87,baseline
order_0005265,MI,CA,Midwest,West,cross_region,zone_3,10,10.0,0.0,False,8.8,baseline
order_0005266,NJ,CA,Northeast,West,cross_region,zone_3,9,12.0,3.0,True,18.37,baseline
order_0005267,CA,IL,West,Midwest,cross_region,zone_3,9,9.0,0.0,False,8.24,baseline
order_0005268,TX,NY,South,Northeast,cross_region,zone_3,9,9.0,0.0,False,8.81,baseline
order_0005269,CA,FL,West,South,cross_region,zone_3,9,8.0,0.0,False,19.58,baseline
order_0005270,IL,HI,Midwest,West,remote,zone_4,12,15.0,3.0,True,43.21,baseline
order_0005271,AR,WV,South,South,same_region,zone_2,7,6.0,0.0,False,6.2,baseline
order_0005272,FL,PA,South,Northeast,cross_region,zone_3,9,10.0,1.0,True,8.12,baseline
order_0005273,NH,KS,Northeast,Midwest,cross_region,zone_3,9,8.0,0.0,False,7.18,baseline
order_0005274,GA,CA,South,West,cross_region,zone_3,9,11.0,2.0,True,26.88,baseline
order_0005275,NH,NJ,Northeast,Northeast,same_region,zone_2,8,11.0,3.0,True,22.41,baseline
order_0005276,OR,NY,West,Northeast,cross_region,zone_3,9,8.0,0.0,False,19.91,baseline
order_0005277,IL,CA,Midwest,West,cross_region,zone_3,10,10.0,0.0,False,25.97,baseline
order_0005278,NJ,NY,Northeast,Northeast,same_region,zone_2,6,6.0,0.0,False,27.03,baseline
order_0005279,WA,MS,West,South,cross_region,zone_3,9,9.0,0.0,False,8.63,baseline
order_0005280,LA,NY,South,Northeast,cross_region,zone_3,8,8.0,0.0,False,8.74,baseline
order_0005281,CA,PA,West,Northeast,cross_region,zone_3,9,9.0,0.0,False,8.27,baseline
order_0005282,SC,CA,South,West,cross_region,zone_3,8,9.0,1.0,True,15.29,baseline
order_0005283,TN,MO,South,Midwest,cross_region,zone_3,8,8.0,0.0,False,7.4,baseline
order_0005284,NH,NY,Northeast,Northeast,same_region,zone_2,6,,,False,14.97,baseline
order_0005285,HI,PA,West,Northeast,remote,zone_4,11,12.0,1.0,True,26.01,baseline
order_0005286,TX,AK,South,West,remote,zone_4,12,12.0,0.0,False,14.69,baseline
order_0005287,NJ,TN,Northeast,South,cross_region,zone_3,10,9.0,0.0,False,8.48,baseline
order_0005288,CA,AL,West,South,cross_region,zone_3,10,9.0,0.0,False,9.39,baseline
order_0005289,MO,SD,Midwest,Midwest,same_region,zone_2,8,8.0,0.0,False,5.48,baseline
order_0005290,GA,CA,South,West,cross_region,zone_3,9,9.0,0.0,False,42.3,baseline
order_0005291,CA,CA,West,West,same_state,zone_1,5,5.0,0.0,False,3.77,baseline
order_0005292,NJ,CA,Northeast,West,cross_region,zone_3,10,10.0,0.0,False,9.14,baseline
order_0005293,MN,VA,Midwest,South,cross_region,zone_3,9,9.0,0.0,False,18.39,baseline
order_0005294,SC,TX,South,South,same_region,zone_2,7,7.0,0.0,False,5.91,baseline
order_0005295,TX,WV,South,South,same_region,zone_2,7,7.0,0.0,False,5.15,baseline
order_0005296,OR,TX,West,South,cross_region,zone_3,9,9.0,0.0,False,10.33,baseline
order_0005297,CO,RI,West,Northeast,cross_region,zone_3,9,8.0,0.0,False,9.38,baseline
order_0005298,CA,IN,West,Midwest,cross_region,zone_3,9,8.0,0.0,False,7.75,baseline
order_0005299,FL,ME,South,Northeast,cross_region,zone_3,10,10.0,0.0,False,19.33,baseline
order_0005300,NJ,NY,Northeast,Northeast,same_region,zone_2,7,7.0,0.0,False,5.62,baseline
order_0005301,NY,MT,Northeast,West,cross_region,zone_3,9,9.0,0.0,False,15.34,baseline
order_0005302,CA,AZ,West,West,same_region,zone_2,7,6.0,0.0,False,5.38,baseline
order_0005303,WA,IN,West,Midwest,cross_region,zone_3,9,9.0,0.0,False,24.1,baseline
order_0005304,MT,DC,West,South,cross_region,zone_3,8,8.0,0.0,False,8.24,baseline
order_0005305,WA,TX,West,South,cross_region,zone_3,8,12.0,4.0,True,27.64,baseline
order_0005306,CA,CT,West,Northeast,cross_region,zone_3,9,9.0,0.0,False,18.66,baseline
order_0005307,HI,RI,West,Northeast,remote,zone_4,11,14.0,3.0,True,11.61,baseline
order_0005308,SD,PA,Midwest,Northeast,cross_region,zone_3,10,10.0,0.0,False,42.76,baseline
order_0005309,FL,TN,South,South,same_region,zone_2,7,7.0,0.0,False,6.0,baseline
order_0005310,DC,GA,South,South,same_region,zone_2,7,9.0,2.0,True,4.98,baseline
order_0005311,NM,CA,West,West,same_region,zone_2,7,6.0,0.0,False,5.72,baseline
order_0005312,PA,OH,Northeast,Midwest,cross_region,zone_3,9,9.0,0.0,False,16.97,baseline
order_0005313,FL,NC,South,South,same_region,zone_2,8,7.0,0.0,False,5.64,baseline
order_0005314,NJ,AR,Northeast,South,cross_region,zone_3,8,8.0,0.0,False,7.99,baseline
order_0005315,PA,KY,Northeast,South,cross_region,zone_3,9,9.0,0.0,False,17.19,baseline
order_0005316,FL,KS,South,Midwest,cross_region,zone_3,9,9.0,0.0,False,21.1,baseline
order_0005317,TX,CA,South,West,cross_region,zone_3,10,10.0,0.0,False,30.51,baseline
order_0005318,IL,FL,Midwest,South,cross_region,zone_3,10,15.0,5.0,True,27.94,baseline
order_0005319,TX,DE,South,South,same_region,zone_2,7,7.0,0.0,False,5.58,baseline
order_0005320,CO,IL,West,Midwest,cross_region,zone_3,9,8.0,0.0,False,8.94,baseline
order_0005321,CT,CA,Northeast,West,cross_region,zone_3,9,9.0,0.0,False,8.53,baseline
order_0005322,FL,TX,South,South,same_region,zone_2,7,6.0,0.0,False,12.78,baseline
order_0005323,WV,GA,South,South,same_region,zone_2,7,6.0,0.0,False,6.42,baseline
order_0005324,NY,CA,Northeast,West,cross_region,zone_3,8,8.0,0.0,False,16.26,baseline
order_0005325,NY,MO,Northeast,Midwest,cross_region,zone_3,9,8.0,0.0,False,18.46,baseline
order_0005326,FL,MI,South,Midwest,cross_region,zone_3,9,12.0,3.0,True,7.38,baseline
order_0005327,OR,NY,West,Northeast,cross_region,zone_3,9,9.0,0.0,False,15.26,baseline
order_0005328,LA,AL,South,South,same_region,zone_2,7,,,False,5.53,baseline
order_0005329,MA,NE,Northeast,Midwest,cross_region,zone_3,9,9.0,0.0,False,7.4,baseline
order_0005330,CT,TX,Northeast,South,cross_region,zone_3,9,9.0,0.0,False,7.53,baseline
order_0005331,OH,OH,Midwest,Midwest,same_state,zone_1,5,4.0,0.0,False,4.49,baseline
order_0005332,NJ,CA,Northeast,West,cross_region,zone_3,9,9.0,0.0,False,24.92,baseline
order_0005333,IL,AK,Midwest,West,remote,zone_4,11,11.0,0.0,False,14.51,baseline
order_0005334,HI,CA,West,West,same_region,zone_2,6,5.0,0.0,False,10.94,baseline
order_0005335,TX,NY,South,Northeast,cross_region,zone_3,9,,,False,15.73,baseline
order_0005336,WA,NY,West,Northeast,cross_region,zone_3,9,9.0,0.0,False,16.92,baseline
order_0005337,LA,NY,South,Northeast,cross_region,zone_3,8,8.0,0.0,False,8.24,baseline
order_0005338,CA,CA,West,West,same_state,zone_1,6,6.0,0.0,False,10.13,baseline
order_0005339,HI,IA,West,Midwest,remote,zone_4,11,15.0,4.0,True,13.82,baseline
order_0005340,AZ,ME,West,Northeast,cross_region,zone_3,9,9.0,0.0,False,8.16,baseline
order_0005341,VT,NJ,Northeast,Northeast,same_region,zone_2,7,12.0,5.0,True,17.93,baseline
order_0005342,NY,SC,Northeast,South,cross_region,zone_3,9,9.0,0.0,False,14.8,baseline
order_0005343,AR,TX,South,South,same_region,zone_2,7,7.0,0.0,False,6.72,baseline
order_0005344,SD,IL,Midwest,Midwest,same_region,zone_2,8,12.0,4.0,True,5.58,baseline
order_0005345,OR,CA,West,West,same_region,zone_2,8,8.0,0.0,False,19.95,baseline
order_0005346,HI,VA,West,South,remote,zone_4,11,11.0,0.0,False,13.93,baseline
order_0005347,IL,FL,Midwest,South,cross_region,zone_3,9,9.0,0.0,False,19.18,baseline
order_0005348,FL,PA,South,Northeast,cross_region,zone_3,9,9.0,0.0,False,13.65,baseline
order_0005349,FL,CA,South,West,cross_region,zone_3,9,12.0,3.0,True,21.78,baseline
order_0005350,MO,TX,Midwest,South,cross_region,zone_3,9,9.0,0.0,False,17.24,baseline
order_0005351,HI,IN,West,Midwest,remote,zone_4,11,11.0,0.0,False,13.07,baseline
order_0005352,VT,WY,Northeast,West,cross_region,zone_3,9,9.0,0.0,False,8.12,baseline
order_0005353,CA,SC,West,South,cross_region,zone_3,9,9.0,0.0,False,9.67,baseline
order_0005354,TX,MI,South,Midwest,cross_region,zone_3,10,9.0,0.0,False,8.91,baseline
order_0005355,KY,FL,South,South,same_region,zone_2,7,6.0,0.0,False,21.24,baseline
order_0005356,AR,IA,South,Midwest,cross_region,zone_3,9,9.0,0.0,False,8.18,baseline
order_0005357,CO,IL,West,Midwest,cross_region,zone_3,9,12.0,3.0,True,18.15,baseline
order_0005358,LA,IL,South,Midwest,cross_region,zone_3,8,7.0,0.0,False,8.15,baseline
order_0005359,TX,IL,South,Midwest,cross_region,zone_3,9,,,False,9.07,baseline
order_0005360,NV,KY,West,South,cross_region,zone_3,9,8.0,0.0,False,8.32,baseline
order_0005361,CA,CA,West,West,same_state,zone_1,5,5.0,0.0,False,4.76,baseline
order_0005362,IL,TX,Midwest,South,cross_region,zone_3,9,9.0,0.0,False,26.25,baseline
order_0005363,CA,NY,West,Northeast,cross_region,zone_3,10,10.0,0.0,False,7.69,baseline
order_0005364,VA,AZ,South,West,cross_region,zone_3,10,,,False,19.08,baseline
order_0005365,MN,NY,Midwest,Northeast,cross_region,zone_3,8,,,False,23.38,baseline
order_0005366,TX,MS,South,South,same_region,zone_2,7,7.0,0.0,False,6.54,baseline
order_0005367,NJ,NC,Northeast,South,cross_region,zone_3,8,8.0,0.0,False,7.5,baseline
order_0005368,ME,CA,Northeast,West,cross_region,zone_3,10,10.0,0.0,False,8.33,baseline
order_0005369,PA,CA,Northeast,West,cross_region,zone_3,9,9.0,0.0,False,16.79,baseline
order_0005370,CA,FL,West,South,cross_region,zone_3,10,11.0,1.0,True,18.63,baseline
order_0005371,IL,NY,Midwest,Northeast,cross_region,zone_3,8,10.0,2.0,True,8.21,baseline
order_0005372,GA,TX,South,South,same_region,zone_2,8,8.0,0.0,False,12.2,baseline
order_0005373,NY,KS,Northeast,Midwest,cross_region,zone_3,8,8.0,0.0,False,34.41,baseline
order_0005374,MN,WI,Midwest,Midwest,same_region,zone_2,7,7.0,0.0,False,5.6,baseline
order_0005375,AZ,NC,West,South,cross_region,zone_3,9,9.0,0.0,False,25.47,baseline
order_0005376,FL,NY,South,Northeast,cross_region,zone_3,9,9.0,0.0,False,19.43,baseline
order_0005377,TX,KS,South,Midwest,cross_region,zone_3,9,8.0,0.0,False,40.68,baseline
order_0005378,GA,IL,South,Midwest,cross_region,zone_3,9,9.0,0.0,False,18.33,baseline
order_0005379,TN,ME,South,Northeast,cross_region,zone_3,10,,,False,18.24,baseline
order_0005380,NJ,NE,Northeast,Midwest,cross_region,zone_3,10,10.0,0.0,False,8.53,baseline
order_0005381,OH,ID,Midwest,West,cross_region,zone_3,9,9.0,0.0,False,16.54,baseline
order_0005382,WV,FL,South,South,same_region,zone_2,7,7.0,0.0,False,11.61,baseline
order_0005383,FL,FL,South,South,same_state,zone_1,5,5.0,0.0,False,9.76,baseline
order_0005384,IL,FL,Midwest,South,cross_region,zone_3,9,9.0,0.0,False,7.6,baseline
order_0005385,MD,OH,South,Midwest,cross_region,zone_3,10,10.0,0.0,False,8.31,baseline
order_0005386,UT,VA,West,South,cross_region,zone_3,9,9.0,0.0,False,33.95,baseline
order_0005387,NJ,KS,Northeast,Midwest,cross_region,zone_3,9,9.0,0.0,False,21.4,baseline
order_0005388,CA,CO,West,West,same_region,zone_2,7,7.0,0.0,False,11.53,baseline
order_0005389,AR,WY,South,West,cross_region,zone_3,9,9.0,0.0,False,14.96,baseline
order_0005390,IA,FL,Midwest,South,cross_region,zone_3,9,12.0,3.0,True,11.14,baseline
order_0005391,GA,CA,South,West,cross_region,zone_3,9,9.0,0.0,False,25.75,baseline
order_0005392,HI,NC,West,South,remote,zone_4,12,12.0,0.0,False,13.95,baseline
order_0005393,TX,IL,South,Midwest,cross_region,zone_3,9,9.0,0.0,False,11.4,baseline
order_0005394,KY,MI,South,Midwest,cross_region,zone_3,9,8.0,0.0,False,7.68,baseline
order_0005395,PA,GA,Northeast,South,cross_region,zone_3,9,8.0,0.0,False,9.66,baseline
order_0005396,MD,SC,South,South,same_region,zone_2,7,10.0,3.0,True,17.33,baseline
order_0005397,MO,TX,Midwest,South,cross_region,zone_3,9,9.0,0.0,False,7.99,baseline
order_0005398,FL,KS,South,Midwest,cross_region,zone_3,10,10.0,0.0,False,10.1,baseline
order_0005399,HI,PA,West,Northeast,remote,zone_4,11,,,False,12.32,baseline
order_0005400,HI,CA,West,West,same_region,zone_2,7,,,False,11.47,baseline
order_0005401,WA,NY,West,Northeast,cross_region,zone_3,9,9.0,0.0,False,7.72,baseline
order_0005402,VT,MT,Northeast,West,cross_region,zone_3,8,8.0,0.0,False,17.17,baseline
order_0005403,IL,TN,Midwest,South,cross_region,zone_3,9,14.0,5.0,True,7.75,baseline
order_0005404,CA,MT,West,West,same_region,zone_2,7,7.0,0.0,False,21.36,baseline
order_0005405,FL,DE,South,South,same_region,zone_2,7,,,False,17.24,baseline
order_0005406,TX,NM,South,West,cross_region,zone_3,9,9.0,0.0,False,16.81,baseline
order_0005407,CT,FL,Northeast,South,cross_region,zone_3,10,,,False,10.35,baseline
order_0005408,MT,NC,West,South,cross_region,zone_3,8,7.0,0.0,False,8.07,baseline
order_0005409,HI,PA,West,Northeast,remote,zone_4,11,,,False,74.75,baseline
order_0005410,ID,CA,West,West,same_region,zone_2,7,11.0,4.0,True,12.71,baseline
order_0005411,NY,NY,Northeast,Northeast,same_state,zone_1,5,5.0,0.0,False,5.53,baseline
order_0005412,GA,TX,South,South,same_region,zone_2,7,11.0,4.0,True,5.6,baseline
order_0005413,IL,KS,Midwest,Midwest,same_region,zone_2,7,10.0,3.0,True,17.82,baseline
order_0005414,AK,IA,West,Midwest,remote,zone_4,12,12.0,0.0,False,28.77,baseline
order_0005415,OH,MI,Midwest,Midwest,same_region,zone_2,6,6.0,0.0,False,5.45,baseline
order_0005416,TX,HI,South,West,remote,zone_4,12,,,False,40.01,baseline
order_0005417,NV,IL,West,Midwest,cross_region,zone_3,8,7.0,0.0,False,9.4,baseline
order_0005418,WA,FL,West,South,cross_region,zone_3,8,8.0,0.0,False,23.74,baseline
order_0005419,GA,AZ,South,West,cross_region,zone_3,9,12.0,3.0,True,12.23,baseline
order_0005420,OR,PA,West,Northeast,cross_region,zone_3,9,8.0,0.0,False,7.46,baseline
order_0005421,GA,CA,South,West,cross_region,zone_3,10,,,False,10.82,baseline
order_0005422,FL,GA,South,South,same_region,zone_2,8,8.0,0.0,False,8.25,baseline
order_0005423,FL,CA,South,West,cross_region,zone_3,9,9.0,0.0,False,9.27,baseline
order_0005424,IA,NC,Midwest,South,cross_region,zone_3,9,8.0,0.0,False,24.03,baseline
order_0005425,NY,TX,Northeast,South,cross_region,zone_3,8,8.0,0.0,False,19.14,baseline
order_0005426,DE,OR,South,West,cross_region,zone_3,9,9.0,0.0,False,16.49,baseline
order_0005427,AZ,NY,West,Northeast,cross_region,zone_3,9,12.0,3.0,True,7.89,baseline
order_0005428,TX,GA,South,South,same_region,zone_2,7,10.0,3.0,True,5.55,baseline
order_0005429,TX,NJ,South,Northeast,cross_region,zone_3,9,9.0,0.0,False,27.05,baseline
order_0005430,ME,PA,Northeast,Northeast,same_region,zone_2,7,7.0,0.0,False,15.79,baseline
order_0005431,TX,PA,South,Northeast,cross_region,zone_3,10,15.0,5.0,True,9.79,baseline
order_0005432,WI,NC,Midwest,South,cross_region,zone_3,9,8.0,0.0,False,8.43,baseline
order_0005433,NJ,FL,Northeast,South,cross_region,zone_3,10,9.0,0.0,False,8.3,baseline
order_0005434,CA,WI,West,Midwest,cross_region,zone_3,9,10.0,1.0,True,45.8,baseline
order_0005435,IL,GA,Midwest,South,cross_region,zone_3,10,10.0,0.0,False,16.02,baseline
order_0005436,MI,IL,Midwest,Midwest,same_region,zone_2,8,8.0,0.0,False,8.19,baseline
order_0005437,OH,NV,Midwest,West,cross_region,zone_3,9,8.0,0.0,False,24.88,baseline
order_0005438,NV,TN,West,South,cross_region,zone_3,8,,,False,17.22,baseline
order_0005439,FL,IL,South,Midwest,cross_region,zone_3,8,7.0,0.0,False,8.93,baseline
order_0005440,OH,FL,Midwest,South,cross_region,zone_3,9,12.0,3.0,True,7.5,baseline
order_0005441,IL,MI,Midwest,Midwest,same_region,zone_2,8,8.0,0.0,False,5.28,baseline
order_0005442,CA,IL,West,Midwest,cross_region,zone_3,8,8.0,0.0,False,8.25,baseline
order_0005443,OR,MI,West,Midwest,cross_region,zone_3,9,9.0,0.0,False,7.54,baseline
order_0005444,PA,VA,Northeast,South,cross_region,zone_3,9,8.0,0.0,False,8.49,baseline
order_0005445,GA,FL,South,South,same_region,zone_2,7,7.0,0.0,False,27.86,baseline
order_0005446,CA,TX,West,South,cross_region,zone_3,9,9.0,0.0,False,48.84,baseline
order_0005447,CA,KS,West,Midwest,cross_region,zone_3,8,8.0,0.0,False,23.23,baseline
order_0005448,FL,PA,South,Northeast,cross_region,zone_3,9,9.0,0.0,False,16.31,baseline
order_0005449,NJ,WI,Northeast,Midwest,cross_region,zone_3,9,9.0,0.0,False,7.36,baseline
order_0005450,CA,OH,West,Midwest,cross_region,zone_3,10,10.0,0.0,False,8.63,baseline
order_0005451,NJ,IA,Northeast,Midwest,cross_region,zone_3,8,8.0,0.0,False,16.89,baseline
order_0005452,FL,FL,South,South,same_state,zone_1,4,4.0,0.0,False,4.13,baseline
order_0005453,CA,NM,West,West,same_region,zone_2,7,7.0,0.0,False,6.06,baseline
order_0005454,WA,CA,West,West,same_region,zone_2,7,7.0,0.0,False,19.18,baseline
order_0005455,TX,MI,South,Midwest,cross_region,zone_3,9,9.0,0.0,False,9.69,baseline
order_0005456,CA,AR,West,South,cross_region,zone_3,8,,,False,17.02,baseline
order_0005457,CA,NY,West,Northeast,cross_region,zone_3,9,12.0,3.0,True,16.91,baseline
order_0005458,SD,UT,Midwest,West,cross_region,zone_3,9,8.0,0.0,False,10.96,baseline
order_0005459,NJ,CA,Northeast,West,cross_region,zone_3,9,9.0,0.0,False,16.74,baseline
order_0005460,FL,TX,South,South,same_region,zone_2,6,,,False,22.57,baseline
order_0005461,IL,PA,Midwest,Northeast,cross_region,zone_3,9,11.0,2.0,True,28.54,baseline
order_0005462,OR,NY,West,Northeast,cross_region,zone_3,9,9.0,0.0,False,31.88,baseline
order_0005463,TX,TX,South,South,same_state,zone_1,5,5.0,0.0,False,6.2,baseline
order_0005464,TX,KY,South,South,same_region,zone_2,7,7.0,0.0,False,15.29,baseline
order_0005465,AK,NY,West,Northeast,remote,zone_4,12,16.0,4.0,True,12.68,baseline
order_0005466,ND,CA,Midwest,West,cross_region,zone_3,10,10.0,0.0,False,9.24,baseline
order_0005467,NY,DE,Northeast,South,cross_region,zone_3,9,13.0,4.0,True,9.42,baseline
order_0005468,MN,IL,Midwest,Midwest,same_region,zone_2,7,6.0,0.0,False,12.78,baseline
order_0005469,NJ,MA,Northeast,Northeast,same_region,zone_2,7,,,False,4.87,baseline
order_0005470,CA,FL,West,South,cross_region,zone_3,9,9.0,0.0,False,8.6,baseline
order_0005471,AZ,OH,West,Midwest,cross_region,zone_3,9,9.0,0.0,False,8.5,baseline
order_0005472,NH,IL,Northeast,Midwest,cross_region,zone_3,9,9.0,0.0,False,21.97,baseline
order_0005473,NJ,TX,Northeast,South,cross_region,zone_3,9,8.0,0.0,False,8.21,baseline
order_0005474,WY,OH,West,Midwest,cross_region,zone_3,9,9.0,0.0,False,7.92,baseline
order_0005475,OH,DC,Midwest,South,cross_region,zone_3,10,11.0,1.0,True,8.94,baseline
order_0005476,IL,WV,Midwest,South,cross_region,zone_3,8,7.0,0.0,False,7.21,baseline
order_0005477,PA,TX,Northeast,South,cross_region,zone_3,9,9.0,0.0,False,8.41,baseline
order_0005478,OH,DE,Midwest,South,cross_region,zone_3,9,13.0,4.0,True,9.08,baseline
order_0005479,PA,FL,Northeast,South,cross_region,zone_3,9,9.0,0.0,False,9.73,baseline
order_0005480,CA,NY,West,Northeast,cross_region,zone_3,9,8.0,0.0,False,8.14,baseline
order_0005481,TX,FL,South,South,same_region,zone_2,7,7.0,0.0,False,49.46,baseline
order_0005482,FL,PA,South,Northeast,cross_region,zone_3,9,9.0,0.0,False,20.6,baseline
order_0005483,CA,GA,West,South,cross_region,zone_3,9,,,False,7.46,baseline
order_0005484,IL,MI,Midwest,Midwest,same_region,zone_2,7,8.0,1.0,True,7.96,baseline
order_0005485,CA,NV,West,West,same_region,zone_2,7,7.0,0.0,False,5.4,baseline
order_0005486,NY,FL,Northeast,South,cross_region,zone_3,9,9.0,0.0,False,9.17,baseline
order_0005487,CA,GA,West,South,cross_region,zone_3,9,9.0,0.0,False,18.05,baseline
order_0005488,OH,MI,Midwest,Midwest,same_region,zone_2,7,7.0,0.0,False,6.88,baseline
order_0005489,VA,PA,South,Northeast,cross_region,zone_3,9,9.0,0.0,False,8.46,baseline
order_0005490,GA,CA,South,West,cross_region,zone_3,9,9.0,0.0,False,17.29,baseline
order_0005491,PA,CA,Northeast,West,cross_region,zone_3,9,8.0,0.0,False,18.01,baseline
order_0005492,IL,SD,Midwest,Midwest,same_region,zone_2,7,,,False,4.85,baseline
order_0005493,OR,CA,West,West,same_region,zone_2,7,7.0,0.0,False,15.32,baseline
order_0005494,TN,NM,South,West,cross_region,zone_3,8,7.0,0.0,False,18.52,baseline
order_0005495,KS,GA,Midwest,South,cross_region,zone_3,9,,,False,7.26,baseline
order_0005496,FL,CA,South,West,cross_region,zone_3,9,9.0,0.0,False,28.34,baseline
order_0005497,FL,TX,South,South,same_region,zone_2,7,6.0,0.0,False,24.49,baseline
order_0005498,PA,TX,Northeast,South,cross_region,zone_3,9,9.0,0.0,False,7.75,baseline
order_0005499,NJ,CA,Northeast,West,cross_region,zone_3,9,,,False,8.7,baseline
order_0005500,TN,MI,South,Midwest,cross_region,zone_3,9,,,False,24.17,baseline
order_0005501,FL,NY,South,Northeast,cross_region,zone_3,10,10.0,0.0,False,15.97,baseline
order_0005502,AZ,WA,West,West,same_region,zone_2,7,7.0,0.0,False,12.48,baseline
order_0005503,TN,CA,South,West,cross_region,zone_3,9,,,False,8.62,baseline
order_0005504,FL,VT,South,Northeast,cross_region,zone_3,8,8.0,0.0,False,8.06,baseline
order_0005505,IL,NV,Midwest,West,cross_region,zone_3,9,9.0,0.0,False,20.73,baseline
order_0005506,TX,TX,South,South,same_state,zone_1,5,5.0,0.0,False,9.14,baseline
order_0005507,NY,WA,Northeast,West,cross_region,zone_3,9,,,False,38.7,baseline
order_0005508,NY,SC,Northeast,South,cross_region,zone_3,9,9.0,0.0,False,19.97,baseline
order_0005509,FL,NV,South,West,cross_region,zone_3,9,11.0,2.0,True,8.5,baseline
order_0005510,FL,NM,South,West,cross_region,zone_3,9,9.0,0.0,False,7.74,baseline
order_0005511,WI,CT,Midwest,Northeast,cross_region,zone_3,9,9.0,0.0,False,27.56,baseline
order_0005512,NJ,CA,Northeast,West,cross_region,zone_3,9,9.0,0.0,False,47.37,baseline
order_0005513,NY,CA,Northeast,West,cross_region,zone_3,10,10.0,0.0,False,8.92,baseline
order_0005514,PA,WI,Northeast,Midwest,cross_region,zone_3,9,,,False,10.25,baseline
order_0005515,CA,TX,West,South,cross_region,zone_3,9,8.0,0.0,False,8.27,baseline
order_0005516,IL,MN,Midwest,Midwest,same_region,zone_2,7,7.0,0.0,False,6.69,baseline
order_0005517,VA,CA,South,West,cross_region,zone_3,9,9.0,0.0,False,24.45,baseline
order_0005518,TX,IL,South,Midwest,cross_region,zone_3,9,9.0,0.0,False,9.55,baseline
order_0005519,TX,IL,South,Midwest,cross_region,zone_3,10,9.0,0.0,False,16.17,baseline
order_0005520,FL,DE,South,South,same_region,zone_2,7,9.0,2.0,True,5.29,baseline
order_0005521,MI,NC,Midwest,South,cross_region,zone_3,9,9.0,0.0,False,9.25,baseline
order_0005522,AL,WY,South,West,cross_region,zone_3,10,10.0,0.0,False,9.24,baseline
order_0005523,PA,FL,Northeast,South,cross_region,zone_3,9,8.0,0.0,False,8.55,baseline
order_0005524,TX,MN,South,Midwest,cross_region,zone_3,9,9.0,0.0,False,8.16,baseline
order_0005525,FL,FL,South,South,same_state,zone_1,5,5.0,0.0,False,7.43,baseline
order_0005526,KY,TX,South,South,same_region,zone_2,7,6.0,0.0,False,5.12,baseline
order_0005527,NY,WI,Northeast,Midwest,cross_region,zone_3,8,8.0,0.0,False,9.24,baseline
order_0005528,ID,CO,West,West,same_region,zone_2,7,6.0,0.0,False,5.81,baseline
order_0005529,OR,CT,West,Northeast,cross_region,zone_3,10,,,False,9.47,baseline
order_0005530,GA,OH,South,Midwest,cross_region,zone_3,9,8.0,0.0,False,10.01,baseline
order_0005531,OH,GA,Midwest,South,cross_region,zone_3,9,9.0,0.0,False,18.1,baseline
order_0005532,FL,PA,South,Northeast,cross_region,zone_3,9,8.0,0.0,False,8.57,baseline
order_0005533,MS,PA,South,Northeast,cross_region,zone_3,8,8.0,0.0,False,8.1,baseline
order_0005534,OH,NH,Midwest,Northeast,cross_region,zone_3,10,10.0,0.0,False,35.71,baseline
order_0005535,NJ,IL,Northeast,Midwest,cross_region,zone_3,9,9.0,0.0,False,16.93,baseline
order_0005536,VA,MI,South,Midwest,cross_region,zone_3,9,9.0,0.0,False,16.29,baseline
order_0005537,TX,PA,South,Northeast,cross_region,zone_3,9,9.0,0.0,False,7.1,baseline
order_0005538,TX,FL,South,South,same_region,zone_2,7,,,False,11.27,baseline
order_0005539,TN,AR,South,South,same_region,zone_2,7,7.0,0.0,False,5.92,baseline
order_0005540,NV,NE,West,Midwest,cross_region,zone_3,8,7.0,0.0,False,18.38,baseline
order_0005541,CA,ID,West,West,same_region,zone_2,7,7.0,0.0,False,5.05,baseline
order_0005542,FL,NC,South,South,same_region,zone_2,7,11.0,4.0,True,5.71,baseline
order_0005543,OH,ID,Midwest,West,cross_region,zone_3,9,,,False,8.32,baseline
order_0005544,TX,VA,South,South,same_region,zone_2,7,7.0,0.0,False,7.17,baseline
order_0005545,FL,TX,South,South,same_region,zone_2,6,5.0,0.0,False,13.57,baseline
order_0005546,FL,NY,South,Northeast,cross_region,zone_3,9,9.0,0.0,False,8.52,baseline
order_0005547,PA,IL,Northeast,Midwest,cross_region,zone_3,8,8.0,0.0,False,8.67,baseline
order_0005548,CA,KY,West,South,cross_region,zone_3,9,9.0,0.0,False,7.61,baseline
order_0005549,NY,FL,Northeast,South,cross_region,zone_3,9,9.0,0.0,False,17.96,baseline
order_0005550,FL,CA,South,West,cross_region,zone_3,9,9.0,0.0,False,31.25,baseline
order_0005551,CT,NV,Northeast,West,cross_region,zone_3,9,,,False,11.64,baseline
order_0005552,ID,ND,West,Midwest,cross_region,zone_3,10,10.0,0.0,False,10.13,baseline
order_0005553,CT,CT,Northeast,Northeast,same_state,zone_1,6,6.0,0.0,False,4.69,baseline
order_0005554,GA,WI,South,Midwest,cross_region,zone_3,9,9.0,0.0,False,16.66,baseline
order_0005555,IN,IA,Midwest,Midwest,same_region,zone_2,6,5.0,0.0,False,5.39,baseline
order_0005556,MT,CT,West,Northeast,cross_region,zone_3,8,7.0,0.0,False,7.16,baseline
order_0005557,NJ,AK,Northeast,West,remote,zone_4,13,18.0,5.0,True,29.8,baseline
order_0005558,RI,FL,Northeast,South,cross_region,zone_3,10,10.0,0.0,False,10.21,baseline
order_0005559,FL,TN,South,South,same_region,zone_2,7,10.0,3.0,True,16.73,baseline
order_0005560,CA,UT,West,West,same_region,zone_2,7,6.0,0.0,False,6.95,baseline
order_0005561,CA,AK,West,West,same_region,zone_2,7,7.0,0.0,False,5.96,baseline
order_0005562,KS,NY,Midwest,Northeast,cross_region,zone_3,9,8.0,0.0,False,7.72,baseline
order_0005563,OR,FL,West,South,cross_region,zone_3,9,8.0,0.0,False,29.66,baseline
order_0005564,NV,CA,West,West,same_region,zone_2,7,7.0,0.0,False,37.81,baseline
order_0005565,IL,AR,Midwest,South,cross_region,zone_3,9,,,False,7.32,baseline
order_0005566,IN,CA,Midwest,West,cross_region,zone_3,9,9.0,0.0,False,17.16,baseline
order_0005567,HI,ID,West,West,same_region,zone_2,6,6.0,0.0,False,22.88,baseline
order_0005568,TX,VT,South,Northeast,cross_region,zone_3,10,9.0,0.0,False,8.28,baseline
order_0005569,CA,IA,West,Midwest,cross_region,zone_3,8,8.0,0.0,False,7.99,baseline
order_0005570,WA,CA,West,West,same_region,zone_2,7,7.0,0.0,False,22.2,baseline
order_0005571,CA,IL,West,Midwest,cross_region,zone_3,9,9.0,0.0,False,8.63,baseline
order_0005572,AR,IA,South,Midwest,cross_region,zone_3,10,9.0,0.0,False,19.2,baseline
order_0005573,ND,FL,Midwest,South,cross_region,zone_3,9,11.0,2.0,True,15.03,baseline
order_0005574,GA,NY,South,Northeast,cross_region,zone_3,10,9.0,0.0,False,34.59,baseline
order_0005575,OR,NY,West,Northeast,cross_region,zone_3,10,10.0,0.0,False,22.27,baseline
order_0005576,TX,CA,South,West,cross_region,zone_3,9,9.0,0.0,False,35.16,baseline
order_0005577,OH,NY,Midwest,Northeast,cross_region,zone_3,10,,,False,19.72,baseline
order_0005578,MN,NY,Midwest,Northeast,cross_region,zone_3,9,,,False,8.32,baseline
order_0005579,CA,NC,West,South,cross_region,zone_3,10,10.0,0.0,False,9.34,baseline
order_0005580,MS,PA,South,Northeast,cross_region,zone_3,9,8.0,0.0,False,9.12,baseline
order_0005581,IL,CA,Midwest,West,cross_region,zone_3,9,9.0,0.0,False,8.53,baseline
order_0005582,KY,MI,South,Midwest,cross_region,zone_3,10,9.0,0.0,False,8.14,baseline
order_0005583,FL,CA,South,West,cross_region,zone_3,9,14.0,5.0,True,9.27,baseline
order_0005584,NJ,NJ,Northeast,Northeast,same_state,zone_1,4,4.0,0.0,False,8.76,baseline
order_0005585,CA,TX,West,South,cross_region,zone_3,10,10.0,0.0,False,8.85,baseline
order_0005586,AL,WI,South,Midwest,cross_region,zone_3,9,9.0,0.0,False,8.78,baseline
order_0005587,FL,NC,South,South,same_region,zone_2,7,6.0,0.0,False,4.87,baseline
order_0005588,NM,TX,West,South,cross_region,zone_3,9,8.0,0.0,False,43.58,baseline
order_0005589,ID,GA,West,South,cross_region,zone_3,8,8.0,0.0,False,8.03,baseline
order_0005590,GA,IL,South,Midwest,cross_region,zone_3,9,9.0,0.0,False,8.32,baseline
order_0005591,TX,SD,South,Midwest,cross_region,zone_3,9,9.0,0.0,False,8.18,baseline
order_0005592,FL,TX,South,South,same_region,zone_2,8,8.0,0.0,False,7.18,baseline
order_0005593,KY,ID,South,West,cross_region,zone_3,9,9.0,0.0,False,32.9,baseline
order_0005594,IL,NY,Midwest,Northeast,cross_region,zone_3,9,9.0,0.0,False,15.73,baseline
order_0005595,AL,HI,South,West,remote,zone_4,12,12.0,0.0,False,13.07,baseline
order_0005596,HI,CA,West,West,same_region,zone_2,6,6.0,0.0,False,8.27,baseline
order_0005597,AL,NY,South,Northeast,cross_region,zone_3,9,9.0,0.0,False,24.16,baseline
order_0005598,GA,CT,South,Northeast,cross_region,zone_3,9,14.0,5.0,True,9.01,baseline
order_0005599,ID,IN,West,Midwest,cross_region,zone_3,9,9.0,0.0,False,14.01,baseline
order_0005600,MS,MN,South,Midwest,cross_region,zone_3,9,13.0,4.0,True,7.64,baseline
order_0005601,AZ,NY,West,Northeast,cross_region,zone_3,8,8.0,0.0,False,7.66,baseline
order_0005602,OR,CA,West,West,same_region,zone_2,7,7.0,0.0,False,5.88,baseline
order_0005603,NY,PA,Northeast,Northeast,same_region,zone_2,7,7.0,0.0,False,7.82,baseline
order_0005604,WA,MI,West,Midwest,cross_region,zone_3,9,8.0,0.0,False,7.3,baseline
order_0005605,HI,FL,West,South,remote,zone_4,11,11.0,0.0,False,28.3,baseline
order_0005606,TX,TX,South,South,same_state,zone_1,5,5.0,0.0,False,4.11,baseline
order_0005607,NJ,TX,Northeast,South,cross_region,zone_3,9,9.0,0.0,False,15.3,baseline
order_0005608,NY,CA,Northeast,West,cross_region,zone_3,9,13.0,4.0,True,44.08,baseline
order_0005609,TX,NC,South,South,same_region,zone_2,8,7.0,0.0,False,10.2,baseline
order_0005610,NY,NY,Northeast,Northeast,same_state,zone_1,5,4.0,0.0,False,15.7,baseline
order_0005611,PA,NY,Northeast,Northeast,same_region,zone_2,7,7.0,0.0,False,11.88,baseline
order_0005612,PA,CO,Northeast,West,cross_region,zone_3,9,9.0,0.0,False,16.91,baseline
order_0005613,CO,TX,West,South,cross_region,zone_3,9,9.0,0.0,False,13.27,baseline
order_0005614,AZ,FL,West,South,cross_region,zone_3,8,7.0,0.0,False,7.3,baseline
order_0005615,TN,NY,South,Northeast,cross_region,zone_3,8,8.0,0.0,False,7.69,baseline
order_0005616,MS,CA,South,West,cross_region,zone_3,8,8.0,0.0,False,7.84,baseline
order_0005617,AL,NY,South,Northeast,cross_region,zone_3,9,9.0,0.0,False,27.61,baseline
order_0005618,CA,SD,West,Midwest,cross_region,zone_3,9,8.0,0.0,False,7.82,baseline
order_0005619,GA,MS,South,South,same_region,zone_2,7,7.0,0.0,False,9.97,baseline
order_0005620,CA,NY,West,Northeast,cross_region,zone_3,9,9.0,0.0,False,7.21,baseline
order_0005621,IN,TX,Midwest,South,cross_region,zone_3,8,10.0,2.0,True,8.23,baseline
order_0005622,NJ,TX,Northeast,South,cross_region,zone_3,9,9.0,0.0,False,7.4,baseline
order_0005623,GA,UT,South,West,cross_region,zone_3,9,8.0,0.0,False,14.44,baseline
order_0005624,NJ,IL,Northeast,Midwest,cross_region,zone_3,10,10.0,0.0,False,9.45,baseline
order_0005625,TN,IL,South,Midwest,cross_region,zone_3,9,9.0,0.0,False,15.7,baseline
order_0005626,NJ,PA,Northeast,Northeast,same_region,zone_2,7,7.0,0.0,False,16.75,baseline
order_0005627,CA,KS,West,Midwest,cross_region,zone_3,9,,,False,16.64,baseline
order_0005628,HI,NM,West,West,same_region,zone_2,6,,,False,10.55,baseline
order_0005629,TN,CA,South,West,cross_region,zone_3,9,8.0,0.0,False,25.25,baseline
order_0005630,TN,GA,South,South,same_region,zone_2,7,7.0,0.0,False,6.37,baseline
order_0005631,NV,OR,West,West,same_region,zone_2,6,6.0,0.0,False,7.85,baseline
order_0005632,NY,WY,Northeast,West,cross_region,zone_3,10,,,False,9.06,baseline
order_0005633,NJ,TX,Northeast,South,cross_region,zone_3,9,8.0,0.0,False,8.36,baseline
order_0005634,OH,NC,Midwest,South,cross_region,zone_3,9,11.0,2.0,True,8.8,baseline
order_0005635,FL,MI,South,Midwest,cross_region,zone_3,9,14.0,5.0,True,7.37,baseline
order_0005636,IL,ID,Midwest,West,cross_region,zone_3,9,8.0,0.0,False,8.53,baseline
order_0005637,NJ,CA,Northeast,West,cross_region,zone_3,9,10.0,1.0,True,36.73,baseline
order_0005638,NJ,NY,Northeast,Northeast,same_region,zone_2,7,12.0,5.0,True,5.74,baseline
order_0005639,IA,TN,Midwest,South,cross_region,zone_3,10,15.0,5.0,True,19.41,baseline
order_0005640,CA,MT,West,West,same_region,zone_2,7,7.0,0.0,False,11.84,baseline
order_0005641,TX,IL,South,Midwest,cross_region,zone_3,9,9.0,0.0,False,7.5,baseline
order_0005642,AR,CA,South,West,cross_region,zone_3,9,9.0,0.0,False,7.22,baseline
order_0005643,NM,NM,West,West,same_state,zone_1,5,5.0,0.0,False,3.79,baseline
order_0005644,NY,RI,Northeast,Northeast,same_region,zone_2,7,,,False,15.84,baseline
order_0005645,TX,TX,South,South,same_state,zone_1,6,,,False,10.07,baseline
order_0005646,FL,GA,South,South,same_region,zone_2,7,7.0,0.0,False,5.53,baseline
order_0005647,IL,TN,Midwest,South,cross_region,zone_3,9,9.0,0.0,False,8.02,baseline
order_0005648,MO,MO,Midwest,Midwest,same_state,zone_1,5,5.0,0.0,False,5.9,baseline
order_0005649,NJ,NJ,Northeast,Northeast,same_state,zone_1,5,5.0,0.0,False,26.84,baseline
order_0005650,FL,TX,South,South,same_region,zone_2,7,7.0,0.0,False,38.31,baseline
order_0005651,GA,SC,South,South,same_region,zone_2,7,6.0,0.0,False,16.36,baseline
order_0005652,NJ,MS,Northeast,South,cross_region,zone_3,10,9.0,0.0,False,8.22,baseline
order_0005653,CA,PA,West,Northeast,cross_region,zone_3,10,9.0,0.0,False,18.45,baseline
order_0005654,DC,CA,South,West,cross_region,zone_3,9,9.0,0.0,False,15.96,baseline
order_0005655,FL,CA,South,West,cross_region,zone_3,9,10.0,1.0,True,8.93,baseline
order_0005656,AZ,TX,West,South,cross_region,zone_3,9,8.0,0.0,False,7.7,baseline
order_0005657,CA,FL,West,South,cross_region,zone_3,9,9.0,0.0,False,27.35,baseline
order_0005658,CA,NY,West,Northeast,cross_region,zone_3,9,9.0,0.0,False,7.24,baseline
order_0005659,TX,NY,South,Northeast,cross_region,zone_3,9,8.0,0.0,False,25.24,baseline
order_0005660,NV,PA,West,Northeast,cross_region,zone_3,9,14.0,5.0,True,17.48,baseline
order_0005661,OR,NY,West,Northeast,cross_region,zone_3,10,10.0,0.0,False,8.74,baseline
order_0005662,TX,NJ,South,Northeast,cross_region,zone_3,9,9.0,0.0,False,8.56,baseline
order_0005663,NJ,CA,Northeast,West,cross_region,zone_3,9,9.0,0.0,False,8.43,baseline
order_0005664,WV,GA,South,South,same_region,zone_2,7,7.0,0.0,False,5.47,baseline
order_0005665,MO,TX,Midwest,South,cross_region,zone_3,10,10.0,0.0,False,12.9,baseline
order_0005666,TX,FL,South,South,same_region,zone_2,7,6.0,0.0,False,5.74,baseline
order_0005667,GA,MN,South,Midwest,cross_region,zone_3,9,9.0,0.0,False,9.65,baseline
order_0005668,NC,KY,South,South,same_region,zone_2,7,7.0,0.0,False,5.53,baseline
order_0005669,IA,CA,Midwest,West,cross_region,zone_3,9,11.0,2.0,True,15.63,baseline
order_0005670,NY,FL,Northeast,South,cross_region,zone_3,9,9.0,0.0,False,15.94,baseline
order_0005671,WV,FL,South,South,same_region,zone_2,7,7.0,0.0,False,5.23,baseline
order_0005672,GA,GA,South,South,same_state,zone_1,5,5.0,0.0,False,3.9,baseline
order_0005673,CA,CA,West,West,same_state,zone_1,5,4.0,0.0,False,5.37,baseline
order_0005674,CA,FL,West,South,cross_region,zone_3,9,8.0,0.0,False,18.49,baseline
order_0005675,CA,FL,West,South,cross_region,zone_3,9,9.0,0.0,False,8.1,baseline
order_0005676,TX,TX,South,South,same_state,zone_1,5,4.0,0.0,False,9.75,baseline
order_0005677,MO,SC,Midwest,South,cross_region,zone_3,9,8.0,0.0,False,7.73,baseline
order_0005678,VA,NE,South,Midwest,cross_region,zone_3,9,8.0,0.0,False,16.96,baseline
order_0005679,NY,KY,Northeast,South,cross_region,zone_3,8,7.0,0.0,False,19.39,baseline
order_0005680,HI,FL,West,South,remote,zone_4,12,16.0,4.0,True,27.01,baseline
order_0005681,NY,NC,Northeast,South,cross_region,zone_3,8,,,False,17.9,baseline
order_0005682,NH,NC,Northeast,South,cross_region,zone_3,8,13.0,5.0,True,25.19,baseline
order_0005683,IL,PA,Midwest,Northeast,cross_region,zone_3,9,9.0,0.0,False,16.86,baseline
order_0005684,LA,IL,South,Midwest,cross_region,zone_3,10,,,False,8.41,baseline
order_0005685,FL,NM,South,West,cross_region,zone_3,9,9.0,0.0,False,21.37,baseline
order_0005686,FL,MN,South,Midwest,cross_region,zone_3,10,9.0,0.0,False,7.96,baseline
order_0005687,IA,NY,Midwest,Northeast,cross_region,zone_3,9,10.0,1.0,True,18.73,baseline
order_0005688,CA,WA,West,West,same_region,zone_2,7,7.0,0.0,False,6.7,baseline
order_0005689,OH,LA,Midwest,South,cross_region,zone_3,9,13.0,4.0,True,9.53,baseline
order_0005690,PA,WV,Northeast,South,cross_region,zone_3,9,9.0,0.0,False,23.84,baseline
order_0005691,CA,TN,West,South,cross_region,zone_3,9,8.0,0.0,False,14.73,baseline
order_0005692,LA,FL,South,South,same_region,zone_2,6,6.0,0.0,False,17.49,baseline
order_0005693,MT,NC,West,South,cross_region,zone_3,9,9.0,0.0,False,8.74,baseline
order_0005694,ID,AR,West,South,cross_region,zone_3,10,10.0,0.0,False,18.45,baseline
order_0005695,KY,MD,South,South,same_region,zone_2,7,,,False,5.86,baseline
order_0005696,WV,NY,South,Northeast,cross_region,zone_3,9,10.0,1.0,True,8.25,baseline
order_0005697,TN,ME,South,Northeast,cross_region,zone_3,9,9.0,0.0,False,7.44,baseline
order_0005698,FL,GA,South,South,same_region,zone_2,7,,,False,6.29,baseline
order_0005699,FL,MA,South,Northeast,cross_region,zone_3,9,9.0,0.0,False,15.32,baseline
order_0005700,CA,TX,West,South,cross_region,zone_3,10,15.0,5.0,True,7.97,baseline
order_0005701,CA,NE,West,Midwest,cross_region,zone_3,9,9.0,0.0,False,9.19,baseline
order_0005702,FL,NY,South,Northeast,cross_region,zone_3,9,8.0,0.0,False,8.06,baseline
order_0005703,NJ,IL,Northeast,Midwest,cross_region,zone_3,9,10.0,1.0,True,17.5,baseline
order_0005704,PA,NY,Northeast,Northeast,same_region,zone_2,6,6.0,0.0,False,16.35,baseline
order_0005705,OR,GA,West,South,cross_region,zone_3,9,9.0,0.0,False,34.99,baseline
order_0005706,IA,FL,Midwest,South,cross_region,zone_3,9,9.0,0.0,False,8.37,baseline
order_0005707,NM,GA,West,South,cross_region,zone_3,9,9.0,0.0,False,15.91,baseline
order_0005708,CO,NH,West,Northeast,cross_region,zone_3,9,9.0,0.0,False,7.56,baseline
order_0005709,GA,ID,South,West,cross_region,zone_3,10,10.0,0.0,False,33.44,baseline
order_0005710,IA,FL,Midwest,South,cross_region,zone_3,9,8.0,0.0,False,8.43,baseline
order_0005711,NY,AK,Northeast,West,remote,zone_4,11,11.0,0.0,False,26.92,baseline
order_0005712,SD,OH,Midwest,Midwest,same_region,zone_2,7,7.0,0.0,False,5.26,baseline
order_0005713,TX,GA,South,South,same_region,zone_2,7,7.0,0.0,False,12.66,baseline
order_0005714,WA,GA,West,South,cross_region,zone_3,8,8.0,0.0,False,23.05,baseline
order_0005715,PA,PA,Northeast,Northeast,same_state,zone_1,5,5.0,0.0,False,13.49,baseline
order_0005716,AZ,DC,West,South,cross_region,zone_3,9,9.0,0.0,False,8.56,baseline
order_0005717,FL,LA,South,South,same_region,zone_2,7,7.0,0.0,False,6.1,baseline
order_0005718,WI,VA,Midwest,South,cross_region,zone_3,9,11.0,2.0,True,8.95,baseline
order_0005719,GA,PA,South,Northeast,cross_region,zone_3,9,9.0,0.0,False,8.93,baseline
order_0005720,CA,NM,West,West,same_region,zone_2,7,6.0,0.0,False,5.29,baseline
order_0005721,OH,CA,Midwest,West,cross_region,zone_3,9,9.0,0.0,False,8.21,baseline
order_0005722,NJ,IL,Northeast,Midwest,cross_region,zone_3,10,10.0,0.0,False,19.67,baseline
order_0005723,RI,NY,Northeast,Northeast,same_region,zone_2,7,7.0,0.0,False,13.35,baseline
order_0005724,HI,MI,West,Midwest,remote,zone_4,12,11.0,0.0,False,13.43,baseline
order_0005725,NJ,MI,Northeast,Midwest,cross_region,zone_3,9,9.0,0.0,False,8.44,baseline
order_0005726,NE,OH,Midwest,Midwest,same_region,zone_2,8,10.0,2.0,True,5.6,baseline
order_0005727,FL,DE,South,South,same_region,zone_2,6,6.0,0.0,False,18.03,baseline
order_0005728,MN,IN,Midwest,Midwest,same_region,zone_2,7,8.0,1.0,True,6.59,baseline
order_0005729,IA,AR,Midwest,South,cross_region,zone_3,9,9.0,0.0,False,7.64,baseline
order_0005730,CA,FL,West,South,cross_region,zone_3,9,9.0,0.0,False,8.35,baseline
order_0005731,NJ,WA,Northeast,West,cross_region,zone_3,9,9.0,0.0,False,7.98,baseline
order_0005732,MS,WA,South,West,cross_region,zone_3,8,8.0,0.0,False,35.92,baseline
order_0005733,AL,GA,South,South,same_region,zone_2,7,7.0,0.0,False,18.8,baseline
order_0005734,PA,HI,Northeast,West,remote,zone_4,12,11.0,0.0,False,12.0,baseline
order_0005735,LA,ME,South,Northeast,cross_region,zone_3,9,8.0,0.0,False,18.86,baseline
order_0005736,OR,VA,West,South,cross_region,zone_3,9,8.0,0.0,False,8.19,baseline
order_0005737,AK,TX,West,South,remote,zone_4,13,13.0,0.0,False,44.02,baseline
order_0005738,IL,NC,Midwest,South,cross_region,zone_3,9,8.0,0.0,False,22.06,baseline
order_0005739,DC,PA,South,Northeast,cross_region,zone_3,9,9.0,0.0,False,9.43,baseline
order_0005740,GA,NY,South,Northeast,cross_region,zone_3,9,13.0,4.0,True,14.9,baseline
order_0005741,IL,WI,Midwest,Midwest,same_region,zone_2,7,6.0,0.0,False,5.59,baseline
order_0005742,NJ,TX,Northeast,South,cross_region,zone_3,9,9.0,0.0,False,12.98,baseline
order_0005743,NM,AK,West,West,same_region,zone_2,7,12.0,5.0,True,5.93,baseline
order_0005744,NY,NY,Northeast,Northeast,same_state,zone_1,5,5.0,0.0,False,12.63,baseline
order_0005745,OR,FL,West,South,cross_region,zone_3,9,9.0,0.0,False,41.74,baseline
order_0005746,CA,ID,West,West,same_region,zone_2,7,7.0,0.0,False,11.14,baseline
order_0005747,NH,CA,Northeast,West,cross_region,zone_3,9,12.0,3.0,True,16.9,baseline
order_0005748,IL,TX,Midwest,South,cross_region,zone_3,10,15.0,5.0,True,10.09,baseline
order_0005749,SD,CA,Midwest,West,cross_region,zone_3,10,10.0,0.0,False,8.53,baseline
order_0005750,WV,CA,South,West,cross_region,zone_3,9,9.0,0.0,False,16.32,baseline
order_0005751,KY,FL,South,South,same_region,zone_2,7,6.0,0.0,False,12.26,baseline
order_0005752,LA,IL,South,Midwest,cross_region,zone_3,8,8.0,0.0,False,8.23,baseline
order_0005753,NE,IL,Midwest,Midwest,same_region,zone_2,8,7.0,0.0,False,12.38,baseline
order_0005754,HI,ID,West,West,same_region,zone_2,6,,,False,5.41,baseline
order_0005755,HI,CT,West,Northeast,remote,zone_4,11,11.0,0.0,False,11.55,baseline
order_0005756,MI,PA,Midwest,Northeast,cross_region,zone_3,9,9.0,0.0,False,10.37,baseline
order_0005757,KY,RI,South,Northeast,cross_region,zone_3,9,9.0,0.0,False,7.51,baseline
order_0005758,CA,NY,West,Northeast,cross_region,zone_3,9,8.0,0.0,False,22.62,baseline
order_0005759,NJ,NC,Northeast,South,cross_region,zone_3,9,9.0,0.0,False,24.67,baseline
order_0005760,IL,FL,Midwest,South,cross_region,zone_3,10,10.0,0.0,False,22.63,baseline
order_0005761,WA,NJ,West,Northeast,cross_region,zone_3,9,14.0,5.0,True,32.64,baseline
order_0005762,TX,CA,South,West,cross_region,zone_3,9,9.0,0.0,False,44.36,baseline
order_0005763,CA,TX,West,South,cross_region,zone_3,8,8.0,0.0,False,7.52,baseline
order_0005764,CA,NY,West,Northeast,cross_region,zone_3,9,9.0,0.0,False,10.0,baseline
order_0005765,GA,VT,South,Northeast,cross_region,zone_3,9,10.0,1.0,True,34.69,baseline
order_0005766,NJ,CA,Northeast,West,cross_region,zone_3,9,9.0,0.0,False,18.46,baseline
order_0005767,NJ,KS,Northeast,Midwest,cross_region,zone_3,10,10.0,0.0,False,8.6,baseline
order_0005768,NE,CA,Midwest,West,cross_region,zone_3,9,13.0,4.0,True,10.35,baseline
order_0005769,AZ,NV,West,West,same_region,zone_2,7,6.0,0.0,False,5.42,baseline
order_0005770,NJ,TX,Northeast,South,cross_region,zone_3,9,9.0,0.0,False,8.51,baseline
order_0005771,TN,CA,South,West,cross_region,zone_3,8,9.0,1.0,True,17.5,baseline
order_0005772,MS,FL,South,South,same_region,zone_2,6,6.0,0.0,False,4.79,baseline
order_0005773,NY,NY,Northeast,Northeast,same_state,zone_1,6,,,False,5.72,baseline
order_0005774,PA,CA,Northeast,West,cross_region,zone_3,9,9.0,0.0,False,24.45,baseline
order_0005775,GA,MS,South,South,same_region,zone_2,7,6.0,0.0,False,30.85,baseline
order_0005776,HI,CT,West,Northeast,remote,zone_4,11,,,False,12.74,baseline
order_0005777,MT,MA,West,Northeast,cross_region,zone_3,9,9.0,0.0,False,7.5,baseline
order_0005778,CA,PA,West,Northeast,cross_region,zone_3,9,9.0,0.0,False,10.47,baseline
order_0005779,TX,IL,South,Midwest,cross_region,zone_3,9,9.0,0.0,False,9.45,baseline
order_0005780,HI,PA,West,Northeast,remote,zone_4,13,13.0,0.0,False,14.46,baseline
order_0005781,PA,KY,Northeast,South,cross_region,zone_3,9,9.0,0.0,False,10.22,baseline
order_0005782,NJ,DC,Northeast,South,cross_region,zone_3,9,9.0,0.0,False,8.6,baseline
order_0005783,SC,LA,South,South,same_region,zone_2,7,7.0,0.0,False,33.42,baseline
order_0005784,ID,ME,West,Northeast,cross_region,zone_3,9,13.0,4.0,True,10.27,baseline
order_0005785,HI,TX,West,South,remote,zone_4,11,13.0,2.0,True,15.44,baseline
order_0005786,ME,CA,Northeast,West,cross_region,zone_3,9,9.0,0.0,False,10.87,baseline
order_0005787,TX,NC,South,South,same_region,zone_2,7,7.0,0.0,False,10.21,baseline
order_0005788,CA,NM,West,West,same_region,zone_2,7,,,False,5.61,baseline
order_0005789,GA,IL,South,Midwest,cross_region,zone_3,10,10.0,0.0,False,30.98,baseline
order_0005790,NJ,PA,Northeast,Northeast,same_region,zone_2,7,7.0,0.0,False,7.68,baseline
order_0005791,NY,CA,Northeast,West,cross_region,zone_3,10,10.0,0.0,False,24.54,baseline
order_0005792,MO,FL,Midwest,South,cross_region,zone_3,9,8.0,0.0,False,8.2,baseline
order_0005793,CA,NY,West,Northeast,cross_region,zone_3,10,10.0,0.0,False,16.46,baseline
order_0005794,NJ,MI,Northeast,Midwest,cross_region,zone_3,9,11.0,2.0,True,13.6,baseline
order_0005795,KY,OH,South,Midwest,cross_region,zone_3,9,12.0,3.0,True,24.11,baseline
order_0005796,MA,CA,Northeast,West,cross_region,zone_3,9,8.0,0.0,False,23.83,baseline
order_0005797,TX,PA,South,Northeast,cross_region,zone_3,9,9.0,0.0,False,7.77,baseline
order_0005798,NJ,MI,Northeast,Midwest,cross_region,zone_3,10,9.0,0.0,False,8.19,baseline
order_0005799,MN,NJ,Midwest,Northeast,cross_region,zone_3,9,9.0,0.0,False,7.62,baseline
order_0005800,AL,IL,South,Midwest,cross_region,zone_3,9,11.0,2.0,True,7.88,baseline
order_0005801,TX,RI,South,Northeast,cross_region,zone_3,9,9.0,0.0,False,9.37,baseline
order_0005802,NY,WI,Northeast,Midwest,cross_region,zone_3,9,9.0,0.0,False,9.05,baseline
order_0005803,RI,NY,Northeast,Northeast,same_region,zone_2,7,12.0,5.0,True,5.4,baseline
order_0005804,CA,WY,West,West,same_region,zone_2,6,6.0,0.0,False,10.43,baseline
order_0005805,NJ,RI,Northeast,Northeast,same_region,zone_2,7,7.0,0.0,False,5.48,baseline
order_0005806,CA,NY,West,Northeast,cross_region,zone_3,9,9.0,0.0,False,21.84,baseline
order_0005807,FL,MI,South,Midwest,cross_region,zone_3,9,10.0,1.0,True,38.0,baseline
order_0005808,OR,AZ,West,West,same_region,zone_2,7,10.0,3.0,True,27.47,baseline
order_0005809,TX,NM,South,West,cross_region,zone_3,9,14.0,5.0,True,16.05,baseline
order_0005810,CA,NC,West,South,cross_region,zone_3,9,14.0,5.0,True,9.87,baseline
order_0005811,CA,PA,West,Northeast,cross_region,zone_3,9,9.0,0.0,False,8.44,baseline
order_0005812,IL,AK,Midwest,West,remote,zone_4,12,11.0,0.0,False,38.79,baseline
order_0005813,HI,MA,West,Northeast,remote,zone_4,11,,,False,51.71,baseline
order_0005814,CA,MO,West,Midwest,cross_region,zone_3,9,8.0,0.0,False,28.45,baseline
order_0005815,IA,IN,Midwest,Midwest,same_region,zone_2,7,7.0,0.0,False,9.58,baseline
order_0005816,CA,NC,West,South,cross_region,zone_3,8,9.0,1.0,True,9.85,baseline
order_0005817,TX,FL,South,South,same_region,zone_2,8,8.0,0.0,False,7.59,baseline
order_0005818,FL,IL,South,Midwest,cross_region,zone_3,9,,,False,9.43,baseline
order_0005819,LA,AZ,South,West,cross_region,zone_3,9,9.0,0.0,False,11.61,baseline
order_0005820,WI,CA,Midwest,West,cross_region,zone_3,9,8.0,0.0,False,7.53,baseline
order_0005821,NJ,NC,Northeast,South,cross_region,zone_3,9,9.0,0.0,False,8.2,baseline
order_0005822,GA,WV,South,South,same_region,zone_2,8,8.0,0.0,False,6.7,baseline
order_0005823,ID,ND,West,Midwest,cross_region,zone_3,9,9.0,0.0,False,7.89,baseline
order_0005824,SC,CA,South,West,cross_region,zone_3,9,9.0,0.0,False,12.29,baseline
order_0005825,NJ,NC,Northeast,South,cross_region,zone_3,9,8.0,0.0,False,8.51,baseline
order_0005826,FL,TX,South,South,same_region,zone_2,7,7.0,0.0,False,31.41,baseline
order_0005827,PA,OH,Northeast,Midwest,cross_region,zone_3,9,9.0,0.0,False,8.43,baseline
order_0005828,TX,CA,South,West,cross_region,zone_3,9,9.0,0.0,False,9.19,baseline
order_0005829,NJ,TX,Northeast,South,cross_region,zone_3,9,9.0,0.0,False,7.31,baseline
order_0005830,NY,CT,Northeast,Northeast,same_region,zone_2,8,8.0,0.0,False,12.7,baseline
order_0005831,WA,NC,West,South,cross_region,zone_3,8,8.0,0.0,False,16.17,baseline
order_0005832,OH,RI,Midwest,Northeast,cross_region,zone_3,9,8.0,0.0,False,34.32,baseline
order_0005833,CA,FL,West,South,cross_region,zone_3,9,9.0,0.0,False,32.32,baseline
order_0005834,OH,MS,Midwest,South,cross_region,zone_3,9,9.0,0.0,False,7.99,baseline
order_0005835,FL,WV,South,South,same_region,zone_2,8,8.0,0.0,False,6.49,baseline
order_0005836,WA,PA,West,Northeast,cross_region,zone_3,9,,,False,17.58,baseline
order_0005837,CA,MA,West,Northeast,cross_region,zone_3,9,8.0,0.0,False,24.92,baseline
order_0005838,TX,CA,South,West,cross_region,zone_3,9,9.0,0.0,False,7.98,baseline
order_0005839,FL,DE,South,South,same_region,zone_2,6,6.0,0.0,False,5.07,baseline
order_0005840,CA,MN,West,Midwest,cross_region,zone_3,9,9.0,0.0,False,8.22,baseline
order_0005841,HI,WI,West,Midwest,remote,zone_4,12,12.0,0.0,False,12.21,baseline
order_0005842,KS,TX,Midwest,South,cross_region,zone_3,9,9.0,0.0,False,8.69,baseline
order_0005843,NY,NV,Northeast,West,cross_region,zone_3,8,9.0,1.0,True,9.62,baseline
order_0005844,PA,TX,Northeast,South,cross_region,zone_3,10,,,False,9.67,baseline
order_0005845,MN,NH,Midwest,Northeast,cross_region,zone_3,9,9.0,0.0,False,34.82,baseline
order_0005846,NJ,MI,Northeast,Midwest,cross_region,zone_3,9,8.0,0.0,False,17.7,baseline
order_0005847,IA,MI,Midwest,Midwest,same_region,zone_2,7,6.0,0.0,False,14.94,baseline
order_0005848,IN,WA,Midwest,West,cross_region,zone_3,10,12.0,2.0,True,17.6,baseline
order_0005849,MD,TX,South,South,same_region,zone_2,7,7.0,0.0,False,11.54,baseline
order_0005850,IL,OH,Midwest,Midwest,same_region,zone_2,7,7.0,0.0,False,22.07,baseline
order_0005851,CA,NY,West,Northeast,cross_region,zone_3,9,9.0,0.0,False,10.41,baseline
order_0005852,TX,OH,South,Midwest,cross_region,zone_3,9,9.0,0.0,False,12.29,baseline
order_0005853,NY,KY,Northeast,South,cross_region,zone_3,9,9.0,0.0,False,7.61,baseline
order_0005854,NV,GA,West,South,cross_region,zone_3,9,9.0,0.0,False,18.8,baseline
order_0005855,TX,TX,South,South,same_state,zone_1,5,5.0,0.0,False,25.03,baseline
order_0005856,PA,NM,Northeast,West,cross_region,zone_3,9,13.0,4.0,True,8.33,baseline
order_0005857,WA,TX,West,South,cross_region,zone_3,10,9.0,0.0,False,8.69,baseline
order_0005858,PA,HI,Northeast,West,remote,zone_4,11,13.0,2.0,True,13.37,baseline
order_0005859,IN,OH,Midwest,Midwest,same_region,zone_2,6,6.0,0.0,False,8.76,baseline
order_0005860,NV,NH,West,Northeast,cross_region,zone_3,9,8.0,0.0,False,25.5,baseline
order_0005861,MN,MN,Midwest,Midwest,same_state,zone_1,5,5.0,0.0,False,3.62,baseline
order_0005862,OR,GA,West,South,cross_region,zone_3,10,,,False,8.97,baseline
order_0005863,NJ,TN,Northeast,South,cross_region,zone_3,9,9.0,0.0,False,27.59,baseline
order_0005864,FL,OH,South,Midwest,cross_region,zone_3,9,9.0,0.0,False,17.95,baseline
order_0005865,FL,DE,South,South,same_region,zone_2,7,7.0,0.0,False,6.91,baseline
order_0005866,TN,IL,South,Midwest,cross_region,zone_3,9,8.0,0.0,False,10.24,baseline
order_0005867,TX,MI,South,Midwest,cross_region,zone_3,9,9.0,0.0,False,15.31,baseline
order_0005868,CT,GA,Northeast,South,cross_region,zone_3,9,8.0,0.0,False,8.1,baseline
order_0005869,WA,IL,West,Midwest,cross_region,zone_3,9,9.0,0.0,False,9.52,baseline
order_0005870,NJ,VT,Northeast,Northeast,same_region,zone_2,7,6.0,0.0,False,10.42,baseline
order_0005871,OR,IL,West,Midwest,cross_region,zone_3,9,9.0,0.0,False,8.75,baseline
order_0005872,NJ,FL,Northeast,South,cross_region,zone_3,9,,,False,7.95,baseline
order_0005873,HI,AL,West,South,remote,zone_4,11,11.0,0.0,False,12.32,baseline
order_0005874,NY,TX,Northeast,South,cross_region,zone_3,8,7.0,0.0,False,8.01,baseline
order_0005875,WA,VT,West,Northeast,cross_region,zone_3,8,,,False,8.08,baseline
order_0005876,OR,MI,West,Midwest,cross_region,zone_3,9,14.0,5.0,True,7.79,baseline
order_0005877,TN,NH,South,Northeast,cross_region,zone_3,9,9.0,0.0,False,26.07,baseline
order_0005878,MD,FL,South,South,same_region,zone_2,7,11.0,4.0,True,16.49,baseline
order_0005879,TN,PA,South,Northeast,cross_region,zone_3,9,9.0,0.0,False,18.58,baseline
order_0005880,GA,TN,South,South,same_region,zone_2,7,7.0,0.0,False,6.69,baseline
order_0005881,WA,NC,West,South,cross_region,zone_3,9,9.0,0.0,False,8.36,baseline
order_0005882,NJ,ND,Northeast,Midwest,cross_region,zone_3,9,9.0,0.0,False,8.58,baseline
order_0005883,PA,AZ,Northeast,West,cross_region,zone_3,8,8.0,0.0,False,25.23,baseline
order_0005884,MN,NM,Midwest,West,cross_region,zone_3,9,8.0,0.0,False,8.76,baseline
order_0005885,AR,NV,South,West,cross_region,zone_3,9,,,False,28.76,baseline
order_0005886,TX,FL,South,South,same_region,zone_2,8,,,False,5.68,baseline
order_0005887,NY,NY,Northeast,Northeast,same_state,zone_1,5,5.0,0.0,False,8.56,baseline
order_0005888,FL,CA,South,West,cross_region,zone_3,9,12.0,3.0,True,9.02,baseline
order_0005889,NJ,KS,Northeast,Midwest,cross_region,zone_3,9,9.0,0.0,False,8.59,baseline
order_0005890,FL,NY,South,Northeast,cross_region,zone_3,9,10.0,1.0,True,17.12,baseline
order_0005891,HI,MD,West,South,remote,zone_4,11,11.0,0.0,False,12.18,baseline
order_0005892,FL,TX,South,South,same_region,zone_2,7,7.0,0.0,False,20.82,baseline
order_0005893,NY,TX,Northeast,South,cross_region,zone_3,9,8.0,0.0,False,11.45,baseline
order_0005894,IL,WI,Midwest,Midwest,same_region,zone_2,7,7.0,0.0,False,15.96,baseline
order_0005895,IL,WY,Midwest,West,cross_region,zone_3,10,10.0,0.0,False,10.69,baseline
order_0005896,NH,TX,Northeast,South,cross_region,zone_3,9,8.0,0.0,False,17.49,baseline
order_0005897,IL,NE,Midwest,Midwest,same_region,zone_2,7,7.0,0.0,False,5.42,baseline
order_0005898,NV,MN,West,Midwest,cross_region,zone_3,9,13.0,4.0,True,25.41,baseline
order_0005899,NV,OK,West,South,cross_region,zone_3,9,9.0,0.0,False,7.87,baseline
order_0005900,MN,CA,Midwest,West,cross_region,zone_3,9,9.0,0.0,False,8.02,baseline
order_0005901,NY,CO,Northeast,West,cross_region,zone_3,8,7.0,0.0,False,9.65,baseline
order_0005902,GA,IN,South,Midwest,cross_region,zone_3,9,8.0,0.0,False,8.19,baseline
order_0005903,NY,VA,Northeast,South,cross_region,zone_3,9,9.0,0.0,False,8.04,baseline
order_0005904,NY,MN,Northeast,Midwest,cross_region,zone_3,9,9.0,0.0,False,8.28,baseline
order_0005905,NV,TN,West,South,cross_region,zone_3,10,10.0,0.0,False,27.07,baseline
order_0005906,FL,NY,South,Northeast,cross_region,zone_3,10,9.0,0.0,False,24.5,baseline
order_0005907,IL,CA,Midwest,West,cross_region,zone_3,9,9.0,0.0,False,7.69,baseline
order_0005908,NY,MI,Northeast,Midwest,cross_region,zone_3,9,9.0,0.0,False,8.36,baseline
order_0005909,NY,KS,Northeast,Midwest,cross_region,zone_3,8,8.0,0.0,False,8.94,baseline
order_0005910,NJ,TX,Northeast,South,cross_region,zone_3,9,11.0,2.0,True,8.45,baseline
order_0005911,IL,SD,Midwest,Midwest,same_region,zone_2,7,6.0,0.0,False,5.73,baseline
order_0005912,NJ,PA,Northeast,Northeast,same_region,zone_2,7,6.0,0.0,False,4.86,baseline
order_0005913,IL,WY,Midwest,West,cross_region,zone_3,9,9.0,0.0,False,16.48,baseline
order_0005914,TN,NY,South,Northeast,cross_region,zone_3,10,10.0,0.0,False,15.4,baseline
order_0005915,NY,FL,Northeast,South,cross_region,zone_3,8,8.0,0.0,False,8.69,baseline
order_0005916,IL,NM,Midwest,West,cross_region,zone_3,9,8.0,0.0,False,7.98,baseline
order_0005917,NY,FL,Northeast,South,cross_region,zone_3,10,10.0,0.0,False,11.7,baseline
order_0005918,NY,MA,Northeast,Northeast,same_region,zone_2,7,7.0,0.0,False,5.27,baseline
order_0005919,NY,TX,Northeast,South,cross_region,zone_3,9,9.0,0.0,False,26.61,baseline
order_0005920,HI,TX,West,South,remote,zone_4,11,12.0,1.0,True,11.94,baseline
order_0005921,OH,NY,Midwest,Northeast,cross_region,zone_3,9,,,False,33.89,baseline
order_0005922,NY,GA,Northeast,South,cross_region,zone_3,9,11.0,2.0,True,20.46,baseline
order_0005923,WI,OH,Midwest,Midwest,same_region,zone_2,7,7.0,0.0,False,9.96,baseline
order_0005924,IL,HI,Midwest,West,remote,zone_4,12,17.0,5.0,True,38.59,baseline
order_0005925,CA,LA,West,South,cross_region,zone_3,9,8.0,0.0,False,8.26,baseline
order_0005926,OR,MI,West,Midwest,cross_region,zone_3,9,9.0,0.0,False,10.06,baseline
order_0005927,CA,CA,West,West,same_state,zone_1,5,5.0,0.0,False,3.9,baseline
order_0005928,TX,ID,South,West,cross_region,zone_3,10,,,False,10.27,baseline
order_0005929,NY,CA,Northeast,West,cross_region,zone_3,9,8.0,0.0,False,7.34,baseline
order_0005930,NJ,NY,Northeast,Northeast,same_region,zone_2,8,8.0,0.0,False,12.18,baseline
order_0005931,FL,CT,South,Northeast,cross_region,zone_3,9,9.0,0.0,False,9.14,baseline
order_0005932,HI,NH,West,Northeast,remote,zone_4,12,12.0,0.0,False,16.43,baseline
order_0005933,LA,FL,South,South,same_region,zone_2,8,8.0,0.0,False,6.29,baseline
order_0005934,PA,RI,Northeast,Northeast,same_region,zone_2,7,6.0,0.0,False,6.09,baseline
order_0005935,TX,GA,South,South,same_region,zone_2,7,7.0,0.0,False,12.91,baseline
order_0005936,CT,MA,Northeast,Northeast,same_region,zone_2,7,,,False,17.64,baseline
order_0005937,TX,TX,South,South,same_state,zone_1,5,5.0,0.0,False,17.72,baseline
order_0005938,AK,AR,West,South,remote,zone_4,12,12.0,0.0,False,27.85,baseline
order_0005939,WI,CA,Midwest,West,cross_region,zone_3,9,9.0,0.0,False,17.87,baseline
order_0005940,RI,UT,Northeast,West,cross_region,zone_3,9,9.0,0.0,False,16.21,baseline
order_0005941,NY,NJ,Northeast,Northeast,same_region,zone_2,7,7.0,0.0,False,4.93,baseline
order_0005942,NV,OK,West,South,cross_region,zone_3,8,,,False,23.32,baseline
order_0005943,PA,IL,Northeast,Midwest,cross_region,zone_3,10,10.0,0.0,False,11.39,baseline
order_0005944,MN,PA,Midwest,Northeast,cross_region,zone_3,9,13.0,4.0,True,8.14,baseline
order_0005945,FL,LA,South,South,same_region,zone_2,7,6.0,0.0,False,5.91,baseline
order_0005946,FL,WA,South,West,cross_region,zone_3,9,9.0,0.0,False,26.15,baseline
order_0005947,IN,DE,Midwest,South,cross_region,zone_3,9,9.0,0.0,False,7.54,baseline
order_0005948,FL,CA,South,West,cross_region,zone_3,9,9.0,0.0,False,7.44,baseline
order_0005949,CA,AZ,West,West,same_region,zone_2,7,7.0,0.0,False,5.22,baseline
order_0005950,MT,SC,West,South,cross_region,zone_3,8,8.0,0.0,False,19.69,baseline
order_0005951,WA,TX,West,South,cross_region,zone_3,8,8.0,0.0,False,7.59,baseline
order_0005952,FL,CA,South,West,cross_region,zone_3,9,8.0,0.0,False,31.49,baseline
order_0005953,PA,OH,Northeast,Midwest,cross_region,zone_3,9,9.0,0.0,False,29.7,baseline
order_0005954,VA,CA,South,West,cross_region,zone_3,9,9.0,0.0,False,15.23,baseline
order_0005955,CA,FL,West,South,cross_region,zone_3,9,8.0,0.0,False,9.35,baseline
order_0005956,IL,FL,Midwest,South,cross_region,zone_3,9,8.0,0.0,False,8.41,baseline
order_0005957,KY,VA,South,South,same_region,zone_2,7,7.0,0.0,False,20.61,baseline
order_0005958,FL,LA,South,South,same_region,zone_2,7,7.0,0.0,False,15.24,baseline
order_0005959,NM,IL,West,Midwest,cross_region,zone_3,9,9.0,0.0,False,38.91,baseline
order_0005960,IL,MI,Midwest,Midwest,same_region,zone_2,6,6.0,0.0,False,12.56,baseline
order_0005961,SC,ID,South,West,cross_region,zone_3,9,11.0,2.0,True,8.68,baseline
order_0005962,AR,GA,South,South,same_region,zone_2,7,7.0,0.0,False,5.28,baseline
order_0005963,CA,TX,West,South,cross_region,zone_3,9,12.0,3.0,True,9.34,baseline
order_0005964,NJ,NC,Northeast,South,cross_region,zone_3,9,13.0,4.0,True,8.53,baseline
order_0005965,IL,NE,Midwest,Midwest,same_region,zone_2,8,8.0,0.0,False,5.68,baseline
order_0005966,IL,CA,Midwest,West,cross_region,zone_3,9,9.0,0.0,False,7.9,baseline
order_0005967,GA,CA,South,West,cross_region,zone_3,10,9.0,0.0,False,17.57,baseline
order_0005968,GA,FL,South,South,same_region,zone_2,8,8.0,0.0,False,12.35,baseline
order_0005969,CA,AK,West,West,same_region,zone_2,7,7.0,0.0,False,6.6,baseline
order_0005970,NV,CA,West,West,same_region,zone_2,6,5.0,0.0,False,6.45,baseline
order_0005971,VA,FL,South,South,same_region,zone_2,7,7.0,0.0,False,11.77,baseline
order_0005972,NJ,IA,Northeast,Midwest,cross_region,zone_3,9,9.0,0.0,False,29.33,baseline
order_0005973,HI,OK,West,South,remote,zone_4,11,11.0,0.0,False,26.05,baseline
order_0005974,IL,CA,Midwest,West,cross_region,zone_3,9,13.0,4.0,True,8.47,baseline
order_0005975,OR,AK,West,West,same_region,zone_2,7,7.0,0.0,False,7.03,baseline
order_0005976,IL,FL,Midwest,South,cross_region,zone_3,8,8.0,0.0,False,7.3,baseline
order_0005977,OH,TN,Midwest,South,cross_region,zone_3,9,,,False,17.81,baseline
order_0005978,NY,FL,Northeast,South,cross_region,zone_3,9,9.0,0.0,False,15.74,baseline
order_0005979,TX,MD,South,South,same_region,zone_2,8,10.0,2.0,True,5.97,baseline
order_0005980,TX,OR,South,West,cross_region,zone_3,9,9.0,0.0,False,23.73,baseline
order_0005981,VT,CA,Northeast,West,cross_region,zone_3,9,,,False,24.27,baseline
order_0005982,TX,FL,South,South,same_region,zone_2,6,5.0,0.0,False,5.79,baseline
order_0005983,OH,NJ,Midwest,Northeast,cross_region,zone_3,9,9.0,0.0,False,9.64,baseline
order_0005984,OR,CA,West,West,same_region,zone_2,7,6.0,0.0,False,5.23,baseline
order_0005985,TN,OH,South,Midwest,cross_region,zone_3,9,8.0,0.0,False,9.06,baseline
order_0005986,IL,MO,Midwest,Midwest,same_region,zone_2,7,7.0,0.0,False,20.25,baseline
order_0005987,AZ,WV,West,South,cross_region,zone_3,10,10.0,0.0,False,18.74,baseline
order_0005988,NJ,IL,Northeast,Midwest,cross_region,zone_3,9,9.0,0.0,False,21.1,baseline
order_0005989,HI,OR,West,West,same_region,zone_2,7,7.0,0.0,False,5.4,baseline
order_0005990,UT,CA,West,West,same_region,zone_2,7,7.0,0.0,False,7.16,baseline
order_0005991,CT,OH,Northeast,Midwest,cross_region,zone_3,9,9.0,0.0,False,9.08,baseline
order_0005992,CA,NY,West,Northeast,cross_region,zone_3,10,,,False,8.02,baseline
order_0005993,HI,CO,West,West,same_region,zone_2,6,5.0,0.0,False,6.03,baseline
order_0005994,TX,ME,South,Northeast,cross_region,zone_3,10,9.0,0.0,False,23.5,baseline
order_0005995,NC,NC,South,South,same_state,zone_1,5,5.0,0.0,False,9.0,baseline
order_0005996,KS,KY,Midwest,South,cross_region,zone_3,9,8.0,0.0,False,8.73,baseline
order_0005997,WA,NE,West,Midwest,cross_region,zone_3,8,,,False,9.29,baseline
order_0005998,VT,MN,Northeast,Midwest,cross_region,zone_3,9,9.0,0.0,False,28.52,baseline
order_0005999,MI,TX,Midwest,South,cross_region,zone_3,9,14.0,5.0,True,31.57,baseline
order_0006000,IA,SD,Midwest,Midwest,same_region,zone_2,8,,,False,5.98,baseline
order_0006001,IL,TX,Midwest,South,cross_region,zone_3,9,9.0,0.0,False,34.36,baseline
order_0006002,TX,NY,South,Northeast,cross_region,zone_3,9,9.0,0.0,False,7.74,baseline
order_0006003,WA,NY,West,Northeast,cross_region,zone_3,9,9.0,0.0,False,9.22,baseline
order_0006004,WV,NV,South,West,cross_region,zone_3,9,8.0,0.0,False,7.91,baseline
order_0006005,MT,RI,West,Northeast,cross_region,zone_3,9,9.0,0.0,False,8.03,baseline
order_0006006,PA,NV,Northeast,West,cross_region,zone_3,9,9.0,0.0,False,19.69,baseline
order_0006007,TX,TX,South,South,same_state,zone_1,4,,,False,4.0,baseline
order_0006008,PA,NC,Northeast,South,cross_region,zone_3,9,9.0,0.0,False,8.93,baseline
order_0006009,NY,LA,Northeast,South,cross_region,zone_3,8,8.0,0.0,False,16.39,baseline
order_0006010,LA,FL,South,South,same_region,zone_2,7,7.0,0.0,False,5.96,baseline
order_0006011,NY,CO,Northeast,West,cross_region,zone_3,9,9.0,0.0,False,7.65,baseline
order_0006012,PA,HI,Northeast,West,remote,zone_4,13,13.0,0.0,False,15.56,baseline
order_0006013,TX,OH,South,Midwest,cross_region,zone_3,9,8.0,0.0,False,7.9,baseline
order_0006014,TX,TX,South,South,same_state,zone_1,5,5.0,0.0,False,4.76,baseline
order_0006015,WA,TX,West,South,cross_region,zone_3,9,9.0,0.0,False,8.86,baseline
order_0006016,NH,IL,Northeast,Midwest,cross_region,zone_3,10,10.0,0.0,False,10.73,baseline
order_0006017,ME,NY,Northeast,Northeast,same_region,zone_2,7,7.0,0.0,False,7.14,baseline
order_0006018,FL,MI,South,Midwest,cross_region,zone_3,9,9.0,0.0,False,10.95,baseline
order_0006019,NV,OH,West,Midwest,cross_region,zone_3,8,8.0,0.0,False,8.55,baseline
order_0006020,NJ,OH,Northeast,Midwest,cross_region,zone_3,9,9.0,0.0,False,8.34,baseline
order_0006021,WI,VA,Midwest,South,cross_region,zone_3,10,14.0,4.0,True,19.74,baseline
order_0006022,AK,OH,West,Midwest,remote,zone_4,13,,,False,13.25,baseline
order_0006023,NY,GA,Northeast,South,cross_region,zone_3,9,8.0,0.0,False,9.75,baseline
order_0006024,TX,RI,South,Northeast,cross_region,zone_3,9,9.0,0.0,False,24.44,baseline
order_0006025,NJ,NY,Northeast,Northeast,same_region,zone_2,7,6.0,0.0,False,8.22,baseline
order_0006026,TX,CA,South,West,cross_region,zone_3,9,9.0,0.0,False,36.77,baseline
order_0006027,ND,PA,Midwest,Northeast,cross_region,zone_3,9,12.0,3.0,True,8.34,baseline
order_0006028,IL,NY,Midwest,Northeast,cross_region,zone_3,9,8.0,0.0,False,23.12,baseline
order_0006029,TX,FL,South,South,same_region,zone_2,7,7.0,0.0,False,13.81,baseline
order_0006030,CA,TN,West,South,cross_region,zone_3,9,9.0,0.0,False,7.31,baseline
order_0006031,OR,ID,West,West,same_region,zone_2,8,8.0,0.0,False,18.8,baseline
order_0006032,FL,NY,South,Northeast,cross_region,zone_3,9,9.0,0.0,False,44.63,baseline
order_0006033,NJ,CA,Northeast,West,cross_region,zone_3,9,12.0,3.0,True,19.33,baseline
order_0006034,TX,MD,South,South,same_region,zone_2,7,7.0,0.0,False,4.86,baseline
order_0006035,CA,WA,West,West,same_region,zone_2,8,8.0,0.0,False,25.39,baseline
order_0006036,CO,DE,West,South,cross_region,zone_3,9,9.0,0.0,False,20.78,baseline
order_0006037,NY,FL,Northeast,South,cross_region,zone_3,9,8.0,0.0,False,17.02,baseline
order_0006038,MS,NY,South,Northeast,cross_region,zone_3,8,8.0,0.0,False,11.57,baseline
order_0006039,CA,CA,West,West,same_state,zone_1,6,,,False,17.3,baseline
order_0006040,CT,FL,Northeast,South,cross_region,zone_3,10,,,False,26.16,baseline
order_0006041,TX,NY,South,Northeast,cross_region,zone_3,9,12.0,3.0,True,7.3,baseline
order_0006042,KY,WV,South,South,same_region,zone_2,7,7.0,0.0,False,10.61,baseline
order_0006043,MS,NH,South,Northeast,cross_region,zone_3,10,10.0,0.0,False,7.77,baseline
order_0006044,TX,TX,South,South,same_state,zone_1,5,4.0,0.0,False,22.21,baseline
order_0006045,TX,KS,South,Midwest,cross_region,zone_3,10,9.0,0.0,False,8.97,baseline
order_0006046,HI,RI,West,Northeast,remote,zone_4,11,11.0,0.0,False,13.24,baseline
order_0006047,AR,IA,South,Midwest,cross_region,zone_3,9,9.0,0.0,False,8.25,baseline
order_0006048,MT,MT,West,West,same_state,zone_1,5,5.0,0.0,False,4.64,baseline
order_0006049,IL,DC,Midwest,South,cross_region,zone_3,9,,,False,31.42,baseline
order_0006050,NJ,IL,Northeast,Midwest,cross_region,zone_3,8,,,False,20.87,baseline
order_0006051,OH,SC,Midwest,South,cross_region,zone_3,9,8.0,0.0,False,13.41,baseline
order_0006052,HI,FL,West,South,remote,zone_4,11,14.0,3.0,True,12.65,baseline
order_0006053,GA,NY,South,Northeast,cross_region,zone_3,9,9.0,0.0,False,8.0,baseline
order_0006054,TN,CA,South,West,cross_region,zone_3,9,9.0,0.0,False,16.25,baseline
order_0006055,WV,IL,South,Midwest,cross_region,zone_3,9,12.0,3.0,True,41.8,baseline
order_0006056,FL,CA,South,West,cross_region,zone_3,9,9.0,0.0,False,7.85,baseline
order_0006057,CA,TX,West,South,cross_region,zone_3,9,8.0,0.0,False,8.81,baseline
order_0006058,DC,RI,South,Northeast,cross_region,zone_3,9,9.0,0.0,False,24.91,baseline
order_0006059,MT,NY,West,Northeast,cross_region,zone_3,9,,,False,8.51,baseline
order_0006060,IL,MD,Midwest,South,cross_region,zone_3,9,9.0,0.0,False,11.94,baseline
order_0006061,HI,IL,West,Midwest,remote,zone_4,11,11.0,0.0,False,13.08,baseline
order_0006062,LA,MA,South,Northeast,cross_region,zone_3,8,7.0,0.0,False,9.95,baseline
order_0006063,CA,OH,West,Midwest,cross_region,zone_3,9,9.0,0.0,False,35.95,baseline
order_0006064,FL,HI,South,West,remote,zone_4,11,11.0,0.0,False,24.97,baseline
order_0006065,IL,IA,Midwest,Midwest,same_region,zone_2,7,12.0,5.0,True,5.46,baseline
order_0006066,LA,FL,South,South,same_region,zone_2,6,6.0,0.0,False,13.35,baseline
order_0006067,FL,CA,South,West,cross_region,zone_3,9,9.0,0.0,False,7.77,baseline
order_0006068,NH,IA,Northeast,Midwest,cross_region,zone_3,9,9.0,0.0,False,16.41,baseline
order_0006069,FL,MI,South,Midwest,cross_region,zone_3,10,10.0,0.0,False,11.73,baseline
order_0006070,GA,FL,South,South,same_region,zone_2,7,7.0,0.0,False,24.19,baseline
order_0006071,LA,MI,South,Midwest,cross_region,zone_3,9,8.0,0.0,False,8.27,baseline
order_0006072,IL,WV,Midwest,South,cross_region,zone_3,9,,,False,25.04,baseline
order_0006073,GA,CA,South,West,cross_region,zone_3,10,10.0,0.0,False,27.88,baseline
order_0006074,NY,MO,Northeast,Midwest,cross_region,zone_3,9,8.0,0.0,False,9.6,baseline
order_0006075,NY,NM,Northeast,West,cross_region,zone_3,8,8.0,0.0,False,9.42,baseline
order_0006076,PA,VT,Northeast,Northeast,same_region,zone_2,7,7.0,0.0,False,8.12,baseline
order_0006077,SC,NV,South,West,cross_region,zone_3,9,9.0,0.0,False,21.82,baseline
order_0006078,ME,OH,Northeast,Midwest,cross_region,zone_3,9,9.0,0.0,False,7.66,baseline
order_0006079,AR,OK,South,South,same_region,zone_2,7,9.0,2.0,True,16.18,baseline
order_0006080,NY,OH,Northeast,Midwest,cross_region,zone_3,9,9.0,0.0,False,46.35,baseline
order_0006081,WA,KS,West,Midwest,cross_region,zone_3,9,9.0,0.0,False,17.14,baseline
order_0006082,GA,KS,South,Midwest,cross_region,zone_3,9,9.0,0.0,False,10.36,baseline
order_0006083,IL,MT,Midwest,West,cross_region,zone_3,9,9.0,0.0,False,24.54,baseline
order_0006084,NJ,IA,Northeast,Midwest,cross_region,zone_3,9,9.0,0.0,False,9.04,baseline
order_0006085,MI,ND,Midwest,Midwest,same_region,zone_2,7,7.0,0.0,False,5.14,baseline
order_0006086,CA,MA,West,Northeast,cross_region,zone_3,10,10.0,0.0,False,15.05,baseline
order_0006087,FL,WI,South,Midwest,cross_region,zone_3,10,,,False,8.0,baseline
order_0006088,KY,GA,South,South,same_region,zone_2,7,6.0,0.0,False,6.05,baseline
order_0006089,AZ,DE,West,South,cross_region,zone_3,9,8.0,0.0,False,10.48,baseline
order_0006090,NY,FL,Northeast,South,cross_region,zone_3,9,9.0,0.0,False,27.91,baseline
order_0006091,TN,TX,South,South,same_region,zone_2,6,6.0,0.0,False,16.14,baseline
order_0006092,NY,FL,Northeast,South,cross_region,zone_3,10,,,False,10.11,baseline
order_0006093,SC,FL,South,South,same_region,zone_2,6,6.0,0.0,False,5.42,baseline
order_0006094,MI,NV,Midwest,West,cross_region,zone_3,8,13.0,5.0,True,7.54,baseline
order_0006095,CA,PA,West,Northeast,cross_region,zone_3,9,9.0,0.0,False,11.64,baseline
order_0006096,FL,IL,South,Midwest,cross_region,zone_3,8,7.0,0.0,False,8.71,baseline
order_0006097,AZ,CA,West,West,same_region,zone_2,7,7.0,0.0,False,6.08,baseline
order_0006098,IL,CA,Midwest,West,cross_region,zone_3,9,8.0,0.0,False,16.96,baseline
order_0006099,RI,CA,Northeast,West,cross_region,zone_3,9,14.0,5.0,True,8.98,baseline
order_0006100,HI,NY,West,Northeast,remote,zone_4,11,16.0,5.0,True,17.52,baseline
order_0006101,OR,NC,West,South,cross_region,zone_3,9,9.0,0.0,False,17.43,baseline
order_0006102,CA,IL,West,Midwest,cross_region,zone_3,9,9.0,0.0,False,8.12,baseline
order_0006103,TX,PA,South,Northeast,cross_region,zone_3,9,9.0,0.0,False,8.53,baseline
order_0006104,HI,MI,West,Midwest,remote,zone_4,11,13.0,2.0,True,14.55,baseline
order_0006105,NJ,TX,Northeast,South,cross_region,zone_3,10,11.0,1.0,True,8.46,baseline
order_0006106,TX,FL,South,South,same_region,zone_2,8,8.0,0.0,False,5.73,baseline
order_0006107,OH,FL,Midwest,South,cross_region,zone_3,9,9.0,0.0,False,8.65,baseline
order_0006108,OK,NC,South,South,same_region,zone_2,7,6.0,0.0,False,5.64,baseline
order_0006109,WA,LA,West,South,cross_region,zone_3,9,9.0,0.0,False,15.51,baseline
order_0006110,MD,MI,South,Midwest,cross_region,zone_3,9,12.0,3.0,True,16.83,baseline
order_0006111,FL,CA,South,West,cross_region,zone_3,9,9.0,0.0,False,16.94,baseline
order_0006112,NY,MS,Northeast,South,cross_region,zone_3,10,9.0,0.0,False,42.64,baseline
order_0006113,CA,CA,West,West,same_state,zone_1,5,4.0,0.0,False,13.77,baseline
order_0006114,FL,NC,South,South,same_region,zone_2,7,7.0,0.0,False,13.02,baseline
order_0006115,PA,TX,Northeast,South,cross_region,zone_3,9,8.0,0.0,False,34.22,baseline
order_0006116,GA,NJ,South,Northeast,cross_region,zone_3,10,,,False,8.86,baseline
order_0006117,AZ,NY,West,Northeast,cross_region,zone_3,9,9.0,0.0,False,8.94,baseline
order_0006118,NJ,WA,Northeast,West,cross_region,zone_3,10,,,False,9.56,baseline
order_0006119,WY,FL,West,South,cross_region,zone_3,9,,,False,10.38,baseline
order_0006120,AL,CA,South,West,cross_region,zone_3,10,15.0,5.0,True,19.46,baseline
order_0006121,IL,TX,Midwest,South,cross_region,zone_3,9,9.0,0.0,False,28.87,baseline
order_0006122,PA,AK,Northeast,West,remote,zone_4,12,12.0,0.0,False,62.63,baseline
order_0006123,KS,IL,Midwest,Midwest,same_region,zone_2,7,6.0,0.0,False,11.86,baseline
order_0006124,HI,KY,West,South,remote,zone_4,11,10.0,0.0,False,12.52,baseline
order_0006125,IL,VT,Midwest,Northeast,cross_region,zone_3,10,,,False,17.25,baseline
order_0006126,AR,IL,South,Midwest,cross_region,zone_3,9,8.0,0.0,False,7.54,baseline
order_0006127,CA,CA,West,West,same_state,zone_1,5,4.0,0.0,False,17.94,baseline
order_0006128,CT,NM,Northeast,West,cross_region,zone_3,9,9.0,0.0,False,7.72,baseline
order_0006129,NY,GA,Northeast,South,cross_region,zone_3,9,8.0,0.0,False,26.1,baseline
order_0006130,FL,SC,South,South,same_region,zone_2,8,8.0,0.0,False,5.65,baseline
order_0006131,OH,CA,Midwest,West,cross_region,zone_3,9,9.0,0.0,False,28.51,baseline
order_0006132,TX,NH,South,Northeast,cross_region,zone_3,9,12.0,3.0,True,15.85,baseline
order_0006133,NJ,MN,Northeast,Midwest,cross_region,zone_3,9,9.0,0.0,False,8.22,baseline
order_0006134,NY,UT,Northeast,West,cross_region,zone_3,9,9.0,0.0,False,19.6,baseline
order_0006135,OR,CA,West,West,same_region,zone_2,7,7.0,0.0,False,5.49,baseline
order_0006136,RI,IA,Northeast,Midwest,cross_region,zone_3,9,9.0,0.0,False,24.1,baseline
order_0006137,IL,NY,Midwest,Northeast,cross_region,zone_3,9,9.0,0.0,False,8.21,baseline
order_0006138,UT,PA,West,Northeast,cross_region,zone_3,9,9.0,0.0,False,16.14,baseline
order_0006139,AZ,IA,West,Midwest,cross_region,zone_3,9,9.0,0.0,False,17.0,baseline
order_0006140,TX,MT,South,West,cross_region,zone_3,9,12.0,3.0,True,7.4,baseline
order_0006141,OH,TX,Midwest,South,cross_region,zone_3,9,9.0,0.0,False,8.3,baseline
order_0006142,CA,NY,West,Northeast,cross_region,zone_3,9,8.0,0.0,False,16.74,baseline
order_0006143,OR,TX,West,South,cross_region,zone_3,9,12.0,3.0,True,11.41,baseline
order_0006144,ME,LA,Northeast,South,cross_region,zone_3,9,9.0,0.0,False,15.77,baseline
order_0006145,CA,CA,West,West,same_state,zone_1,5,4.0,0.0,False,17.8,baseline
order_0006146,OH,CA,Midwest,West,cross_region,zone_3,8,7.0,0.0,False,7.22,baseline
order_0006147,IA,UT,Midwest,West,cross_region,zone_3,9,9.0,0.0,False,27.96,baseline
order_0006148,FL,RI,South,Northeast,cross_region,zone_3,9,,,False,18.93,baseline
order_0006149,ME,CA,Northeast,West,cross_region,zone_3,9,9.0,0.0,False,8.27,baseline
order_0006150,NY,IL,Northeast,Midwest,cross_region,zone_3,9,9.0,0.0,False,8.05,baseline
order_0006151,TX,CA,South,West,cross_region,zone_3,9,9.0,0.0,False,17.28,baseline
order_0006152,NM,ID,West,West,same_region,zone_2,7,,,False,9.59,baseline
order_0006153,PA,OH,Northeast,Midwest,cross_region,zone_3,9,9.0,0.0,False,9.77,baseline
order_0006154,NJ,HI,Northeast,West,remote,zone_4,12,12.0,0.0,False,12.85,baseline
order_0006155,NJ,NC,Northeast,South,cross_region,zone_3,10,10.0,0.0,False,10.06,baseline
order_0006156,FL,NC,South,South,same_region,zone_2,7,7.0,0.0,False,9.45,baseline
order_0006157,CA,FL,West,South,cross_region,zone_3,9,9.0,0.0,False,23.22,baseline
order_0006158,CA,MS,West,South,cross_region,zone_3,9,8.0,0.0,False,30.63,baseline
order_0006159,FL,NM,South,West,cross_region,zone_3,8,8.0,0.0,False,16.45,baseline
order_0006160,NJ,GA,Northeast,South,cross_region,zone_3,10,10.0,0.0,False,9.61,baseline
order_0006161,OR,TX,West,South,cross_region,zone_3,9,11.0,2.0,True,15.62,baseline
order_0006162,NY,OH,Northeast,Midwest,cross_region,zone_3,9,,,False,16.23,baseline
order_0006163,NM,NH,West,Northeast,cross_region,zone_3,9,10.0,1.0,True,16.84,baseline
order_0006164,SC,MI,South,Midwest,cross_region,zone_3,8,7.0,0.0,False,7.88,baseline
order_0006165,IA,AK,Midwest,West,remote,zone_4,12,12.0,0.0,False,12.99,baseline
order_0006166,NY,TX,Northeast,South,cross_region,zone_3,9,11.0,2.0,True,7.81,baseline
order_0006167,AZ,NJ,West,Northeast,cross_region,zone_3,9,9.0,0.0,False,9.32,baseline
order_0006168,HI,AZ,West,West,same_region,zone_2,7,7.0,0.0,False,16.3,baseline
order_0006169,NY,WI,Northeast,Midwest,cross_region,zone_3,9,9.0,0.0,False,18.37,baseline
order_0006170,FL,IA,South,Midwest,cross_region,zone_3,9,8.0,0.0,False,36.54,baseline
order_0006171,KS,AK,Midwest,West,remote,zone_4,12,12.0,0.0,False,13.38,baseline
order_0006172,MI,CA,Midwest,West,cross_region,zone_3,9,9.0,0.0,False,7.57,baseline
order_0006173,TX,IL,South,Midwest,cross_region,zone_3,9,9.0,0.0,False,8.47,baseline
order_0006174,ID,NY,West,Northeast,cross_region,zone_3,9,9.0,0.0,False,15.37,baseline
order_0006175,MS,OH,South,Midwest,cross_region,zone_3,8,8.0,0.0,False,10.19,baseline
order_0006176,TX,CA,South,West,cross_region,zone_3,9,9.0,0.0,False,8.5,baseline
order_0006177,TX,KS,South,Midwest,cross_region,zone_3,9,13.0,4.0,True,7.82,baseline
order_0006178,IL,FL,Midwest,South,cross_region,zone_3,9,9.0,0.0,False,10.69,baseline
order_0006179,OR,IL,West,Midwest,cross_region,zone_3,10,14.0,4.0,True,18.82,baseline
order_0006180,CA,TX,West,South,cross_region,zone_3,9,9.0,0.0,False,16.04,baseline
order_0006181,ID,CA,West,West,same_region,zone_2,6,8.0,2.0,True,5.25,baseline
order_0006182,IL,MI,Midwest,Midwest,same_region,zone_2,8,13.0,5.0,True,5.46,baseline
order_0006183,IA,TX,Midwest,South,cross_region,zone_3,9,9.0,0.0,False,8.03,baseline
order_0006184,KY,IL,South,Midwest,cross_region,zone_3,9,9.0,0.0,False,7.31,baseline
order_0006185,NJ,FL,Northeast,South,cross_region,zone_3,9,9.0,0.0,False,25.71,baseline
order_0006186,MN,IL,Midwest,Midwest,same_region,zone_2,8,8.0,0.0,False,11.96,baseline
order_0006187,HI,PA,West,Northeast,remote,zone_4,11,11.0,0.0,False,39.81,baseline
order_0006188,AR,PA,South,Northeast,cross_region,zone_3,9,10.0,1.0,True,16.56,baseline
order_0006189,LA,UT,South,West,cross_region,zone_3,9,9.0,0.0,False,16.41,baseline
order_0006190,FL,CA,South,West,cross_region,zone_3,9,14.0,5.0,True,18.58,baseline
order_0006191,IL,CA,Midwest,West,cross_region,zone_3,9,9.0,0.0,False,8.91,baseline
order_0006192,MN,PA,Midwest,Northeast,cross_region,zone_3,9,9.0,0.0,False,9.08,baseline
order_0006193,LA,ID,South,West,cross_region,zone_3,8,8.0,0.0,False,19.38,baseline
order_0006194,GA,IA,South,Midwest,cross_region,zone_3,8,11.0,3.0,True,16.07,baseline
order_0006195,WV,DC,South,South,same_region,zone_2,8,8.0,0.0,False,11.27,baseline
order_0006196,FL,CA,South,West,cross_region,zone_3,9,,,False,8.83,baseline
order_0006197,IL,TX,Midwest,South,cross_region,zone_3,9,,,False,25.05,baseline
order_0006198,NV,TX,West,South,cross_region,zone_3,8,8.0,0.0,False,8.26,baseline
order_0006199,GA,FL,South,South,same_region,zone_2,7,7.0,0.0,False,7.07,baseline
order_0006200,OR,LA,West,South,cross_region,zone_3,9,8.0,0.0,False,8.18,baseline
order_0006201,LA,GA,South,South,same_region,zone_2,6,6.0,0.0,False,10.2,baseline
order_0006202,PA,IL,Northeast,Midwest,cross_region,zone_3,10,10.0,0.0,False,9.67,baseline
order_0006203,CT,MA,Northeast,Northeast,same_region,zone_2,8,8.0,0.0,False,29.07,baseline
order_0006204,NY,HI,Northeast,West,remote,zone_4,11,11.0,0.0,False,11.81,baseline
order_0006205,CA,OK,West,South,cross_region,zone_3,9,9.0,0.0,False,17.74,baseline
order_0006206,CA,IL,West,Midwest,cross_region,zone_3,10,10.0,0.0,False,9.45,baseline
order_0006207,WV,OH,South,Midwest,cross_region,zone_3,9,9.0,0.0,False,7.87,baseline
order_0006208,CA,IL,West,Midwest,cross_region,zone_3,9,9.0,0.0,False,10.44,baseline
order_0006209,TX,AZ,South,West,cross_region,zone_3,10,14.0,4.0,True,11.69,baseline
order_0006210,HI,PA,West,Northeast,remote,zone_4,11,11.0,0.0,False,13.56,baseline
order_0006211,IL,TX,Midwest,South,cross_region,zone_3,8,13.0,5.0,True,32.33,baseline
order_0006212,IL,NV,Midwest,West,cross_region,zone_3,9,11.0,2.0,True,9.97,baseline
order_0006213,MO,CA,Midwest,West,cross_region,zone_3,9,9.0,0.0,False,45.2,baseline
order_0006214,WA,MN,West,Midwest,cross_region,zone_3,9,9.0,0.0,False,29.13,baseline
order_0006215,SC,NV,South,West,cross_region,zone_3,8,7.0,0.0,False,7.64,baseline
order_0006216,HI,UT,West,West,same_region,zone_2,7,10.0,3.0,True,7.11,baseline
order_0006217,LA,TX,South,South,same_region,zone_2,7,,,False,15.9,baseline
order_0006218,NY,FL,Northeast,South,cross_region,zone_3,9,,,False,38.14,baseline
order_0006219,FL,NY,South,Northeast,cross_region,zone_3,9,14.0,5.0,True,19.59,baseline
order_0006220,NY,TX,Northeast,South,cross_region,zone_3,9,9.0,0.0,False,9.56,baseline
order_0006221,FL,CA,South,West,cross_region,zone_3,9,9.0,0.0,False,9.97,baseline
order_0006222,NE,CA,Midwest,West,cross_region,zone_3,9,9.0,0.0,False,10.0,baseline
order_0006223,TX,GA,South,South,same_region,zone_2,7,7.0,0.0,False,6.26,baseline
order_0006224,OH,NY,Midwest,Northeast,cross_region,zone_3,10,10.0,0.0,False,9.75,baseline
order_0006225,HI,CA,West,West,same_region,zone_2,6,6.0,0.0,False,5.25,baseline
order_0006226,WA,CT,West,Northeast,cross_region,zone_3,8,7.0,0.0,False,7.74,baseline
order_0006227,PA,GA,Northeast,South,cross_region,zone_3,9,9.0,0.0,False,15.62,baseline
order_0006228,PA,SD,Northeast,Midwest,cross_region,zone_3,9,,,False,19.41,baseline
order_0006229,GA,NE,South,Midwest,cross_region,zone_3,9,14.0,5.0,True,9.92,baseline
order_0006230,PA,PA,Northeast,Northeast,same_state,zone_1,5,,,False,4.78,baseline
order_0006231,WA,NV,West,West,same_region,zone_2,6,6.0,0.0,False,5.71,baseline
order_0006232,CA,CA,West,West,same_state,zone_1,5,4.0,0.0,False,7.79,baseline
order_0006233,MN,MA,Midwest,Northeast,cross_region,zone_3,9,8.0,0.0,False,8.47,baseline
order_0006234,NM,MI,West,Midwest,cross_region,zone_3,9,9.0,0.0,False,7.98,baseline
order_0006235,FL,TX,South,South,same_region,zone_2,7,7.0,0.0,False,6.6,baseline
order_0006236,PA,CA,Northeast,West,cross_region,zone_3,8,7.0,0.0,False,17.77,baseline
order_0006237,NJ,MT,Northeast,West,cross_region,zone_3,8,9.0,1.0,True,10.09,baseline
order_0006238,KY,UT,South,West,cross_region,zone_3,9,9.0,0.0,False,8.05,baseline
order_0006239,NY,FL,Northeast,South,cross_region,zone_3,9,11.0,2.0,True,18.3,baseline
order_0006240,NC,AL,South,South,same_region,zone_2,7,7.0,0.0,False,24.65,baseline
order_0006241,ID,LA,West,South,cross_region,zone_3,8,8.0,0.0,False,10.7,baseline
order_0006242,CA,MI,West,Midwest,cross_region,zone_3,9,9.0,0.0,False,7.22,baseline
order_0006243,FL,IL,South,Midwest,cross_region,zone_3,10,10.0,0.0,False,9.12,baseline
order_0006244,TX,TX,South,South,same_state,zone_1,5,5.0,0.0,False,8.63,baseline
order_0006245,FL,OK,South,South,same_region,zone_2,6,6.0,0.0,False,19.22,baseline
order_0006246,AL,CA,South,West,cross_region,zone_3,9,,,False,8.18,baseline
order_0006247,NJ,NY,Northeast,Northeast,same_region,zone_2,7,7.0,0.0,False,32.04,baseline
order_0006248,FL,MI,South,Midwest,cross_region,zone_3,9,9.0,0.0,False,8.41,baseline
order_0006249,FL,CA,South,West,cross_region,zone_3,9,9.0,0.0,False,17.16,baseline
order_0006250,NY,OR,Northeast,West,cross_region,zone_3,9,13.0,4.0,True,17.45,baseline
order_0006251,NM,CA,West,West,same_region,zone_2,7,7.0,0.0,False,21.7,baseline
order_0006252,WA,FL,West,South,cross_region,zone_3,9,9.0,0.0,False,8.39,baseline
order_0006253,HI,NC,West,South,remote,zone_4,12,14.0,2.0,True,17.58,baseline
order_0006254,DE,FL,South,South,same_region,zone_2,8,8.0,0.0,False,11.68,baseline
order_0006255,NJ,FL,Northeast,South,cross_region,zone_3,9,,,False,16.49,baseline
order_0006256,WA,DE,West,South,cross_region,zone_3,9,8.0,0.0,False,8.06,baseline
order_0006257,PA,MI,Northeast,Midwest,cross_region,zone_3,9,13.0,4.0,True,18.66,baseline
order_0006258,HI,TX,West,South,remote,zone_4,11,10.0,0.0,False,55.15,baseline
order_0006259,CA,IL,West,Midwest,cross_region,zone_3,9,,,False,7.63,baseline
order_0006260,ME,CA,Northeast,West,cross_region,zone_3,10,10.0,0.0,False,17.44,baseline
order_0006261,NY,GA,Northeast,South,cross_region,zone_3,10,10.0,0.0,False,8.8,baseline
order_0006262,NY,HI,Northeast,West,remote,zone_4,12,12.0,0.0,False,60.21,baseline
order_0006263,CA,ID,West,West,same_region,zone_2,7,7.0,0.0,False,6.39,baseline
order_0006264,IA,MD,Midwest,South,cross_region,zone_3,9,9.0,0.0,False,8.18,baseline
order_0006265,AL,TX,South,South,same_region,zone_2,7,9.0,2.0,True,6.67,baseline
order_0006266,TX,CA,South,West,cross_region,zone_3,9,9.0,0.0,False,15.99,baseline
order_0006267,WV,TX,South,South,same_region,zone_2,7,9.0,2.0,True,6.72,baseline
order_0006268,ID,FL,West,South,cross_region,zone_3,8,8.0,0.0,False,19.45,baseline
order_0006269,VA,AL,South,South,same_region,zone_2,8,8.0,0.0,False,5.24,baseline
order_0006270,NY,PA,Northeast,Northeast,same_region,zone_2,6,,,False,5.61,baseline
order_0006271,WA,FL,West,South,cross_region,zone_3,9,8.0,0.0,False,15.52,baseline
order_0006272,IL,CA,Midwest,West,cross_region,zone_3,9,11.0,2.0,True,7.59,baseline
order_0006273,NJ,FL,Northeast,South,cross_region,zone_3,9,,,False,7.28,baseline
order_0006274,MI,TX,Midwest,South,cross_region,zone_3,9,8.0,0.0,False,19.77,baseline
order_0006275,HI,RI,West,Northeast,remote,zone_4,11,10.0,0.0,False,23.89,baseline
order_0006276,OH,WA,Midwest,West,cross_region,zone_3,9,8.0,0.0,False,18.35,baseline
order_0006277,ID,NM,West,West,same_region,zone_2,7,6.0,0.0,False,7.83,baseline
order_0006278,FL,CA,South,West,cross_region,zone_3,9,9.0,0.0,False,12.07,baseline
order_0006279,FL,NH,South,Northeast,cross_region,zone_3,9,9.0,0.0,False,24.85,baseline
order_0006280,NM,PA,West,Northeast,cross_region,zone_3,9,9.0,0.0,False,9.48,baseline
order_0006281,FL,AZ,South,West,cross_region,zone_3,9,8.0,0.0,False,26.87,baseline
order_0006282,CA,IL,West,Midwest,cross_region,zone_3,10,10.0,0.0,False,28.1,baseline
order_0006283,CT,KS,Northeast,Midwest,cross_region,zone_3,9,14.0,5.0,True,25.94,baseline
order_0006284,FL,KS,South,Midwest,cross_region,zone_3,9,8.0,0.0,False,45.06,baseline
order_0006285,WA,NY,West,Northeast,cross_region,zone_3,8,8.0,0.0,False,19.04,baseline
order_0006286,VA,FL,South,South,same_region,zone_2,7,6.0,0.0,False,11.32,baseline
order_0006287,ND,WV,Midwest,South,cross_region,zone_3,9,9.0,0.0,False,7.63,baseline
order_0006288,IL,PA,Midwest,Northeast,cross_region,zone_3,9,9.0,0.0,False,8.24,baseline
order_0006289,IL,NC,Midwest,South,cross_region,zone_3,8,8.0,0.0,False,16.04,baseline
order_0006290,PA,PA,Northeast,Northeast,same_state,zone_1,5,5.0,0.0,False,4.21,baseline
order_0006291,NJ,WA,Northeast,West,cross_region,zone_3,8,9.0,1.0,True,17.69,baseline
order_0006292,FL,OK,South,South,same_region,zone_2,7,7.0,0.0,False,5.62,baseline
order_0006293,NY,CA,Northeast,West,cross_region,zone_3,9,,,False,8.99,baseline
order_0006294,SD,WY,Midwest,West,cross_region,zone_3,9,9.0,0.0,False,8.45,baseline
order_0006295,NY,IN,Northeast,Midwest,cross_region,zone_3,9,9.0,0.0,False,8.28,baseline
order_0006296,FL,NY,South,Northeast,cross_region,zone_3,9,9.0,0.0,False,28.05,baseline
order_0006297,HI,AZ,West,West,same_region,zone_2,7,7.0,0.0,False,5.89,baseline
order_0006298,CA,IL,West,Midwest,cross_region,zone_3,9,9.0,0.0,False,9.57,baseline
order_0006299,KY,NV,South,West,cross_region,zone_3,10,10.0,0.0,False,28.24,baseline
order_0006300,TX,FL,South,South,same_region,zone_2,7,7.0,0.0,False,4.81,baseline
order_0006301,IL,CA,Midwest,West,cross_region,zone_3,9,11.0,2.0,True,8.55,baseline
order_0006302,HI,IL,West,Midwest,remote,zone_4,11,11.0,0.0,False,13.74,baseline
order_0006303,PA,CA,Northeast,West,cross_region,zone_3,9,9.0,0.0,False,15.71,baseline
order_0006304,WA,WV,West,South,cross_region,zone_3,8,7.0,0.0,False,8.05,baseline
order_0006305,TX,SD,South,Midwest,cross_region,zone_3,9,8.0,0.0,False,8.12,baseline
order_0006306,HI,CA,West,West,same_region,zone_2,6,6.0,0.0,False,5.28,baseline
order_0006307,FL,LA,South,South,same_region,zone_2,7,9.0,2.0,True,12.41,baseline
order_0006308,CA,FL,West,South,cross_region,zone_3,9,10.0,1.0,True,7.74,baseline
order_0006309,NY,MI,Northeast,Midwest,cross_region,zone_3,9,9.0,0.0,False,9.84,baseline
order_0006310,IL,FL,Midwest,South,cross_region,zone_3,9,8.0,0.0,False,28.26,baseline
order_0006311,CA,OK,West,South,cross_region,zone_3,9,13.0,4.0,True,7.89,baseline
order_0006312,LA,FL,South,South,same_region,zone_2,7,7.0,0.0,False,4.95,baseline
order_0006313,NJ,KY,Northeast,South,cross_region,zone_3,10,9.0,0.0,False,22.93,baseline
order_0006314,FL,GA,South,South,same_region,zone_2,7,7.0,0.0,False,11.71,baseline
order_0006315,OH,FL,Midwest,South,cross_region,zone_3,9,8.0,0.0,False,7.95,baseline
order_0006316,DE,NY,South,Northeast,cross_region,zone_3,10,10.0,0.0,False,10.48,baseline
order_0006317,NJ,FL,Northeast,South,cross_region,zone_3,9,9.0,0.0,False,7.77,baseline
order_0006318,WY,GA,West,South,cross_region,zone_3,9,8.0,0.0,False,17.44,baseline
order_0006319,NV,GA,West,South,cross_region,zone_3,8,13.0,5.0,True,15.46,baseline
order_0006320,TN,TX,South,South,same_region,zone_2,7,7.0,0.0,False,21.35,baseline
order_0006321,AK,CA,West,West,same_region,zone_2,7,6.0,0.0,False,17.64,baseline
order_0006322,VA,CA,South,West,cross_region,zone_3,9,9.0,0.0,False,8.35,baseline
order_0006323,TX,CA,South,West,cross_region,zone_3,9,12.0,3.0,True,7.91,baseline
order_0006324,NJ,WY,Northeast,West,cross_region,zone_3,9,9.0,0.0,False,19.04,baseline
order_0006325,TX,PA,South,Northeast,cross_region,zone_3,9,9.0,0.0,False,7.2,baseline
order_0006326,FL,NY,South,Northeast,cross_region,zone_3,9,,,False,15.94,baseline
order_0006327,FL,FL,South,South,same_state,zone_1,5,5.0,0.0,False,12.32,baseline
order_0006328,TN,VT,South,Northeast,cross_region,zone_3,9,9.0,0.0,False,7.6,baseline
order_0006329,IL,OH,Midwest,Midwest,same_region,zone_2,8,,,False,5.45,baseline
order_0006330,NJ,CA,Northeast,West,cross_region,zone_3,9,9.0,0.0,False,7.71,baseline
order_0006331,OR,CA,West,West,same_region,zone_2,7,12.0,5.0,True,7.09,baseline
order_0006332,NJ,FL,Northeast,South,cross_region,zone_3,10,10.0,0.0,False,17.12,baseline
order_0006333,CA,FL,West,South,cross_region,zone_3,9,14.0,5.0,True,7.38,baseline
order_0006334,HI,FL,West,South,remote,zone_4,11,11.0,0.0,False,52.53,baseline
order_0006335,VT,CO,Northeast,West,cross_region,zone_3,10,,,False,8.07,baseline
order_0006336,NY,PA,Northeast,Northeast,same_region,zone_2,6,6.0,0.0,False,11.55,baseline
order_0006337,WA,WV,West,South,cross_region,zone_3,9,9.0,0.0,False,9.99,baseline
order_0006338,LA,IA,South,Midwest,cross_region,zone_3,9,9.0,0.0,False,13.11,baseline
order_0006339,NY,PA,Northeast,Northeast,same_region,zone_2,7,11.0,4.0,True,16.5,baseline
order_0006340,SC,TX,South,South,same_region,zone_2,6,,,False,7.3,baseline
order_0006341,CA,FL,West,South,cross_region,zone_3,9,8.0,0.0,False,19.0,baseline
order_0006342,TX,CA,South,West,cross_region,zone_3,9,9.0,0.0,False,7.57,baseline
order_0006343,CT,WI,Northeast,Midwest,cross_region,zone_3,8,,,False,7.11,baseline
order_0006344,KY,PA,South,Northeast,cross_region,zone_3,10,10.0,0.0,False,16.54,baseline
order_0006345,LA,NY,South,Northeast,cross_region,zone_3,9,9.0,0.0,False,8.48,baseline
order_0006346,FL,LA,South,South,same_region,zone_2,7,10.0,3.0,True,6.03,baseline
order_0006347,ID,OH,West,Midwest,cross_region,zone_3,10,9.0,0.0,False,17.52,baseline
order_0006348,PA,ID,Northeast,West,cross_region,zone_3,9,8.0,0.0,False,7.38,baseline
order_0006349,CA,CA,West,West,same_state,zone_1,5,4.0,0.0,False,6.73,baseline
order_0006350,MT,NY,West,Northeast,cross_region,zone_3,9,9.0,0.0,False,7.73,baseline
order_0006351,NM,CA,West,West,same_region,zone_2,7,7.0,0.0,False,10.49,baseline
order_0006352,NV,TX,West,South,cross_region,zone_3,8,8.0,0.0,False,18.81,baseline
order_0006353,CA,CA,West,West,same_state,zone_1,5,,,False,8.23,baseline
order_0006354,NJ,TX,Northeast,South,cross_region,zone_3,9,9.0,0.0,False,7.5,baseline
order_0006355,AR,TX,South,South,same_region,zone_2,7,,,False,4.76,baseline
order_0006356,TX,TX,South,South,same_state,zone_1,6,6.0,0.0,False,16.12,baseline
order_0006357,OH,IN,Midwest,Midwest,same_region,zone_2,8,8.0,0.0,False,5.89,baseline
order_0006358,OH,CA,Midwest,West,cross_region,zone_3,9,9.0,0.0,False,16.79,baseline
order_0006359,MN,RI,Midwest,Northeast,cross_region,zone_3,9,10.0,1.0,True,12.57,baseline
order_0006360,IL,MN,Midwest,Midwest,same_region,zone_2,7,11.0,4.0,True,8.71,baseline
order_0006361,TX,OH,South,Midwest,cross_region,zone_3,9,8.0,0.0,False,10.3,baseline
order_0006362,NJ,FL,Northeast,South,cross_region,zone_3,9,9.0,0.0,False,8.45,baseline
order_0006363,FL,VA,South,South,same_region,zone_2,7,6.0,0.0,False,5.22,baseline
order_0006364,OR,KY,West,South,cross_region,zone_3,9,13.0,4.0,True,8.15,baseline
order_0006365,OH,NY,Midwest,Northeast,cross_region,zone_3,9,13.0,4.0,True,7.83,baseline
order_0006366,TX,TX,South,South,same_state,zone_1,6,5.0,0.0,False,9.01,baseline
order_0006367,WY,CA,West,West,same_region,zone_2,7,,,False,24.94,baseline
order_0006368,IL,IA,Midwest,Midwest,same_region,zone_2,6,6.0,0.0,False,21.46,baseline
order_0006369,NY,NJ,Northeast,Northeast,same_region,zone_2,7,,,False,7.74,baseline
order_0006370,TX,WA,South,West,cross_region,zone_3,10,,,False,8.25,baseline
order_0006371,RI,CO,Northeast,West,cross_region,zone_3,9,9.0,0.0,False,15.31,baseline
order_0006372,IL,CO,Midwest,West,cross_region,zone_3,9,8.0,0.0,False,8.58,baseline
order_0006373,WA,NC,West,South,cross_region,zone_3,9,9.0,0.0,False,9.3,baseline
order_0006374,NY,GA,Northeast,South,cross_region,zone_3,9,10.0,1.0,True,10.36,baseline
order_0006375,NV,MI,West,Midwest,cross_region,zone_3,9,9.0,0.0,False,31.41,baseline
order_0006376,MT,PA,West,Northeast,cross_region,zone_3,8,7.0,0.0,False,9.21,baseline
order_0006377,CA,FL,West,South,cross_region,zone_3,9,9.0,0.0,False,10.22,baseline
order_0006378,FL,CA,South,West,cross_region,zone_3,8,8.0,0.0,False,9.92,baseline
order_0006379,CA,WI,West,Midwest,cross_region,zone_3,9,9.0,0.0,False,18.46,baseline
order_0006380,WI,CA,Midwest,West,cross_region,zone_3,9,9.0,0.0,False,9.56,baseline
order_0006381,AR,NH,South,Northeast,cross_region,zone_3,9,9.0,0.0,False,22.13,baseline
order_0006382,WV,CO,South,West,cross_region,zone_3,10,,,False,26.78,baseline
order_0006383,TX,KS,South,Midwest,cross_region,zone_3,9,8.0,0.0,False,22.1,baseline
order_0006384,AR,NC,South,South,same_region,zone_2,7,6.0,0.0,False,5.52,baseline
order_0006385,AZ,MS,West,South,cross_region,zone_3,9,12.0,3.0,True,9.2,baseline
order_0006386,NJ,OR,Northeast,West,cross_region,zone_3,9,9.0,0.0,False,21.94,baseline
order_0006387,MA,NH,Northeast,Northeast,same_region,zone_2,8,10.0,2.0,True,12.87,baseline
order_0006388,NY,CA,Northeast,West,cross_region,zone_3,9,9.0,0.0,False,29.51,baseline
order_0006389,ME,CA,Northeast,West,cross_region,zone_3,9,8.0,0.0,False,9.81,baseline
order_0006390,PA,OH,Northeast,Midwest,cross_region,zone_3,9,9.0,0.0,False,43.83,baseline
order_0006391,NH,MI,Northeast,Midwest,cross_region,zone_3,8,8.0,0.0,False,8.28,baseline
order_0006392,LA,MI,South,Midwest,cross_region,zone_3,8,7.0,0.0,False,8.13,baseline
order_0006393,NV,NC,West,South,cross_region,zone_3,9,14.0,5.0,True,7.76,baseline
order_0006394,NY,ID,Northeast,West,cross_region,zone_3,8,8.0,0.0,False,15.89,baseline
order_0006395,WA,GA,West,South,cross_region,zone_3,9,12.0,3.0,True,16.68,baseline
order_0006396,TN,TX,South,South,same_region,zone_2,7,10.0,3.0,True,4.98,baseline
order_0006397,TX,TX,South,South,same_state,zone_1,5,5.0,0.0,False,9.91,baseline
order_0006398,PA,CA,Northeast,West,cross_region,zone_3,9,9.0,0.0,False,8.04,baseline
order_0006399,OR,TX,West,South,cross_region,zone_3,9,9.0,0.0,False,15.62,baseline
order_0006400,OH,TX,Midwest,South,cross_region,zone_3,9,9.0,0.0,False,12.77,baseline
order_0006401,HI,TX,West,South,remote,zone_4,11,15.0,4.0,True,35.03,baseline
order_0006402,CA,VT,West,Northeast,cross_region,zone_3,9,9.0,0.0,False,16.67,baseline
order_0006403,TN,NE,South,Midwest,cross_region,zone_3,9,9.0,0.0,False,8.83,baseline
order_0006404,HI,MI,West,Midwest,remote,zone_4,11,13.0,2.0,True,12.23,baseline
order_0006405,IL,SD,Midwest,Midwest,same_region,zone_2,7,,,False,7.77,baseline
order_0006406,FL,CA,South,West,cross_region,zone_3,9,8.0,0.0,False,8.38,baseline
order_0006407,NY,NC,Northeast,South,cross_region,zone_3,9,9.0,0.0,False,8.09,baseline
order_0006408,CA,PA,West,Northeast,cross_region,zone_3,9,9.0,0.0,False,18.23,baseline
order_0006409,AL,ME,South,Northeast,cross_region,zone_3,9,9.0,0.0,False,8.07,baseline
order_0006410,FL,MN,South,Midwest,cross_region,zone_3,9,10.0,1.0,True,7.96,baseline
order_0006411,KS,IL,Midwest,Midwest,same_region,zone_2,7,7.0,0.0,False,5.13,baseline
order_0006412,MA,PA,Northeast,Northeast,same_region,zone_2,7,7.0,0.0,False,8.19,baseline
order_0006413,PA,CA,Northeast,West,cross_region,zone_3,9,10.0,1.0,True,34.3,baseline
order_0006414,NY,FL,Northeast,South,cross_region,zone_3,9,9.0,0.0,False,17.4,baseline
order_0006415,TX,TN,South,South,same_region,zone_2,7,,,False,32.44,baseline
order_0006416,OK,ME,South,Northeast,cross_region,zone_3,9,9.0,0.0,False,19.61,baseline
order_0006417,TX,LA,South,South,same_region,zone_2,8,7.0,0.0,False,8.46,baseline
order_0006418,CT,GA,Northeast,South,cross_region,zone_3,10,10.0,0.0,False,10.13,baseline
order_0006419,OH,FL,Midwest,South,cross_region,zone_3,9,11.0,2.0,True,8.43,baseline
order_0006420,AL,DE,South,South,same_region,zone_2,7,10.0,3.0,True,8.71,baseline
order_0006421,GA,IL,South,Midwest,cross_region,zone_3,9,9.0,0.0,False,8.08,baseline
order_0006422,HI,OH,West,Midwest,remote,zone_4,11,13.0,2.0,True,12.61,baseline
order_0006423,HI,TX,West,South,remote,zone_4,11,14.0,3.0,True,13.16,baseline
order_0006424,CA,DE,West,South,cross_region,zone_3,9,,,False,15.53,baseline
order_0006425,CT,NY,Northeast,Northeast,same_region,zone_2,8,8.0,0.0,False,9.66,baseline
order_0006426,DC,CA,South,West,cross_region,zone_3,9,14.0,5.0,True,27.93,baseline
order_0006427,DE,NY,South,Northeast,cross_region,zone_3,10,10.0,0.0,False,11.25,baseline
order_0006428,TX,CA,South,West,cross_region,zone_3,9,9.0,0.0,False,19.14,baseline
order_0006429,WV,LA,South,South,same_region,zone_2,7,6.0,0.0,False,11.59,baseline
order_0006430,HI,GA,West,South,remote,zone_4,12,15.0,3.0,True,26.16,baseline
order_0006431,LA,MA,South,Northeast,cross_region,zone_3,8,8.0,0.0,False,7.55,baseline
order_0006432,HI,NC,West,South,remote,zone_4,12,12.0,0.0,False,15.48,baseline
order_0006433,NJ,IA,Northeast,Midwest,cross_region,zone_3,10,,,False,18.35,baseline
order_0006434,RI,KS,Northeast,Midwest,cross_region,zone_3,9,,,False,23.46,baseline
order_0006435,LA,FL,South,South,same_region,zone_2,7,6.0,0.0,False,25.47,baseline
order_0006436,HI,IL,West,Midwest,remote,zone_4,11,10.0,0.0,False,13.39,baseline
order_0006437,NY,PA,Northeast,Northeast,same_region,zone_2,7,7.0,0.0,False,21.02,baseline
order_0006438,HI,GA,West,South,remote,zone_4,11,15.0,4.0,True,13.49,baseline
order_0006439,CA,NY,West,Northeast,cross_region,zone_3,9,9.0,0.0,False,19.9,baseline
order_0006440,DE,OH,South,Midwest,cross_region,zone_3,10,10.0,0.0,False,10.56,baseline
order_0006441,KY,CA,South,West,cross_region,zone_3,9,9.0,0.0,False,9.02,baseline
order_0006442,HI,WY,West,West,same_region,zone_2,7,7.0,0.0,False,5.86,baseline
order_0006443,NJ,TX,Northeast,South,cross_region,zone_3,9,9.0,0.0,False,16.78,baseline
order_0006444,LA,ID,South,West,cross_region,zone_3,8,7.0,0.0,False,9.19,baseline
order_0006445,SC,VA,South,South,same_region,zone_2,8,11.0,3.0,True,10.65,baseline
order_0006446,NJ,ME,Northeast,Northeast,same_region,zone_2,7,7.0,0.0,False,11.39,baseline
order_0006447,DE,IN,South,Midwest,cross_region,zone_3,9,10.0,1.0,True,20.01,baseline
order_0006448,IL,NJ,Midwest,Northeast,cross_region,zone_3,9,,,False,20.69,baseline
order_0006449,NV,VT,West,Northeast,cross_region,zone_3,9,,,False,8.81,baseline
order_0006450,TN,TX,South,South,same_region,zone_2,7,7.0,0.0,False,6.27,baseline
order_0006451,FL,TX,South,South,same_region,zone_2,7,7.0,0.0,False,17.93,baseline
order_0006452,NJ,TX,Northeast,South,cross_region,zone_3,9,13.0,4.0,True,40.57,baseline
order_0006453,NH,IL,Northeast,Midwest,cross_region,zone_3,10,,,False,27.84,baseline
order_0006454,PA,NM,Northeast,West,cross_region,zone_3,9,,,False,16.57,baseline
order_0006455,WV,CA,South,West,cross_region,zone_3,9,9.0,0.0,False,15.42,baseline
order_0006456,NY,LA,Northeast,South,cross_region,zone_3,8,8.0,0.0,False,7.73,baseline
order_0006457,LA,UT,South,West,cross_region,zone_3,8,13.0,5.0,True,8.09,baseline
order_0006458,WA,NC,West,South,cross_region,zone_3,9,12.0,3.0,True,8.21,baseline
order_0006459,NY,TX,Northeast,South,cross_region,zone_3,9,,,False,34.62,baseline
order_0006460,TN,NE,South,Midwest,cross_region,zone_3,9,9.0,0.0,False,7.94,baseline
order_0006461,IL,HI,Midwest,West,remote,zone_4,12,12.0,0.0,False,13.33,baseline
order_0006462,NJ,PA,Northeast,Northeast,same_region,zone_2,7,12.0,5.0,True,11.14,baseline
order_0006463,FL,CO,South,West,cross_region,zone_3,9,9.0,0.0,False,12.18,baseline
order_0006464,TX,CA,South,West,cross_region,zone_3,10,10.0,0.0,False,8.78,baseline
order_0006465,HI,NC,West,South,remote,zone_4,11,10.0,0.0,False,11.77,baseline
order_0006466,AR,NV,South,West,cross_region,zone_3,9,9.0,0.0,False,25.38,baseline
order_0006467,PA,FL,Northeast,South,cross_region,zone_3,9,8.0,0.0,False,15.26,baseline
order_0006468,OK,VA,South,South,same_region,zone_2,7,11.0,4.0,True,19.31,baseline
order_0006469,NE,TX,Midwest,South,cross_region,zone_3,8,8.0,0.0,False,8.19,baseline
order_0006470,HI,NJ,West,Northeast,remote,zone_4,12,12.0,0.0,False,13.4,baseline
order_0006471,TN,AL,South,South,same_region,zone_2,6,6.0,0.0,False,7.46,baseline
order_0006472,AR,PA,South,Northeast,cross_region,zone_3,9,9.0,0.0,False,31.16,baseline
order_0006473,IL,IL,Midwest,Midwest,same_state,zone_1,6,5.0,0.0,False,5.02,baseline
order_0006474,TX,GA,South,South,same_region,zone_2,8,7.0,0.0,False,6.41,baseline
order_0006475,PA,TX,Northeast,South,cross_region,zone_3,9,9.0,0.0,False,9.92,baseline
order_0006476,OR,CA,West,West,same_region,zone_2,7,12.0,5.0,True,5.86,baseline
order_0006477,FL,TX,South,South,same_region,zone_2,6,6.0,0.0,False,5.06,baseline
order_0006478,TX,KS,South,Midwest,cross_region,zone_3,10,10.0,0.0,False,15.66,baseline
order_0006479,TX,IL,South,Midwest,cross_region,zone_3,9,9.0,0.0,False,7.5,baseline
order_0006480,VA,OH,South,Midwest,cross_region,zone_3,10,14.0,4.0,True,7.94,baseline
order_0006481,GA,IL,South,Midwest,cross_region,zone_3,9,9.0,0.0,False,26.27,baseline
order_0006482,CA,DC,West,South,cross_region,zone_3,9,9.0,0.0,False,17.27,baseline
order_0006483,IL,TX,Midwest,South,cross_region,zone_3,9,14.0,5.0,True,9.1,baseline
order_0006484,CA,ID,West,West,same_region,zone_2,7,7.0,0.0,False,13.39,baseline
order_0006485,WA,NM,West,West,same_region,zone_2,7,,,False,5.55,baseline
order_0006486,CA,NM,West,West,same_region,zone_2,7,6.0,0.0,False,9.82,baseline
order_0006487,TN,CO,South,West,cross_region,zone_3,8,7.0,0.0,False,8.04,baseline
order_0006488,FL,TX,South,South,same_region,zone_2,7,,,False,12.39,baseline
order_0006489,OR,FL,West,South,cross_region,zone_3,9,9.0,0.0,False,9.64,baseline
order_0006490,OK,SD,South,Midwest,cross_region,zone_3,9,11.0,2.0,True,7.55,baseline
order_0006491,OK,CA,South,West,cross_region,zone_3,9,9.0,0.0,False,17.11,baseline
order_0006492,PA,OH,Northeast,Midwest,cross_region,zone_3,9,,,False,35.88,baseline
order_0006493,HI,OH,West,Midwest,remote,zone_4,11,11.0,0.0,False,14.17,baseline
order_0006494,IA,ME,Midwest,Northeast,cross_region,zone_3,9,9.0,0.0,False,8.12,baseline
order_0006495,FL,RI,South,Northeast,cross_region,zone_3,9,9.0,0.0,False,8.2,baseline
order_0006496,IL,HI,Midwest,West,remote,zone_4,12,11.0,0.0,False,29.91,baseline
order_0006497,NY,MA,Northeast,Northeast,same_region,zone_2,6,6.0,0.0,False,5.7,baseline
order_0006498,PA,NE,Northeast,Midwest,cross_region,zone_3,9,9.0,0.0,False,9.92,baseline
order_0006499,WA,ME,West,Northeast,cross_region,zone_3,9,12.0,3.0,True,9.38,baseline
order_0006500,TX,FL,South,South,same_region,zone_2,7,7.0,0.0,False,11.86,baseline
order_0006501,PA,CA,Northeast,West,cross_region,zone_3,9,9.0,0.0,False,8.96,baseline
order_0006502,IL,IL,Midwest,Midwest,same_state,zone_1,5,5.0,0.0,False,9.21,baseline
order_0006503,NY,MA,Northeast,Northeast,same_region,zone_2,6,6.0,0.0,False,11.71,baseline
order_0006504,TX,CT,South,Northeast,cross_region,zone_3,9,9.0,0.0,False,8.86,baseline
order_0006505,AR,FL,South,South,same_region,zone_2,7,7.0,0.0,False,13.62,baseline
order_0006506,NJ,IL,Northeast,Midwest,cross_region,zone_3,10,,,False,9.07,baseline
order_0006507,FL,GA,South,South,same_region,zone_2,6,5.0,0.0,False,9.92,baseline
order_0006508,NY,OH,Northeast,Midwest,cross_region,zone_3,9,10.0,1.0,True,7.7,baseline
order_0006509,NM,MS,West,South,cross_region,zone_3,9,13.0,4.0,True,7.41,baseline
order_0006510,NJ,CA,Northeast,West,cross_region,zone_3,9,9.0,0.0,False,8.65,baseline
order_0006511,OH,SC,Midwest,South,cross_region,zone_3,10,10.0,0.0,False,7.97,baseline
order_0006512,NJ,NH,Northeast,Northeast,same_region,zone_2,7,6.0,0.0,False,7.99,baseline
order_0006513,FL,FL,South,South,same_state,zone_1,4,,,False,4.61,baseline
order_0006514,FL,LA,South,South,same_region,zone_2,7,6.0,0.0,False,11.5,baseline
order_0006515,GA,WA,South,West,cross_region,zone_3,9,9.0,0.0,False,19.97,baseline
order_0006516,WV,WA,South,West,cross_region,zone_3,9,10.0,1.0,True,16.28,baseline
order_0006517,RI,UT,Northeast,West,cross_region,zone_3,9,,,False,7.75,baseline
order_0006518,HI,FL,West,South,remote,zone_4,11,11.0,0.0,False,12.77,baseline
order_0006519,NJ,MI,Northeast,Midwest,cross_region,zone_3,9,9.0,0.0,False,7.99,baseline
order_0006520,NJ,IN,Northeast,Midwest,cross_region,zone_3,9,9.0,0.0,False,9.04,baseline
order_0006521,GA,MI,South,Midwest,cross_region,zone_3,9,8.0,0.0,False,13.55,baseline
order_0006522,WV,MA,South,Northeast,cross_region,zone_3,9,9.0,0.0,False,8.3,baseline
order_0006523,AL,WV,South,South,same_region,zone_2,7,7.0,0.0,False,9.49,baseline
order_0006524,MS,NY,South,Northeast,cross_region,zone_3,9,9.0,0.0,False,37.84,baseline
order_0006525,LA,TX,South,South,same_region,zone_2,7,7.0,0.0,False,12.66,baseline
order_0006526,AZ,CA,West,West,same_region,zone_2,7,7.0,0.0,False,5.11,baseline
order_0006527,FL,FL,South,South,same_state,zone_1,5,5.0,0.0,False,7.65,baseline
order_0006528,IL,IL,Midwest,Midwest,same_state,zone_1,5,5.0,0.0,False,3.71,baseline
order_0006529,MN,FL,Midwest,South,cross_region,zone_3,9,9.0,0.0,False,10.5,baseline
order_0006530,TX,GA,South,South,same_region,zone_2,7,10.0,3.0,True,6.71,baseline
order_0006531,FL,VT,South,Northeast,cross_region,zone_3,10,9.0,0.0,False,50.99,baseline
order_0006532,NJ,KY,Northeast,South,cross_region,zone_3,9,9.0,0.0,False,16.04,baseline
order_0006533,IL,PA,Midwest,Northeast,cross_region,zone_3,10,13.0,3.0,True,37.61,baseline
order_0006534,TX,OK,South,South,same_region,zone_2,7,6.0,0.0,False,11.1,baseline
order_0006535,NY,NY,Northeast,Northeast,same_state,zone_1,5,5.0,0.0,False,4.15,baseline
order_0006536,KY,CO,South,West,cross_region,zone_3,9,13.0,4.0,True,32.91,baseline
order_0006537,IL,NY,Midwest,Northeast,cross_region,zone_3,8,9.0,1.0,True,16.5,baseline
order_0006538,CA,ND,West,Midwest,cross_region,zone_3,9,11.0,2.0,True,8.06,baseline
order_0006539,MI,TX,Midwest,South,cross_region,zone_3,8,8.0,0.0,False,8.35,baseline
order_0006540,IL,OR,Midwest,West,cross_region,zone_3,8,8.0,0.0,False,8.7,baseline
order_0006541,TX,NC,South,South,same_region,zone_2,7,6.0,0.0,False,11.26,baseline
order_0006542,WV,NY,South,Northeast,cross_region,zone_3,9,8.0,0.0,False,7.73,baseline
order_0006543,NJ,ID,Northeast,West,cross_region,zone_3,9,9.0,0.0,False,18.99,baseline
order_0006544,CT,PA,Northeast,Northeast,same_region,zone_2,7,7.0,0.0,False,5.55,baseline
order_0006545,TX,NY,South,Northeast,cross_region,zone_3,9,9.0,0.0,False,18.47,baseline
order_0006546,NJ,PA,Northeast,Northeast,same_region,zone_2,7,6.0,0.0,False,22.75,baseline
order_0006547,FL,GA,South,South,same_region,zone_2,7,7.0,0.0,False,5.39,baseline
order_0006548,TN,NY,South,Northeast,cross_region,zone_3,8,12.0,4.0,True,7.4,baseline
order_0006549,NJ,CA,Northeast,West,cross_region,zone_3,9,9.0,0.0,False,46.87,baseline
order_0006550,CA,GA,West,South,cross_region,zone_3,10,10.0,0.0,False,26.86,baseline
order_0006551,GA,ND,South,Midwest,cross_region,zone_3,10,,,False,19.25,baseline
order_0006552,SD,WV,Midwest,South,cross_region,zone_3,9,9.0,0.0,False,10.73,baseline
order_0006553,WI,WA,Midwest,West,cross_region,zone_3,9,9.0,0.0,False,8.1,baseline
order_0006554,MD,ND,South,Midwest,cross_region,zone_3,9,9.0,0.0,False,8.6,baseline
order_0006555,CT,CA,Northeast,West,cross_region,zone_3,9,14.0,5.0,True,33.25,baseline
order_0006556,TX,WA,South,West,cross_region,zone_3,9,9.0,0.0,False,22.97,baseline
order_0006557,HI,TX,West,South,remote,zone_4,11,11.0,0.0,False,12.22,baseline
order_0006558,OH,IN,Midwest,Midwest,same_region,zone_2,7,7.0,0.0,False,13.42,baseline
order_0006559,TX,TX,South,South,same_state,zone_1,5,5.0,0.0,False,9.08,baseline
order_0006560,OH,IL,Midwest,Midwest,same_region,zone_2,7,7.0,0.0,False,24.74,baseline
order_0006561,TX,RI,South,Northeast,cross_region,zone_3,9,9.0,0.0,False,21.49,baseline
order_0006562,CA,FL,West,South,cross_region,zone_3,10,10.0,0.0,False,11.85,baseline
order_0006563,TX,NY,South,Northeast,cross_region,zone_3,9,9.0,0.0,False,17.79,baseline
order_0006564,PA,WA,Northeast,West,cross_region,zone_3,9,9.0,0.0,False,8.51,baseline
order_0006565,FL,MS,South,South,same_region,zone_2,7,6.0,0.0,False,6.43,baseline
order_0006566,HI,NE,West,Midwest,remote,zone_4,11,11.0,0.0,False,14.39,baseline
order_0006567,FL,TX,South,South,same_region,zone_2,7,7.0,0.0,False,7.25,baseline
order_0006568,NM,FL,West,South,cross_region,zone_3,9,14.0,5.0,True,8.1,baseline
order_0006569,NY,IL,Northeast,Midwest,cross_region,zone_3,9,12.0,3.0,True,20.11,baseline
order_0006570,HI,PA,West,Northeast,remote,zone_4,12,11.0,0.0,False,26.4,baseline
order_0006571,TX,CA,South,West,cross_region,zone_3,9,9.0,0.0,False,17.74,baseline
order_0006572,NV,NY,West,Northeast,cross_region,zone_3,9,8.0,0.0,False,7.74,baseline
order_0006573,HI,NY,West,Northeast,remote,zone_4,11,16.0,5.0,True,13.56,baseline
order_0006574,CA,MO,West,Midwest,cross_region,zone_3,9,9.0,0.0,False,8.28,baseline
order_0006575,PA,TN,Northeast,South,cross_region,zone_3,9,9.0,0.0,False,16.18,baseline
order_0006576,OR,CA,West,West,same_region,zone_2,8,,,False,8.11,baseline
order_0006577,CA,NC,West,South,cross_region,zone_3,9,8.0,0.0,False,7.65,baseline
order_0006578,FL,WI,South,Midwest,cross_region,zone_3,10,10.0,0.0,False,9.45,baseline
order_0006579,OH,CA,Midwest,West,cross_region,zone_3,8,9.0,1.0,True,9.68,baseline
order_0006580,KS,OR,Midwest,West,cross_region,zone_3,9,9.0,0.0,False,8.23,baseline
order_0006581,CA,PA,West,Northeast,cross_region,zone_3,9,9.0,0.0,False,46.98,baseline
order_0006582,TX,IN,South,Midwest,cross_region,zone_3,9,13.0,4.0,True,26.16,baseline
order_0006583,GA,PA,South,Northeast,cross_region,zone_3,9,11.0,2.0,True,8.36,baseline
order_0006584,ND,PA,Midwest,Northeast,cross_region,zone_3,9,9.0,0.0,False,15.99,baseline
order_0006585,MT,AR,West,South,cross_region,zone_3,9,13.0,4.0,True,16.27,baseline
order_0006586,NY,PA,Northeast,Northeast,same_region,zone_2,7,7.0,0.0,False,17.29,baseline
order_0006587,CA,PA,West,Northeast,cross_region,zone_3,10,9.0,0.0,False,8.1,baseline
order_0006588,FL,WY,South,West,cross_region,zone_3,9,9.0,0.0,False,20.22,baseline
order_0006589,MT,WY,West,West,same_region,zone_2,6,,,False,17.58,baseline
order_0006590,RI,MO,Northeast,Midwest,cross_region,zone_3,10,,,False,10.15,baseline
order_0006591,LA,CO,South,West,cross_region,zone_3,9,9.0,0.0,False,23.71,baseline
order_0006592,IN,CA,Midwest,West,cross_region,zone_3,9,13.0,4.0,True,7.36,baseline
order_0006593,IL,CA,Midwest,West,cross_region,zone_3,9,9.0,0.0,False,8.24,baseline
order_0006594,TX,IL,South,Midwest,cross_region,zone_3,9,9.0,0.0,False,27.4,baseline
order_0006595,AR,CA,South,West,cross_region,zone_3,9,9.0,0.0,False,9.2,baseline
order_0006596,CO,NC,West,South,cross_region,zone_3,9,9.0,0.0,False,16.61,baseline
order_0006597,NH,NC,Northeast,South,cross_region,zone_3,9,9.0,0.0,False,8.14,baseline
order_0006598,FL,PA,South,Northeast,cross_region,zone_3,9,,,False,11.14,baseline
order_0006599,OR,NC,West,South,cross_region,zone_3,9,10.0,1.0,True,8.74,baseline
order_0006600,GA,TX,South,South,same_region,zone_2,7,7.0,0.0,False,5.12,baseline
order_0006601,AL,CA,South,West,cross_region,zone_3,9,10.0,1.0,True,8.09,baseline
order_0006602,TX,TX,South,South,same_state,zone_1,5,5.0,0.0,False,12.42,baseline
order_0006603,CT,AZ,Northeast,West,cross_region,zone_3,9,8.0,0.0,False,17.06,baseline
order_0006604,NM,RI,West,Northeast,cross_region,zone_3,9,9.0,0.0,False,28.19,baseline
order_0006605,NY,TX,Northeast,South,cross_region,zone_3,8,8.0,0.0,False,8.61,baseline
order_0006606,AL,MI,South,Midwest,cross_region,zone_3,9,13.0,4.0,True,8.72,baseline
order_0006607,CA,DE,West,South,cross_region,zone_3,9,9.0,0.0,False,8.23,baseline
order_0006608,NM,CA,West,West,same_region,zone_2,7,7.0,0.0,False,11.36,baseline
order_0006609,WV,MN,South,Midwest,cross_region,zone_3,9,9.0,0.0,False,10.0,baseline
order_0006610,NJ,MS,Northeast,South,cross_region,zone_3,8,12.0,4.0,True,8.92,baseline
order_0006611,HI,KS,West,Midwest,remote,zone_4,11,11.0,0.0,False,12.06,baseline
order_0006612,TX,TX,South,South,same_state,zone_1,5,5.0,0.0,False,4.47,baseline
order_0006613,MN,TX,Midwest,South,cross_region,zone_3,9,8.0,0.0,False,8.16,baseline
order_0006614,VA,GA,South,South,same_region,zone_2,7,,,False,7.39,baseline
order_0006615,CA,MO,West,Midwest,cross_region,zone_3,9,11.0,2.0,True,9.43,baseline
order_0006616,CA,RI,West,Northeast,cross_region,zone_3,9,10.0,1.0,True,16.17,baseline
order_0006617,NY,VT,Northeast,Northeast,same_region,zone_2,7,7.0,0.0,False,10.59,baseline
order_0006618,TX,FL,South,South,same_region,zone_2,7,7.0,0.0,False,7.31,baseline
order_0006619,GA,NC,South,South,same_region,zone_2,7,7.0,0.0,False,18.94,baseline
order_0006620,NY,TX,Northeast,South,cross_region,zone_3,8,7.0,0.0,False,10.1,baseline
order_0006621,WA,IN,West,Midwest,cross_region,zone_3,8,8.0,0.0,False,34.87,baseline
order_0006622,NE,IA,Midwest,Midwest,same_region,zone_2,6,6.0,0.0,False,5.77,baseline
order_0006623,TX,CA,South,West,cross_region,zone_3,9,9.0,0.0,False,13.15,baseline
order_0006624,TX,GA,South,South,same_region,zone_2,7,7.0,0.0,False,11.93,baseline
order_0006625,IL,CA,Midwest,West,cross_region,zone_3,8,8.0,0.0,False,8.54,baseline
order_0006626,PA,PA,Northeast,Northeast,same_state,zone_1,6,6.0,0.0,False,8.6,baseline
order_0006627,CA,CA,West,West,same_state,zone_1,5,4.0,0.0,False,4.3,baseline
order_0006628,NY,MA,Northeast,Northeast,same_region,zone_2,7,7.0,0.0,False,10.99,baseline
order_0006629,TX,NY,South,Northeast,cross_region,zone_3,9,9.0,0.0,False,9.63,baseline
order_0006630,NY,CA,Northeast,West,cross_region,zone_3,8,8.0,0.0,False,9.74,baseline
order_0006631,WV,VT,South,Northeast,cross_region,zone_3,10,9.0,0.0,False,8.86,baseline
order_0006632,ME,AK,Northeast,West,remote,zone_4,13,,,False,48.08,baseline
order_0006633,CA,GA,West,South,cross_region,zone_3,10,10.0,0.0,False,28.81,baseline
order_0006634,GA,FL,South,South,same_region,zone_2,8,8.0,0.0,False,14.37,baseline
order_0006635,VA,WV,South,South,same_region,zone_2,8,12.0,4.0,True,5.97,baseline
order_0006636,UT,CA,West,West,same_region,zone_2,8,11.0,3.0,True,5.91,baseline
order_0006637,FL,UT,South,West,cross_region,zone_3,8,7.0,0.0,False,8.31,baseline
order_0006638,MI,CO,Midwest,West,cross_region,zone_3,9,12.0,3.0,True,24.94,baseline
order_0006639,NY,AL,Northeast,South,cross_region,zone_3,9,10.0,1.0,True,11.94,baseline
order_0006640,TX,TX,South,South,same_state,zone_1,5,10.0,5.0,True,9.05,baseline
order_0006641,WA,NC,West,South,cross_region,zone_3,9,8.0,0.0,False,9.53,baseline
order_0006642,NJ,IL,Northeast,Midwest,cross_region,zone_3,9,10.0,1.0,True,7.65,baseline
order_0006643,ME,CA,Northeast,West,cross_region,zone_3,9,8.0,0.0,False,17.22,baseline
order_0006644,KS,IL,Midwest,Midwest,same_region,zone_2,8,8.0,0.0,False,6.08,baseline
order_0006645,OR,IL,West,Midwest,cross_region,zone_3,9,9.0,0.0,False,7.72,baseline
order_0006646,CA,ID,West,West,same_region,zone_2,8,8.0,0.0,False,28.21,baseline
order_0006647,OH,OR,Midwest,West,cross_region,zone_3,9,9.0,0.0,False,8.55,baseline
order_0006648,PA,TX,Northeast,South,cross_region,zone_3,9,9.0,0.0,False,8.2,baseline
order_0006649,OH,NC,Midwest,South,cross_region,zone_3,9,9.0,0.0,False,18.29,baseline
order_0006650,ID,CA,West,West,same_region,zone_2,6,10.0,4.0,True,12.12,baseline
order_0006651,KY,FL,South,South,same_region,zone_2,7,6.0,0.0,False,27.42,baseline
order_0006652,FL,FL,South,South,same_state,zone_1,5,5.0,0.0,False,8.23,baseline
order_0006653,CA,UT,West,West,same_region,zone_2,7,12.0,5.0,True,11.16,baseline
order_0006654,NH,LA,Northeast,South,cross_region,zone_3,10,,,False,8.07,baseline
order_0006655,NY,NY,Northeast,Northeast,same_state,zone_1,5,4.0,0.0,False,8.51,baseline
order_0006656,OH,FL,Midwest,South,cross_region,zone_3,9,9.0,0.0,False,18.04,baseline
order_0006657,OR,FL,West,South,cross_region,zone_3,10,10.0,0.0,False,9.4,baseline
order_0006658,NY,NY,Northeast,Northeast,same_state,zone_1,5,5.0,0.0,False,7.12,baseline
order_0006659,WV,WA,South,West,cross_region,zone_3,9,9.0,0.0,False,10.34,baseline
order_0006660,NV,TX,West,South,cross_region,zone_3,8,8.0,0.0,False,7.44,baseline
order_0006661,NY,ME,Northeast,Northeast,same_region,zone_2,6,,,False,5.18,baseline
order_0006662,NJ,ME,Northeast,Northeast,same_region,zone_2,8,7.0,0.0,False,5.51,baseline
order_0006663,FL,ND,South,Midwest,cross_region,zone_3,10,,,False,8.97,baseline
order_0006664,LA,OR,South,West,cross_region,zone_3,9,9.0,0.0,False,17.18,baseline
order_0006665,NY,NY,Northeast,Northeast,same_state,zone_1,5,4.0,0.0,False,4.54,baseline
order_0006666,FL,NJ,South,Northeast,cross_region,zone_3,9,8.0,0.0,False,8.59,baseline
order_0006667,MN,IL,Midwest,Midwest,same_region,zone_2,6,9.0,3.0,True,5.4,baseline
order_0006668,TN,NC,South,South,same_region,zone_2,7,7.0,0.0,False,5.34,baseline
order_0006669,AZ,MS,West,South,cross_region,zone_3,9,9.0,0.0,False,19.51,baseline
order_0006670,CA,MI,West,Midwest,cross_region,zone_3,9,8.0,0.0,False,8.5,baseline
order_0006671,AR,NY,South,Northeast,cross_region,zone_3,9,9.0,0.0,False,13.4,baseline
order_0006672,HI,OH,West,Midwest,remote,zone_4,12,12.0,0.0,False,42.29,baseline
order_0006673,HI,NC,West,South,remote,zone_4,11,10.0,0.0,False,41.2,baseline
order_0006674,HI,MA,West,Northeast,remote,zone_4,13,13.0,0.0,False,13.45,baseline
order_0006675,FL,CA,South,West,cross_region,zone_3,9,9.0,0.0,False,15.67,baseline
order_0006676,CA,AL,West,South,cross_region,zone_3,9,9.0,0.0,False,8.09,baseline
order_0006677,IL,GA,Midwest,South,cross_region,zone_3,9,,,False,8.64,baseline
order_0006678,CA,NY,West,Northeast,cross_region,zone_3,9,9.0,0.0,False,19.3,baseline
order_0006679,CA,TX,West,South,cross_region,zone_3,9,9.0,0.0,False,9.48,baseline
order_0006680,NJ,TX,Northeast,South,cross_region,zone_3,9,11.0,2.0,True,8.78,baseline
order_0006681,HI,SC,West,South,remote,zone_4,11,11.0,0.0,False,18.45,baseline
order_0006682,WA,OK,West,South,cross_region,zone_3,9,9.0,0.0,False,9.0,baseline
order_0006683,HI,CA,West,West,same_region,zone_2,6,,,False,5.24,baseline
order_0006684,NV,CA,West,West,same_region,zone_2,6,8.0,2.0,True,36.26,baseline
order_0006685,TN,LA,South,South,same_region,zone_2,7,7.0,0.0,False,10.71,baseline
order_0006686,FL,WA,South,West,cross_region,zone_3,10,10.0,0.0,False,8.33,baseline
order_0006687,HI,FL,West,South,remote,zone_4,11,,,False,12.42,baseline
order_0006688,CA,IL,West,Midwest,cross_region,zone_3,9,,,False,8.2,baseline
order_0006689,CA,OH,West,Midwest,cross_region,zone_3,9,9.0,0.0,False,9.4,baseline
order_0006690,CA,TX,West,South,cross_region,zone_3,9,12.0,3.0,True,18.56,baseline
order_0006691,CT,SD,Northeast,Midwest,cross_region,zone_3,10,10.0,0.0,False,29.58,baseline
order_0006692,GA,NC,South,South,same_region,zone_2,7,7.0,0.0,False,5.47,baseline
order_0006693,SC,MI,South,Midwest,cross_region,zone_3,8,8.0,0.0,False,8.18,baseline
order_0006694,IA,CA,Midwest,West,cross_region,zone_3,9,9.0,0.0,False,8.31,baseline
order_0006695,CA,MS,West,South,cross_region,zone_3,9,9.0,0.0,False,8.57,baseline
order_0006696,KY,NE,South,Midwest,cross_region,zone_3,9,8.0,0.0,False,24.81,baseline
order_0006697,CA,TX,West,South,cross_region,zone_3,9,9.0,0.0,False,9.26,baseline
order_0006698,ID,TX,West,South,cross_region,zone_3,8,8.0,0.0,False,12.16,baseline
order_0006699,OH,MO,Midwest,Midwest,same_region,zone_2,7,,,False,5.82,baseline
order_0006700,NY,NJ,Northeast,Northeast,same_region,zone_2,7,6.0,0.0,False,6.0,baseline
order_0006701,HI,LA,West,South,remote,zone_4,11,11.0,0.0,False,13.2,baseline
order_0006702,IL,AK,Midwest,West,remote,zone_4,12,16.0,4.0,True,51.02,baseline
order_0006703,IN,KY,Midwest,South,cross_region,zone_3,8,8.0,0.0,False,25.62,baseline
order_0006704,CA,NY,West,Northeast,cross_region,zone_3,9,9.0,0.0,False,16.82,baseline
order_0006705,NJ,HI,Northeast,West,remote,zone_4,12,12.0,0.0,False,26.4,baseline
order_0006706,GA,ME,South,Northeast,cross_region,zone_3,9,9.0,0.0,False,7.67,baseline
order_0006707,TN,NE,South,Midwest,cross_region,zone_3,9,,,False,8.02,baseline
order_0006708,OH,ID,Midwest,West,cross_region,zone_3,9,11.0,2.0,True,16.48,baseline
order_0006709,LA,CA,South,West,cross_region,zone_3,9,9.0,0.0,False,25.22,baseline
order_0006710,TX,TN,South,South,same_region,zone_2,7,,,False,18.07,baseline
order_0006711,OH,WV,Midwest,South,cross_region,zone_3,8,8.0,0.0,False,8.12,baseline
order_0006712,AZ,NE,West,Midwest,cross_region,zone_3,10,10.0,0.0,False,19.34,baseline
order_0006713,TX,TX,South,South,same_state,zone_1,4,4.0,0.0,False,6.04,baseline
order_0006714,UT,ME,West,Northeast,cross_region,zone_3,9,9.0,0.0,False,11.31,baseline
order_0006715,VA,RI,South,Northeast,cross_region,zone_3,9,13.0,4.0,True,7.96,baseline
order_0006716,MS,PA,South,Northeast,cross_region,zone_3,9,9.0,0.0,False,9.95,baseline
order_0006717,NJ,CA,Northeast,West,cross_region,zone_3,9,14.0,5.0,True,27.96,baseline
order_0006718,CA,AK,West,West,same_region,zone_2,7,7.0,0.0,False,11.66,baseline
order_0006719,NE,OH,Midwest,Midwest,same_region,zone_2,8,8.0,0.0,False,7.32,baseline
order_0006720,IL,NJ,Midwest,Northeast,cross_region,zone_3,9,8.0,0.0,False,7.88,baseline
order_0006721,NY,OH,Northeast,Midwest,cross_region,zone_3,8,8.0,0.0,False,23.97,baseline
order_0006722,IL,KY,Midwest,South,cross_region,zone_3,9,9.0,0.0,False,16.81,baseline
order_0006723,NV,NY,West,Northeast,cross_region,zone_3,9,9.0,0.0,False,8.85,baseline
order_0006724,NM,ID,West,West,same_region,zone_2,7,7.0,0.0,False,13.87,baseline
order_0006725,FL,NY,South,Northeast,cross_region,zone_3,8,7.0,0.0,False,7.87,baseline
order_0006726,OH,HI,Midwest,West,remote,zone_4,12,12.0,0.0,False,12.1,baseline
order_0006727,SC,GA,South,South,same_region,zone_2,6,6.0,0.0,False,13.65,baseline
order_0006728,FL,NY,South,Northeast,cross_region,zone_3,8,8.0,0.0,False,8.58,baseline
order_0006729,TX,CA,South,West,cross_region,zone_3,9,8.0,0.0,False,44.62,baseline
order_0006730,FL,PA,South,Northeast,cross_region,zone_3,9,9.0,0.0,False,8.54,baseline
order_0006731,AZ,VA,West,South,cross_region,zone_3,9,9.0,0.0,False,39.05,baseline
order_0006732,MN,OR,Midwest,West,cross_region,zone_3,8,8.0,0.0,False,8.1,baseline
order_0006733,ND,DE,Midwest,South,cross_region,zone_3,10,10.0,0.0,False,14.09,baseline
order_0006734,CA,IL,West,Midwest,cross_region,zone_3,8,9.0,1.0,True,28.55,baseline
order_0006735,ID,AK,West,West,same_region,zone_2,7,7.0,0.0,False,33.71,baseline
order_0006736,MI,IL,Midwest,Midwest,same_region,zone_2,7,,,False,5.19,baseline
order_0006737,CA,MS,West,South,cross_region,zone_3,10,10.0,0.0,False,8.64,baseline
order_0006738,TX,WV,South,South,same_region,zone_2,7,6.0,0.0,False,10.33,baseline
order_0006739,CA,NY,West,Northeast,cross_region,zone_3,8,8.0,0.0,False,10.86,baseline
order_0006740,ME,TX,Northeast,South,cross_region,zone_3,9,9.0,0.0,False,15.08,baseline
order_0006741,GA,GA,South,South,same_state,zone_1,6,6.0,0.0,False,10.3,baseline
order_0006742,IL,NC,Midwest,South,cross_region,zone_3,9,9.0,0.0,False,20.91,baseline
order_0006743,IN,AL,Midwest,South,cross_region,zone_3,10,9.0,0.0,False,11.84,baseline
order_0006744,NY,NC,Northeast,South,cross_region,zone_3,9,9.0,0.0,False,26.71,baseline
order_0006745,DC,WY,South,West,cross_region,zone_3,9,14.0,5.0,True,16.15,baseline
order_0006746,CA,PA,West,Northeast,cross_region,zone_3,9,9.0,0.0,False,8.02,baseline
order_0006747,KY,TX,South,South,same_region,zone_2,8,12.0,4.0,True,14.07,baseline
order_0006748,FL,MI,South,Midwest,cross_region,zone_3,9,8.0,0.0,False,8.79,baseline
order_0006749,UT,OH,West,Midwest,cross_region,zone_3,9,14.0,5.0,True,8.68,baseline
order_0006750,LA,NM,South,West,cross_region,zone_3,8,8.0,0.0,False,37.69,baseline
order_0006751,VT,PA,Northeast,Northeast,same_region,zone_2,6,5.0,0.0,False,5.31,baseline
order_0006752,CA,TX,West,South,cross_region,zone_3,9,9.0,0.0,False,7.7,baseline
order_0006753,KY,ND,South,Midwest,cross_region,zone_3,9,8.0,0.0,False,27.12,baseline
order_0006754,TX,IA,South,Midwest,cross_region,zone_3,9,9.0,0.0,False,18.41,baseline
order_0006755,NY,NY,Northeast,Northeast,same_state,zone_1,6,6.0,0.0,False,4.07,baseline
order_0006756,FL,MI,South,Midwest,cross_region,zone_3,9,9.0,0.0,False,16.35,baseline
order_0006757,HI,GA,West,South,remote,zone_4,11,10.0,0.0,False,13.59,baseline
order_0006758,NY,GA,Northeast,South,cross_region,zone_3,9,8.0,0.0,False,19.68,baseline
order_0006759,OK,WA,South,West,cross_region,zone_3,9,9.0,0.0,False,9.26,baseline
order_0006760,LA,AZ,South,West,cross_region,zone_3,9,9.0,0.0,False,27.11,baseline
order_0006761,NJ,NJ,Northeast,Northeast,same_state,zone_1,5,5.0,0.0,False,7.05,baseline
order_0006762,FL,TX,South,South,same_region,zone_2,7,6.0,0.0,False,10.73,baseline
order_0006763,VT,NY,Northeast,Northeast,same_region,zone_2,6,5.0,0.0,False,32.23,baseline
order_0006764,HI,KY,West,South,remote,zone_4,11,11.0,0.0,False,12.76,baseline
order_0006765,FL,GA,South,South,same_region,zone_2,7,6.0,0.0,False,11.8,baseline
order_0006766,NJ,VA,Northeast,South,cross_region,zone_3,9,9.0,0.0,False,17.83,baseline
order_0006767,NJ,FL,Northeast,South,cross_region,zone_3,9,9.0,0.0,False,8.16,baseline
order_0006768,FL,GA,South,South,same_region,zone_2,7,7.0,0.0,False,14.75,baseline
order_0006769,IL,AZ,Midwest,West,cross_region,zone_3,9,9.0,0.0,False,27.04,baseline
order_0006770,NM,GA,West,South,cross_region,zone_3,9,9.0,0.0,False,17.49,baseline
order_0006771,LA,RI,South,Northeast,cross_region,zone_3,8,8.0,0.0,False,16.18,baseline
order_0006772,AZ,WY,West,West,same_region,zone_2,7,7.0,0.0,False,27.54,baseline
order_0006773,OH,FL,Midwest,South,cross_region,zone_3,9,9.0,0.0,False,16.8,baseline
order_0006774,CA,MT,West,West,same_region,zone_2,8,7.0,0.0,False,11.03,baseline
order_0006775,WA,RI,West,Northeast,cross_region,zone_3,9,9.0,0.0,False,15.78,baseline
order_0006776,IL,AZ,Midwest,West,cross_region,zone_3,9,9.0,0.0,False,16.66,baseline
order_0006777,VT,PA,Northeast,Northeast,same_region,zone_2,7,6.0,0.0,False,13.71,baseline
order_0006778,OH,GA,Midwest,South,cross_region,zone_3,9,9.0,0.0,False,7.71,baseline
order_0006779,IL,CA,Midwest,West,cross_region,zone_3,8,,,False,22.7,baseline
order_0006780,TX,PA,South,Northeast,cross_region,zone_3,9,9.0,0.0,False,32.58,baseline
order_0006781,IL,AK,Midwest,West,remote,zone_4,12,14.0,2.0,True,15.69,baseline
order_0006782,WA,IL,West,Midwest,cross_region,zone_3,9,9.0,0.0,False,53.02,baseline
order_0006783,FL,NH,South,Northeast,cross_region,zone_3,9,9.0,0.0,False,9.67,baseline
order_0006784,WA,FL,West,South,cross_region,zone_3,8,,,False,11.84,baseline
order_0006785,IL,CA,Midwest,West,cross_region,zone_3,9,9.0,0.0,False,7.86,baseline
order_0006786,LA,TX,South,South,same_region,zone_2,6,6.0,0.0,False,9.33,baseline
order_0006787,CT,TX,Northeast,South,cross_region,zone_3,9,9.0,0.0,False,25.51,baseline
order_0006788,GA,FL,South,South,same_region,zone_2,7,7.0,0.0,False,6.19,baseline
order_0006789,CA,CA,West,West,same_state,zone_1,5,,,False,33.77,baseline
order_0006790,CA,CA,West,West,same_state,zone_1,5,5.0,0.0,False,4.84,baseline
order_0006791,FL,DC,South,South,same_region,zone_2,7,7.0,0.0,False,8.68,baseline
order_0006792,WA,NC,West,South,cross_region,zone_3,9,13.0,4.0,True,22.58,baseline
order_0006793,NJ,FL,Northeast,South,cross_region,zone_3,9,8.0,0.0,False,15.38,baseline
order_0006794,VT,VT,Northeast,Northeast,same_state,zone_1,5,5.0,0.0,False,16.75,baseline
order_0006795,SC,NH,South,Northeast,cross_region,zone_3,8,,,False,7.69,baseline
order_0006796,TX,GA,South,South,same_region,zone_2,7,7.0,0.0,False,5.38,baseline
order_0006797,IL,TN,Midwest,South,cross_region,zone_3,9,8.0,0.0,False,18.6,baseline
order_0006798,IA,NH,Midwest,Northeast,cross_region,zone_3,9,9.0,0.0,False,8.76,baseline
order_0006799,NJ,DE,Northeast,South,cross_region,zone_3,9,8.0,0.0,False,8.24,baseline
order_0006800,NY,TX,Northeast,South,cross_region,zone_3,9,9.0,0.0,False,21.56,baseline
order_0006801,VA,IL,South,Midwest,cross_region,zone_3,9,8.0,0.0,False,17.72,baseline
order_0006802,AZ,OR,West,West,same_region,zone_2,7,7.0,0.0,False,11.56,baseline
order_0006803,GA,FL,South,South,same_region,zone_2,7,6.0,0.0,False,4.94,baseline
order_0006804,UT,OH,West,Midwest,cross_region,zone_3,9,8.0,0.0,False,9.14,baseline
order_0006805,TX,CA,South,West,cross_region,zone_3,9,8.0,0.0,False,10.74,baseline
order_0006806,TX,CA,South,West,cross_region,zone_3,9,9.0,0.0,False,8.6,baseline
order_0006807,MS,DC,South,South,same_region,zone_2,6,5.0,0.0,False,10.96,baseline
order_0006808,DC,NV,South,West,cross_region,zone_3,9,9.0,0.0,False,9.15,baseline
order_0006809,MI,NV,Midwest,West,cross_region,zone_3,9,12.0,3.0,True,7.72,baseline
order_0006810,AL,CA,South,West,cross_region,zone_3,9,9.0,0.0,False,17.17,baseline
order_0006811,TN,KS,South,Midwest,cross_region,zone_3,9,8.0,0.0,False,9.98,baseline
order_0006812,GA,CA,South,West,cross_region,zone_3,9,9.0,0.0,False,26.67,baseline
order_0006813,IL,MA,Midwest,Northeast,cross_region,zone_3,9,13.0,4.0,True,16.46,baseline
order_0006814,NY,MO,Northeast,Midwest,cross_region,zone_3,9,9.0,0.0,False,8.16,baseline
order_0006815,HI,OH,West,Midwest,remote,zone_4,11,11.0,0.0,False,30.53,baseline
order_0006816,OK,TX,South,South,same_region,zone_2,7,7.0,0.0,False,12.23,baseline
order_0006817,TX,CA,South,West,cross_region,zone_3,9,9.0,0.0,False,11.3,baseline
order_0006818,FL,GA,South,South,same_region,zone_2,6,7.0,1.0,True,10.4,baseline
order_0006819,FL,IA,South,Midwest,cross_region,zone_3,9,9.0,0.0,False,19.93,baseline
order_0006820,VA,GA,South,South,same_region,zone_2,7,7.0,0.0,False,5.0,baseline
order_0006821,IL,NY,Midwest,Northeast,cross_region,zone_3,10,10.0,0.0,False,8.9,baseline
order_0006822,PA,TX,Northeast,South,cross_region,zone_3,9,14.0,5.0,True,21.67,baseline
order_0006823,WA,MD,West,South,cross_region,zone_3,9,8.0,0.0,False,8.66,baseline
order_0006824,GA,CA,South,West,cross_region,zone_3,10,9.0,0.0,False,12.96,baseline
order_0006825,LA,AL,South,South,same_region,zone_2,7,7.0,0.0,False,11.01,baseline
order_0006826,TN,NC,South,South,same_region,zone_2,7,7.0,0.0,False,5.55,baseline
order_0006827,WV,CA,South,West,cross_region,zone_3,9,9.0,0.0,False,11.88,baseline
order_0006828,GA,GA,South,South,same_state,zone_1,5,5.0,0.0,False,6.85,baseline
order_0006829,IL,MN,Midwest,Midwest,same_region,zone_2,6,6.0,0.0,False,11.17,baseline
order_0006830,GA,GA,South,South,same_state,zone_1,5,5.0,0.0,False,9.83,baseline
order_0006831,HI,ME,West,Northeast,remote,zone_4,12,12.0,0.0,False,20.56,baseline
order_0006832,NM,NV,West,West,same_region,zone_2,7,6.0,0.0,False,5.21,baseline
order_0006833,AK,TX,West,South,remote,zone_4,13,16.0,3.0,True,13.85,baseline
order_0006834,WA,NY,West,Northeast,cross_region,zone_3,8,8.0,0.0,False,8.93,baseline
order_0006835,MS,CA,South,West,cross_region,zone_3,9,9.0,0.0,False,34.89,baseline
order_0006836,OH,CA,Midwest,West,cross_region,zone_3,9,,,False,8.89,baseline
order_0006837,NJ,VA,Northeast,South,cross_region,zone_3,9,,,False,35.46,baseline
order_0006838,FL,NY,South,Northeast,cross_region,zone_3,8,7.0,0.0,False,8.24,baseline
order_0006839,NJ,RI,Northeast,Northeast,same_region,zone_2,7,6.0,0.0,False,23.34,baseline
order_0006840,TN,TX,South,South,same_region,zone_2,7,12.0,5.0,True,4.83,baseline
order_0006841,OH,OH,Midwest,Midwest,same_state,zone_1,5,4.0,0.0,False,4.35,baseline
order_0006842,TX,MA,South,Northeast,cross_region,zone_3,9,9.0,0.0,False,8.47,baseline
order_0006843,GA,NY,South,Northeast,cross_region,zone_3,9,13.0,4.0,True,8.24,baseline
order_0006844,IA,TX,Midwest,South,cross_region,zone_3,9,9.0,0.0,False,21.04,baseline
order_0006845,NM,ME,West,Northeast,cross_region,zone_3,9,9.0,0.0,False,14.97,baseline
order_0006846,MN,TX,Midwest,South,cross_region,zone_3,9,14.0,5.0,True,17.44,baseline
order_0006847,TX,WY,South,West,cross_region,zone_3,9,8.0,0.0,False,33.12,baseline
order_0006848,LA,NJ,South,Northeast,cross_region,zone_3,9,8.0,0.0,False,20.54,baseline
order_0006849,NY,TX,Northeast,South,cross_region,zone_3,9,9.0,0.0,False,7.3,baseline
order_0006850,NY,IL,Northeast,Midwest,cross_region,zone_3,9,9.0,0.0,False,28.84,baseline
order_0006851,PA,IA,Northeast,Midwest,cross_region,zone_3,10,9.0,0.0,False,19.08,baseline
order_0006852,UT,CA,West,West,same_region,zone_2,7,,,False,6.8,baseline
order_0006853,GA,NY,South,Northeast,cross_region,zone_3,9,9.0,0.0,False,7.59,baseline
order_0006854,MT,NY,West,Northeast,cross_region,zone_3,8,7.0,0.0,False,15.86,baseline
order_0006855,IL,RI,Midwest,Northeast,cross_region,zone_3,9,9.0,0.0,False,16.51,baseline
order_0006856,FL,NC,South,South,same_region,zone_2,8,9.0,1.0,True,23.18,baseline
order_0006857,FL,PA,South,Northeast,cross_region,zone_3,9,14.0,5.0,True,8.32,baseline
order_0006858,FL,CA,South,West,cross_region,zone_3,10,,,False,8.14,baseline
order_0006859,NY,CA,Northeast,West,cross_region,zone_3,9,11.0,2.0,True,16.87,baseline
order_0006860,WA,CA,West,West,same_region,zone_2,6,8.0,2.0,True,6.18,baseline
order_0006861,MS,CA,South,West,cross_region,zone_3,8,7.0,0.0,False,15.66,baseline
order_0006862,OH,CA,Midwest,West,cross_region,zone_3,9,9.0,0.0,False,36.36,baseline
order_0006863,WA,CT,West,Northeast,cross_region,zone_3,9,14.0,5.0,True,10.43,baseline
order_0006864,MS,NY,South,Northeast,cross_region,zone_3,9,8.0,0.0,False,28.24,baseline
order_0006865,AR,WA,South,West,cross_region,zone_3,9,8.0,0.0,False,8.03,baseline
order_0006866,TX,TX,South,South,same_state,zone_1,5,5.0,0.0,False,9.6,baseline
order_0006867,WA,MI,West,Midwest,cross_region,zone_3,9,9.0,0.0,False,30.13,baseline
order_0006868,NJ,FL,Northeast,South,cross_region,zone_3,9,9.0,0.0,False,46.83,baseline
order_0006869,OR,GA,West,South,cross_region,zone_3,10,13.0,3.0,True,9.08,baseline
order_0006870,OH,PA,Midwest,Northeast,cross_region,zone_3,9,13.0,4.0,True,35.75,baseline
order_0006871,PA,NY,Northeast,Northeast,same_region,zone_2,8,8.0,0.0,False,27.39,baseline
order_0006872,FL,CO,South,West,cross_region,zone_3,9,9.0,0.0,False,21.43,baseline
order_0006873,LA,CT,South,Northeast,cross_region,zone_3,9,10.0,1.0,True,16.31,baseline
order_0006874,OH,KY,Midwest,South,cross_region,zone_3,9,8.0,0.0,False,25.92,baseline
order_0006875,IA,WV,Midwest,South,cross_region,zone_3,8,7.0,0.0,False,17.11,baseline
order_0006876,TN,TN,South,South,same_state,zone_1,5,10.0,5.0,True,4.09,baseline
order_0006877,NM,AZ,West,West,same_region,zone_2,7,6.0,0.0,False,5.14,baseline
order_0006878,PA,SC,Northeast,South,cross_region,zone_3,10,9.0,0.0,False,8.33,baseline
order_0006879,AK,MS,West,South,remote,zone_4,12,17.0,5.0,True,25.26,baseline
order_0006880,LA,NY,South,Northeast,cross_region,zone_3,9,10.0,1.0,True,24.24,baseline
order_0006881,GA,NY,South,Northeast,cross_region,zone_3,9,8.0,0.0,False,15.93,baseline
order_0006882,ME,TX,Northeast,South,cross_region,zone_3,10,9.0,0.0,False,33.52,baseline
order_0006883,NJ,KY,Northeast,South,cross_region,zone_3,9,9.0,0.0,False,15.6,baseline
order_0006884,IN,CA,Midwest,West,cross_region,zone_3,9,9.0,0.0,False,8.55,baseline
order_0006885,NY,NC,Northeast,South,cross_region,zone_3,9,8.0,0.0,False,7.21,baseline
order_0006886,NY,LA,Northeast,South,cross_region,zone_3,9,8.0,0.0,False,18.48,baseline
order_0006887,HI,GA,West,South,remote,zone_4,11,11.0,0.0,False,12.15,baseline
order_0006888,DC,CA,South,West,cross_region,zone_3,9,9.0,0.0,False,27.89,baseline
order_0006889,TX,OH,South,Midwest,cross_region,zone_3,9,12.0,3.0,True,8.33,baseline
order_0006890,CO,NH,West,Northeast,cross_region,zone_3,9,8.0,0.0,False,7.51,baseline
order_0006891,SC,CA,South,West,cross_region,zone_3,10,12.0,2.0,True,9.36,baseline
order_0006892,KS,TX,Midwest,South,cross_region,zone_3,9,12.0,3.0,True,8.15,baseline
order_0006893,FL,OR,South,West,cross_region,zone_3,8,9.0,1.0,True,15.86,baseline
order_0006894,MO,KY,Midwest,South,cross_region,zone_3,9,9.0,0.0,False,12.16,baseline
order_0006895,GA,MI,South,Midwest,cross_region,zone_3,9,9.0,0.0,False,16.75,baseline
order_0006896,CA,MI,West,Midwest,cross_region,zone_3,9,9.0,0.0,False,18.63,baseline
order_0006897,AL,WY,South,West,cross_region,zone_3,9,9.0,0.0,False,8.35,baseline
order_0006898,IL,NH,Midwest,Northeast,cross_region,zone_3,10,,,False,11.1,baseline
order_0006899,CA,VA,West,South,cross_region,zone_3,9,,,False,53.47,baseline
order_0006900,IL,PA,Midwest,Northeast,cross_region,zone_3,9,,,False,18.98,baseline
order_0006901,MT,RI,West,Northeast,cross_region,zone_3,8,8.0,0.0,False,7.76,baseline
order_0006902,NH,MS,Northeast,South,cross_region,zone_3,10,,,False,30.68,baseline
order_0006903,CA,CA,West,West,same_state,zone_1,5,5.0,0.0,False,4.13,baseline
order_0006904,NJ,IL,Northeast,Midwest,cross_region,zone_3,9,8.0,0.0,False,7.75,baseline
order_0006905,NJ,CA,Northeast,West,cross_region,zone_3,9,9.0,0.0,False,8.46,baseline
order_0006906,HI,MO,West,Midwest,remote,zone_4,11,10.0,0.0,False,27.41,baseline
order_0006907,MS,MI,South,Midwest,cross_region,zone_3,10,,,False,16.37,baseline
order_0006908,CA,CA,West,West,same_state,zone_1,5,5.0,0.0,False,18.64,baseline
order_0006909,TX,LA,South,South,same_region,zone_2,7,11.0,4.0,True,5.95,baseline
order_0006910,NY,MT,Northeast,West,cross_region,zone_3,10,9.0,0.0,False,17.89,baseline
order_0006911,OH,IL,Midwest,Midwest,same_region,zone_2,7,7.0,0.0,False,20.6,baseline
order_0006912,GA,NY,South,Northeast,cross_region,zone_3,9,9.0,0.0,False,9.31,baseline
order_0006913,KY,GA,South,South,same_region,zone_2,8,,,False,9.85,baseline
order_0006914,CA,LA,West,South,cross_region,zone_3,9,9.0,0.0,False,9.69,baseline
order_0006915,VA,CA,South,West,cross_region,zone_3,9,9.0,0.0,False,9.32,baseline
order_0006916,CA,CA,West,West,same_state,zone_1,5,5.0,0.0,False,8.55,baseline
order_0006917,AK,UT,West,West,same_region,zone_2,8,7.0,0.0,False,10.22,baseline
order_0006918,OH,FL,Midwest,South,cross_region,zone_3,9,9.0,0.0,False,8.34,baseline
order_0006919,CA,CA,West,West,same_state,zone_1,5,5.0,0.0,False,10.83,baseline
order_0006920,IL,NM,Midwest,West,cross_region,zone_3,9,9.0,0.0,False,17.15,baseline
order_0006921,OH,WA,Midwest,West,cross_region,zone_3,9,10.0,1.0,True,16.7,baseline
order_0006922,NY,AK,Northeast,West,remote,zone_4,12,14.0,2.0,True,26.53,baseline
order_0006923,CT,KS,Northeast,Midwest,cross_region,zone_3,9,9.0,0.0,False,9.43,baseline
order_0006924,PA,SD,Northeast,Midwest,cross_region,zone_3,9,8.0,0.0,False,25.31,baseline
order_0006925,NY,MA,Northeast,Northeast,same_region,zone_2,7,7.0,0.0,False,8.75,baseline
order_0006926,GA,CA,South,West,cross_region,zone_3,9,9.0,0.0,False,7.68,baseline
order_0006927,CA,ME,West,Northeast,cross_region,zone_3,8,,,False,34.13,baseline
order_0006928,GA,TX,South,South,same_region,zone_2,7,6.0,0.0,False,17.89,baseline
order_0006929,VA,TX,South,South,same_region,zone_2,7,6.0,0.0,False,5.07,baseline
order_0006930,NV,NY,West,Northeast,cross_region,zone_3,9,9.0,0.0,False,7.88,baseline
order_0006931,HI,MA,West,Northeast,remote,zone_4,11,11.0,0.0,False,22.6,baseline
order_0006932,DC,OH,South,Midwest,cross_region,zone_3,9,9.0,0.0,False,17.04,baseline
order_0006933,CA,FL,West,South,cross_region,zone_3,9,9.0,0.0,False,26.14,baseline
order_0006934,WI,CA,Midwest,West,cross_region,zone_3,9,9.0,0.0,False,25.16,baseline
order_0006935,UT,OH,West,Midwest,cross_region,zone_3,9,9.0,0.0,False,8.39,baseline
order_0006936,IL,MN,Midwest,Midwest,same_region,zone_2,7,7.0,0.0,False,7.46,baseline
order_0006937,NY,NY,Northeast,Northeast,same_state,zone_1,5,5.0,0.0,False,4.33,baseline
order_0006938,HI,NC,West,South,remote,zone_4,11,11.0,0.0,False,24.26,baseline
order_0006939,NJ,NV,Northeast,West,cross_region,zone_3,9,9.0,0.0,False,8.5,baseline
order_0006940,KY,IL,South,Midwest,cross_region,zone_3,9,8.0,0.0,False,29.87,baseline
order_0006941,UT,FL,West,South,cross_region,zone_3,9,9.0,0.0,False,20.87,baseline
order_0006942,CA,NY,West,Northeast,cross_region,zone_3,9,9.0,0.0,False,8.61,baseline
order_0006943,TX,NY,South,Northeast,cross_region,zone_3,10,,,False,9.49,baseline
order_0006944,IL,HI,Midwest,West,remote,zone_4,12,16.0,4.0,True,44.44,baseline
order_0006945,OH,TN,Midwest,South,cross_region,zone_3,9,9.0,0.0,False,14.81,baseline
order_0006946,IL,GA,Midwest,South,cross_region,zone_3,9,12.0,3.0,True,8.16,baseline
order_0006947,HI,TX,West,South,remote,zone_4,13,,,False,16.83,baseline
order_0006948,CA,IL,West,Midwest,cross_region,zone_3,9,8.0,0.0,False,16.79,baseline
order_0006949,OH,CA,Midwest,West,cross_region,zone_3,10,,,False,24.05,baseline
order_0006950,FL,NC,South,South,same_region,zone_2,7,,,False,5.77,baseline
order_0006951,WY,MN,West,Midwest,cross_region,zone_3,9,9.0,0.0,False,8.08,baseline
order_0006952,CA,IL,West,Midwest,cross_region,zone_3,9,,,False,8.09,baseline
order_0006953,PA,CA,Northeast,West,cross_region,zone_3,8,8.0,0.0,False,7.99,baseline
order_0006954,NY,CA,Northeast,West,cross_region,zone_3,9,9.0,0.0,False,9.98,baseline
order_0006955,CA,VA,West,South,cross_region,zone_3,10,13.0,3.0,True,8.85,baseline
order_0006956,NJ,CA,Northeast,West,cross_region,zone_3,9,,,False,7.94,baseline
order_0006957,SC,CA,South,West,cross_region,zone_3,8,8.0,0.0,False,8.24,baseline
order_0006958,NV,CA,West,West,same_region,zone_2,6,6.0,0.0,False,11.1,baseline
order_0006959,NJ,IL,Northeast,Midwest,cross_region,zone_3,9,,,False,7.64,baseline
order_0006960,CA,MI,West,Midwest,cross_region,zone_3,10,10.0,0.0,False,20.43,baseline
order_0006961,KS,WV,Midwest,South,cross_region,zone_3,10,10.0,0.0,False,38.33,baseline
order_0006962,OH,NC,Midwest,South,cross_region,zone_3,9,8.0,0.0,False,9.57,baseline
order_0006963,WA,NE,West,Midwest,cross_region,zone_3,9,,,False,14.78,baseline
order_0006964,NY,FL,Northeast,South,cross_region,zone_3,9,,,False,19.18,baseline
order_0006965,HI,MI,West,Midwest,remote,zone_4,12,11.0,0.0,False,74.72,baseline
order_0006966,TN,NY,South,Northeast,cross_region,zone_3,9,8.0,0.0,False,9.18,baseline
order_0006967,NJ,MT,Northeast,West,cross_region,zone_3,9,13.0,4.0,True,21.37,baseline
order_0006968,FL,OH,South,Midwest,cross_region,zone_3,9,,,False,8.01,baseline
order_0006969,WV,AR,South,South,same_region,zone_2,7,6.0,0.0,False,6.96,baseline
order_0006970,NY,WA,Northeast,West,cross_region,zone_3,10,9.0,0.0,False,38.77,baseline
order_0006971,HI,NY,West,Northeast,remote,zone_4,11,11.0,0.0,False,12.88,baseline
order_0006972,WY,IN,West,Midwest,cross_region,zone_3,9,8.0,0.0,False,8.12,baseline
order_0006973,IL,CA,Midwest,West,cross_region,zone_3,9,9.0,0.0,False,7.54,baseline
order_0006974,TN,MI,South,Midwest,cross_region,zone_3,9,8.0,0.0,False,16.51,baseline
order_0006975,LA,NE,South,Midwest,cross_region,zone_3,8,,,False,8.54,baseline
order_0006976,CA,NM,West,West,same_region,zone_2,7,6.0,0.0,False,6.55,baseline
order_0006977,CA,FL,West,South,cross_region,zone_3,10,9.0,0.0,False,27.71,baseline
order_0006978,NH,NC,Northeast,South,cross_region,zone_3,9,9.0,0.0,False,8.59,baseline
order_0006979,MI,MI,Midwest,Midwest,same_state,zone_1,4,9.0,5.0,True,4.93,baseline
order_0006980,NY,TX,Northeast,South,cross_region,zone_3,9,9.0,0.0,False,10.38,baseline
order_0006981,IL,FL,Midwest,South,cross_region,zone_3,9,9.0,0.0,False,16.7,baseline
order_0006982,MD,OK,South,South,same_region,zone_2,7,7.0,0.0,False,33.32,baseline
order_0006983,MT,MI,West,Midwest,cross_region,zone_3,10,10.0,0.0,False,9.12,baseline
order_0006984,NY,NE,Northeast,Midwest,cross_region,zone_3,9,,,False,9.2,baseline
order_0006985,FL,FL,South,South,same_state,zone_1,5,5.0,0.0,False,5.1,baseline
order_0006986,IL,NY,Midwest,Northeast,cross_region,zone_3,9,8.0,0.0,False,8.97,baseline
order_0006987,IL,WY,Midwest,West,cross_region,zone_3,10,10.0,0.0,False,8.45,baseline
order_0006988,TX,MI,South,Midwest,cross_region,zone_3,9,8.0,0.0,False,9.65,baseline
order_0006989,WA,IA,West,Midwest,cross_region,zone_3,9,9.0,0.0,False,11.38,baseline
order_0006990,OK,PA,South,Northeast,cross_region,zone_3,10,10.0,0.0,False,10.77,baseline
order_0006991,VA,RI,South,Northeast,cross_region,zone_3,9,12.0,3.0,True,18.27,baseline
order_0006992,CA,KY,West,South,cross_region,zone_3,9,9.0,0.0,False,8.15,baseline
order_0006993,CA,FL,West,South,cross_region,zone_3,9,12.0,3.0,True,13.26,baseline
order_0006994,TX,NY,South,Northeast,cross_region,zone_3,9,13.0,4.0,True,8.27,baseline
order_0006995,GA,PA,South,Northeast,cross_region,zone_3,9,9.0,0.0,False,9.34,baseline
order_0006996,NJ,FL,Northeast,South,cross_region,zone_3,9,12.0,3.0,True,10.74,baseline
order_0006997,TX,MD,South,South,same_region,zone_2,8,8.0,0.0,False,11.66,baseline
order_0006998,FL,TX,South,South,same_region,zone_2,7,7.0,0.0,False,30.56,baseline
order_0006999,CA,CT,West,Northeast,cross_region,zone_3,9,8.0,0.0,False,8.66,baseline
order_0007000,FL,FL,South,South,same_state,zone_1,4,4.0,0.0,False,7.69,baseline
order_0007001,NY,IA,Northeast,Midwest,cross_region,zone_3,8,8.0,0.0,False,10.7,baseline
order_0007002,AL,GA,South,South,same_region,zone_2,7,7.0,0.0,False,5.18,baseline
order_0007003,NY,NV,Northeast,West,cross_region,zone_3,8,8.0,0.0,False,7.98,baseline
order_0007004,NJ,WV,Northeast,South,cross_region,zone_3,9,9.0,0.0,False,10.22,baseline
order_0007005,MA,CA,Northeast,West,cross_region,zone_3,9,9.0,0.0,False,8.87,baseline
order_0007006,FL,WY,South,West,cross_region,zone_3,9,9.0,0.0,False,15.9,baseline
order_0007007,IA,TX,Midwest,South,cross_region,zone_3,9,9.0,0.0,False,16.96,baseline
order_0007008,PA,VT,Northeast,Northeast,same_region,zone_2,8,10.0,2.0,True,8.31,baseline
order_0007009,NY,GA,Northeast,South,cross_region,zone_3,8,10.0,2.0,True,45.36,baseline
order_0007010,OH,NY,Midwest,Northeast,cross_region,zone_3,9,9.0,0.0,False,9.37,baseline
order_0007011,ME,NY,Northeast,Northeast,same_region,zone_2,7,7.0,0.0,False,11.39,baseline
order_0007012,IL,OH,Midwest,Midwest,same_region,zone_2,7,12.0,5.0,True,5.67,baseline
order_0007013,CA,NC,West,South,cross_region,zone_3,9,9.0,0.0,False,41.34,baseline
order_0007014,ID,TX,West,South,cross_region,zone_3,9,8.0,0.0,False,9.58,baseline
order_0007015,TX,IL,South,Midwest,cross_region,zone_3,9,9.0,0.0,False,8.41,baseline
order_0007016,CA,WI,West,Midwest,cross_region,zone_3,9,8.0,0.0,False,8.34,baseline
order_0007017,HI,FL,West,South,remote,zone_4,11,10.0,0.0,False,11.98,baseline
order_0007018,OH,ME,Midwest,Northeast,cross_region,zone_3,9,12.0,3.0,True,11.0,baseline
order_0007019,CA,NY,West,Northeast,cross_region,zone_3,9,9.0,0.0,False,8.17,baseline
order_0007020,TX,PA,South,Northeast,cross_region,zone_3,9,,,False,9.04,baseline
order_0007021,TX,IL,South,Midwest,cross_region,zone_3,10,9.0,0.0,False,9.56,baseline
order_0007022,NJ,CA,Northeast,West,cross_region,zone_3,9,,,False,10.12,baseline
order_0007023,WV,FL,South,South,same_region,zone_2,7,7.0,0.0,False,24.41,baseline
order_0007024,NJ,CA,Northeast,West,cross_region,zone_3,8,9.0,1.0,True,8.34,baseline
order_0007025,TX,TX,South,South,same_state,zone_1,5,5.0,0.0,False,8.71,baseline
order_0007026,IL,HI,Midwest,West,remote,zone_4,12,12.0,0.0,False,13.23,baseline
order_0007027,OK,AL,South,South,same_region,zone_2,7,8.0,1.0,True,6.51,baseline
order_0007028,NY,KS,Northeast,Midwest,cross_region,zone_3,9,9.0,0.0,False,31.35,baseline
order_0007029,CA,WI,West,Midwest,cross_region,zone_3,10,9.0,0.0,False,8.77,baseline
order_0007030,CA,SC,West,South,cross_region,zone_3,9,12.0,3.0,True,18.83,baseline
order_0007031,WV,WI,South,Midwest,cross_region,zone_3,9,9.0,0.0,False,7.6,baseline
order_0007032,HI,FL,West,South,remote,zone_4,12,,,False,13.72,baseline
order_0007033,CA,AL,West,South,cross_region,zone_3,9,9.0,0.0,False,8.47,baseline
order_0007034,CA,TX,West,South,cross_region,zone_3,9,11.0,2.0,True,8.81,baseline
order_0007035,WA,WI,West,Midwest,cross_region,zone_3,8,7.0,0.0,False,17.49,baseline
order_0007036,AZ,IL,West,Midwest,cross_region,zone_3,9,13.0,4.0,True,16.64,baseline
order_0007037,FL,IN,South,Midwest,cross_region,zone_3,9,9.0,0.0,False,8.18,baseline
order_0007038,MO,CO,Midwest,West,cross_region,zone_3,9,10.0,1.0,True,17.27,baseline
order_0007039,HI,MT,West,West,same_region,zone_2,6,6.0,0.0,False,5.21,baseline
order_0007040,CO,NC,West,South,cross_region,zone_3,9,9.0,0.0,False,8.92,baseline
order_0007041,IL,DE,Midwest,South,cross_region,zone_3,9,9.0,0.0,False,19.3,baseline
order_0007042,TX,PA,South,Northeast,cross_region,zone_3,9,9.0,0.0,False,32.49,baseline
order_0007043,MS,MD,South,South,same_region,zone_2,7,7.0,0.0,False,14.16,baseline
order_0007044,LA,TN,South,South,same_region,zone_2,7,7.0,0.0,False,26.24,baseline
order_0007045,CT,FL,Northeast,South,cross_region,zone_3,9,8.0,0.0,False,8.34,baseline
order_0007046,OR,CT,West,Northeast,cross_region,zone_3,9,14.0,5.0,True,9.98,baseline
order_0007047,OH,NE,Midwest,Midwest,same_region,zone_2,8,8.0,0.0,False,6.85,baseline
order_0007048,TX,IL,South,Midwest,cross_region,zone_3,9,9.0,0.0,False,8.3,baseline
order_0007049,CA,OK,West,South,cross_region,zone_3,9,9.0,0.0,False,7.52,baseline
order_0007050,NY,DC,Northeast,South,cross_region,zone_3,9,8.0,0.0,False,17.65,baseline
order_0007051,FL,NY,South,Northeast,cross_region,zone_3,9,8.0,0.0,False,11.85,baseline
order_0007052,PA,CA,Northeast,West,cross_region,zone_3,9,9.0,0.0,False,7.83,baseline
order_0007053,MD,LA,South,South,same_region,zone_2,7,,,False,6.31,baseline
order_0007054,FL,CA,South,West,cross_region,zone_3,10,9.0,0.0,False,11.95,baseline
order_0007055,NJ,OH,Northeast,Midwest,cross_region,zone_3,9,9.0,0.0,False,7.37,baseline
order_0007056,NY,HI,Northeast,West,remote,zone_4,12,12.0,0.0,False,14.55,baseline
order_0007057,FL,IL,South,Midwest,cross_region,zone_3,9,8.0,0.0,False,8.21,baseline
order_0007058,HI,NY,West,Northeast,remote,zone_4,11,11.0,0.0,False,25.52,baseline
order_0007059,IA,FL,Midwest,South,cross_region,zone_3,8,7.0,0.0,False,34.56,baseline
order_0007060,TX,OH,South,Midwest,cross_region,zone_3,9,9.0,0.0,False,8.69,baseline
order_0007061,MA,FL,Northeast,South,cross_region,zone_3,10,,,False,8.32,baseline
order_0007062,FL,NC,South,South,same_region,zone_2,7,7.0,0.0,False,21.04,baseline
order_0007063,NM,NY,West,Northeast,cross_region,zone_3,9,,,False,10.91,baseline
order_0007064,LA,CA,South,West,cross_region,zone_3,9,,,False,9.01,baseline
order_0007065,WA,PA,West,Northeast,cross_region,zone_3,9,8.0,0.0,False,7.21,baseline
order_0007066,NM,FL,West,South,cross_region,zone_3,9,8.0,0.0,False,8.64,baseline
order_0007067,NY,MT,Northeast,West,cross_region,zone_3,9,9.0,0.0,False,20.08,baseline
order_0007068,TX,TX,South,South,same_state,zone_1,5,5.0,0.0,False,8.35,baseline
order_0007069,LA,TX,South,South,same_region,zone_2,6,6.0,0.0,False,5.43,baseline
order_0007070,TN,AZ,South,West,cross_region,zone_3,9,9.0,0.0,False,17.47,baseline
order_0007071,VA,NY,South,Northeast,cross_region,zone_3,9,9.0,0.0,False,7.37,baseline
order_0007072,CT,TX,Northeast,South,cross_region,zone_3,10,,,False,8.9,baseline
order_0007073,CO,CA,West,West,same_region,zone_2,8,8.0,0.0,False,5.38,baseline
order_0007074,FL,CA,South,West,cross_region,zone_3,9,9.0,0.0,False,9.19,baseline
order_0007075,RI,CA,Northeast,West,cross_region,zone_3,9,9.0,0.0,False,7.95,baseline
order_0007076,IN,NY,Midwest,Northeast,cross_region,zone_3,10,10.0,0.0,False,8.71,baseline
order_0007077,CA,NC,West,South,cross_region,zone_3,9,8.0,0.0,False,19.81,baseline
order_0007078,NY,OH,Northeast,Midwest,cross_region,zone_3,8,,,False,8.47,baseline
order_0007079,TX,NY,South,Northeast,cross_region,zone_3,9,9.0,0.0,False,7.96,baseline
order_0007080,WI,MO,Midwest,Midwest,same_region,zone_2,7,7.0,0.0,False,5.86,baseline
order_0007081,TX,WI,South,Midwest,cross_region,zone_3,9,8.0,0.0,False,28.02,baseline
order_0007082,PA,CA,Northeast,West,cross_region,zone_3,10,9.0,0.0,False,46.99,baseline
order_0007083,FL,NY,South,Northeast,cross_region,zone_3,8,8.0,0.0,False,8.02,baseline
order_0007084,IL,NY,Midwest,Northeast,cross_region,zone_3,9,9.0,0.0,False,7.77,baseline
order_0007085,KS,OR,Midwest,West,cross_region,zone_3,9,10.0,1.0,True,10.59,baseline
order_0007086,IL,NY,Midwest,Northeast,cross_region,zone_3,9,8.0,0.0,False,35.23,baseline
order_0007087,TX,TX,South,South,same_state,zone_1,5,6.0,1.0,True,26.34,baseline
order_0007088,CA,WV,West,South,cross_region,zone_3,9,8.0,0.0,False,8.59,baseline
order_0007089,HI,TX,West,South,remote,zone_4,11,11.0,0.0,False,12.93,baseline
order_0007090,NJ,CA,Northeast,West,cross_region,zone_3,9,9.0,0.0,False,27.98,baseline
order_0007091,IL,FL,Midwest,South,cross_region,zone_3,10,9.0,0.0,False,8.38,baseline
order_0007092,MO,GA,Midwest,South,cross_region,zone_3,9,13.0,4.0,True,25.87,baseline
order_0007093,NY,WY,Northeast,West,cross_region,zone_3,9,9.0,0.0,False,9.61,baseline
order_0007094,NY,FL,Northeast,South,cross_region,zone_3,9,9.0,0.0,False,17.1,baseline
order_0007095,CA,OR,West,West,same_region,zone_2,7,7.0,0.0,False,4.91,baseline
order_0007096,IL,NC,Midwest,South,cross_region,zone_3,9,8.0,0.0,False,18.9,baseline
order_0007097,WI,NY,Midwest,Northeast,cross_region,zone_3,9,9.0,0.0,False,7.43,baseline
order_0007098,TX,FL,South,South,same_region,zone_2,7,7.0,0.0,False,13.19,baseline
order_0007099,OR,MT,West,West,same_region,zone_2,7,11.0,4.0,True,6.31,baseline
order_0007100,PA,OH,Northeast,Midwest,cross_region,zone_3,10,10.0,0.0,False,25.67,baseline
order_0007101,AZ,FL,West,South,cross_region,zone_3,9,9.0,0.0,False,9.07,baseline
order_0007102,IA,VA,Midwest,South,cross_region,zone_3,9,8.0,0.0,False,8.55,baseline
order_0007103,TN,MI,South,Midwest,cross_region,zone_3,8,8.0,0.0,False,9.79,baseline
order_0007104,IL,FL,Midwest,South,cross_region,zone_3,10,10.0,0.0,False,23.18,baseline
order_0007105,OR,WY,West,West,same_region,zone_2,7,7.0,0.0,False,30.45,baseline
order_0007106,FL,CA,South,West,cross_region,zone_3,9,8.0,0.0,False,26.58,baseline
order_0007107,NJ,CA,Northeast,West,cross_region,zone_3,9,9.0,0.0,False,8.04,baseline
order_0007108,NJ,NY,Northeast,Northeast,same_region,zone_2,7,6.0,0.0,False,23.8,baseline
order_0007109,IL,CA,Midwest,West,cross_region,zone_3,8,7.0,0.0,False,13.27,baseline
order_0007110,FL,WV,South,South,same_region,zone_2,8,10.0,2.0,True,11.18,baseline
order_0007111,IA,AZ,Midwest,West,cross_region,zone_3,9,9.0,0.0,False,23.26,baseline
order_0007112,NV,NH,West,Northeast,cross_region,zone_3,9,8.0,0.0,False,11.4,baseline
order_0007113,CA,IL,West,Midwest,cross_region,zone_3,9,9.0,0.0,False,16.21,baseline
order_0007114,WA,AR,West,South,cross_region,zone_3,9,9.0,0.0,False,15.68,baseline
order_0007115,WA,FL,West,South,cross_region,zone_3,9,9.0,0.0,False,7.45,baseline
order_0007116,CT,NY,Northeast,Northeast,same_region,zone_2,7,7.0,0.0,False,5.52,baseline
order_0007117,SC,OH,South,Midwest,cross_region,zone_3,8,7.0,0.0,False,20.88,baseline
order_0007118,NJ,NY,Northeast,Northeast,same_region,zone_2,6,6.0,0.0,False,7.25,baseline
order_0007119,FL,TX,South,South,same_region,zone_2,7,6.0,0.0,False,6.59,baseline
order_0007120,TX,IL,South,Midwest,cross_region,zone_3,9,9.0,0.0,False,8.8,baseline
order_0007121,GA,FL,South,South,same_region,zone_2,7,6.0,0.0,False,11.75,baseline
order_0007122,CA,AL,West,South,cross_region,zone_3,9,8.0,0.0,False,7.86,baseline
order_0007123,NY,PA,Northeast,Northeast,same_region,zone_2,6,6.0,0.0,False,16.24,baseline
order_0007124,HI,GA,West,South,remote,zone_4,12,17.0,5.0,True,41.41,baseline
order_0007125,PA,GA,Northeast,South,cross_region,zone_3,9,,,False,15.26,baseline
order_0007126,TN,AZ,South,West,cross_region,zone_3,9,9.0,0.0,False,8.38,baseline
order_0007127,NJ,AK,Northeast,West,remote,zone_4,13,13.0,0.0,False,27.98,baseline
order_0007128,IL,MI,Midwest,Midwest,same_region,zone_2,7,7.0,0.0,False,5.75,baseline
order_0007129,TX,NY,South,Northeast,cross_region,zone_3,10,,,False,19.03,baseline
order_0007130,DC,NC,South,South,same_region,zone_2,7,7.0,0.0,False,14.7,baseline
order_0007131,IL,MT,Midwest,West,cross_region,zone_3,8,,,False,9.24,baseline
order_0007132,SD,IL,Midwest,Midwest,same_region,zone_2,7,7.0,0.0,False,6.54,baseline
order_0007133,NJ,IN,Northeast,Midwest,cross_region,zone_3,9,,,False,8.31,baseline
order_0007134,TX,NC,South,South,same_region,zone_2,6,10.0,4.0,True,12.59,baseline
order_0007135,PA,FL,Northeast,South,cross_region,zone_3,9,9.0,0.0,False,7.29,baseline
order_0007136,CT,VT,Northeast,Northeast,same_region,zone_2,8,8.0,0.0,False,5.62,baseline
order_0007137,AR,NE,South,Midwest,cross_region,zone_3,9,,,False,15.51,baseline
order_0007138,NJ,NV,Northeast,West,cross_region,zone_3,9,9.0,0.0,False,17.15,baseline
order_0007139,CA,ID,West,West,same_region,zone_2,7,7.0,0.0,False,15.66,baseline
order_0007140,CA,MO,West,Midwest,cross_region,zone_3,9,9.0,0.0,False,16.69,baseline
order_0007141,NY,SD,Northeast,Midwest,cross_region,zone_3,8,8.0,0.0,False,22.51,baseline
order_0007142,TN,PA,South,Northeast,cross_region,zone_3,9,8.0,0.0,False,51.35,baseline
order_0007143,NY,IL,Northeast,Midwest,cross_region,zone_3,9,9.0,0.0,False,18.53,baseline
order_0007144,CA,IA,West,Midwest,cross_region,zone_3,9,8.0,0.0,False,7.52,baseline
order_0007145,NJ,CA,Northeast,West,cross_region,zone_3,8,8.0,0.0,False,8.35,baseline
order_0007146,GA,CA,South,West,cross_region,zone_3,10,9.0,0.0,False,8.34,baseline
order_0007147,MT,TX,West,South,cross_region,zone_3,9,8.0,0.0,False,25.0,baseline
order_0007148,HI,FL,West,South,remote,zone_4,12,15.0,3.0,True,12.3,baseline
order_0007149,CA,CT,West,Northeast,cross_region,zone_3,9,13.0,4.0,True,8.94,baseline
order_0007150,AL,DC,South,South,same_region,zone_2,7,7.0,0.0,False,4.92,baseline
order_0007151,IL,TX,Midwest,South,cross_region,zone_3,10,15.0,5.0,True,10.43,baseline
order_0007152,NY,FL,Northeast,South,cross_region,zone_3,8,8.0,0.0,False,16.75,baseline
order_0007153,TX,IN,South,Midwest,cross_region,zone_3,10,10.0,0.0,False,8.69,baseline
order_0007154,HI,TX,West,South,remote,zone_4,11,15.0,4.0,True,26.81,baseline
order_0007155,UT,NY,West,Northeast,cross_region,zone_3,9,9.0,0.0,False,18.74,baseline
order_0007156,FL,TX,South,South,same_region,zone_2,7,7.0,0.0,False,20.87,baseline
order_0007157,TX,IL,South,Midwest,cross_region,zone_3,10,13.0,3.0,True,8.23,baseline
order_0007158,PA,NV,Northeast,West,cross_region,zone_3,8,8.0,0.0,False,8.05,baseline
order_0007159,ME,FL,Northeast,South,cross_region,zone_3,9,9.0,0.0,False,35.66,baseline
order_0007160,PA,TX,Northeast,South,cross_region,zone_3,9,,,False,8.12,baseline
order_0007161,OH,KY,Midwest,South,cross_region,zone_3,9,14.0,5.0,True,16.64,baseline
order_0007162,TX,OH,South,Midwest,cross_region,zone_3,9,8.0,0.0,False,8.03,baseline
order_0007163,IN,PA,Midwest,Northeast,cross_region,zone_3,8,8.0,0.0,False,7.65,baseline
order_0007164,NJ,TX,Northeast,South,cross_region,zone_3,9,9.0,0.0,False,9.19,baseline
order_0007165,MO,PA,Midwest,Northeast,cross_region,zone_3,10,9.0,0.0,False,30.16,baseline
order_0007166,ME,CA,Northeast,West,cross_region,zone_3,9,8.0,0.0,False,19.52,baseline
order_0007167,FL,KS,South,Midwest,cross_region,zone_3,9,9.0,0.0,False,7.66,baseline
order_0007168,CA,TX,West,South,cross_region,zone_3,9,9.0,0.0,False,8.26,baseline
order_0007169,NJ,FL,Northeast,South,cross_region,zone_3,9,8.0,0.0,False,7.88,baseline
order_0007170,NJ,CA,Northeast,West,cross_region,zone_3,8,13.0,5.0,True,18.3,baseline
order_0007171,NV,NC,West,South,cross_region,zone_3,10,,,False,8.82,baseline
order_0007172,IL,FL,Midwest,South,cross_region,zone_3,9,9.0,0.0,False,28.03,baseline
order_0007173,NY,IN,Northeast,Midwest,cross_region,zone_3,9,9.0,0.0,False,8.44,baseline
order_0007174,FL,WV,South,South,same_region,zone_2,6,6.0,0.0,False,7.14,baseline
order_0007175,TN,GA,South,South,same_region,zone_2,6,6.0,0.0,False,5.73,baseline
order_0007176,IL,GA,Midwest,South,cross_region,zone_3,9,9.0,0.0,False,8.55,baseline
order_0007177,AL,NV,South,West,cross_region,zone_3,9,8.0,0.0,False,17.31,baseline
order_0007178,FL,IL,South,Midwest,cross_region,zone_3,9,9.0,0.0,False,17.02,baseline
order_0007179,TN,AK,South,West,remote,zone_4,13,13.0,0.0,False,14.61,baseline
order_0007180,CA,IL,West,Midwest,cross_region,zone_3,8,7.0,0.0,False,15.64,baseline
order_0007181,AK,IL,West,Midwest,remote,zone_4,12,12.0,0.0,False,25.75,baseline
order_0007182,NJ,IA,Northeast,Midwest,cross_region,zone_3,9,8.0,0.0,False,16.12,baseline
order_0007183,TN,NM,South,West,cross_region,zone_3,9,,,False,20.24,baseline
order_0007184,TX,NC,South,South,same_region,zone_2,7,7.0,0.0,False,10.48,baseline
order_0007185,SC,TX,South,South,same_region,zone_2,6,6.0,0.0,False,11.65,baseline
order_0007186,CA,WA,West,West,same_region,zone_2,7,7.0,0.0,False,18.08,baseline
order_0007187,PA,TX,Northeast,South,cross_region,zone_3,9,8.0,0.0,False,23.75,baseline
order_0007188,NY,OK,Northeast,South,cross_region,zone_3,9,9.0,0.0,False,7.82,baseline
order_0007189,CA,CA,West,West,same_state,zone_1,5,5.0,0.0,False,8.44,baseline
order_0007190,CA,CA,West,West,same_state,zone_1,5,5.0,0.0,False,8.04,baseline
order_0007191,FL,CA,South,West,cross_region,zone_3,10,11.0,1.0,True,8.38,baseline
order_0007192,TX,PA,South,Northeast,cross_region,zone_3,9,9.0,0.0,False,7.47,baseline
order_0007193,TN,DE,South,South,same_region,zone_2,6,6.0,0.0,False,5.18,baseline
order_0007194,OH,CA,Midwest,West,cross_region,zone_3,10,9.0,0.0,False,41.67,baseline
order_0007195,NY,OH,Northeast,Midwest,cross_region,zone_3,8,8.0,0.0,False,8.32,baseline
order_0007196,NM,FL,West,South,cross_region,zone_3,9,9.0,0.0,False,26.74,baseline
order_0007197,TX,PA,South,Northeast,cross_region,zone_3,9,9.0,0.0,False,26.67,baseline
order_0007198,NJ,WI,Northeast,Midwest,cross_region,zone_3,8,8.0,0.0,False,14.91,baseline
order_0007199,PA,NC,Northeast,South,cross_region,zone_3,9,14.0,5.0,True,19.45,baseline
order_0007200,CA,NC,West,South,cross_region,zone_3,10,14.0,4.0,True,17.09,baseline
order_0007201,ND,PA,Midwest,Northeast,cross_region,zone_3,9,9.0,0.0,False,10.34,baseline
order_0007202,NJ,MA,Northeast,Northeast,same_region,zone_2,7,7.0,0.0,False,14.92,baseline
order_0007203,NV,NY,West,Northeast,cross_region,zone_3,9,9.0,0.0,False,10.51,baseline
order_0007204,AL,TX,South,South,same_region,zone_2,7,8.0,1.0,True,12.78,baseline
order_0007205,OR,GA,West,South,cross_region,zone_3,9,10.0,1.0,True,12.02,baseline
order_0007206,AL,NC,South,South,same_region,zone_2,8,8.0,0.0,False,11.97,baseline
order_0007207,GA,NE,South,Midwest,cross_region,zone_3,9,9.0,0.0,False,16.82,baseline
order_0007208,GA,NY,South,Northeast,cross_region,zone_3,9,12.0,3.0,True,16.03,baseline
order_0007209,HI,FL,West,South,remote,zone_4,11,10.0,0.0,False,43.76,baseline
order_0007210,NV,IL,West,Midwest,cross_region,zone_3,8,12.0,4.0,True,39.96,baseline
order_0007211,FL,KS,South,Midwest,cross_region,zone_3,9,8.0,0.0,False,24.25,baseline
order_0007212,AZ,TX,West,South,cross_region,zone_3,9,9.0,0.0,False,44.14,baseline
order_0007213,TX,DC,South,South,same_region,zone_2,7,,,False,6.77,baseline
order_0007214,NV,OR,West,West,same_region,zone_2,7,7.0,0.0,False,5.57,baseline
order_0007215,NJ,NY,Northeast,Northeast,same_region,zone_2,7,6.0,0.0,False,5.29,baseline
order_0007216,PA,WY,Northeast,West,cross_region,zone_3,10,10.0,0.0,False,9.26,baseline
order_0007217,MT,NC,West,South,cross_region,zone_3,9,,,False,10.63,baseline
order_0007218,HI,CA,West,West,same_region,zone_2,6,7.0,1.0,True,14.32,baseline
order_0007219,NJ,CA,Northeast,West,cross_region,zone_3,9,8.0,0.0,False,8.03,baseline
order_0007220,NY,MI,Northeast,Midwest,cross_region,zone_3,10,10.0,0.0,False,12.55,baseline
order_0007221,KS,IL,Midwest,Midwest,same_region,zone_2,8,8.0,0.0,False,7.32,baseline
order_0007222,NJ,VT,Northeast,Northeast,same_region,zone_2,7,6.0,0.0,False,15.2,baseline
order_0007223,FL,PA,South,Northeast,cross_region,zone_3,9,,,False,7.95,baseline
order_0007224,TN,PA,South,Northeast,cross_region,zone_3,9,8.0,0.0,False,8.74,baseline
order_0007225,VA,CA,South,West,cross_region,zone_3,9,9.0,0.0,False,8.89,baseline
order_0007226,PA,TN,Northeast,South,cross_region,zone_3,8,8.0,0.0,False,18.53,baseline
order_0007227,TX,CO,South,West,cross_region,zone_3,9,9.0,0.0,False,18.53,baseline
order_0007228,AR,UT,South,West,cross_region,zone_3,10,,,False,8.57,baseline
order_0007229,NC,VA,South,South,same_region,zone_2,8,,,False,32.13,baseline
order_0007230,NM,NE,West,Midwest,cross_region,zone_3,9,9.0,0.0,False,16.69,baseline
order_0007231,NY,FL,Northeast,South,cross_region,zone_3,9,9.0,0.0,False,8.82,baseline
order_0007232,PA,WI,Northeast,Midwest,cross_region,zone_3,9,,,False,8.21,baseline
order_0007233,ME,OH,Northeast,Midwest,cross_region,zone_3,9,,,False,8.17,baseline
order_0007234,CA,SC,West,South,cross_region,zone_3,8,,,False,26.25,baseline
order_0007235,CO,ND,West,Midwest,cross_region,zone_3,9,11.0,2.0,True,7.44,baseline
order_0007236,CA,NY,West,Northeast,cross_region,zone_3,9,9.0,0.0,False,8.76,baseline
order_0007237,NJ,NC,Northeast,South,cross_region,zone_3,9,9.0,0.0,False,16.11,baseline
order_0007238,IL,IL,Midwest,Midwest,same_state,zone_1,5,7.0,2.0,True,3.96,baseline
order_0007239,NV,FL,West,South,cross_region,zone_3,9,9.0,0.0,False,8.57,baseline
order_0007240,TX,NY,South,Northeast,cross_region,zone_3,9,9.0,0.0,False,8.44,baseline
order_0007241,CA,MI,West,Midwest,cross_region,zone_3,9,8.0,0.0,False,7.74,baseline
order_0007242,IL,NY,Midwest,Northeast,cross_region,zone_3,9,8.0,0.0,False,58.4,baseline
order_0007243,OH,CA,Midwest,West,cross_region,zone_3,9,9.0,0.0,False,22.94,baseline
order_0007244,MN,TN,Midwest,South,cross_region,zone_3,10,12.0,2.0,True,27.83,baseline
order_0007245,VA,NY,South,Northeast,cross_region,zone_3,9,,,False,10.57,baseline
order_0007246,HI,FL,West,South,remote,zone_4,11,11.0,0.0,False,13.62,baseline
order_0007247,FL,IL,South,Midwest,cross_region,zone_3,10,11.0,1.0,True,20.46,baseline
order_0007248,AZ,IL,West,Midwest,cross_region,zone_3,8,8.0,0.0,False,9.71,baseline
order_0007249,TX,FL,South,South,same_region,zone_2,7,7.0,0.0,False,11.83,baseline
order_0007250,NY,IN,Northeast,Midwest,cross_region,zone_3,9,9.0,0.0,False,16.74,baseline
order_0007251,HI,AR,West,South,remote,zone_4,12,14.0,2.0,True,29.41,baseline
order_0007252,NV,PA,West,Northeast,cross_region,zone_3,9,9.0,0.0,False,20.2,baseline
order_0007253,TN,SC,South,South,same_region,zone_2,6,6.0,0.0,False,11.46,baseline
order_0007254,NY,CA,Northeast,West,cross_region,zone_3,9,9.0,0.0,False,16.45,baseline
order_0007255,TX,NM,South,West,cross_region,zone_3,9,9.0,0.0,False,9.67,baseline
order_0007256,OH,HI,Midwest,West,remote,zone_4,12,12.0,0.0,False,24.84,baseline
order_0007257,CA,OK,West,South,cross_region,zone_3,9,8.0,0.0,False,11.47,baseline
order_0007258,NJ,MD,Northeast,South,cross_region,zone_3,9,9.0,0.0,False,27.49,baseline
order_0007259,IL,KS,Midwest,Midwest,same_region,zone_2,6,6.0,0.0,False,8.16,baseline
order_0007260,NY,FL,Northeast,South,cross_region,zone_3,9,10.0,1.0,True,7.58,baseline
order_0007261,IA,OH,Midwest,Midwest,same_region,zone_2,7,10.0,3.0,True,8.06,baseline
order_0007262,NH,NY,Northeast,Northeast,same_region,zone_2,7,7.0,0.0,False,17.94,baseline
order_0007263,RI,TX,Northeast,South,cross_region,zone_3,9,9.0,0.0,False,9.22,baseline
order_0007264,WV,IN,South,Midwest,cross_region,zone_3,9,9.0,0.0,False,9.5,baseline
order_0007265,TX,CA,South,West,cross_region,zone_3,9,9.0,0.0,False,7.5,baseline
order_0007266,OR,TX,West,South,cross_region,zone_3,9,9.0,0.0,False,15.56,baseline
order_0007267,TX,WV,South,South,same_region,zone_2,7,7.0,0.0,False,6.12,baseline
order_0007268,MS,TX,South,South,same_region,zone_2,7,7.0,0.0,False,12.17,baseline
order_0007269,NY,AR,Northeast,South,cross_region,zone_3,9,8.0,0.0,False,25.67,baseline
order_0007270,WA,VA,West,South,cross_region,zone_3,9,8.0,0.0,False,16.93,baseline
order_0007271,MT,WI,West,Midwest,cross_region,zone_3,8,8.0,0.0,False,41.53,baseline
order_0007272,CA,TX,West,South,cross_region,zone_3,8,8.0,0.0,False,8.83,baseline
order_0007273,WA,IL,West,Midwest,cross_region,zone_3,8,8.0,0.0,False,17.53,baseline
order_0007274,DE,TX,South,South,same_region,zone_2,7,7.0,0.0,False,12.82,baseline
order_0007275,NM,FL,West,South,cross_region,zone_3,9,9.0,0.0,False,41.27,baseline
order_0007276,IL,FL,Midwest,South,cross_region,zone_3,9,9.0,0.0,False,7.6,baseline
order_0007277,FL,FL,South,South,same_state,zone_1,6,6.0,0.0,False,7.2,baseline
order_0007278,FL,TX,South,South,same_region,zone_2,7,7.0,0.0,False,22.88,baseline
order_0007279,NM,KS,West,Midwest,cross_region,zone_3,9,8.0,0.0,False,26.43,baseline
order_0007280,WV,GA,South,South,same_region,zone_2,8,,,False,6.11,baseline
order_0007281,MS,CA,South,West,cross_region,zone_3,8,8.0,0.0,False,22.44,baseline
order_0007282,CA,AZ,West,West,same_region,zone_2,7,7.0,0.0,False,5.39,baseline
order_0007283,NY,MT,Northeast,West,cross_region,zone_3,10,10.0,0.0,False,9.29,baseline
order_0007284,IL,MA,Midwest,Northeast,cross_region,zone_3,9,9.0,0.0,False,8.18,baseline
order_0007285,OK,LA,South,South,same_region,zone_2,7,6.0,0.0,False,13.21,baseline
order_0007286,PA,KS,Northeast,Midwest,cross_region,zone_3,9,9.0,0.0,False,29.26,baseline
order_0007287,PA,TX,Northeast,South,cross_region,zone_3,10,9.0,0.0,False,9.34,baseline
order_0007288,IL,PA,Midwest,Northeast,cross_region,zone_3,9,9.0,0.0,False,20.79,baseline
order_0007289,OK,NY,South,Northeast,cross_region,zone_3,9,9.0,0.0,False,13.75,baseline
order_0007290,OK,OH,South,Midwest,cross_region,zone_3,10,,,False,11.89,baseline
order_0007291,PA,MI,Northeast,Midwest,cross_region,zone_3,9,8.0,0.0,False,16.72,baseline
order_0007292,CA,NM,West,West,same_region,zone_2,7,,,False,16.85,baseline
order_0007293,NY,NY,Northeast,Northeast,same_state,zone_1,4,4.0,0.0,False,5.2,baseline
order_0007294,CA,FL,West,South,cross_region,zone_3,9,14.0,5.0,True,7.15,baseline
order_0007295,NJ,DE,Northeast,South,cross_region,zone_3,9,9.0,0.0,False,8.27,baseline
order_0007296,HI,TX,West,South,remote,zone_4,11,11.0,0.0,False,13.05,baseline
order_0007297,PA,FL,Northeast,South,cross_region,zone_3,9,8.0,0.0,False,26.37,baseline
order_0007298,CA,MI,West,Midwest,cross_region,zone_3,9,9.0,0.0,False,28.07,baseline
order_0007299,NV,WV,West,South,cross_region,zone_3,8,8.0,0.0,False,7.59,baseline
order_0007300,CA,CA,West,West,same_state,zone_1,5,5.0,0.0,False,5.75,baseline
order_0007301,WA,PA,West,Northeast,cross_region,zone_3,8,13.0,5.0,True,7.93,baseline
order_0007302,IL,KS,Midwest,Midwest,same_region,zone_2,6,,,False,12.6,baseline
order_0007303,PA,NY,Northeast,Northeast,same_region,zone_2,7,7.0,0.0,False,5.4,baseline
order_0007304,FL,GA,South,South,same_region,zone_2,7,,,False,5.47,baseline
order_0007305,CA,GA,West,South,cross_region,zone_3,9,8.0,0.0,False,11.87,baseline
order_0007306,NJ,OH,Northeast,Midwest,cross_region,zone_3,9,9.0,0.0,False,8.28,baseline
order_0007307,SD,MN,Midwest,Midwest,same_region,zone_2,7,7.0,0.0,False,5.99,baseline
order_0007308,FL,MS,South,South,same_region,zone_2,7,7.0,0.0,False,13.12,baseline
order_0007309,OH,CA,Midwest,West,cross_region,zone_3,9,12.0,3.0,True,16.89,baseline
order_0007310,NJ,WA,Northeast,West,cross_region,zone_3,9,8.0,0.0,False,9.77,baseline
order_0007311,WA,AR,West,South,cross_region,zone_3,8,7.0,0.0,False,7.81,baseline
order_0007312,NY,FL,Northeast,South,cross_region,zone_3,9,8.0,0.0,False,30.76,baseline
order_0007313,AR,NE,South,Midwest,cross_region,zone_3,9,9.0,0.0,False,36.89,baseline
order_0007314,NY,CA,Northeast,West,cross_region,zone_3,8,8.0,0.0,False,7.94,baseline
order_0007315,TX,NY,South,Northeast,cross_region,zone_3,9,9.0,0.0,False,17.98,baseline
order_0007316,CA,MI,West,Midwest,cross_region,zone_3,9,9.0,0.0,False,8.18,baseline
order_0007317,TN,AR,South,South,same_region,zone_2,7,7.0,0.0,False,6.35,baseline
order_0007318,NJ,MI,Northeast,Midwest,cross_region,zone_3,9,8.0,0.0,False,22.01,baseline
order_0007319,TX,DE,South,South,same_region,zone_2,7,7.0,0.0,False,25.15,baseline
order_0007320,NY,ME,Northeast,Northeast,same_region,zone_2,7,6.0,0.0,False,5.65,baseline
order_0007321,NE,FL,Midwest,South,cross_region,zone_3,10,10.0,0.0,False,9.88,baseline
order_0007322,DC,TX,South,South,same_region,zone_2,7,7.0,0.0,False,25.97,baseline
order_0007323,PA,NY,Northeast,Northeast,same_region,zone_2,7,6.0,0.0,False,12.57,baseline
order_0007324,FL,ID,South,West,cross_region,zone_3,10,9.0,0.0,False,18.06,baseline
order_0007325,CA,CT,West,Northeast,cross_region,zone_3,9,8.0,0.0,False,15.72,baseline
order_0007326,MN,MI,Midwest,Midwest,same_region,zone_2,7,,,False,19.6,baseline
order_0007327,OR,AZ,West,West,same_region,zone_2,7,6.0,0.0,False,6.51,baseline
order_0007328,IL,NH,Midwest,Northeast,cross_region,zone_3,9,9.0,0.0,False,37.32,baseline
order_0007329,NY,NC,Northeast,South,cross_region,zone_3,9,8.0,0.0,False,7.19,baseline
order_0007330,NJ,TX,Northeast,South,cross_region,zone_3,9,,,False,24.45,baseline
order_0007331,MD,AL,South,South,same_region,zone_2,8,8.0,0.0,False,5.39,baseline
order_0007332,ME,ME,Northeast,Northeast,same_state,zone_1,5,4.0,0.0,False,8.27,baseline
order_0007333,HI,FL,West,South,remote,zone_4,12,12.0,0.0,False,44.6,baseline
order_0007334,NJ,GA,Northeast,South,cross_region,zone_3,9,9.0,0.0,False,18.79,baseline
order_0007335,NM,CO,West,West,same_region,zone_2,7,7.0,0.0,False,13.35,baseline
order_0007336,TN,FL,South,South,same_region,zone_2,7,7.0,0.0,False,6.3,baseline
order_0007337,FL,CA,South,West,cross_region,zone_3,9,9.0,0.0,False,26.8,baseline
order_0007338,MO,MI,Midwest,Midwest,same_region,zone_2,7,7.0,0.0,False,29.96,baseline
order_0007339,MO,CA,Midwest,West,cross_region,zone_3,9,,,False,9.1,baseline
order_0007340,CA,OH,West,Midwest,cross_region,zone_3,9,8.0,0.0,False,10.69,baseline
order_0007341,GA,NY,South,Northeast,cross_region,zone_3,9,9.0,0.0,False,8.79,baseline
order_0007342,FL,NE,South,Midwest,cross_region,zone_3,9,9.0,0.0,False,32.47,baseline
order_0007343,RI,MO,Northeast,Midwest,cross_region,zone_3,10,10.0,0.0,False,8.49,baseline
order_0007344,WA,SD,West,Midwest,cross_region,zone_3,9,9.0,0.0,False,16.05,baseline
order_0007345,PA,PA,Northeast,Northeast,same_state,zone_1,5,4.0,0.0,False,8.83,baseline
order_0007346,OH,FL,Midwest,South,cross_region,zone_3,10,9.0,0.0,False,8.83,baseline
order_0007347,NY,OK,Northeast,South,cross_region,zone_3,9,9.0,0.0,False,7.48,baseline
order_0007348,HI,IL,West,Midwest,remote,zone_4,11,10.0,0.0,False,37.97,baseline
order_0007349,NM,IN,West,Midwest,cross_region,zone_3,10,10.0,0.0,False,15.7,baseline
order_0007350,NJ,PA,Northeast,Northeast,same_region,zone_2,7,7.0,0.0,False,12.74,baseline
order_0007351,OH,NM,Midwest,West,cross_region,zone_3,9,9.0,0.0,False,7.86,baseline
order_0007352,NV,IL,West,Midwest,cross_region,zone_3,9,8.0,0.0,False,26.07,baseline
order_0007353,IN,NM,Midwest,West,cross_region,zone_3,8,8.0,0.0,False,10.82,baseline
order_0007354,HI,GA,West,South,remote,zone_4,12,12.0,0.0,False,12.9,baseline
order_0007355,NJ,FL,Northeast,South,cross_region,zone_3,9,8.0,0.0,False,7.32,baseline
order_0007356,PA,FL,Northeast,South,cross_region,zone_3,8,8.0,0.0,False,34.54,baseline
order_0007357,OR,PA,West,Northeast,cross_region,zone_3,10,10.0,0.0,False,9.09,baseline
order_0007358,SD,WV,Midwest,South,cross_region,zone_3,9,12.0,3.0,True,46.48,baseline
order_0007359,OH,OH,Midwest,Midwest,same_state,zone_1,5,5.0,0.0,False,13.18,baseline
order_0007360,NY,KY,Northeast,South,cross_region,zone_3,10,10.0,0.0,False,25.18,baseline
order_0007361,FL,IA,South,Midwest,cross_region,zone_3,9,9.0,0.0,False,28.64,baseline
order_0007362,IA,MS,Midwest,South,cross_region,zone_3,10,10.0,0.0,False,18.47,baseline
order_0007363,TX,MI,South,Midwest,cross_region,zone_3,9,8.0,0.0,False,9.21,baseline
order_0007364,HI,MI,West,Midwest,remote,zone_4,12,11.0,0.0,False,43.09,baseline
order_0007365,NJ,PA,Northeast,Northeast,same_region,zone_2,7,6.0,0.0,False,16.56,baseline
order_0007366,IL,GA,Midwest,South,cross_region,zone_3,10,,,False,7.92,baseline
order_0007367,HI,NJ,West,Northeast,remote,zone_4,11,12.0,1.0,True,26.9,baseline
order_0007368,MD,NC,South,South,same_region,zone_2,7,7.0,0.0,False,6.25,baseline
order_0007369,FL,CA,South,West,cross_region,zone_3,8,8.0,0.0,False,8.49,baseline
order_0007370,OR,UT,West,West,same_region,zone_2,7,12.0,5.0,True,6.0,baseline
order_0007371,DC,VA,South,South,same_region,zone_2,7,7.0,0.0,False,5.32,baseline
order_0007372,FL,CA,South,West,cross_region,zone_3,9,9.0,0.0,False,10.53,baseline
order_0007373,NY,OH,Northeast,Midwest,cross_region,zone_3,9,9.0,0.0,False,17.01,baseline
order_0007374,MT,FL,West,South,cross_region,zone_3,10,,,False,16.04,baseline
order_0007375,MS,TN,South,South,same_region,zone_2,7,7.0,0.0,False,6.01,baseline
order_0007376,GA,IL,South,Midwest,cross_region,zone_3,9,9.0,0.0,False,13.02,baseline
order_0007377,IL,AZ,Midwest,West,cross_region,zone_3,9,8.0,0.0,False,7.73,baseline
order_0007378,CA,FL,West,South,cross_region,zone_3,9,8.0,0.0,False,7.51,baseline
order_0007379,OR,NV,West,West,same_region,zone_2,7,7.0,0.0,False,29.96,baseline
order_0007380,MS,ME,South,Northeast,cross_region,zone_3,8,8.0,0.0,False,23.31,baseline
order_0007381,GA,TX,South,South,same_region,zone_2,7,6.0,0.0,False,13.06,baseline
order_0007382,NJ,NH,Northeast,Northeast,same_region,zone_2,8,8.0,0.0,False,14.2,baseline
order_0007383,TX,CA,South,West,cross_region,zone_3,9,,,False,24.58,baseline
order_0007384,AZ,NY,West,Northeast,cross_region,zone_3,9,9.0,0.0,False,8.33,baseline
order_0007385,IA,TX,Midwest,South,cross_region,zone_3,10,10.0,0.0,False,10.75,baseline
order_0007386,IL,MI,Midwest,Midwest,same_region,zone_2,7,11.0,4.0,True,6.11,baseline
order_0007387,CA,NM,West,West,same_region,zone_2,7,7.0,0.0,False,5.58,baseline
order_0007388,MO,OH,Midwest,Midwest,same_region,zone_2,7,7.0,0.0,False,17.56,baseline
order_0007389,TN,NM,South,West,cross_region,zone_3,8,8.0,0.0,False,27.28,baseline
order_0007390,PA,TX,Northeast,South,cross_region,zone_3,9,11.0,2.0,True,12.22,baseline
order_0007391,HI,AZ,West,West,same_region,zone_2,6,5.0,0.0,False,23.63,baseline
order_0007392,IN,MA,Midwest,Northeast,cross_region,zone_3,8,8.0,0.0,False,25.82,baseline
order_0007393,NY,TX,Northeast,South,cross_region,zone_3,8,12.0,4.0,True,7.89,baseline
order_0007394,CT,CA,Northeast,West,cross_region,zone_3,9,9.0,0.0,False,26.46,baseline
order_0007395,TX,OR,South,West,cross_region,zone_3,9,9.0,0.0,False,7.75,baseline
order_0007396,FL,TX,South,South,same_region,zone_2,7,7.0,0.0,False,24.72,baseline
order_0007397,TN,WY,South,West,cross_region,zone_3,10,,,False,22.74,baseline
order_0007398,MA,NH,Northeast,Northeast,same_region,zone_2,8,,,False,22.42,baseline
order_0007399,TX,PA,South,Northeast,cross_region,zone_3,9,9.0,0.0,False,23.63,baseline
order_0007400,HI,CA,West,West,same_region,zone_2,6,5.0,0.0,False,5.26,baseline
order_0007401,FL,NJ,South,Northeast,cross_region,zone_3,9,9.0,0.0,False,18.35,baseline
order_0007402,OH,PA,Midwest,Northeast,cross_region,zone_3,10,9.0,0.0,False,8.65,baseline
order_0007403,MI,FL,Midwest,South,cross_region,zone_3,8,8.0,0.0,False,20.24,baseline
order_0007404,IL,OH,Midwest,Midwest,same_region,zone_2,7,6.0,0.0,False,6.03,baseline
order_0007405,WA,FL,West,South,cross_region,zone_3,9,8.0,0.0,False,8.29,baseline
order_0007406,IL,NY,Midwest,Northeast,cross_region,zone_3,9,9.0,0.0,False,11.15,baseline
order_0007407,IL,AL,Midwest,South,cross_region,zone_3,9,9.0,0.0,False,7.91,baseline
order_0007408,HI,TX,West,South,remote,zone_4,12,12.0,0.0,False,13.98,baseline
order_0007409,AK,MI,West,Midwest,remote,zone_4,12,16.0,4.0,True,13.07,baseline
order_0007410,TN,TX,South,South,same_region,zone_2,7,7.0,0.0,False,8.39,baseline
order_0007411,TX,IL,South,Midwest,cross_region,zone_3,9,9.0,0.0,False,8.3,baseline
order_0007412,NY,CA,Northeast,West,cross_region,zone_3,8,7.0,0.0,False,8.4,baseline
order_0007413,TX,TX,South,South,same_state,zone_1,5,5.0,0.0,False,23.46,baseline
order_0007414,LA,DE,South,South,same_region,zone_2,6,6.0,0.0,False,7.2,baseline
order_0007415,ME,FL,Northeast,South,cross_region,zone_3,9,9.0,0.0,False,19.43,baseline
order_0007416,KY,OK,South,South,same_region,zone_2,7,8.0,1.0,True,12.34,baseline
order_0007417,OH,MI,Midwest,Midwest,same_region,zone_2,7,12.0,5.0,True,5.56,baseline
order_0007418,MD,AR,South,South,same_region,zone_2,8,8.0,0.0,False,5.74,baseline
order_0007419,VA,FL,South,South,same_region,zone_2,7,6.0,0.0,False,7.48,baseline
order_0007420,NC,CO,South,West,cross_region,zone_3,10,10.0,0.0,False,8.81,baseline
order_0007421,HI,AL,West,South,remote,zone_4,11,10.0,0.0,False,26.0,baseline
order_0007422,IL,FL,Midwest,South,cross_region,zone_3,9,9.0,0.0,False,15.96,baseline
order_0007423,VA,MO,South,Midwest,cross_region,zone_3,9,9.0,0.0,False,18.57,baseline
order_0007424,VA,TX,South,South,same_region,zone_2,7,6.0,0.0,False,10.75,baseline
order_0007425,NJ,KS,Northeast,Midwest,cross_region,zone_3,9,,,False,7.58,baseline
order_0007426,WV,NY,South,Northeast,cross_region,zone_3,9,,,False,7.77,baseline
order_0007427,TX,NY,South,Northeast,cross_region,zone_3,9,9.0,0.0,False,17.05,baseline
order_0007428,FL,CA,South,West,cross_region,zone_3,9,9.0,0.0,False,8.24,baseline
order_0007429,OR,TX,West,South,cross_region,zone_3,9,9.0,0.0,False,8.14,baseline
order_0007430,LA,FL,South,South,same_region,zone_2,6,6.0,0.0,False,29.5,baseline
order_0007431,VT,TX,Northeast,South,cross_region,zone_3,9,9.0,0.0,False,7.99,baseline
order_0007432,TX,NY,South,Northeast,cross_region,zone_3,9,12.0,3.0,True,7.46,baseline
order_0007433,NJ,OH,Northeast,Midwest,cross_region,zone_3,9,9.0,0.0,False,7.25,baseline
order_0007434,MA,NY,Northeast,Northeast,same_region,zone_2,7,11.0,4.0,True,5.59,baseline
order_0007435,PA,NY,Northeast,Northeast,same_region,zone_2,7,,,False,6.19,baseline
order_0007436,NJ,MS,Northeast,South,cross_region,zone_3,9,9.0,0.0,False,17.31,baseline
order_0007437,NJ,CA,Northeast,West,cross_region,zone_3,9,9.0,0.0,False,30.62,baseline
order_0007438,OR,NY,West,Northeast,cross_region,zone_3,10,9.0,0.0,False,23.51,baseline
order_0007439,PA,SD,Northeast,Midwest,cross_region,zone_3,10,10.0,0.0,False,27.56,baseline
order_0007440,OR,SC,West,South,cross_region,zone_3,9,8.0,0.0,False,8.9,baseline
order_0007441,HI,CA,West,West,same_region,zone_2,7,6.0,0.0,False,5.59,baseline
order_0007442,TX,NC,South,South,same_region,zone_2,8,8.0,0.0,False,6.27,baseline
order_0007443,MS,NY,South,Northeast,cross_region,zone_3,8,7.0,0.0,False,7.77,baseline
order_0007444,OH,ND,Midwest,Midwest,same_region,zone_2,7,7.0,0.0,False,5.3,baseline
order_0007445,UT,HI,West,West,same_region,zone_2,7,6.0,0.0,False,5.42,baseline
order_0007446,WA,NY,West,Northeast,cross_region,zone_3,9,9.0,0.0,False,10.07,baseline
order_0007447,NE,CA,Midwest,West,cross_region,zone_3,8,,,False,8.21,baseline
order_0007448,HI,MI,West,Midwest,remote,zone_4,11,11.0,0.0,False,13.58,baseline
order_0007449,NJ,FL,Northeast,South,cross_region,zone_3,9,9.0,0.0,False,7.73,baseline
order_0007450,NY,CA,Northeast,West,cross_region,zone_3,9,8.0,0.0,False,29.04,baseline
order_0007451,NY,TX,Northeast,South,cross_region,zone_3,9,,,False,12.54,baseline
order_0007452,IN,CA,Midwest,West,cross_region,zone_3,9,9.0,0.0,False,18.68,baseline
order_0007453,NY,DE,Northeast,South,cross_region,zone_3,8,8.0,0.0,False,9.29,baseline
order_0007454,PA,CO,Northeast,West,cross_region,zone_3,9,13.0,4.0,True,41.96,baseline
order_0007455,NY,TX,Northeast,South,cross_region,zone_3,9,9.0,0.0,False,7.69,baseline
order_0007456,FL,TX,South,South,same_region,zone_2,7,7.0,0.0,False,11.29,baseline
order_0007457,KY,DE,South,South,same_region,zone_2,8,,,False,12.1,baseline
order_0007458,IL,OR,Midwest,West,cross_region,zone_3,9,9.0,0.0,False,37.59,baseline
order_0007459,HI,GA,West,South,remote,zone_4,11,11.0,0.0,False,12.4,baseline
order_0007460,NY,CA,Northeast,West,cross_region,zone_3,9,9.0,0.0,False,8.07,baseline
order_0007461,NJ,CA,Northeast,West,cross_region,zone_3,9,9.0,0.0,False,8.08,baseline
order_0007462,HI,TX,West,South,remote,zone_4,11,11.0,0.0,False,12.57,baseline
order_0007463,NV,AR,West,South,cross_region,zone_3,9,9.0,0.0,False,8.16,baseline
order_0007464,NY,SD,Northeast,Midwest,cross_region,zone_3,9,9.0,0.0,False,8.42,baseline
order_0007465,FL,CA,South,West,cross_region,zone_3,9,9.0,0.0,False,23.75,baseline
order_0007466,PA,TX,Northeast,South,cross_region,zone_3,9,9.0,0.0,False,7.98,baseline
order_0007467,VA,CA,South,West,cross_region,zone_3,9,8.0,0.0,False,19.22,baseline
order_0007468,NV,IL,West,Midwest,cross_region,zone_3,9,8.0,0.0,False,15.67,baseline
order_0007469,GA,GA,South,South,same_state,zone_1,4,3.0,0.0,False,4.07,baseline
order_0007470,PA,GA,Northeast,South,cross_region,zone_3,9,14.0,5.0,True,9.36,baseline
order_0007471,MS,FL,South,South,same_region,zone_2,6,6.0,0.0,False,5.04,baseline
order_0007472,FL,MI,South,Midwest,cross_region,zone_3,8,8.0,0.0,False,30.61,baseline
order_0007473,FL,FL,South,South,same_state,zone_1,5,7.0,2.0,True,12.34,baseline
order_0007474,NM,TX,West,South,cross_region,zone_3,9,9.0,0.0,False,21.56,baseline
order_0007475,GA,MI,South,Midwest,cross_region,zone_3,9,14.0,5.0,True,22.12,baseline
order_0007476,OH,LA,Midwest,South,cross_region,zone_3,9,8.0,0.0,False,37.24,baseline
order_0007477,WV,CA,South,West,cross_region,zone_3,9,8.0,0.0,False,8.04,baseline
order_0007478,SD,NY,Midwest,Northeast,cross_region,zone_3,9,9.0,0.0,False,41.86,baseline
order_0007479,TX,WI,South,Midwest,cross_region,zone_3,10,10.0,0.0,False,8.04,baseline
order_0007480,FL,UT,South,West,cross_region,zone_3,8,8.0,0.0,False,24.28,baseline
order_0007481,FL,IL,South,Midwest,cross_region,zone_3,8,7.0,0.0,False,17.73,baseline
order_0007482,NY,NY,Northeast,Northeast,same_state,zone_1,4,3.0,0.0,False,6.33,baseline
order_0007483,VT,NV,Northeast,West,cross_region,zone_3,9,9.0,0.0,False,8.55,baseline
order_0007484,NH,NY,Northeast,Northeast,same_region,zone_2,7,7.0,0.0,False,5.62,baseline
order_0007485,FL,IL,South,Midwest,cross_region,zone_3,9,9.0,0.0,False,8.45,baseline
order_0007486,VA,CO,South,West,cross_region,zone_3,9,9.0,0.0,False,43.75,baseline
order_0007487,OH,IN,Midwest,Midwest,same_region,zone_2,8,,,False,6.55,baseline
order_0007488,KY,PA,South,Northeast,cross_region,zone_3,9,13.0,4.0,True,12.45,baseline
order_0007489,PA,MS,Northeast,South,cross_region,zone_3,9,9.0,0.0,False,16.33,baseline
order_0007490,DC,OH,South,Midwest,cross_region,zone_3,9,9.0,0.0,False,11.41,baseline
order_0007491,ME,NH,Northeast,Northeast,same_region,zone_2,7,7.0,0.0,False,5.9,baseline
order_0007492,NV,PA,West,Northeast,cross_region,zone_3,8,8.0,0.0,False,34.55,baseline
order_0007493,MT,FL,West,South,cross_region,zone_3,9,8.0,0.0,False,40.0,baseline
order_0007494,NJ,TX,Northeast,South,cross_region,zone_3,9,14.0,5.0,True,42.15,baseline
order_0007495,IL,OR,Midwest,West,cross_region,zone_3,8,13.0,5.0,True,7.65,baseline
order_0007496,FL,CA,South,West,cross_region,zone_3,10,10.0,0.0,False,32.11,baseline
order_0007497,OR,IL,West,Midwest,cross_region,zone_3,9,9.0,0.0,False,9.7,baseline
order_0007498,CA,FL,West,South,cross_region,zone_3,9,9.0,0.0,False,7.95,baseline
order_0007499,WA,NC,West,South,cross_region,zone_3,9,,,False,9.38,baseline
order_0007500,FL,CA,South,West,cross_region,zone_3,10,10.0,0.0,False,10.79,baseline
order_0007501,OK,TX,South,South,same_region,zone_2,7,7.0,0.0,False,5.94,baseline
order_0007502,TX,NV,South,West,cross_region,zone_3,9,9.0,0.0,False,9.94,baseline
order_0007503,NY,CA,Northeast,West,cross_region,zone_3,10,15.0,5.0,True,9.55,baseline
order_0007504,AZ,CA,West,West,same_region,zone_2,7,8.0,1.0,True,10.25,baseline
order_0007505,IL,MA,Midwest,Northeast,cross_region,zone_3,9,9.0,0.0,False,46.56,baseline
order_0007506,NY,SD,Northeast,Midwest,cross_region,zone_3,8,11.0,3.0,True,7.94,baseline
order_0007507,CA,TX,West,South,cross_region,zone_3,8,8.0,0.0,False,7.97,baseline
order_0007508,IL,PA,Midwest,Northeast,cross_region,zone_3,9,9.0,0.0,False,7.49,baseline
order_0007509,HI,OH,West,Midwest,remote,zone_4,11,11.0,0.0,False,13.55,baseline
order_0007510,IL,SD,Midwest,Midwest,same_region,zone_2,6,6.0,0.0,False,9.09,baseline
order_0007511,WA,MT,West,West,same_region,zone_2,6,9.0,3.0,True,5.64,baseline
order_0007512,TX,MN,South,Midwest,cross_region,zone_3,9,9.0,0.0,False,15.96,baseline
order_0007513,NV,TX,West,South,cross_region,zone_3,9,9.0,0.0,False,26.92,baseline
order_0007514,HI,NC,West,South,remote,zone_4,12,,,False,15.7,baseline
order_0007515,AL,FL,South,South,same_region,zone_2,7,7.0,0.0,False,6.71,baseline
order_0007516,NY,TX,Northeast,South,cross_region,zone_3,8,7.0,0.0,False,19.8,baseline
order_0007517,NY,FL,Northeast,South,cross_region,zone_3,8,7.0,0.0,False,8.24,baseline
order_0007518,LA,AL,South,South,same_region,zone_2,6,6.0,0.0,False,23.62,baseline
order_0007519,FL,TX,South,South,same_region,zone_2,6,6.0,0.0,False,30.16,baseline
order_0007520,NV,NY,West,Northeast,cross_region,zone_3,10,,,False,45.08,baseline
order_0007521,WY,CA,West,West,same_region,zone_2,7,6.0,0.0,False,5.53,baseline
order_0007522,TN,MI,South,Midwest,cross_region,zone_3,9,9.0,0.0,False,7.49,baseline
order_0007523,MS,CA,South,West,cross_region,zone_3,8,12.0,4.0,True,33.65,baseline
order_0007524,DC,MI,South,Midwest,cross_region,zone_3,9,9.0,0.0,False,9.88,baseline
order_0007525,NY,IL,Northeast,Midwest,cross_region,zone_3,9,9.0,0.0,False,7.9,baseline
order_0007526,MA,OH,Northeast,Midwest,cross_region,zone_3,9,9.0,0.0,False,12.93,baseline
order_0007527,TX,TX,South,South,same_state,zone_1,5,4.0,0.0,False,20.82,baseline
order_0007528,DC,TX,South,South,same_region,zone_2,7,7.0,0.0,False,11.27,baseline
order_0007529,TX,MI,South,Midwest,cross_region,zone_3,9,9.0,0.0,False,9.93,baseline
order_0007530,CA,PA,West,Northeast,cross_region,zone_3,9,12.0,3.0,True,15.96,baseline
order_0007531,NV,TX,West,South,cross_region,zone_3,9,11.0,2.0,True,8.2,baseline
order_0007532,FL,AL,South,South,same_region,zone_2,7,7.0,0.0,False,12.02,baseline
order_0007533,WI,NY,Midwest,Northeast,cross_region,zone_3,9,9.0,0.0,False,12.15,baseline
order_0007534,CA,AK,West,West,same_region,zone_2,7,11.0,4.0,True,4.92,baseline
order_0007535,OR,NC,West,South,cross_region,zone_3,9,9.0,0.0,False,17.54,baseline
order_0007536,CA,CA,West,West,same_state,zone_1,5,6.0,1.0,True,8.85,baseline
order_0007537,NY,MA,Northeast,Northeast,same_region,zone_2,6,6.0,0.0,False,4.85,baseline
order_0007538,WA,VT,West,Northeast,cross_region,zone_3,8,8.0,0.0,False,7.1,baseline
order_0007539,AL,NY,South,Northeast,cross_region,zone_3,9,8.0,0.0,False,11.41,baseline
order_0007540,TN,TX,South,South,same_region,zone_2,7,6.0,0.0,False,16.54,baseline
order_0007541,NY,CA,Northeast,West,cross_region,zone_3,8,11.0,3.0,True,8.25,baseline
order_0007542,CA,OH,West,Midwest,cross_region,zone_3,10,12.0,2.0,True,26.91,baseline
order_0007543,WV,DE,South,South,same_region,zone_2,7,7.0,0.0,False,11.5,baseline
order_0007544,AR,FL,South,South,same_region,zone_2,7,7.0,0.0,False,12.3,baseline
order_0007545,IL,WA,Midwest,West,cross_region,zone_3,9,9.0,0.0,False,21.78,baseline
order_0007546,NY,TN,Northeast,South,cross_region,zone_3,9,9.0,0.0,False,7.55,baseline
order_0007547,FL,CA,South,West,cross_region,zone_3,8,,,False,8.01,baseline
order_0007548,CO,IL,West,Midwest,cross_region,zone_3,10,10.0,0.0,False,17.23,baseline
order_0007549,OH,CO,Midwest,West,cross_region,zone_3,9,8.0,0.0,False,34.63,baseline
order_0007550,OH,IN,Midwest,Midwest,same_region,zone_2,7,6.0,0.0,False,16.75,baseline
order_0007551,NH,NC,Northeast,South,cross_region,zone_3,9,,,False,9.49,baseline
order_0007552,WA,OR,West,West,same_region,zone_2,6,8.0,2.0,True,11.99,baseline
order_0007553,TX,MI,South,Midwest,cross_region,zone_3,10,15.0,5.0,True,34.7,baseline
order_0007554,SC,TX,South,South,same_region,zone_2,8,8.0,0.0,False,5.64,baseline
order_0007555,NJ,FL,Northeast,South,cross_region,zone_3,9,11.0,2.0,True,7.7,baseline
order_0007556,KY,PA,South,Northeast,cross_region,zone_3,9,13.0,4.0,True,8.47,baseline
order_0007557,WA,IL,West,Midwest,cross_region,zone_3,8,8.0,0.0,False,9.78,baseline
order_0007558,OH,RI,Midwest,Northeast,cross_region,zone_3,9,9.0,0.0,False,8.84,baseline
order_0007559,OH,CA,Midwest,West,cross_region,zone_3,10,10.0,0.0,False,15.32,baseline
order_0007560,ME,GA,Northeast,South,cross_region,zone_3,10,10.0,0.0,False,10.55,baseline
order_0007561,CA,WY,West,West,same_region,zone_2,7,7.0,0.0,False,12.03,baseline
order_0007562,NV,IA,West,Midwest,cross_region,zone_3,8,7.0,0.0,False,30.99,baseline
order_0007563,PA,WI,Northeast,Midwest,cross_region,zone_3,8,8.0,0.0,False,18.36,baseline
order_0007564,NY,PA,Northeast,Northeast,same_region,zone_2,6,6.0,0.0,False,8.37,baseline
order_0007565,MS,TX,South,South,same_region,zone_2,6,6.0,0.0,False,25.66,baseline
order_0007566,IL,PA,Midwest,Northeast,cross_region,zone_3,9,9.0,0.0,False,7.31,baseline
order_0007567,FL,NC,South,South,same_region,zone_2,7,7.0,0.0,False,5.78,baseline
order_0007568,HI,OH,West,Midwest,remote,zone_4,12,12.0,0.0,False,14.28,baseline
order_0007569,HI,PA,West,Northeast,remote,zone_4,11,10.0,0.0,False,12.59,baseline
order_0007570,NJ,LA,Northeast,South,cross_region,zone_3,9,8.0,0.0,False,9.01,baseline
order_0007571,OH,IL,Midwest,Midwest,same_region,zone_2,7,7.0,0.0,False,18.98,baseline
order_0007572,OK,ME,South,Northeast,cross_region,zone_3,9,9.0,0.0,False,10.44,baseline
order_0007573,NY,OH,Northeast,Midwest,cross_region,zone_3,8,10.0,2.0,True,7.69,baseline
order_0007574,SC,WY,South,West,cross_region,zone_3,9,9.0,0.0,False,8.37,baseline
order_0007575,FL,UT,South,West,cross_region,zone_3,9,8.0,0.0,False,7.33,baseline
order_0007576,TN,NC,South,South,same_region,zone_2,7,6.0,0.0,False,10.89,baseline
order_0007577,FL,CA,South,West,cross_region,zone_3,9,9.0,0.0,False,17.94,baseline
order_0007578,NJ,DC,Northeast,South,cross_region,zone_3,9,,,False,16.49,baseline
order_0007579,FL,IL,South,Midwest,cross_region,zone_3,9,9.0,0.0,False,8.79,baseline
order_0007580,TX,FL,South,South,same_region,zone_2,7,10.0,3.0,True,5.46,baseline
order_0007581,FL,FL,South,South,same_state,zone_1,5,6.0,1.0,True,5.54,baseline
order_0007582,TX,TX,South,South,same_state,zone_1,5,5.0,0.0,False,4.27,baseline
order_0007583,NY,NV,Northeast,West,cross_region,zone_3,9,9.0,0.0,False,27.14,baseline
order_0007584,FL,NY,South,Northeast,cross_region,zone_3,9,8.0,0.0,False,14.16,baseline
order_0007585,HI,WA,West,West,same_region,zone_2,6,,,False,5.41,baseline
order_0007586,FL,ND,South,Midwest,cross_region,zone_3,10,,,False,29.01,baseline
order_0007587,FL,FL,South,South,same_state,zone_1,5,5.0,0.0,False,15.94,baseline
order_0007588,CT,NY,Northeast,Northeast,same_region,zone_2,7,,,False,6.57,baseline
order_0007589,CA,TX,West,South,cross_region,zone_3,9,,,False,17.66,baseline
order_0007590,CA,NY,West,Northeast,cross_region,zone_3,9,8.0,0.0,False,9.13,baseline
order_0007591,TX,TN,South,South,same_region,zone_2,7,7.0,0.0,False,7.06,baseline
order_0007592,FL,CA,South,West,cross_region,zone_3,9,9.0,0.0,False,17.1,baseline
order_0007593,TX,TX,South,South,same_state,zone_1,5,5.0,0.0,False,5.19,baseline
order_0007594,NV,ND,West,Midwest,cross_region,zone_3,8,8.0,0.0,False,16.72,baseline
order_0007595,TX,CA,South,West,cross_region,zone_3,9,,,False,17.1,baseline
order_0007596,HI,GA,West,South,remote,zone_4,11,11.0,0.0,False,41.49,baseline
order_0007597,MA,PA,Northeast,Northeast,same_region,zone_2,7,7.0,0.0,False,8.0,baseline
order_0007598,TX,MD,South,South,same_region,zone_2,7,7.0,0.0,False,18.16,baseline
order_0007599,CA,IL,West,Midwest,cross_region,zone_3,9,9.0,0.0,False,17.98,baseline
order_0007600,PA,PA,Northeast,Northeast,same_state,zone_1,4,4.0,0.0,False,11.21,baseline
order_0007601,NJ,CA,Northeast,West,cross_region,zone_3,10,10.0,0.0,False,9.51,baseline
order_0007602,AZ,CA,West,West,same_region,zone_2,7,6.0,0.0,False,12.81,baseline
order_0007603,PA,SC,Northeast,South,cross_region,zone_3,9,9.0,0.0,False,8.32,baseline
order_0007604,MT,IL,West,Midwest,cross_region,zone_3,8,8.0,0.0,False,16.23,baseline
order_0007605,IL,MI,Midwest,Midwest,same_region,zone_2,7,,,False,16.68,baseline
order_0007606,NJ,TN,Northeast,South,cross_region,zone_3,9,8.0,0.0,False,7.47,baseline
order_0007607,OH,NE,Midwest,Midwest,same_region,zone_2,7,8.0,1.0,True,6.3,baseline
order_0007608,TX,IL,South,Midwest,cross_region,zone_3,9,9.0,0.0,False,17.54,baseline
order_0007609,NH,FL,Northeast,South,cross_region,zone_3,9,9.0,0.0,False,7.48,baseline
order_0007610,FL,MN,South,Midwest,cross_region,zone_3,8,8.0,0.0,False,9.06,baseline
order_0007611,NJ,AZ,Northeast,West,cross_region,zone_3,9,9.0,0.0,False,32.04,baseline
order_0007612,PA,NY,Northeast,Northeast,same_region,zone_2,7,7.0,0.0,False,5.06,baseline
order_0007613,CT,DE,Northeast,South,cross_region,zone_3,10,9.0,0.0,False,21.26,baseline
order_0007614,OR,NC,West,South,cross_region,zone_3,9,9.0,0.0,False,19.33,baseline
order_0007615,GA,CA,South,West,cross_region,zone_3,9,9.0,0.0,False,23.82,baseline
order_0007616,CA,NJ,West,Northeast,cross_region,zone_3,9,8.0,0.0,False,8.41,baseline
order_0007617,CO,HI,West,West,same_region,zone_2,7,7.0,0.0,False,5.09,baseline
order_0007618,OK,OK,South,South,same_state,zone_1,5,4.0,0.0,False,8.39,baseline
order_0007619,ND,UT,Midwest,West,cross_region,zone_3,9,8.0,0.0,False,7.46,baseline
order_0007620,WA,CA,West,West,same_region,zone_2,7,6.0,0.0,False,14.12,baseline
order_0007621,FL,CA,South,West,cross_region,zone_3,9,9.0,0.0,False,8.3,baseline
order_0007622,OR,IL,West,Midwest,cross_region,zone_3,9,11.0,2.0,True,39.96,baseline
order_0007623,IL,TX,Midwest,South,cross_region,zone_3,9,8.0,0.0,False,19.4,baseline
order_0007624,AZ,HI,West,West,same_region,zone_2,7,7.0,0.0,False,27.55,baseline
order_0007625,NV,TX,West,South,cross_region,zone_3,9,9.0,0.0,False,7.58,baseline
order_0007626,HI,WV,West,South,remote,zone_4,12,12.0,0.0,False,53.69,baseline
order_0007627,TN,CO,South,West,cross_region,zone_3,8,8.0,0.0,False,8.33,baseline
order_0007628,PA,NY,Northeast,Northeast,same_region,zone_2,7,6.0,0.0,False,11.92,baseline
order_0007629,WY,TN,West,South,cross_region,zone_3,9,9.0,0.0,False,8.14,baseline
order_0007630,PA,NC,Northeast,South,cross_region,zone_3,9,8.0,0.0,False,9.31,baseline
order_0007631,WA,VT,West,Northeast,cross_region,zone_3,9,8.0,0.0,False,15.82,baseline
order_0007632,WV,CA,South,West,cross_region,zone_3,9,9.0,0.0,False,17.45,baseline
order_0007633,CA,CA,West,West,same_state,zone_1,5,5.0,0.0,False,4.11,baseline
order_0007634,HI,MI,West,Midwest,remote,zone_4,11,11.0,0.0,False,59.96,baseline
order_0007635,MI,PA,Midwest,Northeast,cross_region,zone_3,9,9.0,0.0,False,27.64,baseline
order_0007636,OR,NY,West,Northeast,cross_region,zone_3,10,9.0,0.0,False,8.65,baseline
order_0007637,SC,TX,South,South,same_region,zone_2,6,6.0,0.0,False,5.19,baseline
order_0007638,NY,NY,Northeast,Northeast,same_state,zone_1,4,,,False,7.55,baseline
order_0007639,NJ,PA,Northeast,Northeast,same_region,zone_2,7,7.0,0.0,False,10.54,baseline
order_0007640,IL,CA,Midwest,West,cross_region,zone_3,9,,,False,46.62,baseline
order_0007641,GA,TX,South,South,same_region,zone_2,7,7.0,0.0,False,17.04,baseline
order_0007642,SD,FL,Midwest,South,cross_region,zone_3,10,10.0,0.0,False,17.21,baseline
order_0007643,IL,TX,Midwest,South,cross_region,zone_3,9,9.0,0.0,False,7.17,baseline
order_0007644,NJ,NV,Northeast,West,cross_region,zone_3,9,,,False,8.05,baseline
order_0007645,GA,RI,South,Northeast,cross_region,zone_3,9,9.0,0.0,False,17.19,baseline
order_0007646,OH,CA,Midwest,West,cross_region,zone_3,9,9.0,0.0,False,15.0,baseline
order_0007647,PA,TX,Northeast,South,cross_region,zone_3,9,9.0,0.0,False,8.74,baseline
order_0007648,IL,OR,Midwest,West,cross_region,zone_3,9,,,False,25.34,baseline
order_0007649,TX,TX,South,South,same_state,zone_1,5,5.0,0.0,False,10.33,baseline
order_0007650,MS,NY,South,Northeast,cross_region,zone_3,9,8.0,0.0,False,9.05,baseline
order_0007651,IL,IL,Midwest,Midwest,same_state,zone_1,5,5.0,0.0,False,9.35,baseline
order_0007652,HI,CT,West,Northeast,remote,zone_4,11,10.0,0.0,False,12.78,baseline
order_0007653,TN,MS,South,South,same_region,zone_2,6,6.0,0.0,False,17.12,baseline
order_0007654,NJ,VT,Northeast,Northeast,same_region,zone_2,7,7.0,0.0,False,25.65,baseline
order_0007655,TN,WI,South,Midwest,cross_region,zone_3,9,8.0,0.0,False,23.96,baseline
order_0007656,LA,CA,South,West,cross_region,zone_3,8,10.0,2.0,True,8.56,baseline
order_0007657,CA,NJ,West,Northeast,cross_region,zone_3,10,10.0,0.0,False,51.31,baseline
order_0007658,DC,ID,South,West,cross_region,zone_3,9,8.0,0.0,False,7.65,baseline
order_0007659,FL,NY,South,Northeast,cross_region,zone_3,10,10.0,0.0,False,8.89,baseline
order_0007660,WA,ND,West,Midwest,cross_region,zone_3,9,9.0,0.0,False,23.48,baseline
order_0007661,NJ,CA,Northeast,West,cross_region,zone_3,9,8.0,0.0,False,34.19,baseline
order_0007662,KY,FL,South,South,same_region,zone_2,7,7.0,0.0,False,5.82,baseline
order_0007663,OR,CA,West,West,same_region,zone_2,7,,,False,13.49,baseline
order_0007664,SC,DE,South,South,same_region,zone_2,6,6.0,0.0,False,5.53,baseline
order_0007665,TX,AL,South,South,same_region,zone_2,7,7.0,0.0,False,21.15,baseline
order_0007666,FL,MI,South,Midwest,cross_region,zone_3,9,,,False,7.58,baseline
order_0007667,DC,IL,South,Midwest,cross_region,zone_3,9,9.0,0.0,False,8.75,baseline
order_0007668,NY,AK,Northeast,West,remote,zone_4,13,,,False,14.52,baseline
order_0007669,VA,AL,South,South,same_region,zone_2,7,7.0,0.0,False,17.26,baseline
order_0007670,SD,OH,Midwest,Midwest,same_region,zone_2,7,7.0,0.0,False,6.34,baseline
order_0007671,KS,TX,Midwest,South,cross_region,zone_3,9,9.0,0.0,False,8.69,baseline
order_0007672,IL,KY,Midwest,South,cross_region,zone_3,9,8.0,0.0,False,42.16,baseline
order_0007673,HI,FL,West,South,remote,zone_4,11,11.0,0.0,False,17.37,baseline
order_0007674,KY,MI,South,Midwest,cross_region,zone_3,10,10.0,0.0,False,46.03,baseline
order_0007675,TX,NY,South,Northeast,cross_region,zone_3,9,9.0,0.0,False,8.46,baseline
order_0007676,CA,IL,West,Midwest,cross_region,zone_3,9,9.0,0.0,False,8.41,baseline
order_0007677,CA,GA,West,South,cross_region,zone_3,9,10.0,1.0,True,16.5,baseline
order_0007678,NY,CA,Northeast,West,cross_region,zone_3,10,10.0,0.0,False,8.92,baseline
order_0007679,FL,NY,South,Northeast,cross_region,zone_3,9,,,False,8.73,baseline
order_0007680,OH,OH,Midwest,Midwest,same_state,zone_1,5,10.0,5.0,True,4.2,baseline
order_0007681,MS,MD,South,South,same_region,zone_2,7,10.0,3.0,True,6.29,baseline
order_0007682,NY,FL,Northeast,South,cross_region,zone_3,8,8.0,0.0,False,18.29,baseline
order_0007683,HI,TX,West,South,remote,zone_4,11,14.0,3.0,True,15.15,baseline
order_0007684,NJ,FL,Northeast,South,cross_region,zone_3,10,10.0,0.0,False,15.59,baseline
order_0007685,CA,IN,West,Midwest,cross_region,zone_3,9,9.0,0.0,False,23.06,baseline
order_0007686,AZ,NY,West,Northeast,cross_region,zone_3,9,8.0,0.0,False,7.94,baseline
order_0007687,TX,TN,South,South,same_region,zone_2,7,7.0,0.0,False,10.54,baseline
order_0007688,CA,IL,West,Midwest,cross_region,zone_3,9,8.0,0.0,False,16.84,baseline
order_0007689,FL,NJ,South,Northeast,cross_region,zone_3,9,9.0,0.0,False,8.51,baseline
order_0007690,IL,TN,Midwest,South,cross_region,zone_3,8,8.0,0.0,False,9.42,baseline
order_0007691,GA,LA,South,South,same_region,zone_2,7,6.0,0.0,False,16.23,baseline
order_0007692,CT,NY,Northeast,Northeast,same_region,zone_2,7,7.0,0.0,False,6.63,baseline
order_0007693,WI,WV,Midwest,South,cross_region,zone_3,9,9.0,0.0,False,41.61,baseline
order_0007694,OK,NC,South,South,same_region,zone_2,7,7.0,0.0,False,24.12,baseline
order_0007695,MT,MS,West,South,cross_region,zone_3,10,,,False,8.31,baseline
order_0007696,NM,TX,West,South,cross_region,zone_3,10,10.0,0.0,False,8.0,baseline
order_0007697,TX,WY,South,West,cross_region,zone_3,9,9.0,0.0,False,34.26,baseline
order_0007698,MD,DE,South,South,same_region,zone_2,8,8.0,0.0,False,12.93,baseline
order_0007699,NJ,FL,Northeast,South,cross_region,zone_3,9,8.0,0.0,False,9.93,baseline
order_0007700,DE,TX,South,South,same_region,zone_2,7,10.0,3.0,True,7.22,baseline
order_0007701,WA,NY,West,Northeast,cross_region,zone_3,9,9.0,0.0,False,9.25,baseline
order_0007702,AL,CO,South,West,cross_region,zone_3,9,9.0,0.0,False,13.72,baseline
order_0007703,OH,CA,Midwest,West,cross_region,zone_3,9,,,False,8.01,baseline
order_0007704,IL,FL,Midwest,South,cross_region,zone_3,8,7.0,0.0,False,40.97,baseline
order_0007705,TX,TX,South,South,same_state,zone_1,5,4.0,0.0,False,4.04,baseline
order_0007706,IL,NV,Midwest,West,cross_region,zone_3,9,9.0,0.0,False,7.28,baseline
order_0007707,CA,IA,West,Midwest,cross_region,zone_3,10,10.0,0.0,False,28.98,baseline
order_0007708,VA,ID,South,West,cross_region,zone_3,9,9.0,0.0,False,11.69,baseline
order_0007709,AK,CA,West,West,same_region,zone_2,8,7.0,0.0,False,18.58,baseline
order_0007710,FL,NY,South,Northeast,cross_region,zone_3,9,8.0,0.0,False,7.46,baseline
order_0007711,NY,TN,Northeast,South,cross_region,zone_3,8,8.0,0.0,False,19.96,baseline
order_0007712,MS,IL,South,Midwest,cross_region,zone_3,9,8.0,0.0,False,8.39,baseline
order_0007713,FL,ND,South,Midwest,cross_region,zone_3,9,9.0,0.0,False,25.35,baseline
order_0007714,NY,OH,Northeast,Midwest,cross_region,zone_3,9,9.0,0.0,False,17.65,baseline
order_0007715,NY,FL,Northeast,South,cross_region,zone_3,8,8.0,0.0,False,7.92,baseline
order_0007716,ID,PA,West,Northeast,cross_region,zone_3,9,9.0,0.0,False,8.6,baseline
order_0007717,ND,ME,Midwest,Northeast,cross_region,zone_3,9,8.0,0.0,False,8.75,baseline
order_0007718,HI,MI,West,Midwest,remote,zone_4,12,,,False,14.37,baseline
order_0007719,CA,HI,West,West,same_region,zone_2,7,6.0,0.0,False,5.12,baseline
order_0007720,NJ,MO,Northeast,Midwest,cross_region,zone_3,9,8.0,0.0,False,8.22,baseline
order_0007721,WA,OH,West,Midwest,cross_region,zone_3,9,9.0,0.0,False,8.12,baseline
order_0007722,FL,CA,South,West,cross_region,zone_3,9,9.0,0.0,False,8.0,baseline
order_0007723,CT,TX,Northeast,South,cross_region,zone_3,10,9.0,0.0,False,11.72,baseline
order_0007724,NJ,AK,Northeast,West,remote,zone_4,12,12.0,0.0,False,38.75,baseline
order_0007725,WA,WY,West,West,same_region,zone_2,7,6.0,0.0,False,7.67,baseline
order_0007726,HI,FL,West,South,remote,zone_4,12,12.0,0.0,False,63.38,baseline
order_0007727,NJ,AK,Northeast,West,remote,zone_4,12,11.0,0.0,False,13.29,baseline
order_0007728,FL,TX,South,South,same_region,zone_2,7,7.0,0.0,False,7.35,baseline
order_0007729,TX,AR,South,South,same_region,zone_2,7,8.0,1.0,True,5.3,baseline
order_0007730,HI,CA,West,West,same_region,zone_2,6,5.0,0.0,False,5.65,baseline
order_0007731,NY,UT,Northeast,West,cross_region,zone_3,10,,,False,12.31,baseline
order_0007732,PA,FL,Northeast,South,cross_region,zone_3,9,12.0,3.0,True,8.18,baseline
order_0007733,FL,TX,South,South,same_region,zone_2,7,10.0,3.0,True,5.45,baseline
order_0007734,WY,WY,West,West,same_state,zone_1,5,4.0,0.0,False,5.68,baseline
order_0007735,IL,AZ,Midwest,West,cross_region,zone_3,9,10.0,1.0,True,15.68,baseline
order_0007736,CA,KS,West,Midwest,cross_region,zone_3,9,9.0,0.0,False,8.47,baseline
order_0007737,NY,TX,Northeast,South,cross_region,zone_3,9,8.0,0.0,False,13.29,baseline
order_0007738,LA,CA,South,West,cross_region,zone_3,8,,,False,23.36,baseline
order_0007739,OR,MN,West,Midwest,cross_region,zone_3,9,9.0,0.0,False,8.58,baseline
order_0007740,GA,NJ,South,Northeast,cross_region,zone_3,9,13.0,4.0,True,8.31,baseline
order_0007741,VA,TX,South,South,same_region,zone_2,7,7.0,0.0,False,5.9,baseline
order_0007742,NY,NY,Northeast,Northeast,same_state,zone_1,6,5.0,0.0,False,9.11,baseline
order_0007743,FL,ID,South,West,cross_region,zone_3,9,9.0,0.0,False,8.98,baseline
order_0007744,WV,CA,South,West,cross_region,zone_3,9,10.0,1.0,True,24.34,baseline
order_0007745,OH,TN,Midwest,South,cross_region,zone_3,9,9.0,0.0,False,9.13,baseline
order_0007746,HI,TX,West,South,remote,zone_4,13,12.0,0.0,False,27.38,baseline
order_0007747,NY,OH,Northeast,Midwest,cross_region,zone_3,9,9.0,0.0,False,7.76,baseline
order_0007748,WA,CA,West,West,same_region,zone_2,7,7.0,0.0,False,12.88,baseline
order_0007749,HI,CA,West,West,same_region,zone_2,6,5.0,0.0,False,16.51,baseline
order_0007750,NE,TX,Midwest,South,cross_region,zone_3,9,9.0,0.0,False,8.59,baseline
order_0007751,NJ,TN,Northeast,South,cross_region,zone_3,9,9.0,0.0,False,8.56,baseline
order_0007752,NY,NV,Northeast,West,cross_region,zone_3,9,9.0,0.0,False,36.22,baseline
order_0007753,FL,GA,South,South,same_region,zone_2,7,6.0,0.0,False,5.93,baseline
order_0007754,NY,AL,Northeast,South,cross_region,zone_3,9,9.0,0.0,False,24.32,baseline
order_0007755,PA,AZ,Northeast,West,cross_region,zone_3,9,14.0,5.0,True,35.36,baseline
order_0007756,KY,NJ,South,Northeast,cross_region,zone_3,9,8.0,0.0,False,7.89,baseline
order_0007757,IL,NC,Midwest,South,cross_region,zone_3,9,9.0,0.0,False,8.62,baseline
order_0007758,WA,TX,West,South,cross_region,zone_3,9,9.0,0.0,False,15.46,baseline
order_0007759,SC,CA,South,West,cross_region,zone_3,8,8.0,0.0,False,42.9,baseline
order_0007760,FL,TX,South,South,same_region,zone_2,8,8.0,0.0,False,5.93,baseline
order_0007761,WA,NJ,West,Northeast,cross_region,zone_3,8,13.0,5.0,True,7.42,baseline
order_0007762,WV,IL,South,Midwest,cross_region,zone_3,10,10.0,0.0,False,16.99,baseline
order_0007763,FL,TX,South,South,same_region,zone_2,7,7.0,0.0,False,15.96,baseline
order_0007764,TX,MI,South,Midwest,cross_region,zone_3,9,9.0,0.0,False,25.05,baseline
order_0007765,CT,IA,Northeast,Midwest,cross_region,zone_3,9,8.0,0.0,False,35.62,baseline
order_0007766,FL,FL,South,South,same_state,zone_1,5,5.0,0.0,False,4.1,baseline
order_0007767,OK,NY,South,Northeast,cross_region,zone_3,9,,,False,8.93,baseline
order_0007768,CA,CA,West,West,same_state,zone_1,5,5.0,0.0,False,10.71,baseline
order_0007769,PA,OH,Northeast,Midwest,cross_region,zone_3,9,9.0,0.0,False,10.74,baseline
order_0007770,OH,KY,Midwest,South,cross_region,zone_3,9,8.0,0.0,False,9.57,baseline
order_0007771,MS,CA,South,West,cross_region,zone_3,9,9.0,0.0,False,22.14,baseline
order_0007772,KY,NC,South,South,same_region,zone_2,8,8.0,0.0,False,12.24,baseline
order_0007773,LA,MT,South,West,cross_region,zone_3,9,,,False,7.79,baseline
order_0007774,FL,KY,South,South,same_region,zone_2,7,10.0,3.0,True,5.19,baseline
order_0007775,CA,GA,West,South,cross_region,zone_3,10,,,False,7.86,baseline
order_0007776,IL,AK,Midwest,West,remote,zone_4,13,13.0,0.0,False,67.99,baseline
order_0007777,IL,WA,Midwest,West,cross_region,zone_3,10,,,False,9.09,baseline
order_0007778,NY,PA,Northeast,Northeast,same_region,zone_2,6,5.0,0.0,False,11.42,baseline
order_0007779,HI,NM,West,West,same_region,zone_2,7,7.0,0.0,False,21.21,baseline
order_0007780,GA,WY,South,West,cross_region,zone_3,9,,,False,8.14,baseline
order_0007781,MS,NV,South,West,cross_region,zone_3,8,8.0,0.0,False,33.62,baseline
order_0007782,CT,IL,Northeast,Midwest,cross_region,zone_3,10,,,False,8.0,baseline
order_0007783,IA,KS,Midwest,Midwest,same_region,zone_2,7,7.0,0.0,False,9.77,baseline
order_0007784,PA,PA,Northeast,Northeast,same_state,zone_1,4,4.0,0.0,False,17.36,baseline
order_0007785,AZ,FL,West,South,cross_region,zone_3,9,9.0,0.0,False,8.48,baseline
order_0007786,PA,PA,Northeast,Northeast,same_state,zone_1,5,5.0,0.0,False,5.23,baseline
order_0007787,NY,WI,Northeast,Midwest,cross_region,zone_3,8,10.0,2.0,True,15.91,baseline
order_0007788,WA,PA,West,Northeast,cross_region,zone_3,9,8.0,0.0,False,29.14,baseline
order_0007789,ID,IL,West,Midwest,cross_region,zone_3,10,10.0,0.0,False,7.81,baseline
order_0007790,CA,TX,West,South,cross_region,zone_3,9,9.0,0.0,False,15.64,baseline
order_0007791,WA,FL,West,South,cross_region,zone_3,9,8.0,0.0,False,16.01,baseline
order_0007792,CA,GA,West,South,cross_region,zone_3,10,10.0,0.0,False,37.66,baseline
order_0007793,CT,CA,Northeast,West,cross_region,zone_3,9,9.0,0.0,False,7.85,baseline
order_0007794,HI,ID,West,West,same_region,zone_2,6,,,False,5.51,baseline
order_0007795,LA,AZ,South,West,cross_region,zone_3,9,9.0,0.0,False,9.39,baseline
order_0007796,HI,NY,West,Northeast,remote,zone_4,11,11.0,0.0,False,11.57,baseline
order_0007797,CA,MA,West,Northeast,cross_region,zone_3,10,10.0,0.0,False,17.91,baseline
order_0007798,FL,CA,South,West,cross_region,zone_3,9,9.0,0.0,False,7.21,baseline
order_0007799,CA,TN,West,South,cross_region,zone_3,9,9.0,0.0,False,17.55,baseline
order_0007800,PA,GA,Northeast,South,cross_region,zone_3,9,9.0,0.0,False,27.32,baseline
order_0007801,WI,NJ,Midwest,Northeast,cross_region,zone_3,9,9.0,0.0,False,26.19,baseline
order_0007802,OH,FL,Midwest,South,cross_region,zone_3,9,9.0,0.0,False,15.68,baseline
order_0007803,OH,CA,Midwest,West,cross_region,zone_3,10,10.0,0.0,False,9.48,baseline
order_0007804,IL,NM,Midwest,West,cross_region,zone_3,9,9.0,0.0,False,7.43,baseline
order_0007805,TX,NC,South,South,same_region,zone_2,8,13.0,5.0,True,17.95,baseline
order_0007806,TX,MI,South,Midwest,cross_region,zone_3,9,11.0,2.0,True,13.55,baseline
order_0007807,TX,PA,South,Northeast,cross_region,zone_3,9,9.0,0.0,False,7.29,baseline
order_0007808,NV,FL,West,South,cross_region,zone_3,8,,,False,10.63,baseline
order_0007809,FL,OH,South,Midwest,cross_region,zone_3,9,13.0,4.0,True,18.79,baseline
order_0007810,HI,DE,West,South,remote,zone_4,11,11.0,0.0,False,12.5,baseline
order_0007811,CA,WI,West,Midwest,cross_region,zone_3,10,15.0,5.0,True,8.49,baseline
order_0007812,TX,NC,South,South,same_region,zone_2,7,6.0,0.0,False,5.13,baseline
order_0007813,NY,NV,Northeast,West,cross_region,zone_3,8,8.0,0.0,False,21.73,baseline
order_0007814,PA,OH,Northeast,Midwest,cross_region,zone_3,9,9.0,0.0,False,8.52,baseline
order_0007815,OR,NE,West,Midwest,cross_region,zone_3,9,9.0,0.0,False,23.31,baseline
order_0007816,CA,IL,West,Midwest,cross_region,zone_3,9,8.0,0.0,False,7.42,baseline
order_0007817,FL,NM,South,West,cross_region,zone_3,9,,,False,8.15,baseline
order_0007818,GA,LA,South,South,same_region,zone_2,7,7.0,0.0,False,17.31,baseline
order_0007819,WA,IL,West,Midwest,cross_region,zone_3,9,9.0,0.0,False,9.05,baseline
order_0007820,TN,CA,South,West,cross_region,zone_3,9,8.0,0.0,False,8.74,baseline
order_0007821,IL,CA,Midwest,West,cross_region,zone_3,9,8.0,0.0,False,27.33,baseline
order_0007822,NJ,MN,Northeast,Midwest,cross_region,zone_3,9,8.0,0.0,False,16.84,baseline
order_0007823,LA,IA,South,Midwest,cross_region,zone_3,9,9.0,0.0,False,16.4,baseline
order_0007824,WA,PA,West,Northeast,cross_region,zone_3,8,8.0,0.0,False,7.38,baseline
order_0007825,NH,TX,Northeast,South,cross_region,zone_3,9,9.0,0.0,False,7.91,baseline
order_0007826,AR,NY,South,Northeast,cross_region,zone_3,9,9.0,0.0,False,17.62,baseline
order_0007827,TX,TX,South,South,same_state,zone_1,5,,,False,4.15,baseline
order_0007828,AL,NV,South,West,cross_region,zone_3,10,10.0,0.0,False,33.93,baseline
order_0007829,PA,TX,Northeast,South,cross_region,zone_3,10,10.0,0.0,False,10.43,baseline
order_0007830,HI,TX,West,South,remote,zone_4,11,14.0,3.0,True,14.94,baseline
order_0007831,NY,PA,Northeast,Northeast,same_region,zone_2,7,7.0,0.0,False,27.57,baseline
order_0007832,GA,CA,South,West,cross_region,zone_3,8,8.0,0.0,False,8.85,baseline
order_0007833,AL,CA,South,West,cross_region,zone_3,9,10.0,1.0,True,8.49,baseline
order_0007834,TX,AK,South,West,remote,zone_4,12,12.0,0.0,False,26.94,baseline
order_0007835,NJ,ND,Northeast,Midwest,cross_region,zone_3,10,10.0,0.0,False,17.3,baseline
order_0007836,WA,NC,West,South,cross_region,zone_3,9,9.0,0.0,False,20.95,baseline
order_0007837,SD,IN,Midwest,Midwest,same_region,zone_2,7,7.0,0.0,False,11.92,baseline
order_0007838,IL,UT,Midwest,West,cross_region,zone_3,8,8.0,0.0,False,8.22,baseline
order_0007839,VA,ND,South,Midwest,cross_region,zone_3,9,8.0,0.0,False,8.65,baseline
order_0007840,CA,TX,West,South,cross_region,zone_3,9,9.0,0.0,False,46.71,baseline
order_0007841,WV,PA,South,Northeast,cross_region,zone_3,9,9.0,0.0,False,8.0,baseline
order_0007842,TX,WI,South,Midwest,cross_region,zone_3,9,9.0,0.0,False,8.95,baseline
order_0007843,FL,MA,South,Northeast,cross_region,zone_3,9,8.0,0.0,False,8.54,baseline
order_0007844,CA,NY,West,Northeast,cross_region,zone_3,10,,,False,22.7,baseline
order_0007845,OH,MI,Midwest,Midwest,same_region,zone_2,8,,,False,5.87,baseline
order_0007846,SC,IL,South,Midwest,cross_region,zone_3,10,10.0,0.0,False,9.83,baseline
order_0007847,DC,NJ,South,Northeast,cross_region,zone_3,9,8.0,0.0,False,26.17,baseline
order_0007848,WA,RI,West,Northeast,cross_region,zone_3,9,,,False,7.89,baseline
order_0007849,NY,TX,Northeast,South,cross_region,zone_3,9,8.0,0.0,False,25.94,baseline
order_0007850,HI,OH,West,Midwest,remote,zone_4,11,13.0,2.0,True,27.52,baseline
order_0007851,CT,NE,Northeast,Midwest,cross_region,zone_3,8,9.0,1.0,True,8.06,baseline
order_0007852,VA,FL,South,South,same_region,zone_2,7,7.0,0.0,False,5.04,baseline
order_0007853,ID,FL,West,South,cross_region,zone_3,9,8.0,0.0,False,8.49,baseline
order_0007854,CT,NE,Northeast,Midwest,cross_region,zone_3,9,10.0,1.0,True,37.88,baseline
order_0007855,FL,IA,South,Midwest,cross_region,zone_3,9,9.0,0.0,False,7.95,baseline
order_0007856,LA,FL,South,South,same_region,zone_2,6,6.0,0.0,False,6.96,baseline
order_0007857,FL,CA,South,West,cross_region,zone_3,9,10.0,1.0,True,14.84,baseline
order_0007858,NJ,FL,Northeast,South,cross_region,zone_3,9,8.0,0.0,False,8.36,baseline
order_0007859,IL,SC,Midwest,South,cross_region,zone_3,9,9.0,0.0,False,21.13,baseline
order_0007860,MS,MN,South,Midwest,cross_region,zone_3,9,9.0,0.0,False,26.73,baseline
order_0007861,GA,NY,South,Northeast,cross_region,zone_3,9,9.0,0.0,False,7.71,baseline
order_0007862,TX,CA,South,West,cross_region,zone_3,10,13.0,3.0,True,9.01,baseline
order_0007863,IL,AL,Midwest,South,cross_region,zone_3,9,13.0,4.0,True,8.62,baseline
order_0007864,GA,FL,South,South,same_region,zone_2,7,9.0,2.0,True,5.38,baseline
order_0007865,PA,OK,Northeast,South,cross_region,zone_3,9,9.0,0.0,False,7.58,baseline
order_0007866,AZ,IL,West,Midwest,cross_region,zone_3,9,8.0,0.0,False,7.96,baseline
order_0007867,MN,NC,Midwest,South,cross_region,zone_3,9,8.0,0.0,False,8.31,baseline
order_0007868,NJ,FL,Northeast,South,cross_region,zone_3,9,8.0,0.0,False,7.81,baseline
order_0007869,MI,AZ,Midwest,West,cross_region,zone_3,9,8.0,0.0,False,8.13,baseline
order_0007870,MA,GA,Northeast,South,cross_region,zone_3,9,9.0,0.0,False,8.02,baseline
order_0007871,NY,NC,Northeast,South,cross_region,zone_3,9,9.0,0.0,False,33.36,baseline
order_0007872,DC,NY,South,Northeast,cross_region,zone_3,9,8.0,0.0,False,7.81,baseline
order_0007873,CA,OH,West,Midwest,cross_region,zone_3,9,9.0,0.0,False,16.89,baseline
order_0007874,CA,IL,West,Midwest,cross_region,zone_3,9,9.0,0.0,False,20.34,baseline
order_0007875,CA,PA,West,Northeast,cross_region,zone_3,9,9.0,0.0,False,27.11,baseline
order_0007876,FL,OR,South,West,cross_region,zone_3,9,8.0,0.0,False,7.33,baseline
order_0007877,OK,AK,South,West,remote,zone_4,12,12.0,0.0,False,17.99,baseline
order_0007878,FL,LA,South,South,same_region,zone_2,7,7.0,0.0,False,5.44,baseline
order_0007879,IL,TX,Midwest,South,cross_region,zone_3,9,14.0,5.0,True,7.97,baseline
order_0007880,HI,PA,West,Northeast,remote,zone_4,12,12.0,0.0,False,13.67,baseline
order_0007881,NY,OR,Northeast,West,cross_region,zone_3,9,,,False,18.24,baseline
order_0007882,CA,MI,West,Midwest,cross_region,zone_3,9,8.0,0.0,False,7.71,baseline
order_0007883,HI,PA,West,Northeast,remote,zone_4,11,10.0,0.0,False,66.53,baseline
order_0007884,IL,NC,Midwest,South,cross_region,zone_3,9,9.0,0.0,False,8.6,baseline
order_0007885,GA,MA,South,Northeast,cross_region,zone_3,9,9.0,0.0,False,8.61,baseline
order_0007886,HI,OH,West,Midwest,remote,zone_4,11,11.0,0.0,False,25.26,baseline
order_0007887,NJ,OH,Northeast,Midwest,cross_region,zone_3,10,10.0,0.0,False,10.16,baseline
order_0007888,CA,MS,West,South,cross_region,zone_3,9,9.0,0.0,False,42.85,baseline
order_0007889,NM,GA,West,South,cross_region,zone_3,9,10.0,1.0,True,15.75,baseline
order_0007890,FL,TX,South,South,same_region,zone_2,7,7.0,0.0,False,5.29,baseline
order_0007891,AL,MI,South,Midwest,cross_region,zone_3,9,9.0,0.0,False,11.58,baseline
order_0007892,HI,NY,West,Northeast,remote,zone_4,11,11.0,0.0,False,13.67,baseline
order_0007893,AK,CA,West,West,same_region,zone_2,7,,,False,8.31,baseline
order_0007894,FL,DE,South,South,same_region,zone_2,7,6.0,0.0,False,12.48,baseline
order_0007895,PA,PA,Northeast,Northeast,same_state,zone_1,5,4.0,0.0,False,5.77,baseline
order_0007896,IN,AL,Midwest,South,cross_region,zone_3,9,9.0,0.0,False,42.06,baseline
order_0007897,TX,NE,South,Midwest,cross_region,zone_3,9,8.0,0.0,False,9.2,baseline
order_0007898,IN,FL,Midwest,South,cross_region,zone_3,8,7.0,0.0,False,12.41,baseline
order_0007899,NJ,GA,Northeast,South,cross_region,zone_3,10,,,False,24.16,baseline
order_0007900,NY,PA,Northeast,Northeast,same_region,zone_2,6,6.0,0.0,False,4.87,baseline
order_0007901,NJ,CA,Northeast,West,cross_region,zone_3,9,9.0,0.0,False,11.74,baseline
order_0007902,PA,NY,Northeast,Northeast,same_region,zone_2,7,6.0,0.0,False,20.44,baseline
order_0007903,MN,NE,Midwest,Midwest,same_region,zone_2,7,7.0,0.0,False,5.23,baseline
order_0007904,CA,MN,West,Midwest,cross_region,zone_3,9,9.0,0.0,False,8.14,baseline
order_0007905,NY,MO,Northeast,Midwest,cross_region,zone_3,9,9.0,0.0,False,30.85,baseline
order_0007906,NJ,WY,Northeast,West,cross_region,zone_3,9,9.0,0.0,False,23.22,baseline
order_0007907,TX,CO,South,West,cross_region,zone_3,9,9.0,0.0,False,7.81,baseline
order_0007908,FL,PA,South,Northeast,cross_region,zone_3,9,9.0,0.0,False,15.09,baseline
order_0007909,VA,CA,South,West,cross_region,zone_3,8,8.0,0.0,False,7.82,baseline
order_0007910,HI,TX,West,South,remote,zone_4,11,15.0,4.0,True,26.69,baseline
order_0007911,IL,ME,Midwest,Northeast,cross_region,zone_3,9,9.0,0.0,False,15.99,baseline
order_0007912,FL,NV,South,West,cross_region,zone_3,9,9.0,0.0,False,18.5,baseline
order_0007913,OH,OK,Midwest,South,cross_region,zone_3,9,,,False,8.43,baseline
order_0007914,IL,NY,Midwest,Northeast,cross_region,zone_3,9,10.0,1.0,True,15.6,baseline
order_0007915,NJ,NC,Northeast,South,cross_region,zone_3,9,13.0,4.0,True,8.05,baseline
order_0007916,NJ,NE,Northeast,Midwest,cross_region,zone_3,9,9.0,0.0,False,9.16,baseline
order_0007917,FL,FL,South,South,same_state,zone_1,6,6.0,0.0,False,5.25,baseline
order_0007918,OH,TX,Midwest,South,cross_region,zone_3,9,9.0,0.0,False,8.61,baseline
order_0007919,NJ,KS,Northeast,Midwest,cross_region,zone_3,9,,,False,8.83,baseline
order_0007920,IL,CA,Midwest,West,cross_region,zone_3,9,9.0,0.0,False,11.68,baseline
order_0007921,NM,TX,West,South,cross_region,zone_3,9,9.0,0.0,False,15.99,baseline
order_0007922,FL,FL,South,South,same_state,zone_1,4,4.0,0.0,False,5.15,baseline
order_0007923,CA,MI,West,Midwest,cross_region,zone_3,9,11.0,2.0,True,8.37,baseline
order_0007924,CA,CA,West,West,same_state,zone_1,5,5.0,0.0,False,7.88,baseline
order_0007925,CA,WI,West,Midwest,cross_region,zone_3,9,9.0,0.0,False,17.64,baseline
order_0007926,DE,TX,South,South,same_region,zone_2,7,7.0,0.0,False,7.06,baseline
order_0007927,TN,CA,South,West,cross_region,zone_3,9,,,False,10.21,baseline
order_0007928,AZ,NC,West,South,cross_region,zone_3,8,8.0,0.0,False,33.85,baseline
order_0007929,CA,DC,West,South,cross_region,zone_3,9,9.0,0.0,False,17.11,baseline
order_0007930,FL,CA,South,West,cross_region,zone_3,9,9.0,0.0,False,8.42,baseline
order_0007931,OR,IL,West,Midwest,cross_region,zone_3,10,10.0,0.0,False,29.07,baseline
order_0007932,PA,NM,Northeast,West,cross_region,zone_3,9,8.0,0.0,False,8.58,baseline
order_0007933,ND,IL,Midwest,Midwest,same_region,zone_2,8,7.0,0.0,False,6.25,baseline
order_0007934,DE,AR,South,South,same_region,zone_2,7,7.0,0.0,False,13.42,baseline
order_0007935,PA,TX,Northeast,South,cross_region,zone_3,10,10.0,0.0,False,8.84,baseline
order_0007936,FL,PA,South,Northeast,cross_region,zone_3,9,9.0,0.0,False,64.6,baseline
order_0007937,TX,KS,South,Midwest,cross_region,zone_3,9,9.0,0.0,False,9.48,baseline
order_0007938,IL,UT,Midwest,West,cross_region,zone_3,9,,,False,8.4,baseline
order_0007939,NJ,MI,Northeast,Midwest,cross_region,zone_3,10,10.0,0.0,False,17.67,baseline
order_0007940,AK,CA,West,West,same_region,zone_2,7,10.0,3.0,True,5.26,baseline
order_0007941,CA,CA,West,West,same_state,zone_1,5,5.0,0.0,False,4.79,baseline
order_0007942,NJ,GA,Northeast,South,cross_region,zone_3,10,10.0,0.0,False,11.04,baseline
order_0007943,NV,TX,West,South,cross_region,zone_3,8,8.0,0.0,False,8.73,baseline
order_0007944,WV,CA,South,West,cross_region,zone_3,9,8.0,0.0,False,9.73,baseline
order_0007945,FL,CA,South,West,cross_region,zone_3,9,9.0,0.0,False,18.19,baseline
order_0007946,FL,CA,South,West,cross_region,zone_3,9,9.0,0.0,False,20.11,baseline
order_0007947,CA,NY,West,Northeast,cross_region,zone_3,9,9.0,0.0,False,23.48,baseline
order_0007948,WA,NY,West,Northeast,cross_region,zone_3,9,9.0,0.0,False,7.57,baseline
order_0007949,CA,MT,West,West,same_region,zone_2,8,8.0,0.0,False,30.83,baseline
order_0007950,WV,IL,South,Midwest,cross_region,zone_3,10,,,False,8.61,baseline
order_0007951,PA,TX,Northeast,South,cross_region,zone_3,9,9.0,0.0,False,9.1,baseline
order_0007952,WA,CA,West,West,same_region,zone_2,7,8.0,1.0,True,12.01,baseline
order_0007953,NY,KS,Northeast,Midwest,cross_region,zone_3,8,8.0,0.0,False,26.24,baseline
order_0007954,NY,WI,Northeast,Midwest,cross_region,zone_3,9,9.0,0.0,False,7.24,baseline
order_0007955,IL,NY,Midwest,Northeast,cross_region,zone_3,9,9.0,0.0,False,8.05,baseline
order_0007956,TX,TX,South,South,same_state,zone_1,5,,,False,4.61,baseline
order_0007957,FL,AL,South,South,same_region,zone_2,7,6.0,0.0,False,17.11,baseline
order_0007958,CA,FL,West,South,cross_region,zone_3,9,14.0,5.0,True,33.7,baseline
order_0007959,LA,NY,South,Northeast,cross_region,zone_3,8,8.0,0.0,False,7.92,baseline
order_0007960,NH,TX,Northeast,South,cross_region,zone_3,9,9.0,0.0,False,7.71,baseline
order_0007961,CA,PA,West,Northeast,cross_region,zone_3,10,10.0,0.0,False,27.49,baseline
order_0007962,CA,NM,West,West,same_region,zone_2,7,10.0,3.0,True,6.19,baseline
order_0007963,HI,NY,West,Northeast,remote,zone_4,11,10.0,0.0,False,13.09,baseline
order_0007964,ID,DC,West,South,cross_region,zone_3,9,,,False,11.17,baseline
order_0007965,CA,NY,West,Northeast,cross_region,zone_3,8,,,False,41.72,baseline
order_0007966,AL,DC,South,South,same_region,zone_2,7,7.0,0.0,False,12.98,baseline
order_0007967,TX,VT,South,Northeast,cross_region,zone_3,9,9.0,0.0,False,18.16,baseline
order_0007968,WA,AZ,West,West,same_region,zone_2,6,6.0,0.0,False,14.77,baseline
order_0007969,DC,MA,South,Northeast,cross_region,zone_3,9,9.0,0.0,False,12.42,baseline
order_0007970,IL,AL,Midwest,South,cross_region,zone_3,9,8.0,0.0,False,10.64,baseline
order_0007971,CA,ME,West,Northeast,cross_region,zone_3,8,8.0,0.0,False,20.38,baseline
order_0007972,TX,CA,South,West,cross_region,zone_3,9,9.0,0.0,False,7.9,baseline
order_0007973,TX,FL,South,South,same_region,zone_2,7,7.0,0.0,False,5.31,baseline
order_0007974,MD,IN,South,Midwest,cross_region,zone_3,9,8.0,0.0,False,8.68,baseline
order_0007975,PA,GA,Northeast,South,cross_region,zone_3,9,8.0,0.0,False,8.68,baseline
order_0007976,FL,FL,South,South,same_state,zone_1,6,,,False,10.25,baseline
order_0007977,TX,WV,South,South,same_region,zone_2,7,6.0,0.0,False,5.05,baseline
order_0007978,CA,NV,West,West,same_region,zone_2,6,6.0,0.0,False,5.6,baseline
order_0007979,NV,TX,West,South,cross_region,zone_3,10,,,False,13.45,baseline
order_0007980,PA,FL,Northeast,South,cross_region,zone_3,9,9.0,0.0,False,10.41,baseline
order_0007981,NJ,FL,Northeast,South,cross_region,zone_3,9,9.0,0.0,False,9.01,baseline
order_0007982,SC,WY,South,West,cross_region,zone_3,8,12.0,4.0,True,7.99,baseline
order_0007983,GA,TN,South,South,same_region,zone_2,6,6.0,0.0,False,5.41,baseline
order_0007984,PA,SC,Northeast,South,cross_region,zone_3,9,8.0,0.0,False,7.89,baseline
order_0007985,MA,FL,Northeast,South,cross_region,zone_3,10,10.0,0.0,False,16.53,baseline
order_0007986,CO,WV,West,South,cross_region,zone_3,9,9.0,0.0,False,8.52,baseline
order_0007987,CA,FL,West,South,cross_region,zone_3,10,10.0,0.0,False,17.54,baseline
order_0007988,FL,FL,South,South,same_state,zone_1,5,4.0,0.0,False,4.02,baseline
order_0007989,NY,TX,Northeast,South,cross_region,zone_3,9,9.0,0.0,False,7.69,baseline
order_0007990,OH,PA,Midwest,Northeast,cross_region,zone_3,9,9.0,0.0,False,7.81,baseline
order_0007991,TX,TX,South,South,same_state,zone_1,5,4.0,0.0,False,9.2,baseline
order_0007992,NJ,NY,Northeast,Northeast,same_region,zone_2,7,7.0,0.0,False,6.24,baseline
order_0007993,FL,PA,South,Northeast,cross_region,zone_3,9,9.0,0.0,False,17.18,baseline
order_0007994,SC,DE,South,South,same_region,zone_2,7,7.0,0.0,False,5.73,baseline
order_0007995,NJ,TX,Northeast,South,cross_region,zone_3,9,9.0,0.0,False,8.23,baseline
order_0007996,NY,NY,Northeast,Northeast,same_state,zone_1,4,7.0,3.0,True,3.78,baseline
order_0007997,CA,TX,West,South,cross_region,zone_3,9,13.0,4.0,True,16.14,baseline
order_0007998,CA,MA,West,Northeast,cross_region,zone_3,9,8.0,0.0,False,16.1,baseline
order_0007999,AZ,DE,West,South,cross_region,zone_3,9,8.0,0.0,False,16.26,baseline
order_0008000,TX,MI,South,Midwest,cross_region,zone_3,9,9.0,0.0,False,7.91,baseline
order_0008001,NY,IL,Northeast,Midwest,cross_region,zone_3,9,9.0,0.0,False,8.3,baseline
order_0008002,TN,NY,South,Northeast,cross_region,zone_3,8,8.0,0.0,False,7.2,baseline
order_0008003,AZ,NM,West,West,same_region,zone_2,6,6.0,0.0,False,12.0,baseline
order_0008004,TX,PA,South,Northeast,cross_region,zone_3,10,10.0,0.0,False,17.21,baseline
order_0008005,TX,TX,South,South,same_state,zone_1,5,4.0,0.0,False,5.13,baseline
order_0008006,FL,IA,South,Midwest,cross_region,zone_3,9,14.0,5.0,True,8.15,baseline
order_0008007,OR,TX,West,South,cross_region,zone_3,9,13.0,4.0,True,8.11,baseline
order_0008008,CA,VT,West,Northeast,cross_region,zone_3,9,9.0,0.0,False,7.69,baseline
order_0008009,CA,HI,West,West,same_region,zone_2,7,,,False,20.89,baseline
order_0008010,IL,SC,Midwest,South,cross_region,zone_3,9,9.0,0.0,False,9.0,baseline
order_0008011,TX,OH,South,Midwest,cross_region,zone_3,9,9.0,0.0,False,17.19,baseline
order_0008012,PA,CA,Northeast,West,cross_region,zone_3,9,,,False,10.48,baseline
order_0008013,CA,LA,West,South,cross_region,zone_3,9,9.0,0.0,False,16.08,baseline
order_0008014,HI,CA,West,West,same_region,zone_2,6,6.0,0.0,False,13.03,baseline
order_0008015,HI,KS,West,Midwest,remote,zone_4,11,11.0,0.0,False,13.69,baseline
order_0008016,FL,GA,South,South,same_region,zone_2,7,,,False,7.01,baseline
order_0008017,OH,MN,Midwest,Midwest,same_region,zone_2,7,6.0,0.0,False,5.72,baseline
order_0008018,CA,TX,West,South,cross_region,zone_3,9,9.0,0.0,False,10.42,baseline
order_0008019,LA,DC,South,South,same_region,zone_2,7,7.0,0.0,False,6.17,baseline
order_0008020,HI,PA,West,Northeast,remote,zone_4,11,11.0,0.0,False,37.4,baseline
order_0008021,TN,NY,South,Northeast,cross_region,zone_3,8,8.0,0.0,False,36.11,baseline
order_0008022,NY,AR,Northeast,South,cross_region,zone_3,9,8.0,0.0,False,8.63,baseline
order_0008023,HI,TX,West,South,remote,zone_4,12,11.0,0.0,False,14.73,baseline
order_0008024,NJ,PA,Northeast,Northeast,same_region,zone_2,7,7.0,0.0,False,5.16,baseline
order_0008025,NJ,TX,Northeast,South,cross_region,zone_3,9,8.0,0.0,False,8.98,baseline
order_0008026,AK,FL,West,South,remote,zone_4,12,12.0,0.0,False,13.3,baseline
order_0008027,TX,OH,South,Midwest,cross_region,zone_3,10,10.0,0.0,False,12.07,baseline
order_0008028,LA,PA,South,Northeast,cross_region,zone_3,8,8.0,0.0,False,9.56,baseline
order_0008029,VA,WY,South,West,cross_region,zone_3,9,10.0,1.0,True,8.81,baseline
order_0008030,CA,FL,West,South,cross_region,zone_3,9,9.0,0.0,False,15.46,baseline
order_0008031,HI,CA,West,West,same_region,zone_2,7,7.0,0.0,False,5.05,baseline
order_0008032,AL,RI,South,Northeast,cross_region,zone_3,9,8.0,0.0,False,24.27,baseline
order_0008033,CA,NV,West,West,same_region,zone_2,7,7.0,0.0,False,12.22,baseline
order_0008034,IA,IL,Midwest,Midwest,same_region,zone_2,8,8.0,0.0,False,7.48,baseline
order_0008035,CA,CA,West,West,same_state,zone_1,5,4.0,0.0,False,11.74,baseline
order_0008036,CA,DC,West,South,cross_region,zone_3,10,10.0,0.0,False,8.85,baseline
order_0008037,CA,CA,West,West,same_state,zone_1,5,8.0,3.0,True,12.51,baseline
order_0008038,NY,CA,Northeast,West,cross_region,zone_3,9,9.0,0.0,False,27.41,baseline
order_0008039,NY,CA,Northeast,West,cross_region,zone_3,8,8.0,0.0,False,8.36,baseline
order_0008040,MO,RI,Midwest,Northeast,cross_region,zone_3,9,9.0,0.0,False,8.46,baseline
order_0008041,CA,OH,West,Midwest,cross_region,zone_3,9,9.0,0.0,False,10.18,baseline
order_0008042,HI,GA,West,South,remote,zone_4,11,11.0,0.0,False,13.3,baseline
order_0008043,OH,MN,Midwest,Midwest,same_region,zone_2,7,7.0,0.0,False,7.19,baseline
order_0008044,TX,TX,South,South,same_state,zone_1,6,9.0,3.0,True,3.93,baseline
order_0008045,FL,PA,South,Northeast,cross_region,zone_3,9,8.0,0.0,False,8.53,baseline
order_0008046,CA,NY,West,Northeast,cross_region,zone_3,9,11.0,2.0,True,7.87,baseline
order_0008047,DE,WV,South,South,same_region,zone_2,8,7.0,0.0,False,6.0,baseline
order_0008048,TX,PA,South,Northeast,cross_region,zone_3,9,10.0,1.0,True,15.6,baseline
order_0008049,FL,LA,South,South,same_region,zone_2,7,7.0,0.0,False,11.09,baseline
order_0008050,HI,OH,West,Midwest,remote,zone_4,11,11.0,0.0,False,12.64,baseline
order_0008051,OH,MA,Midwest,Northeast,cross_region,zone_3,9,8.0,0.0,False,8.78,baseline
order_0008052,CA,NY,West,Northeast,cross_region,zone_3,9,9.0,0.0,False,17.51,baseline
order_0008053,PA,KS,Northeast,Midwest,cross_region,zone_3,9,9.0,0.0,False,39.9,baseline
order_0008054,FL,LA,South,South,same_region,zone_2,8,,,False,10.69,baseline
order_0008055,NY,HI,Northeast,West,remote,zone_4,12,12.0,0.0,False,14.88,baseline
order_0008056,CA,CT,West,Northeast,cross_region,zone_3,10,10.0,0.0,False,11.74,baseline
order_0008057,CA,NY,West,Northeast,cross_region,zone_3,10,,,False,8.47,baseline
order_0008058,NJ,NC,Northeast,South,cross_region,zone_3,9,9.0,0.0,False,8.27,baseline
order_0008059,UT,GA,West,South,cross_region,zone_3,8,8.0,0.0,False,8.17,baseline
order_0008060,NJ,OH,Northeast,Midwest,cross_region,zone_3,10,10.0,0.0,False,8.47,baseline
order_0008061,HI,PA,West,Northeast,remote,zone_4,11,14.0,3.0,True,13.51,baseline
order_0008062,NV,TX,West,South,cross_region,zone_3,9,9.0,0.0,False,7.31,baseline
order_0008063,WV,ME,South,Northeast,cross_region,zone_3,9,13.0,4.0,True,15.46,baseline
order_0008064,NY,CA,Northeast,West,cross_region,zone_3,8,13.0,5.0,True,18.79,baseline
order_0008065,CA,PA,West,Northeast,cross_region,zone_3,9,9.0,0.0,False,18.2,baseline
order_0008066,OH,FL,Midwest,South,cross_region,zone_3,9,,,False,10.24,baseline
order_0008067,TN,OH,South,Midwest,cross_region,zone_3,9,9.0,0.0,False,18.69,baseline
order_0008068,IA,NY,Midwest,Northeast,cross_region,zone_3,9,,,False,9.0,baseline
order_0008069,WV,MI,South,Midwest,cross_region,zone_3,9,9.0,0.0,False,9.7,baseline
order_0008070,WA,GA,West,South,cross_region,zone_3,10,14.0,4.0,True,8.97,baseline
order_0008071,NJ,NV,Northeast,West,cross_region,zone_3,9,9.0,0.0,False,25.27,baseline
order_0008072,TX,OR,South,West,cross_region,zone_3,9,13.0,4.0,True,15.4,baseline
order_0008073,TX,MT,South,West,cross_region,zone_3,9,,,False,54.25,baseline
order_0008074,WY,CA,West,West,same_region,zone_2,7,12.0,5.0,True,8.26,baseline
order_0008075,ND,LA,Midwest,South,cross_region,zone_3,9,9.0,0.0,False,16.91,baseline
order_0008076,FL,FL,South,South,same_state,zone_1,5,4.0,0.0,False,17.07,baseline
order_0008077,MS,RI,South,Northeast,cross_region,zone_3,8,8.0,0.0,False,12.8,baseline
order_0008078,CA,KS,West,Midwest,cross_region,zone_3,8,7.0,0.0,False,8.54,baseline
order_0008079,TX,CA,South,West,cross_region,zone_3,9,9.0,0.0,False,8.48,baseline
order_0008080,HI,IL,West,Midwest,remote,zone_4,12,12.0,0.0,False,61.5,baseline
order_0008081,NY,NY,Northeast,Northeast,same_state,zone_1,5,4.0,0.0,False,3.92,baseline
order_0008082,CA,NC,West,South,cross_region,zone_3,10,15.0,5.0,True,8.36,baseline
order_0008083,NV,CA,West,West,same_region,zone_2,7,,,False,6.88,baseline
order_0008084,CT,WY,Northeast,West,cross_region,zone_3,9,13.0,4.0,True,7.78,baseline
order_0008085,IL,MI,Midwest,Midwest,same_region,zone_2,6,6.0,0.0,False,5.6,baseline
order_0008086,FL,WV,South,South,same_region,zone_2,7,7.0,0.0,False,5.9,baseline
order_0008087,CA,LA,West,South,cross_region,zone_3,9,9.0,0.0,False,7.67,baseline
order_0008088,CA,NM,West,West,same_region,zone_2,7,7.0,0.0,False,5.21,baseline
order_0008089,FL,CA,South,West,cross_region,zone_3,9,11.0,2.0,True,38.67,baseline
order_0008090,NY,GA,Northeast,South,cross_region,zone_3,9,9.0,0.0,False,8.04,baseline
order_0008091,CA,IL,West,Midwest,cross_region,zone_3,9,9.0,0.0,False,18.36,baseline
order_0008092,NY,FL,Northeast,South,cross_region,zone_3,10,,,False,26.49,baseline
order_0008093,AL,TX,South,South,same_region,zone_2,7,7.0,0.0,False,12.23,baseline
order_0008094,GA,CT,South,Northeast,cross_region,zone_3,9,9.0,0.0,False,8.4,baseline
order_0008095,GA,TX,South,South,same_region,zone_2,7,6.0,0.0,False,5.06,baseline
order_0008096,HI,FL,West,South,remote,zone_4,11,14.0,3.0,True,12.28,baseline
order_0008097,NY,NY,Northeast,Northeast,same_state,zone_1,4,3.0,0.0,False,13.59,baseline
order_0008098,MI,FL,Midwest,South,cross_region,zone_3,9,,,False,9.1,baseline
order_0008099,TX,CA,South,West,cross_region,zone_3,9,8.0,0.0,False,16.63,baseline
order_0008100,IL,OR,Midwest,West,cross_region,zone_3,9,9.0,0.0,False,16.64,baseline
order_0008101,NJ,FL,Northeast,South,cross_region,zone_3,10,10.0,0.0,False,8.39,baseline
order_0008102,PA,IN,Northeast,Midwest,cross_region,zone_3,9,9.0,0.0,False,8.24,baseline
order_0008103,ME,TX,Northeast,South,cross_region,zone_3,9,9.0,0.0,False,7.73,baseline
order_0008104,IL,KS,Midwest,Midwest,same_region,zone_2,7,6.0,0.0,False,19.74,baseline
order_0008105,CA,CA,West,West,same_state,zone_1,5,5.0,0.0,False,4.09,baseline
order_0008106,OR,IL,West,Midwest,cross_region,zone_3,9,8.0,0.0,False,24.33,baseline
order_0008107,NJ,PA,Northeast,Northeast,same_region,zone_2,7,7.0,0.0,False,11.41,baseline
order_0008108,ID,TX,West,South,cross_region,zone_3,9,9.0,0.0,False,7.88,baseline
order_0008109,PA,CA,Northeast,West,cross_region,zone_3,8,8.0,0.0,False,8.91,baseline
order_0008110,TX,FL,South,South,same_region,zone_2,7,6.0,0.0,False,5.91,baseline
order_0008111,FL,CA,South,West,cross_region,zone_3,10,10.0,0.0,False,18.07,baseline
order_0008112,CA,SC,West,South,cross_region,zone_3,9,8.0,0.0,False,15.66,baseline
order_0008113,RI,MD,Northeast,South,cross_region,zone_3,9,9.0,0.0,False,16.58,baseline
order_0008114,PA,CA,Northeast,West,cross_region,zone_3,9,9.0,0.0,False,7.91,baseline
order_0008115,WI,HI,Midwest,West,remote,zone_4,12,12.0,0.0,False,73.79,baseline
order_0008116,FL,TX,South,South,same_region,zone_2,7,,,False,23.85,baseline
order_0008117,NJ,WI,Northeast,Midwest,cross_region,zone_3,9,9.0,0.0,False,17.87,baseline
order_0008118,DE,SC,South,South,same_region,zone_2,8,8.0,0.0,False,6.48,baseline
order_0008119,MI,FL,Midwest,South,cross_region,zone_3,9,9.0,0.0,False,15.91,baseline
order_0008120,NY,NJ,Northeast,Northeast,same_region,zone_2,6,6.0,0.0,False,13.76,baseline
order_0008121,WA,NY,West,Northeast,cross_region,zone_3,10,10.0,0.0,False,8.04,baseline
order_0008122,AK,GA,West,South,remote,zone_4,12,12.0,0.0,False,24.83,baseline
order_0008123,TX,UT,South,West,cross_region,zone_3,10,11.0,1.0,True,25.28,baseline
order_0008124,FL,FL,South,South,same_state,zone_1,5,5.0,0.0,False,9.1,baseline
order_0008125,CT,NC,Northeast,South,cross_region,zone_3,9,,,False,16.69,baseline
order_0008126,NY,TX,Northeast,South,cross_region,zone_3,8,8.0,0.0,False,8.14,baseline
order_0008127,FL,NC,South,South,same_region,zone_2,7,7.0,0.0,False,4.93,baseline
order_0008128,CA,FL,West,South,cross_region,zone_3,9,9.0,0.0,False,20.68,baseline
order_0008129,CA,NE,West,Midwest,cross_region,zone_3,8,12.0,4.0,True,25.37,baseline
order_0008130,NH,OH,Northeast,Midwest,cross_region,zone_3,10,10.0,0.0,False,9.39,baseline
order_0008131,NJ,OH,Northeast,Midwest,cross_region,zone_3,10,13.0,3.0,True,10.11,baseline
order_0008132,TX,AK,South,West,remote,zone_4,12,11.0,0.0,False,12.52,baseline
order_0008133,OR,KY,West,South,cross_region,zone_3,10,10.0,0.0,False,9.73,baseline
order_0008134,NC,CA,South,West,cross_region,zone_3,10,,,False,20.98,baseline
order_0008135,AR,TX,South,South,same_region,zone_2,7,7.0,0.0,False,6.52,baseline
order_0008136,IL,MI,Midwest,Midwest,same_region,zone_2,8,8.0,0.0,False,6.94,baseline
order_0008137,NY,MI,Northeast,Midwest,cross_region,zone_3,10,11.0,1.0,True,7.73,baseline
order_0008138,OH,IL,Midwest,Midwest,same_region,zone_2,7,7.0,0.0,False,11.62,baseline
order_0008139,NJ,TX,Northeast,South,cross_region,zone_3,9,9.0,0.0,False,9.09,baseline
order_0008140,FL,TX,South,South,same_region,zone_2,8,8.0,0.0,False,23.94,baseline
order_0008141,NM,CA,West,West,same_region,zone_2,7,6.0,0.0,False,7.91,baseline
order_0008142,IL,CT,Midwest,Northeast,cross_region,zone_3,9,9.0,0.0,False,8.89,baseline
order_0008143,ND,CA,Midwest,West,cross_region,zone_3,9,10.0,1.0,True,26.1,baseline
order_0008144,TX,TN,South,South,same_region,zone_2,8,8.0,0.0,False,16.02,baseline
order_0008145,WA,KS,West,Midwest,cross_region,zone_3,10,9.0,0.0,False,9.08,baseline
order_0008146,NV,TX,West,South,cross_region,zone_3,9,13.0,4.0,True,16.96,baseline
order_0008147,FL,FL,South,South,same_state,zone_1,5,5.0,0.0,False,7.82,baseline
order_0008148,PA,GA,Northeast,South,cross_region,zone_3,10,10.0,0.0,False,8.09,baseline
order_0008149,CA,MI,West,Midwest,cross_region,zone_3,9,9.0,0.0,False,9.34,baseline
order_0008150,OR,GA,West,South,cross_region,zone_3,9,9.0,0.0,False,33.65,baseline
order_0008151,TX,MI,South,Midwest,cross_region,zone_3,9,9.0,0.0,False,16.03,baseline
order_0008152,NJ,NM,Northeast,West,cross_region,zone_3,9,9.0,0.0,False,8.92,baseline
order_0008153,OK,RI,South,Northeast,cross_region,zone_3,9,9.0,0.0,False,9.97,baseline
order_0008154,NJ,NV,Northeast,West,cross_region,zone_3,8,13.0,5.0,True,18.06,baseline
order_0008155,HI,RI,West,Northeast,remote,zone_4,11,11.0,0.0,False,12.83,baseline
order_0008156,FL,MI,South,Midwest,cross_region,zone_3,9,9.0,0.0,False,7.26,baseline
order_0008157,GA,MI,South,Midwest,cross_region,zone_3,9,9.0,0.0,False,11.0,baseline
order_0008158,IL,TX,Midwest,South,cross_region,zone_3,9,9.0,0.0,False,8.81,baseline
order_0008159,TN,TX,South,South,same_region,zone_2,7,7.0,0.0,False,10.9,baseline
order_0008160,CA,HI,West,West,same_region,zone_2,8,11.0,3.0,True,11.4,baseline
order_0008161,TX,NC,South,South,same_region,zone_2,7,,,False,5.67,baseline
order_0008162,TX,OK,South,South,same_region,zone_2,7,10.0,3.0,True,11.16,baseline
order_0008163,OH,NY,Midwest,Northeast,cross_region,zone_3,9,9.0,0.0,False,16.01,baseline
order_0008164,NH,NC,Northeast,South,cross_region,zone_3,9,8.0,0.0,False,7.91,baseline
order_0008165,CA,CA,West,West,same_state,zone_1,4,4.0,0.0,False,4.21,baseline
order_0008166,FL,CA,South,West,cross_region,zone_3,9,9.0,0.0,False,25.41,baseline
order_0008167,NJ,WY,Northeast,West,cross_region,zone_3,10,10.0,0.0,False,8.43,baseline
order_0008168,HI,CO,West,West,same_region,zone_2,6,6.0,0.0,False,29.72,baseline
order_0008169,NY,FL,Northeast,South,cross_region,zone_3,9,9.0,0.0,False,9.15,baseline
order_0008170,FL,NE,South,Midwest,cross_region,zone_3,10,14.0,4.0,True,17.07,baseline
order_0008171,NJ,NC,Northeast,South,cross_region,zone_3,9,8.0,0.0,False,10.76,baseline
order_0008172,NY,TN,Northeast,South,cross_region,zone_3,9,9.0,0.0,False,7.73,baseline
order_0008173,OH,NM,Midwest,West,cross_region,zone_3,8,7.0,0.0,False,7.98,baseline
order_0008174,NV,TX,West,South,cross_region,zone_3,10,10.0,0.0,False,25.91,baseline
order_0008175,PA,IL,Northeast,Midwest,cross_region,zone_3,9,9.0,0.0,False,8.36,baseline
order_0008176,DE,FL,South,South,same_region,zone_2,7,7.0,0.0,False,12.2,baseline
order_0008177,SD,TX,Midwest,South,cross_region,zone_3,9,9.0,0.0,False,7.35,baseline
order_0008178,NV,NY,West,Northeast,cross_region,zone_3,9,9.0,0.0,False,18.85,baseline
order_0008179,CA,FL,West,South,cross_region,zone_3,8,7.0,0.0,False,9.42,baseline
order_0008180,HI,NY,West,Northeast,remote,zone_4,12,11.0,0.0,False,38.33,baseline
order_0008181,OH,TX,Midwest,South,cross_region,zone_3,9,8.0,0.0,False,17.11,baseline
order_0008182,FL,KY,South,South,same_region,zone_2,7,,,False,5.81,baseline
order_0008183,IL,NY,Midwest,Northeast,cross_region,zone_3,10,10.0,0.0,False,17.35,baseline
order_0008184,HI,NY,West,Northeast,remote,zone_4,11,12.0,1.0,True,12.38,baseline
order_0008185,OH,OH,Midwest,Midwest,same_state,zone_1,5,5.0,0.0,False,9.61,baseline
order_0008186,NV,IL,West,Midwest,cross_region,zone_3,8,7.0,0.0,False,9.1,baseline
order_0008187,FL,FL,South,South,same_state,zone_1,6,6.0,0.0,False,5.05,baseline
order_0008188,NM,FL,West,South,cross_region,zone_3,10,10.0,0.0,False,10.04,baseline
order_0008189,TX,NY,South,Northeast,cross_region,zone_3,9,11.0,2.0,True,17.46,baseline
order_0008190,HI,TX,West,South,remote,zone_4,11,15.0,4.0,True,13.91,baseline
order_0008191,MN,TX,Midwest,South,cross_region,zone_3,9,9.0,0.0,False,7.2,baseline
order_0008192,TX,FL,South,South,same_region,zone_2,7,7.0,0.0,False,10.37,baseline
order_0008193,NY,NC,Northeast,South,cross_region,zone_3,10,,,False,9.71,baseline
order_0008194,ME,IL,Northeast,Midwest,cross_region,zone_3,9,9.0,0.0,False,17.0,baseline
order_0008195,PA,CO,Northeast,West,cross_region,zone_3,9,9.0,0.0,False,17.34,baseline
order_0008196,AZ,AR,West,South,cross_region,zone_3,9,9.0,0.0,False,8.22,baseline
order_0008197,NJ,NY,Northeast,Northeast,same_region,zone_2,7,11.0,4.0,True,5.17,baseline
order_0008198,OH,LA,Midwest,South,cross_region,zone_3,9,13.0,4.0,True,11.49,baseline
order_0008199,IL,OH,Midwest,Midwest,same_region,zone_2,8,7.0,0.0,False,8.36,baseline
order_0008200,AL,NC,South,South,same_region,zone_2,7,7.0,0.0,False,5.06,baseline
order_0008201,NJ,ID,Northeast,West,cross_region,zone_3,9,9.0,0.0,False,29.12,baseline
order_0008202,FL,NC,South,South,same_region,zone_2,7,6.0,0.0,False,6.21,baseline
order_0008203,MA,OH,Northeast,Midwest,cross_region,zone_3,9,9.0,0.0,False,27.23,baseline
order_0008204,CA,IA,West,Midwest,cross_region,zone_3,8,8.0,0.0,False,15.32,baseline
order_0008205,FL,CO,South,West,cross_region,zone_3,9,,,False,12.58,baseline
order_0008206,CA,MD,West,South,cross_region,zone_3,9,9.0,0.0,False,10.37,baseline
order_0008207,VT,AK,Northeast,West,remote,zone_4,11,11.0,0.0,False,12.99,baseline
order_0008208,CA,GA,West,South,cross_region,zone_3,9,8.0,0.0,False,9.7,baseline
order_0008209,FL,NY,South,Northeast,cross_region,zone_3,9,9.0,0.0,False,15.65,baseline
order_0008210,PA,OH,Northeast,Midwest,cross_region,zone_3,9,9.0,0.0,False,18.36,baseline
order_0008211,ID,HI,West,West,same_region,zone_2,8,8.0,0.0,False,6.22,baseline
order_0008212,FL,CA,South,West,cross_region,zone_3,9,9.0,0.0,False,24.78,baseline
order_0008213,CT,TX,Northeast,South,cross_region,zone_3,9,9.0,0.0,False,7.57,baseline
order_0008214,OH,CA,Midwest,West,cross_region,zone_3,9,9.0,0.0,False,16.21,baseline
order_0008215,OR,DC,West,South,cross_region,zone_3,9,9.0,0.0,False,14.77,baseline
order_0008216,CA,MA,West,Northeast,cross_region,zone_3,9,,,False,9.22,baseline
order_0008217,MT,VA,West,South,cross_region,zone_3,9,8.0,0.0,False,10.16,baseline
order_0008218,NY,IL,Northeast,Midwest,cross_region,zone_3,9,9.0,0.0,False,20.15,baseline
order_0008219,CA,AK,West,West,same_region,zone_2,8,8.0,0.0,False,6.12,baseline
order_0008220,NJ,WA,Northeast,West,cross_region,zone_3,10,9.0,0.0,False,9.3,baseline
order_0008221,TX,NJ,South,Northeast,cross_region,zone_3,10,9.0,0.0,False,9.13,baseline
order_0008222,TX,PA,South,Northeast,cross_region,zone_3,8,8.0,0.0,False,8.25,baseline
order_0008223,FL,MS,South,South,same_region,zone_2,7,7.0,0.0,False,17.67,baseline
order_0008224,NE,IL,Midwest,Midwest,same_region,zone_2,7,7.0,0.0,False,7.08,baseline
order_0008225,HI,IN,West,Midwest,remote,zone_4,12,13.0,1.0,True,17.24,baseline
order_0008226,HI,CA,West,West,same_region,zone_2,6,6.0,0.0,False,5.24,baseline
order_0008227,OH,NC,Midwest,South,cross_region,zone_3,9,8.0,0.0,False,7.64,baseline
order_0008228,CA,TX,West,South,cross_region,zone_3,9,9.0,0.0,False,8.54,baseline
order_0008229,FL,IL,South,Midwest,cross_region,zone_3,9,,,False,43.7,baseline
order_0008230,IL,CA,Midwest,West,cross_region,zone_3,9,9.0,0.0,False,8.25,baseline
order_0008231,CA,OH,West,Midwest,cross_region,zone_3,9,9.0,0.0,False,16.74,baseline
order_0008232,CA,TX,West,South,cross_region,zone_3,10,14.0,4.0,True,9.51,baseline
order_0008233,NY,OR,Northeast,West,cross_region,zone_3,8,8.0,0.0,False,7.69,baseline
order_0008234,PA,TX,Northeast,South,cross_region,zone_3,10,13.0,3.0,True,8.9,baseline
order_0008235,HI,OH,West,Midwest,remote,zone_4,11,11.0,0.0,False,27.6,baseline
order_0008236,NJ,IN,Northeast,Midwest,cross_region,zone_3,9,9.0,0.0,False,16.07,baseline
order_0008237,HI,CO,West,West,same_region,zone_2,6,,,False,6.14,baseline
order_0008238,CT,NY,Northeast,Northeast,same_region,zone_2,7,7.0,0.0,False,23.67,baseline
order_0008239,NV,FL,West,South,cross_region,zone_3,10,10.0,0.0,False,8.41,baseline
order_0008240,HI,CT,West,Northeast,remote,zone_4,11,12.0,1.0,True,12.97,baseline
order_0008241,IL,TX,Midwest,South,cross_region,zone_3,8,8.0,0.0,False,7.32,baseline
order_0008242,FL,MI,South,Midwest,cross_region,zone_3,9,,,False,8.09,baseline
order_0008243,FL,CA,South,West,cross_region,zone_3,9,9.0,0.0,False,8.32,baseline
order_0008244,MO,CA,Midwest,West,cross_region,zone_3,9,9.0,0.0,False,10.61,baseline
order_0008245,NY,CO,Northeast,West,cross_region,zone_3,9,9.0,0.0,False,8.43,baseline
order_0008246,TX,CA,South,West,cross_region,zone_3,9,9.0,0.0,False,7.89,baseline
order_0008247,CA,IN,West,Midwest,cross_region,zone_3,10,10.0,0.0,False,8.66,baseline
order_0008248,PA,IL,Northeast,Midwest,cross_region,zone_3,9,9.0,0.0,False,8.32,baseline
order_0008249,LA,NE,South,Midwest,cross_region,zone_3,9,8.0,0.0,False,8.11,baseline
order_0008250,CA,ND,West,Midwest,cross_region,zone_3,9,9.0,0.0,False,8.45,baseline
order_0008251,WA,CA,West,West,same_region,zone_2,7,7.0,0.0,False,23.79,baseline
order_0008252,FL,FL,South,South,same_state,zone_1,5,4.0,0.0,False,4.95,baseline
order_0008253,CA,WY,West,West,same_region,zone_2,8,11.0,3.0,True,37.4,baseline
order_0008254,HI,CA,West,West,same_region,zone_2,7,7.0,0.0,False,5.71,baseline
order_0008255,OR,GA,West,South,cross_region,zone_3,9,9.0,0.0,False,11.35,baseline
order_0008256,FL,CA,South,West,cross_region,zone_3,9,9.0,0.0,False,7.06,baseline
order_0008257,NV,ME,West,Northeast,cross_region,zone_3,8,7.0,0.0,False,15.54,baseline
order_0008258,HI,TX,West,South,remote,zone_4,11,11.0,0.0,False,25.93,baseline
order_0008259,PA,WA,Northeast,West,cross_region,zone_3,8,8.0,0.0,False,16.04,baseline
order_0008260,MO,SC,Midwest,South,cross_region,zone_3,10,9.0,0.0,False,8.67,baseline
order_0008261,CT,TX,Northeast,South,cross_region,zone_3,9,9.0,0.0,False,8.53,baseline
order_0008262,TX,TX,South,South,same_state,zone_1,5,4.0,0.0,False,4.6,baseline
order_0008263,TX,TX,South,South,same_state,zone_1,5,5.0,0.0,False,3.78,baseline
order_0008264,CA,ND,West,Midwest,cross_region,zone_3,9,9.0,0.0,False,14.5,baseline
order_0008265,OK,CA,South,West,cross_region,zone_3,9,9.0,0.0,False,15.72,baseline
order_0008266,GA,OH,South,Midwest,cross_region,zone_3,9,8.0,0.0,False,8.77,baseline
order_0008267,CA,NY,West,Northeast,cross_region,zone_3,9,,,False,8.52,baseline
order_0008268,CA,WA,West,West,same_region,zone_2,7,7.0,0.0,False,7.47,baseline
order_0008269,CO,OH,West,Midwest,cross_region,zone_3,10,10.0,0.0,False,22.94,baseline
order_0008270,MI,AR,Midwest,South,cross_region,zone_3,9,,,False,7.83,baseline
order_0008271,TX,OR,South,West,cross_region,zone_3,9,8.0,0.0,False,41.77,baseline
order_0008272,NJ,NC,Northeast,South,cross_region,zone_3,9,12.0,3.0,True,7.79,baseline
order_0008273,FL,NY,South,Northeast,cross_region,zone_3,9,9.0,0.0,False,9.11,baseline
order_0008274,FL,NY,South,Northeast,cross_region,zone_3,9,9.0,0.0,False,7.97,baseline
order_0008275,MT,TX,West,South,cross_region,zone_3,10,10.0,0.0,False,16.54,baseline
order_0008276,CA,VT,West,Northeast,cross_region,zone_3,10,10.0,0.0,False,10.26,baseline
order_0008277,NM,ID,West,West,same_region,zone_2,7,7.0,0.0,False,12.34,baseline
order_0008278,IL,WI,Midwest,Midwest,same_region,zone_2,7,7.0,0.0,False,13.49,baseline
order_0008279,NY,VT,Northeast,Northeast,same_region,zone_2,7,7.0,0.0,False,6.22,baseline
order_0008280,NV,IL,West,Midwest,cross_region,zone_3,9,9.0,0.0,False,7.69,baseline
order_0008281,FL,ME,South,Northeast,cross_region,zone_3,10,10.0,0.0,False,8.43,baseline
order_0008282,PA,TX,Northeast,South,cross_region,zone_3,9,9.0,0.0,False,8.86,baseline
order_0008283,HI,CA,West,West,same_region,zone_2,6,6.0,0.0,False,6.11,baseline
order_0008284,NJ,MI,Northeast,Midwest,cross_region,zone_3,9,13.0,4.0,True,19.14,baseline
order_0008285,FL,ME,South,Northeast,cross_region,zone_3,9,9.0,0.0,False,30.94,baseline
order_0008286,CA,CA,West,West,same_state,zone_1,5,5.0,0.0,False,29.46,baseline
order_0008287,FL,NY,South,Northeast,cross_region,zone_3,9,8.0,0.0,False,25.67,baseline
order_0008288,NE,CA,Midwest,West,cross_region,zone_3,9,9.0,0.0,False,24.6,baseline
order_0008289,FL,WY,South,West,cross_region,zone_3,9,9.0,0.0,False,19.28,baseline
order_0008290,TX,NY,South,Northeast,cross_region,zone_3,9,9.0,0.0,False,9.04,baseline
order_0008291,CA,NC,West,South,cross_region,zone_3,9,,,False,11.28,baseline
order_0008292,CA,OK,West,South,cross_region,zone_3,9,9.0,0.0,False,15.58,baseline
order_0008293,NY,FL,Northeast,South,cross_region,zone_3,9,9.0,0.0,False,7.27,baseline
order_0008294,OR,NC,West,South,cross_region,zone_3,9,9.0,0.0,False,12.3,baseline
order_0008295,NJ,NY,Northeast,Northeast,same_region,zone_2,7,7.0,0.0,False,5.32,baseline
order_0008296,HI,TX,West,South,remote,zone_4,11,11.0,0.0,False,14.06,baseline
order_0008297,NY,OH,Northeast,Midwest,cross_region,zone_3,9,9.0,0.0,False,10.24,baseline
order_0008298,HI,GA,West,South,remote,zone_4,11,11.0,0.0,False,38.52,baseline
order_0008299,FL,RI,South,Northeast,cross_region,zone_3,9,9.0,0.0,False,24.96,baseline
order_0008300,NJ,NE,Northeast,Midwest,cross_region,zone_3,9,9.0,0.0,False,11.09,baseline
order_0008301,NY,NM,Northeast,West,cross_region,zone_3,9,12.0,3.0,True,7.79,baseline
order_0008302,CA,MI,West,Midwest,cross_region,zone_3,9,9.0,0.0,False,7.77,baseline
order_0008303,WA,FL,West,South,cross_region,zone_3,8,8.0,0.0,False,27.75,baseline
order_0008304,MA,GA,Northeast,South,cross_region,zone_3,10,10.0,0.0,False,46.62,baseline
order_0008305,KS,NC,Midwest,South,cross_region,zone_3,9,13.0,4.0,True,9.41,baseline
order_0008306,NV,ME,West,Northeast,cross_region,zone_3,9,8.0,0.0,False,17.48,baseline
order_0008307,NM,PA,West,Northeast,cross_region,zone_3,9,8.0,0.0,False,7.79,baseline
order_0008308,FL,IA,South,Midwest,cross_region,zone_3,9,8.0,0.0,False,24.25,baseline
order_0008309,TX,TX,South,South,same_state,zone_1,5,5.0,0.0,False,6.7,baseline
order_0008310,NJ,MI,Northeast,Midwest,cross_region,zone_3,9,8.0,0.0,False,17.18,baseline
order_0008311,OR,CO,West,West,same_region,zone_2,7,7.0,0.0,False,5.82,baseline
order_0008312,TX,OK,South,South,same_region,zone_2,7,7.0,0.0,False,25.29,baseline
order_0008313,CA,NC,West,South,cross_region,zone_3,9,8.0,0.0,False,32.32,baseline
order_0008314,OH,WY,Midwest,West,cross_region,zone_3,10,10.0,0.0,False,22.91,baseline
order_0008315,CA,TX,West,South,cross_region,zone_3,9,8.0,0.0,False,17.34,baseline
order_0008316,CA,KS,West,Midwest,cross_region,zone_3,9,,,False,8.28,baseline
order_0008317,HI,NY,West,Northeast,remote,zone_4,12,11.0,0.0,False,26.28,baseline
order_0008318,HI,IL,West,Midwest,remote,zone_4,11,12.0,1.0,True,13.16,baseline
order_0008319,FL,FL,South,South,same_state,zone_1,5,,,False,3.73,baseline
order_0008320,FL,NY,South,Northeast,cross_region,zone_3,9,9.0,0.0,False,11.18,baseline
order_0008321,DC,IA,South,Midwest,cross_region,zone_3,9,10.0,1.0,True,9.01,baseline
order_0008322,TX,CA,South,West,cross_region,zone_3,9,9.0,0.0,False,24.42,baseline
order_0008323,FL,FL,South,South,same_state,zone_1,5,5.0,0.0,False,29.64,baseline
order_0008324,NJ,FL,Northeast,South,cross_region,zone_3,9,8.0,0.0,False,16.69,baseline
order_0008325,WV,NY,South,Northeast,cross_region,zone_3,9,9.0,0.0,False,16.65,baseline
order_0008326,PA,CA,Northeast,West,cross_region,zone_3,8,7.0,0.0,False,8.51,baseline
order_0008327,MI,ND,Midwest,Midwest,same_region,zone_2,7,,,False,6.58,baseline
order_0008328,IL,TX,Midwest,South,cross_region,zone_3,9,8.0,0.0,False,15.91,baseline
order_0008329,NE,MS,Midwest,South,cross_region,zone_3,9,9.0,0.0,False,10.63,baseline
order_0008330,TX,ND,South,Midwest,cross_region,zone_3,9,8.0,0.0,False,49.01,baseline
order_0008331,CA,FL,West,South,cross_region,zone_3,9,9.0,0.0,False,18.16,baseline
order_0008332,FL,MI,South,Midwest,cross_region,zone_3,9,9.0,0.0,False,16.66,baseline
order_0008333,NY,AZ,Northeast,West,cross_region,zone_3,9,,,False,16.98,baseline
order_0008334,HI,TX,West,South,remote,zone_4,11,11.0,0.0,False,12.58,baseline
order_0008335,CA,WA,West,West,same_region,zone_2,7,6.0,0.0,False,18.45,baseline
order_0008336,IL,TX,Midwest,South,cross_region,zone_3,9,10.0,1.0,True,16.37,baseline
order_0008337,LA,OR,South,West,cross_region,zone_3,8,8.0,0.0,False,9.38,baseline
order_0008338,GA,KY,South,South,same_region,zone_2,7,7.0,0.0,False,15.57,baseline
order_0008339,OH,FL,Midwest,South,cross_region,zone_3,9,9.0,0.0,False,24.09,baseline
order_0008340,CA,PA,West,Northeast,cross_region,zone_3,10,10.0,0.0,False,50.03,baseline
order_0008341,OH,CA,Midwest,West,cross_region,zone_3,9,9.0,0.0,False,7.99,baseline
order_0008342,OR,IL,West,Midwest,cross_region,zone_3,10,,,False,32.63,baseline
order_0008343,GA,IL,South,Midwest,cross_region,zone_3,9,,,False,8.74,baseline
order_0008344,HI,KY,West,South,remote,zone_4,11,,,False,40.42,baseline
order_0008345,TN,NC,South,South,same_region,zone_2,7,6.0,0.0,False,6.54,baseline
order_0008346,CA,GA,West,South,cross_region,zone_3,9,8.0,0.0,False,9.46,baseline
order_0008347,NJ,FL,Northeast,South,cross_region,zone_3,9,9.0,0.0,False,17.42,baseline
order_0008348,PA,CA,Northeast,West,cross_region,zone_3,9,8.0,0.0,False,7.9,baseline
order_0008349,FL,IL,South,Midwest,cross_region,zone_3,9,9.0,0.0,False,8.54,baseline
order_0008350,CA,NC,West,South,cross_region,zone_3,10,12.0,2.0,True,10.03,baseline
order_0008351,ME,CA,Northeast,West,cross_region,zone_3,9,11.0,2.0,True,7.77,baseline
order_0008352,MT,TX,West,South,cross_region,zone_3,9,9.0,0.0,False,8.76,baseline
order_0008353,GA,ME,South,Northeast,cross_region,zone_3,9,13.0,4.0,True,10.19,baseline
order_0008354,CA,IL,West,Midwest,cross_region,zone_3,9,9.0,0.0,False,7.95,baseline
order_0008355,TX,FL,South,South,same_region,zone_2,7,7.0,0.0,False,5.85,baseline
order_0008356,IL,NY,Midwest,Northeast,cross_region,zone_3,10,10.0,0.0,False,20.19,baseline
order_0008357,VA,NY,South,Northeast,cross_region,zone_3,9,9.0,0.0,False,8.0,baseline
order_0008358,NJ,FL,Northeast,South,cross_region,zone_3,9,9.0,0.0,False,18.46,baseline
order_0008359,AL,NC,South,South,same_region,zone_2,7,6.0,0.0,False,7.41,baseline
order_0008360,NY,FL,Northeast,South,cross_region,zone_3,9,9.0,0.0,False,8.08,baseline
order_0008361,OH,WY,Midwest,West,cross_region,zone_3,9,8.0,0.0,False,15.52,baseline
order_0008362,NJ,CA,Northeast,West,cross_region,zone_3,9,9.0,0.0,False,7.73,baseline
order_0008363,FL,ND,South,Midwest,cross_region,zone_3,10,,,False,17.53,baseline
order_0008364,CA,ID,West,West,same_region,zone_2,6,6.0,0.0,False,5.78,baseline
order_0008365,FL,IL,South,Midwest,cross_region,zone_3,9,11.0,2.0,True,17.33,baseline
order_0008366,MS,CA,South,West,cross_region,zone_3,9,9.0,0.0,False,30.78,baseline
order_0008367,AL,TX,South,South,same_region,zone_2,7,8.0,1.0,True,5.5,baseline
order_0008368,IN,SC,Midwest,South,cross_region,zone_3,10,10.0,0.0,False,8.75,baseline
order_0008369,WA,IL,West,Midwest,cross_region,zone_3,9,9.0,0.0,False,16.46,baseline
order_0008370,AL,NC,South,South,same_region,zone_2,7,6.0,0.0,False,10.29,baseline
order_0008371,MS,MO,South,Midwest,cross_region,zone_3,8,7.0,0.0,False,8.02,baseline
order_0008372,NY,MA,Northeast,Northeast,same_region,zone_2,6,5.0,0.0,False,14.07,baseline
order_0008373,WA,PA,West,Northeast,cross_region,zone_3,9,8.0,0.0,False,9.79,baseline
order_0008374,HI,KS,West,Midwest,remote,zone_4,11,11.0,0.0,False,13.95,baseline
order_0008375,SC,CA,South,West,cross_region,zone_3,9,8.0,0.0,False,8.47,baseline
order_0008376,FL,UT,South,West,cross_region,zone_3,8,8.0,0.0,False,8.08,baseline
order_0008377,NE,CA,Midwest,West,cross_region,zone_3,8,8.0,0.0,False,8.09,baseline
order_0008378,AR,CA,South,West,cross_region,zone_3,9,9.0,0.0,False,16.67,baseline
order_0008379,NJ,PA,Northeast,Northeast,same_region,zone_2,7,7.0,0.0,False,11.69,baseline
order_0008380,VT,CA,Northeast,West,cross_region,zone_3,8,7.0,0.0,False,29.44,baseline
order_0008381,TX,MI,South,Midwest,cross_region,zone_3,9,8.0,0.0,False,27.9,baseline
order_0008382,LA,PA,South,Northeast,cross_region,zone_3,9,9.0,0.0,False,34.47,baseline
order_0008383,VA,NC,South,South,same_region,zone_2,8,8.0,0.0,False,7.72,baseline
order_0008384,CO,VA,West,South,cross_region,zone_3,9,,,False,16.38,baseline
order_0008385,FL,WI,South,Midwest,cross_region,zone_3,8,8.0,0.0,False,16.39,baseline
order_0008386,TX,NM,South,West,cross_region,zone_3,9,9.0,0.0,False,8.02,baseline
order_0008387,CA,ND,West,Midwest,cross_region,zone_3,9,11.0,2.0,True,7.9,baseline
order_0008388,NY,SC,Northeast,South,cross_region,zone_3,9,9.0,0.0,False,9.22,baseline
order_0008389,HI,TX,West,South,remote,zone_4,11,16.0,5.0,True,15.44,baseline
order_0008390,ME,NY,Northeast,Northeast,same_region,zone_2,7,6.0,0.0,False,7.4,baseline
order_0008391,TX,MI,South,Midwest,cross_region,zone_3,9,9.0,0.0,False,43.01,baseline
order_0008392,NY,TX,Northeast,South,cross_region,zone_3,9,8.0,0.0,False,25.88,baseline
order_0008393,HI,CA,West,West,same_region,zone_2,6,6.0,0.0,False,10.6,baseline
order_0008394,TX,NY,South,Northeast,cross_region,zone_3,9,8.0,0.0,False,23.59,baseline
order_0008395,VT,CO,Northeast,West,cross_region,zone_3,9,,,False,29.79,baseline
order_0008396,WI,FL,Midwest,South,cross_region,zone_3,10,15.0,5.0,True,9.97,baseline
order_0008397,NY,PA,Northeast,Northeast,same_region,zone_2,7,7.0,0.0,False,11.75,baseline
order_0008398,NJ,CA,Northeast,West,cross_region,zone_3,9,9.0,0.0,False,19.88,baseline
order_0008399,MS,TX,South,South,same_region,zone_2,6,6.0,0.0,False,5.66,baseline
order_0008400,MS,PA,South,Northeast,cross_region,zone_3,9,9.0,0.0,False,18.47,baseline
order_0008401,TX,CA,South,West,cross_region,zone_3,10,10.0,0.0,False,22.67,baseline
order_0008402,NJ,DE,Northeast,South,cross_region,zone_3,9,9.0,0.0,False,8.0,baseline
order_0008403,CA,CA,West,West,same_state,zone_1,6,6.0,0.0,False,12.84,baseline
order_0008404,TX,CO,South,West,cross_region,zone_3,9,8.0,0.0,False,17.44,baseline
order_0008405,NM,FL,West,South,cross_region,zone_3,9,8.0,0.0,False,10.71,baseline
order_0008406,TN,TX,South,South,same_region,zone_2,6,5.0,0.0,False,8.45,baseline
order_0008407,NJ,FL,Northeast,South,cross_region,zone_3,9,9.0,0.0,False,17.61,baseline
order_0008408,HI,VA,West,South,remote,zone_4,12,12.0,0.0,False,56.79,baseline
order_0008409,LA,CA,South,West,cross_region,zone_3,8,12.0,4.0,True,15.97,baseline
order_0008410,TX,SD,South,Midwest,cross_region,zone_3,9,,,False,18.63,baseline
order_0008411,NJ,CA,Northeast,West,cross_region,zone_3,9,9.0,0.0,False,18.8,baseline
order_0008412,CA,FL,West,South,cross_region,zone_3,9,12.0,3.0,True,9.1,baseline
order_0008413,MS,NC,South,South,same_region,zone_2,7,7.0,0.0,False,5.91,baseline
order_0008414,MA,TX,Northeast,South,cross_region,zone_3,9,9.0,0.0,False,8.04,baseline
order_0008415,TN,PA,South,Northeast,cross_region,zone_3,9,9.0,0.0,False,43.32,baseline
order_0008416,FL,TX,South,South,same_region,zone_2,7,7.0,0.0,False,28.27,baseline
order_0008417,NJ,NC,Northeast,South,cross_region,zone_3,9,9.0,0.0,False,15.66,baseline
order_0008418,HI,NY,West,Northeast,remote,zone_4,11,10.0,0.0,False,30.42,baseline
order_0008419,FL,OH,South,Midwest,cross_region,zone_3,9,9.0,0.0,False,17.17,baseline
order_0008420,PA,CA,Northeast,West,cross_region,zone_3,9,8.0,0.0,False,18.21,baseline
order_0008421,FL,WA,South,West,cross_region,zone_3,9,,,False,9.54,baseline
order_0008422,ID,MS,West,South,cross_region,zone_3,9,9.0,0.0,False,8.43,baseline
order_0008423,TX,NY,South,Northeast,cross_region,zone_3,9,,,False,7.98,baseline
order_0008424,TX,IL,South,Midwest,cross_region,zone_3,9,9.0,0.0,False,7.24,baseline
order_0008425,FL,CA,South,West,cross_region,zone_3,10,10.0,0.0,False,19.88,baseline
order_0008426,NY,PA,Northeast,Northeast,same_region,zone_2,7,7.0,0.0,False,32.8,baseline
order_0008427,ND,MI,Midwest,Midwest,same_region,zone_2,7,,,False,5.24,baseline
order_0008428,OR,MA,West,Northeast,cross_region,zone_3,9,9.0,0.0,False,35.61,baseline
order_0008429,IL,AL,Midwest,South,cross_region,zone_3,9,12.0,3.0,True,9.67,baseline
order_0008430,FL,NV,South,West,cross_region,zone_3,10,,,False,17.96,baseline
order_0008431,MS,FL,South,South,same_region,zone_2,7,7.0,0.0,False,19.56,baseline
order_0008432,CO,IL,West,Midwest,cross_region,zone_3,9,9.0,0.0,False,16.2,baseline
order_0008433,LA,FL,South,South,same_region,zone_2,6,6.0,0.0,False,10.56,baseline
order_0008434,FL,NE,South,Midwest,cross_region,zone_3,9,9.0,0.0,False,8.24,baseline
order_0008435,NY,WV,Northeast,South,cross_region,zone_3,9,9.0,0.0,False,12.17,baseline
order_0008436,NV,CA,West,West,same_region,zone_2,6,6.0,0.0,False,5.87,baseline
order_0008437,TX,CT,South,Northeast,cross_region,zone_3,9,9.0,0.0,False,17.2,baseline
order_0008438,AZ,CA,West,West,same_region,zone_2,7,7.0,0.0,False,7.22,baseline
order_0008439,NY,TX,Northeast,South,cross_region,zone_3,9,9.0,0.0,False,8.79,baseline
order_0008440,TX,IL,South,Midwest,cross_region,zone_3,10,9.0,0.0,False,9.03,baseline
order_0008441,IL,CA,Midwest,West,cross_region,zone_3,9,14.0,5.0,True,15.83,baseline
order_0008442,MA,TX,Northeast,South,cross_region,zone_3,9,9.0,0.0,False,8.12,baseline
order_0008443,VT,CO,Northeast,West,cross_region,zone_3,9,9.0,0.0,False,20.4,baseline
order_0008444,MA,NJ,Northeast,Northeast,same_region,zone_2,7,10.0,3.0,True,5.2,baseline
order_0008445,CA,MI,West,Midwest,cross_region,zone_3,9,8.0,0.0,False,8.31,baseline
order_0008446,NH,OH,Northeast,Midwest,cross_region,zone_3,8,11.0,3.0,True,16.13,baseline
order_0008447,WV,ND,South,Midwest,cross_region,zone_3,9,9.0,0.0,False,26.25,baseline
order_0008448,IL,FL,Midwest,South,cross_region,zone_3,9,9.0,0.0,False,12.13,baseline
order_0008449,PA,GA,Northeast,South,cross_region,zone_3,8,8.0,0.0,False,7.75,baseline
order_0008450,CA,OH,West,Midwest,cross_region,zone_3,9,8.0,0.0,False,8.27,baseline
order_0008451,CA,MA,West,Northeast,cross_region,zone_3,9,13.0,4.0,True,8.71,baseline
order_0008452,FL,SD,South,Midwest,cross_region,zone_3,9,8.0,0.0,False,16.34,baseline
order_0008453,MN,MI,Midwest,Midwest,same_region,zone_2,7,6.0,0.0,False,14.37,baseline
order_0008454,FL,GA,South,South,same_region,zone_2,7,6.0,0.0,False,30.93,baseline
order_0008455,LA,CA,South,West,cross_region,zone_3,8,7.0,0.0,False,17.44,baseline
order_0008456,IL,UT,Midwest,West,cross_region,zone_3,9,11.0,2.0,True,15.78,baseline
order_0008457,PA,FL,Northeast,South,cross_region,zone_3,9,9.0,0.0,False,10.08,baseline
order_0008458,NJ,MS,Northeast,South,cross_region,zone_3,9,8.0,0.0,False,8.99,baseline
order_0008459,CT,WI,Northeast,Midwest,cross_region,zone_3,10,10.0,0.0,False,64.23,baseline
order_0008460,FL,KS,South,Midwest,cross_region,zone_3,9,9.0,0.0,False,7.87,baseline
order_0008461,FL,OH,South,Midwest,cross_region,zone_3,10,10.0,0.0,False,10.16,baseline
order_0008462,DC,MS,South,South,same_region,zone_2,7,7.0,0.0,False,8.48,baseline
order_0008463,FL,RI,South,Northeast,cross_region,zone_3,9,12.0,3.0,True,9.05,baseline
order_0008464,TN,FL,South,South,same_region,zone_2,7,7.0,0.0,False,21.83,baseline
order_0008465,HI,TX,West,South,remote,zone_4,11,,,False,13.52,baseline
order_0008466,DC,GA,South,South,same_region,zone_2,7,6.0,0.0,False,12.44,baseline
order_0008467,ND,WA,Midwest,West,cross_region,zone_3,9,8.0,0.0,False,7.46,baseline
order_0008468,CA,FL,West,South,cross_region,zone_3,9,,,False,8.46,baseline
order_0008469,CA,IA,West,Midwest,cross_region,zone_3,9,8.0,0.0,False,9.25,baseline
order_0008470,FL,NY,South,Northeast,cross_region,zone_3,9,12.0,3.0,True,43.9,baseline
order_0008471,UT,NV,West,West,same_region,zone_2,7,7.0,0.0,False,6.84,baseline
order_0008472,NV,MD,West,South,cross_region,zone_3,9,9.0,0.0,False,45.91,baseline
order_0008473,AK,TX,West,South,remote,zone_4,13,13.0,0.0,False,14.08,baseline
order_0008474,NJ,NE,Northeast,Midwest,cross_region,zone_3,9,,,False,8.03,baseline
order_0008475,OH,FL,Midwest,South,cross_region,zone_3,8,8.0,0.0,False,34.7,baseline
order_0008476,SC,TX,South,South,same_region,zone_2,8,8.0,0.0,False,5.2,baseline
order_0008477,GA,PA,South,Northeast,cross_region,zone_3,9,9.0,0.0,False,35.69,baseline
order_0008478,MO,TX,Midwest,South,cross_region,zone_3,9,9.0,0.0,False,10.01,baseline
order_0008479,NY,MT,Northeast,West,cross_region,zone_3,8,8.0,0.0,False,8.79,baseline
order_0008480,SC,WI,South,Midwest,cross_region,zone_3,9,9.0,0.0,False,9.66,baseline
order_0008481,CA,TX,West,South,cross_region,zone_3,9,8.0,0.0,False,7.56,baseline
order_0008482,CA,TX,West,South,cross_region,zone_3,10,,,False,9.11,baseline
order_0008483,LA,IL,South,Midwest,cross_region,zone_3,10,10.0,0.0,False,8.64,baseline
order_0008484,CA,TX,West,South,cross_region,zone_3,10,10.0,0.0,False,8.45,baseline
order_0008485,NJ,PA,Northeast,Northeast,same_region,zone_2,7,7.0,0.0,False,30.47,baseline
order_0008486,MI,NJ,Midwest,Northeast,cross_region,zone_3,10,,,False,43.73,baseline
order_0008487,WA,IL,West,Midwest,cross_region,zone_3,9,9.0,0.0,False,27.99,baseline
order_0008488,FL,MI,South,Midwest,cross_region,zone_3,8,8.0,0.0,False,26.11,baseline
order_0008489,HI,NY,West,Northeast,remote,zone_4,11,,,False,16.24,baseline
order_0008490,AZ,UT,West,West,same_region,zone_2,7,7.0,0.0,False,11.18,baseline
order_0008491,TX,CA,South,West,cross_region,zone_3,9,8.0,0.0,False,10.32,baseline
order_0008492,KY,TX,South,South,same_region,zone_2,7,,,False,12.05,baseline
order_0008493,HI,TX,West,South,remote,zone_4,12,11.0,0.0,False,13.45,baseline
order_0008494,CA,RI,West,Northeast,cross_region,zone_3,9,13.0,4.0,True,7.72,baseline
order_0008495,CA,GA,West,South,cross_region,zone_3,9,12.0,3.0,True,17.39,baseline
order_0008496,MA,NY,Northeast,Northeast,same_region,zone_2,7,6.0,0.0,False,5.11,baseline
order_0008497,TX,NC,South,South,same_region,zone_2,8,8.0,0.0,False,21.4,baseline
order_0008498,NM,CA,West,West,same_region,zone_2,7,7.0,0.0,False,10.71,baseline
order_0008499,MT,PA,West,Northeast,cross_region,zone_3,9,9.0,0.0,False,27.81,baseline
order_0008500,DC,AR,South,South,same_region,zone_2,8,13.0,5.0,True,19.12,baseline
order_0008501,OH,AL,Midwest,South,cross_region,zone_3,9,,,False,19.07,baseline
order_0008502,IL,WI,Midwest,Midwest,same_region,zone_2,7,12.0,5.0,True,7.72,baseline
order_0008503,PA,FL,Northeast,South,cross_region,zone_3,10,10.0,0.0,False,35.01,baseline
order_0008504,OH,OR,Midwest,West,cross_region,zone_3,9,9.0,0.0,False,8.53,baseline
order_0008505,NY,DE,Northeast,South,cross_region,zone_3,8,8.0,0.0,False,26.53,baseline
order_0008506,CT,IL,Northeast,Midwest,cross_region,zone_3,10,9.0,0.0,False,10.51,baseline
order_0008507,GA,IL,South,Midwest,cross_region,zone_3,9,8.0,0.0,False,7.6,baseline
order_0008508,LA,CA,South,West,cross_region,zone_3,9,9.0,0.0,False,21.47,baseline
order_0008509,LA,IL,South,Midwest,cross_region,zone_3,9,9.0,0.0,False,10.91,baseline
order_0008510,HI,ID,West,West,same_region,zone_2,6,11.0,5.0,True,27.94,baseline
order_0008511,OR,GA,West,South,cross_region,zone_3,9,,,False,37.15,baseline
order_0008512,TX,NY,South,Northeast,cross_region,zone_3,9,9.0,0.0,False,15.99,baseline
order_0008513,NY,TX,Northeast,South,cross_region,zone_3,9,8.0,0.0,False,17.35,baseline
order_0008514,CO,CA,West,West,same_region,zone_2,7,7.0,0.0,False,4.81,baseline
order_0008515,IA,AR,Midwest,South,cross_region,zone_3,10,14.0,4.0,True,10.67,baseline
order_0008516,MN,TX,Midwest,South,cross_region,zone_3,9,9.0,0.0,False,41.0,baseline
order_0008517,AZ,CO,West,West,same_region,zone_2,7,7.0,0.0,False,5.72,baseline
order_0008518,NH,TX,Northeast,South,cross_region,zone_3,9,9.0,0.0,False,30.27,baseline
order_0008519,VA,AR,South,South,same_region,zone_2,7,7.0,0.0,False,5.33,baseline
order_0008520,PA,CA,Northeast,West,cross_region,zone_3,9,9.0,0.0,False,17.84,baseline
order_0008521,HI,CA,West,West,same_region,zone_2,6,6.0,0.0,False,20.83,baseline
order_0008522,IL,MI,Midwest,Midwest,same_region,zone_2,7,7.0,0.0,False,5.81,baseline
order_0008523,AR,CO,South,West,cross_region,zone_3,9,9.0,0.0,False,16.82,baseline
order_0008524,CA,NY,West,Northeast,cross_region,zone_3,9,9.0,0.0,False,8.27,baseline
order_0008525,ID,NE,West,Midwest,cross_region,zone_3,9,10.0,1.0,True,8.77,baseline
order_0008526,AZ,TX,West,South,cross_region,zone_3,8,8.0,0.0,False,16.65,baseline
order_0008527,NH,CA,Northeast,West,cross_region,zone_3,9,10.0,1.0,True,30.39,baseline
order_0008528,WI,IL,Midwest,Midwest,same_region,zone_2,7,6.0,0.0,False,17.37,baseline
order_0008529,CA,NY,West,Northeast,cross_region,zone_3,9,9.0,0.0,False,10.96,baseline
order_0008530,CA,TX,West,South,cross_region,zone_3,10,9.0,0.0,False,9.54,baseline
order_0008531,NJ,TX,Northeast,South,cross_region,zone_3,9,9.0,0.0,False,16.47,baseline
order_0008532,IL,CA,Midwest,West,cross_region,zone_3,9,9.0,0.0,False,10.33,baseline
order_0008533,TX,NC,South,South,same_region,zone_2,7,12.0,5.0,True,7.45,baseline
order_0008534,HI,AR,West,South,remote,zone_4,11,11.0,0.0,False,37.26,baseline
order_0008535,FL,TX,South,South,same_region,zone_2,7,7.0,0.0,False,18.01,baseline
order_0008536,NH,PA,Northeast,Northeast,same_region,zone_2,8,8.0,0.0,False,18.89,baseline
order_0008537,CA,NM,West,West,same_region,zone_2,7,,,False,8.96,baseline
order_0008538,CA,NY,West,Northeast,cross_region,zone_3,9,14.0,5.0,True,20.94,baseline
order_0008539,MA,CA,Northeast,West,cross_region,zone_3,9,9.0,0.0,False,20.58,baseline
order_0008540,FL,CA,South,West,cross_region,zone_3,9,10.0,1.0,True,27.15,baseline
order_0008541,CT,DC,Northeast,South,cross_region,zone_3,9,13.0,4.0,True,16.53,baseline
order_0008542,HI,ID,West,West,same_region,zone_2,6,5.0,0.0,False,10.36,baseline
order_0008543,WA,CA,West,West,same_region,zone_2,7,7.0,0.0,False,10.77,baseline
order_0008544,UT,NV,West,West,same_region,zone_2,7,7.0,0.0,False,13.95,baseline
order_0008545,NY,TX,Northeast,South,cross_region,zone_3,10,10.0,0.0,False,17.15,baseline
order_0008546,NY,DE,Northeast,South,cross_region,zone_3,8,8.0,0.0,False,8.16,baseline
order_0008547,FL,NJ,South,Northeast,cross_region,zone_3,9,10.0,1.0,True,7.73,baseline
order_0008548,GA,RI,South,Northeast,cross_region,zone_3,10,10.0,0.0,False,10.19,baseline
order_0008549,MN,CT,Midwest,Northeast,cross_region,zone_3,9,9.0,0.0,False,16.38,baseline
order_0008550,IL,TX,Midwest,South,cross_region,zone_3,9,9.0,0.0,False,8.48,baseline
order_0008551,NY,NY,Northeast,Northeast,same_state,zone_1,6,6.0,0.0,False,15.44,baseline
order_0008552,MO,GA,Midwest,South,cross_region,zone_3,10,14.0,4.0,True,8.23,baseline
order_0008553,FL,CA,South,West,cross_region,zone_3,10,14.0,4.0,True,8.45,baseline
order_0008554,CA,ND,West,Midwest,cross_region,zone_3,9,8.0,0.0,False,7.38,baseline
order_0008555,OR,FL,West,South,cross_region,zone_3,9,8.0,0.0,False,8.12,baseline
order_0008556,TX,IL,South,Midwest,cross_region,zone_3,9,9.0,0.0,False,16.46,baseline
order_0008557,WA,NY,West,Northeast,cross_region,zone_3,8,7.0,0.0,False,8.57,baseline
order_0008558,AR,ID,South,West,cross_region,zone_3,9,9.0,0.0,False,16.49,baseline
order_0008559,SC,AZ,South,West,cross_region,zone_3,8,8.0,0.0,False,16.73,baseline
order_0008560,MN,IA,Midwest,Midwest,same_region,zone_2,7,7.0,0.0,False,19.04,baseline
order_0008561,KY,IL,South,Midwest,cross_region,zone_3,9,14.0,5.0,True,8.7,baseline
order_0008562,CO,IN,West,Midwest,cross_region,zone_3,9,8.0,0.0,False,42.66,baseline
order_0008563,IN,FL,Midwest,South,cross_region,zone_3,8,8.0,0.0,False,8.13,baseline
order_0008564,PA,MN,Northeast,Midwest,cross_region,zone_3,10,10.0,0.0,False,8.84,baseline
order_0008565,GA,CA,South,West,cross_region,zone_3,9,9.0,0.0,False,16.76,baseline
order_0008566,MT,CA,West,West,same_region,zone_2,6,6.0,0.0,False,5.54,baseline
order_0008567,GA,IL,South,Midwest,cross_region,zone_3,9,9.0,0.0,False,27.05,baseline
order_0008568,TX,SC,South,South,same_region,zone_2,7,6.0,0.0,False,12.02,baseline
order_0008569,TX,LA,South,South,same_region,zone_2,7,7.0,0.0,False,6.97,baseline
order_0008570,CA,CA,West,West,same_state,zone_1,5,4.0,0.0,False,9.19,baseline
order_0008571,SD,NC,Midwest,South,cross_region,zone_3,10,9.0,0.0,False,8.78,baseline
order_0008572,IN,FL,Midwest,South,cross_region,zone_3,8,13.0,5.0,True,16.66,baseline
order_0008573,CA,FL,West,South,cross_region,zone_3,9,8.0,0.0,False,7.65,baseline
order_0008574,OH,CA,Midwest,West,cross_region,zone_3,9,8.0,0.0,False,8.54,baseline
order_0008575,PA,IL,Northeast,Midwest,cross_region,zone_3,9,9.0,0.0,False,17.27,baseline
order_0008576,AL,NJ,South,Northeast,cross_region,zone_3,9,9.0,0.0,False,8.05,baseline
order_0008577,IL,MI,Midwest,Midwest,same_region,zone_2,7,,,False,5.71,baseline
order_0008578,FL,GA,South,South,same_region,zone_2,7,7.0,0.0,False,18.29,baseline
order_0008579,NY,VA,Northeast,South,cross_region,zone_3,8,8.0,0.0,False,10.87,baseline
order_0008580,PA,OH,Northeast,Midwest,cross_region,zone_3,10,10.0,0.0,False,8.74,baseline
order_0008581,HI,MI,West,Midwest,remote,zone_4,11,10.0,0.0,False,13.57,baseline
order_0008582,FL,ND,South,Midwest,cross_region,zone_3,8,7.0,0.0,False,18.76,baseline
order_0008583,NV,TX,West,South,cross_region,zone_3,10,,,False,8.98,baseline
order_0008584,NJ,ID,Northeast,West,cross_region,zone_3,9,9.0,0.0,False,8.02,baseline
order_0008585,WA,MT,West,West,same_region,zone_2,7,,,False,5.67,baseline
order_0008586,NJ,NC,Northeast,South,cross_region,zone_3,10,10.0,0.0,False,19.58,baseline
order_0008587,NJ,CA,Northeast,West,cross_region,zone_3,9,8.0,0.0,False,7.57,baseline
order_0008588,ME,FL,Northeast,South,cross_region,zone_3,9,,,False,7.57,baseline
order_0008589,FL,CA,South,West,cross_region,zone_3,9,8.0,0.0,False,17.78,baseline
order_0008590,HI,TX,West,South,remote,zone_4,11,10.0,0.0,False,42.99,baseline
order_0008591,DE,TX,South,South,same_region,zone_2,7,7.0,0.0,False,5.19,baseline
order_0008592,CA,MD,West,South,cross_region,zone_3,9,9.0,0.0,False,7.35,baseline
order_0008593,NJ,FL,Northeast,South,cross_region,zone_3,9,9.0,0.0,False,30.93,baseline
order_0008594,FL,PA,South,Northeast,cross_region,zone_3,9,8.0,0.0,False,7.28,baseline
order_0008595,PA,CA,Northeast,West,cross_region,zone_3,9,9.0,0.0,False,17.84,baseline
order_0008596,SC,IL,South,Midwest,cross_region,zone_3,10,10.0,0.0,False,8.56,baseline
order_0008597,NJ,HI,Northeast,West,remote,zone_4,12,15.0,3.0,True,12.12,baseline
order_0008598,PA,TX,Northeast,South,cross_region,zone_3,8,8.0,0.0,False,7.25,baseline
order_0008599,NJ,OH,Northeast,Midwest,cross_region,zone_3,9,11.0,2.0,True,13.35,baseline
order_0008600,NY,HI,Northeast,West,remote,zone_4,13,12.0,0.0,False,41.79,baseline
order_0008601,TX,MA,South,Northeast,cross_region,zone_3,9,10.0,1.0,True,31.32,baseline
order_0008602,DE,IL,South,Midwest,cross_region,zone_3,9,10.0,1.0,True,24.14,baseline
order_0008603,VA,IL,South,Midwest,cross_region,zone_3,9,9.0,0.0,False,18.01,baseline
order_0008604,TX,AZ,South,West,cross_region,zone_3,9,9.0,0.0,False,15.61,baseline
order_0008605,NJ,GA,Northeast,South,cross_region,zone_3,9,9.0,0.0,False,12.82,baseline
order_0008606,IL,OH,Midwest,Midwest,same_region,zone_2,6,6.0,0.0,False,5.59,baseline
order_0008607,PA,TX,Northeast,South,cross_region,zone_3,9,14.0,5.0,True,53.65,baseline
order_0008608,NJ,MD,Northeast,South,cross_region,zone_3,10,9.0,0.0,False,8.92,baseline
order_0008609,FL,NY,South,Northeast,cross_region,zone_3,9,9.0,0.0,False,7.42,baseline
order_0008610,PA,IA,Northeast,Midwest,cross_region,zone_3,9,10.0,1.0,True,27.68,baseline
order_0008611,CO,MI,West,Midwest,cross_region,zone_3,9,9.0,0.0,False,16.23,baseline
order_0008612,CA,TX,West,South,cross_region,zone_3,10,10.0,0.0,False,19.02,baseline
order_0008613,CA,CA,West,West,same_state,zone_1,5,8.0,3.0,True,4.67,baseline
order_0008614,PA,WY,Northeast,West,cross_region,zone_3,9,8.0,0.0,False,8.88,baseline
order_0008615,NJ,OH,Northeast,Midwest,cross_region,zone_3,9,9.0,0.0,False,8.32,baseline
order_0008616,CA,MD,West,South,cross_region,zone_3,9,9.0,0.0,False,46.01,baseline
order_0008617,NY,TX,Northeast,South,cross_region,zone_3,8,8.0,0.0,False,24.65,baseline
order_0008618,IN,DC,Midwest,South,cross_region,zone_3,8,7.0,0.0,False,8.79,baseline
order_0008619,SD,IL,Midwest,Midwest,same_region,zone_2,7,7.0,0.0,False,21.45,baseline
order_0008620,NJ,CA,Northeast,West,cross_region,zone_3,9,14.0,5.0,True,10.71,baseline
order_0008621,CA,CA,West,West,same_state,zone_1,5,5.0,0.0,False,7.57,baseline
order_0008622,CA,NY,West,Northeast,cross_region,zone_3,9,8.0,0.0,False,7.88,baseline
order_0008623,WA,PA,West,Northeast,cross_region,zone_3,9,9.0,0.0,False,24.62,baseline
order_0008624,AR,NH,South,Northeast,cross_region,zone_3,9,9.0,0.0,False,8.21,baseline
order_0008625,OK,PA,South,Northeast,cross_region,zone_3,9,9.0,0.0,False,18.12,baseline
order_0008626,WY,GA,West,South,cross_region,zone_3,9,9.0,0.0,False,16.06,baseline
order_0008627,CA,IL,West,Midwest,cross_region,zone_3,9,9.0,0.0,False,8.08,baseline
order_0008628,NJ,GA,Northeast,South,cross_region,zone_3,9,9.0,0.0,False,9.34,baseline
order_0008629,HI,NY,West,Northeast,remote,zone_4,11,10.0,0.0,False,13.0,baseline
order_0008630,GA,TX,South,South,same_region,zone_2,7,6.0,0.0,False,16.37,baseline
order_0008631,FL,NC,South,South,same_region,zone_2,8,10.0,2.0,True,17.18,baseline
order_0008632,IN,CA,Midwest,West,cross_region,zone_3,8,7.0,0.0,False,7.7,baseline
order_0008633,FL,TX,South,South,same_region,zone_2,8,8.0,0.0,False,17.98,baseline
order_0008634,NY,LA,Northeast,South,cross_region,zone_3,9,8.0,0.0,False,9.14,baseline
order_0008635,FL,NY,South,Northeast,cross_region,zone_3,9,9.0,0.0,False,16.52,baseline
order_0008636,PA,CA,Northeast,West,cross_region,zone_3,9,9.0,0.0,False,8.53,baseline
order_0008637,TN,OH,South,Midwest,cross_region,zone_3,9,9.0,0.0,False,13.65,baseline
order_0008638,FL,FL,South,South,same_state,zone_1,5,,,False,4.14,baseline
order_0008639,NM,CO,West,West,same_region,zone_2,7,7.0,0.0,False,16.69,baseline
order_0008640,IL,IL,Midwest,Midwest,same_state,zone_1,6,11.0,5.0,True,4.84,baseline
order_0008641,MS,CA,South,West,cross_region,zone_3,9,8.0,0.0,False,13.98,baseline
order_0008642,CA,IL,West,Midwest,cross_region,zone_3,9,8.0,0.0,False,20.82,baseline
order_0008643,SC,IA,South,Midwest,cross_region,zone_3,8,,,False,7.68,baseline
order_0008644,PA,NC,Northeast,South,cross_region,zone_3,9,9.0,0.0,False,19.27,baseline
order_0008645,CA,SD,West,Midwest,cross_region,zone_3,9,9.0,0.0,False,9.52,baseline
order_0008646,FL,CA,South,West,cross_region,zone_3,9,9.0,0.0,False,16.9,baseline
order_0008647,SD,IL,Midwest,Midwest,same_region,zone_2,7,7.0,0.0,False,45.13,baseline
order_0008648,FL,MS,South,South,same_region,zone_2,7,6.0,0.0,False,4.95,baseline
order_0008649,TX,NH,South,Northeast,cross_region,zone_3,10,10.0,0.0,False,8.23,baseline
order_0008650,FL,OH,South,Midwest,cross_region,zone_3,10,,,False,8.82,baseline
order_0008651,CA,TX,West,South,cross_region,zone_3,9,9.0,0.0,False,8.04,baseline
order_0008652,AZ,AL,West,South,cross_region,zone_3,9,8.0,0.0,False,17.31,baseline
order_0008653,DC,OK,South,South,same_region,zone_2,7,6.0,0.0,False,5.2,baseline
order_0008654,IN,FL,Midwest,South,cross_region,zone_3,9,13.0,4.0,True,15.08,baseline
order_0008655,NJ,CA,Northeast,West,cross_region,zone_3,9,9.0,0.0,False,46.6,baseline
order_0008656,AL,TX,South,South,same_region,zone_2,7,7.0,0.0,False,5.31,baseline
order_0008657,OR,NY,West,Northeast,cross_region,zone_3,9,9.0,0.0,False,10.35,baseline
order_0008658,NY,MO,Northeast,Midwest,cross_region,zone_3,9,9.0,0.0,False,20.3,baseline
order_0008659,CA,IL,West,Midwest,cross_region,zone_3,9,9.0,0.0,False,17.13,baseline
order_0008660,IA,CA,Midwest,West,cross_region,zone_3,9,8.0,0.0,False,19.19,baseline
order_0008661,ME,WY,Northeast,West,cross_region,zone_3,9,8.0,0.0,False,17.35,baseline
order_0008662,DC,WI,South,Midwest,cross_region,zone_3,9,9.0,0.0,False,17.21,baseline
order_0008663,CO,CA,West,West,same_region,zone_2,8,8.0,0.0,False,20.39,baseline
order_0008664,OK,MO,South,Midwest,cross_region,zone_3,9,9.0,0.0,False,16.03,baseline
order_0008665,ID,NY,West,Northeast,cross_region,zone_3,8,8.0,0.0,False,7.4,baseline
order_0008666,NY,NY,Northeast,Northeast,same_state,zone_1,5,5.0,0.0,False,16.4,baseline
order_0008667,MS,PA,South,Northeast,cross_region,zone_3,8,7.0,0.0,False,16.43,baseline
order_0008668,GA,SD,South,Midwest,cross_region,zone_3,9,9.0,0.0,False,26.64,baseline
order_0008669,TX,NY,South,Northeast,cross_region,zone_3,9,9.0,0.0,False,8.22,baseline
order_0008670,OH,CT,Midwest,Northeast,cross_region,zone_3,10,10.0,0.0,False,17.85,baseline
order_0008671,CA,TX,West,South,cross_region,zone_3,9,9.0,0.0,False,8.4,baseline
order_0008672,LA,SD,South,Midwest,cross_region,zone_3,8,8.0,0.0,False,25.24,baseline
order_0008673,NJ,MI,Northeast,Midwest,cross_region,zone_3,9,12.0,3.0,True,7.14,baseline
order_0008674,HI,MN,West,Midwest,remote,zone_4,12,,,False,13.93,baseline
order_0008675,SD,GA,Midwest,South,cross_region,zone_3,10,9.0,0.0,False,42.53,baseline
order_0008676,NM,MD,West,South,cross_region,zone_3,9,,,False,16.52,baseline
order_0008677,FL,MT,South,West,cross_region,zone_3,9,10.0,1.0,True,11.0,baseline
order_0008678,FL,KY,South,South,same_region,zone_2,7,6.0,0.0,False,5.55,baseline
order_0008679,MI,NH,Midwest,Northeast,cross_region,zone_3,9,9.0,0.0,False,10.14,baseline
order_0008680,TX,FL,South,South,same_region,zone_2,7,7.0,0.0,False,11.7,baseline
order_0008681,FL,NC,South,South,same_region,zone_2,6,5.0,0.0,False,6.34,baseline
order_0008682,CA,WI,West,Midwest,cross_region,zone_3,9,9.0,0.0,False,8.59,baseline
order_0008683,IL,CA,Midwest,West,cross_region,zone_3,9,10.0,1.0,True,9.62,baseline
order_0008684,DC,TN,South,South,same_region,zone_2,7,6.0,0.0,False,5.37,baseline
order_0008685,IL,OH,Midwest,Midwest,same_region,zone_2,6,6.0,0.0,False,6.95,baseline
order_0008686,KS,TX,Midwest,South,cross_region,zone_3,9,8.0,0.0,False,9.65,baseline
order_0008687,CA,CO,West,West,same_region,zone_2,7,7.0,0.0,False,22.09,baseline
order_0008688,FL,NC,South,South,same_region,zone_2,7,7.0,0.0,False,13.5,baseline
order_0008689,NY,SC,Northeast,South,cross_region,zone_3,9,9.0,0.0,False,7.94,baseline
order_0008690,GA,MD,South,South,same_region,zone_2,7,7.0,0.0,False,12.06,baseline
order_0008691,IN,OR,Midwest,West,cross_region,zone_3,9,9.0,0.0,False,13.15,baseline
order_0008692,NJ,FL,Northeast,South,cross_region,zone_3,9,9.0,0.0,False,18.12,baseline
order_0008693,NY,CO,Northeast,West,cross_region,zone_3,9,9.0,0.0,False,7.97,baseline
order_0008694,GA,TX,South,South,same_region,zone_2,7,6.0,0.0,False,11.46,baseline
order_0008695,AL,FL,South,South,same_region,zone_2,7,7.0,0.0,False,5.5,baseline
order_0008696,CA,SC,West,South,cross_region,zone_3,9,9.0,0.0,False,7.49,baseline
order_0008697,FL,TX,South,South,same_region,zone_2,7,12.0,5.0,True,6.14,baseline
order_0008698,CA,NY,West,Northeast,cross_region,zone_3,9,8.0,0.0,False,8.22,baseline
order_0008699,NJ,MI,Northeast,Midwest,cross_region,zone_3,9,8.0,0.0,False,8.31,baseline
order_0008700,IL,DC,Midwest,South,cross_region,zone_3,10,9.0,0.0,False,22.14,baseline
order_0008701,TX,CA,South,West,cross_region,zone_3,9,9.0,0.0,False,7.31,baseline
order_0008702,CA,CA,West,West,same_state,zone_1,5,5.0,0.0,False,10.09,baseline
order_0008703,RI,GA,Northeast,South,cross_region,zone_3,8,,,False,8.73,baseline
order_0008704,GA,CA,South,West,cross_region,zone_3,9,9.0,0.0,False,18.69,baseline
order_0008705,NY,LA,Northeast,South,cross_region,zone_3,9,10.0,1.0,True,8.67,baseline
order_0008706,NY,NY,Northeast,Northeast,same_state,zone_1,5,4.0,0.0,False,12.27,baseline
order_0008707,FL,PA,South,Northeast,cross_region,zone_3,10,9.0,0.0,False,17.3,baseline
order_0008708,FL,IN,South,Midwest,cross_region,zone_3,9,9.0,0.0,False,16.47,baseline
order_0008709,FL,NY,South,Northeast,cross_region,zone_3,9,9.0,0.0,False,19.74,baseline
order_0008710,CA,SC,West,South,cross_region,zone_3,9,8.0,0.0,False,7.92,baseline
order_0008711,CT,MI,Northeast,Midwest,cross_region,zone_3,9,9.0,0.0,False,7.49,baseline
order_0008712,NJ,MI,Northeast,Midwest,cross_region,zone_3,9,9.0,0.0,False,16.85,baseline
order_0008713,AL,CA,South,West,cross_region,zone_3,9,9.0,0.0,False,10.0,baseline
order_0008714,NY,IL,Northeast,Midwest,cross_region,zone_3,9,12.0,3.0,True,35.0,baseline
order_0008715,AK,GA,West,South,remote,zone_4,12,12.0,0.0,False,28.22,baseline
order_0008716,IL,CA,Midwest,West,cross_region,zone_3,10,10.0,0.0,False,8.32,baseline
order_0008717,NJ,AK,Northeast,West,remote,zone_4,12,12.0,0.0,False,14.32,baseline
order_0008718,NJ,VA,Northeast,South,cross_region,zone_3,9,9.0,0.0,False,7.63,baseline
order_0008719,CA,PA,West,Northeast,cross_region,zone_3,9,9.0,0.0,False,8.2,baseline
order_0008720,NV,NY,West,Northeast,cross_region,zone_3,8,8.0,0.0,False,8.87,baseline
order_0008721,GA,CA,South,West,cross_region,zone_3,9,9.0,0.0,False,7.4,baseline
order_0008722,TX,OH,South,Midwest,cross_region,zone_3,9,9.0,0.0,False,7.38,baseline
order_0008723,OH,TX,Midwest,South,cross_region,zone_3,9,9.0,0.0,False,8.07,baseline
order_0008724,PA,TX,Northeast,South,cross_region,zone_3,10,10.0,0.0,False,10.09,baseline
order_0008725,ID,MI,West,Midwest,cross_region,zone_3,9,,,False,8.3,baseline
order_0008726,IL,NC,Midwest,South,cross_region,zone_3,9,12.0,3.0,True,27.11,baseline
order_0008727,OH,DC,Midwest,South,cross_region,zone_3,9,8.0,0.0,False,26.14,baseline
order_0008728,PA,IL,Northeast,Midwest,cross_region,zone_3,9,9.0,0.0,False,16.32,baseline
order_0008729,LA,CA,South,West,cross_region,zone_3,8,8.0,0.0,False,24.4,baseline
order_0008730,IL,AK,Midwest,West,remote,zone_4,13,18.0,5.0,True,14.88,baseline
order_0008731,NJ,KY,Northeast,South,cross_region,zone_3,9,9.0,0.0,False,7.96,baseline
order_0008732,IL,NY,Midwest,Northeast,cross_region,zone_3,8,12.0,4.0,True,8.42,baseline
order_0008733,IL,OK,Midwest,South,cross_region,zone_3,9,14.0,5.0,True,9.4,baseline
order_0008734,NY,NC,Northeast,South,cross_region,zone_3,9,9.0,0.0,False,9.05,baseline
order_0008735,CA,VA,West,South,cross_region,zone_3,9,9.0,0.0,False,7.72,baseline
order_0008736,TX,AK,South,West,remote,zone_4,12,12.0,0.0,False,15.13,baseline
order_0008737,AR,IA,South,Midwest,cross_region,zone_3,10,10.0,0.0,False,8.17,baseline
order_0008738,WV,PA,South,Northeast,cross_region,zone_3,9,9.0,0.0,False,16.7,baseline
order_0008739,GA,WA,South,West,cross_region,zone_3,9,9.0,0.0,False,73.54,baseline
order_0008740,CT,PA,Northeast,Northeast,same_region,zone_2,7,7.0,0.0,False,12.59,baseline
order_0008741,TX,TX,South,South,same_state,zone_1,5,5.0,0.0,False,3.78,baseline
order_0008742,WA,MI,West,Midwest,cross_region,zone_3,8,8.0,0.0,False,7.52,baseline
order_0008743,CA,RI,West,Northeast,cross_region,zone_3,10,9.0,0.0,False,8.33,baseline
order_0008744,CA,DE,West,South,cross_region,zone_3,9,9.0,0.0,False,8.54,baseline
order_0008745,GA,MS,South,South,same_region,zone_2,8,,,False,5.7,baseline
order_0008746,HI,IL,West,Midwest,remote,zone_4,12,16.0,4.0,True,18.01,baseline
order_0008747,NJ,IN,Northeast,Midwest,cross_region,zone_3,9,9.0,0.0,False,7.29,baseline
order_0008748,NY,NE,Northeast,Midwest,cross_region,zone_3,9,9.0,0.0,False,7.53,baseline
order_0008749,TX,NE,South,Midwest,cross_region,zone_3,10,10.0,0.0,False,8.39,baseline
order_0008750,NY,NC,Northeast,South,cross_region,zone_3,8,7.0,0.0,False,10.99,baseline
order_0008751,LA,ND,South,Midwest,cross_region,zone_3,9,9.0,0.0,False,40.61,baseline
order_0008752,MN,TX,Midwest,South,cross_region,zone_3,9,8.0,0.0,False,8.68,baseline
order_0008753,NJ,VT,Northeast,Northeast,same_region,zone_2,7,7.0,0.0,False,10.52,baseline
order_0008754,KY,ID,South,West,cross_region,zone_3,9,10.0,1.0,True,34.32,baseline
order_0008755,TX,NC,South,South,same_region,zone_2,6,6.0,0.0,False,5.78,baseline
order_0008756,MA,CO,Northeast,West,cross_region,zone_3,9,9.0,0.0,False,18.78,baseline
order_0008757,GA,PA,South,Northeast,cross_region,zone_3,9,11.0,2.0,True,9.42,baseline
order_0008758,NJ,LA,Northeast,South,cross_region,zone_3,10,13.0,3.0,True,9.05,baseline
order_0008759,NJ,NM,Northeast,West,cross_region,zone_3,9,,,False,8.32,baseline
order_0008760,MS,FL,South,South,same_region,zone_2,6,5.0,0.0,False,5.25,baseline
order_0008761,LA,TX,South,South,same_region,zone_2,7,7.0,0.0,False,6.01,baseline
order_0008762,TX,CA,South,West,cross_region,zone_3,10,10.0,0.0,False,26.49,baseline
order_0008763,IL,GA,Midwest,South,cross_region,zone_3,9,9.0,0.0,False,7.83,baseline
order_0008764,IL,CA,Midwest,West,cross_region,zone_3,9,8.0,0.0,False,17.14,baseline
order_0008765,CA,NY,West,Northeast,cross_region,zone_3,8,9.0,1.0,True,9.96,baseline
order_0008766,PA,HI,Northeast,West,remote,zone_4,12,14.0,2.0,True,56.28,baseline
order_0008767,ND,FL,Midwest,South,cross_region,zone_3,10,11.0,1.0,True,26.43,baseline
order_0008768,ME,NY,Northeast,Northeast,same_region,zone_2,8,11.0,3.0,True,5.98,baseline
order_0008769,UT,VA,West,South,cross_region,zone_3,8,8.0,0.0,False,7.75,baseline
order_0008770,MI,PA,Midwest,Northeast,cross_region,zone_3,9,,,False,16.95,baseline
order_0008771,HI,CA,West,West,same_region,zone_2,7,7.0,0.0,False,10.41,baseline
order_0008772,NY,ND,Northeast,Midwest,cross_region,zone_3,10,10.0,0.0,False,11.55,baseline
order_0008773,IA,KS,Midwest,Midwest,same_region,zone_2,8,8.0,0.0,False,8.33,baseline
order_0008774,PA,CA,Northeast,West,cross_region,zone_3,8,9.0,1.0,True,8.45,baseline
order_0008775,IA,TX,Midwest,South,cross_region,zone_3,9,9.0,0.0,False,8.28,baseline
order_0008776,AZ,PA,West,Northeast,cross_region,zone_3,9,9.0,0.0,False,8.14,baseline
order_0008777,CA,WY,West,West,same_region,zone_2,8,,,False,8.95,baseline
order_0008778,IL,MI,Midwest,Midwest,same_region,zone_2,7,7.0,0.0,False,6.05,baseline
order_0008779,SC,DC,South,South,same_region,zone_2,6,6.0,0.0,False,5.15,baseline
order_0008780,TX,PA,South,Northeast,cross_region,zone_3,10,10.0,0.0,False,10.12,baseline
order_0008781,TX,MD,South,South,same_region,zone_2,7,6.0,0.0,False,10.56,baseline
order_0008782,CA,NC,West,South,cross_region,zone_3,9,9.0,0.0,False,21.33,baseline
order_0008783,KY,IL,South,Midwest,cross_region,zone_3,9,9.0,0.0,False,8.71,baseline
order_0008784,MD,NH,South,Northeast,cross_region,zone_3,9,9.0,0.0,False,16.62,baseline
order_0008785,CA,NC,West,South,cross_region,zone_3,10,,,False,9.27,baseline
order_0008786,HI,CA,West,West,same_region,zone_2,6,6.0,0.0,False,21.18,baseline
order_0008787,NM,CA,West,West,same_region,zone_2,7,7.0,0.0,False,6.38,baseline
order_0008788,FL,CA,South,West,cross_region,zone_3,9,8.0,0.0,False,8.73,baseline
order_0008789,CA,KY,West,South,cross_region,zone_3,9,,,False,17.46,baseline
order_0008790,NY,GA,Northeast,South,cross_region,zone_3,9,9.0,0.0,False,21.02,baseline
order_0008791,TX,FL,South,South,same_region,zone_2,7,7.0,0.0,False,5.46,baseline
order_0008792,MO,TX,Midwest,South,cross_region,zone_3,9,9.0,0.0,False,27.2,baseline
order_0008793,CA,MT,West,West,same_region,zone_2,7,7.0,0.0,False,30.76,baseline
order_0008794,CA,NM,West,West,same_region,zone_2,7,7.0,0.0,False,6.05,baseline
order_0008795,CA,NY,West,Northeast,cross_region,zone_3,9,8.0,0.0,False,16.78,baseline
order_0008796,FL,GA,South,South,same_region,zone_2,7,7.0,0.0,False,5.34,baseline
order_0008797,NJ,TX,Northeast,South,cross_region,zone_3,10,9.0,0.0,False,19.52,baseline
order_0008798,CA,LA,West,South,cross_region,zone_3,9,9.0,0.0,False,8.52,baseline
order_0008799,TX,TX,South,South,same_state,zone_1,5,4.0,0.0,False,4.48,baseline
order_0008800,GA,OR,South,West,cross_region,zone_3,9,9.0,0.0,False,20.81,baseline
order_0008801,TX,OR,South,West,cross_region,zone_3,9,8.0,0.0,False,11.22,baseline
order_0008802,TN,FL,South,South,same_region,zone_2,6,6.0,0.0,False,14.35,baseline
order_0008803,HI,NV,West,West,same_region,zone_2,8,,,False,5.64,baseline
order_0008804,CA,IA,West,Midwest,cross_region,zone_3,8,7.0,0.0,False,8.58,baseline
order_0008805,IL,WA,Midwest,West,cross_region,zone_3,9,9.0,0.0,False,10.04,baseline
order_0008806,MI,CT,Midwest,Northeast,cross_region,zone_3,9,,,False,9.94,baseline
order_0008807,MA,GA,Northeast,South,cross_region,zone_3,9,14.0,5.0,True,8.94,baseline
order_0008808,NJ,CA,Northeast,West,cross_region,zone_3,9,8.0,0.0,False,8.66,baseline
order_0008809,PA,NV,Northeast,West,cross_region,zone_3,9,9.0,0.0,False,20.2,baseline
order_0008810,FL,OK,South,South,same_region,zone_2,7,7.0,0.0,False,5.18,baseline
order_0008811,KS,NM,Midwest,West,cross_region,zone_3,9,8.0,0.0,False,7.78,baseline
order_0008812,NJ,TN,Northeast,South,cross_region,zone_3,9,9.0,0.0,False,13.04,baseline
order_0008813,PA,TX,Northeast,South,cross_region,zone_3,10,10.0,0.0,False,10.01,baseline
order_0008814,ME,NY,Northeast,Northeast,same_region,zone_2,7,6.0,0.0,False,24.12,baseline
order_0008815,CA,CO,West,West,same_region,zone_2,7,6.0,0.0,False,14.37,baseline
order_0008816,CA,LA,West,South,cross_region,zone_3,9,9.0,0.0,False,8.32,baseline
order_0008817,CA,NJ,West,Northeast,cross_region,zone_3,10,9.0,0.0,False,13.23,baseline
order_0008818,CA,DC,West,South,cross_region,zone_3,9,9.0,0.0,False,8.92,baseline
order_0008819,NH,IN,Northeast,Midwest,cross_region,zone_3,10,,,False,17.68,baseline
order_0008820,KY,FL,South,South,same_region,zone_2,8,8.0,0.0,False,13.96,baseline
order_0008821,FL,CA,South,West,cross_region,zone_3,9,9.0,0.0,False,36.1,baseline
order_0008822,IL,TN,Midwest,South,cross_region,zone_3,10,,,False,43.46,baseline
order_0008823,NV,UT,West,West,same_region,zone_2,6,6.0,0.0,False,18.32,baseline
order_0008824,TX,RI,South,Northeast,cross_region,zone_3,9,9.0,0.0,False,26.21,baseline
order_0008825,NV,PA,West,Northeast,cross_region,zone_3,10,10.0,0.0,False,8.91,baseline
order_0008826,TX,CA,South,West,cross_region,zone_3,9,8.0,0.0,False,24.47,baseline
order_0008827,TX,UT,South,West,cross_region,zone_3,9,9.0,0.0,False,10.2,baseline
order_0008828,NJ,HI,Northeast,West,remote,zone_4,13,13.0,0.0,False,29.33,baseline
order_0008829,IL,AZ,Midwest,West,cross_region,zone_3,10,10.0,0.0,False,8.79,baseline
order_0008830,HI,FL,West,South,remote,zone_4,12,11.0,0.0,False,43.32,baseline
order_0008831,GA,NJ,South,Northeast,cross_region,zone_3,9,,,False,9.46,baseline
order_0008832,DC,NY,South,Northeast,cross_region,zone_3,9,8.0,0.0,False,7.98,baseline
order_0008833,CA,IL,West,Midwest,cross_region,zone_3,10,10.0,0.0,False,9.48,baseline
order_0008834,FL,TX,South,South,same_region,zone_2,7,7.0,0.0,False,5.4,baseline
order_0008835,HI,TX,West,South,remote,zone_4,12,11.0,0.0,False,13.31,baseline
order_0008836,MA,CA,Northeast,West,cross_region,zone_3,9,9.0,0.0,False,8.12,baseline
order_0008837,LA,FL,South,South,same_region,zone_2,6,5.0,0.0,False,13.91,baseline
order_0008838,NY,OR,Northeast,West,cross_region,zone_3,8,8.0,0.0,False,23.8,baseline
order_0008839,AK,TX,West,South,remote,zone_4,12,13.0,1.0,True,12.19,baseline
order_0008840,IL,UT,Midwest,West,cross_region,zone_3,9,9.0,0.0,False,21.32,baseline
order_0008841,KS,WA,Midwest,West,cross_region,zone_3,10,,,False,18.71,baseline
order_0008842,FL,CT,South,Northeast,cross_region,zone_3,8,13.0,5.0,True,9.04,baseline
order_0008843,PA,FL,Northeast,South,cross_region,zone_3,9,9.0,0.0,False,20.77,baseline
order_0008844,IL,IL,Midwest,Midwest,same_state,zone_1,5,,,False,8.33,baseline
order_0008845,IL,AZ,Midwest,West,cross_region,zone_3,9,9.0,0.0,False,8.84,baseline
order_0008846,IL,MO,Midwest,Midwest,same_region,zone_2,7,7.0,0.0,False,5.52,baseline
order_0008847,OR,TX,West,South,cross_region,zone_3,9,9.0,0.0,False,8.54,baseline
order_0008848,PA,TN,Northeast,South,cross_region,zone_3,9,8.0,0.0,False,7.63,baseline
order_0008849,FL,KS,South,Midwest,cross_region,zone_3,9,9.0,0.0,False,8.26,baseline
order_0008850,NY,FL,Northeast,South,cross_region,zone_3,8,8.0,0.0,False,7.69,baseline
order_0008851,IA,CA,Midwest,West,cross_region,zone_3,9,9.0,0.0,False,9.33,baseline
order_0008852,NJ,SC,Northeast,South,cross_region,zone_3,9,9.0,0.0,False,7.97,baseline
order_0008853,ID,TX,West,South,cross_region,zone_3,9,9.0,0.0,False,7.5,baseline
order_0008854,NY,OH,Northeast,Midwest,cross_region,zone_3,9,,,False,7.17,baseline
order_0008855,HI,CA,West,West,same_region,zone_2,6,6.0,0.0,False,30.76,baseline
order_0008856,NY,HI,Northeast,West,remote,zone_4,12,17.0,5.0,True,49.5,baseline
order_0008857,NJ,TX,Northeast,South,cross_region,zone_3,10,10.0,0.0,False,9.33,baseline
order_0008858,GA,PA,South,Northeast,cross_region,zone_3,9,9.0,0.0,False,8.44,baseline
order_0008859,NY,IA,Northeast,Midwest,cross_region,zone_3,8,8.0,0.0,False,8.94,baseline
order_0008860,NV,CA,West,West,same_region,zone_2,6,6.0,0.0,False,5.52,baseline
order_0008861,AL,GA,South,South,same_region,zone_2,7,11.0,4.0,True,5.71,baseline
order_0008862,NM,FL,West,South,cross_region,zone_3,9,9.0,0.0,False,16.62,baseline
order_0008863,NY,WV,Northeast,South,cross_region,zone_3,10,,,False,34.8,baseline
order_0008864,IL,KS,Midwest,Midwest,same_region,zone_2,7,7.0,0.0,False,18.82,baseline
order_0008865,AR,MS,South,South,same_region,zone_2,7,,,False,5.45,baseline
order_0008866,NJ,UT,Northeast,West,cross_region,zone_3,8,8.0,0.0,False,9.35,baseline
order_0008867,TX,NY,South,Northeast,cross_region,zone_3,9,8.0,0.0,False,25.71,baseline
order_0008868,OH,MI,Midwest,Midwest,same_region,zone_2,7,7.0,0.0,False,7.46,baseline
order_0008869,TX,NC,South,South,same_region,zone_2,7,6.0,0.0,False,17.75,baseline
order_0008870,TX,CA,South,West,cross_region,zone_3,9,14.0,5.0,True,49.25,baseline
order_0008871,TN,CA,South,West,cross_region,zone_3,9,9.0,0.0,False,17.1,baseline
order_0008872,AZ,SC,West,South,cross_region,zone_3,9,9.0,0.0,False,8.12,baseline
order_0008873,ID,TX,West,South,cross_region,zone_3,9,9.0,0.0,False,24.46,baseline
order_0008874,NV,TX,West,South,cross_region,zone_3,8,,,False,8.5,baseline
order_0008875,DC,TX,South,South,same_region,zone_2,7,,,False,10.84,baseline
order_0008876,KY,MN,South,Midwest,cross_region,zone_3,9,9.0,0.0,False,7.27,baseline
order_0008877,FL,MI,South,Midwest,cross_region,zone_3,10,10.0,0.0,False,8.86,baseline
order_0008878,NV,AK,West,West,same_region,zone_2,7,7.0,0.0,False,5.84,baseline
order_0008879,TX,FL,South,South,same_region,zone_2,7,7.0,0.0,False,13.44,baseline
order_0008880,IL,NH,Midwest,Northeast,cross_region,zone_3,9,9.0,0.0,False,7.49,baseline
order_0008881,NJ,NY,Northeast,Northeast,same_region,zone_2,7,7.0,0.0,False,5.03,baseline
order_0008882,IA,TX,Midwest,South,cross_region,zone_3,9,9.0,0.0,False,16.53,baseline
order_0008883,HI,FL,West,South,remote,zone_4,11,12.0,1.0,True,13.68,baseline
order_0008884,NE,CA,Midwest,West,cross_region,zone_3,9,9.0,0.0,False,10.09,baseline
order_0008885,NY,TX,Northeast,South,cross_region,zone_3,10,,,False,8.78,baseline
order_0008886,HI,PA,West,Northeast,remote,zone_4,12,12.0,0.0,False,12.53,baseline
order_0008887,FL,CA,South,West,cross_region,zone_3,9,9.0,0.0,False,25.19,baseline
order_0008888,NJ,VA,Northeast,South,cross_region,zone_3,9,9.0,0.0,False,17.23,baseline
order_0008889,NJ,WY,Northeast,West,cross_region,zone_3,9,14.0,5.0,True,8.24,baseline
order_0008890,NJ,NY,Northeast,Northeast,same_region,zone_2,7,7.0,0.0,False,8.68,baseline
order_0008891,WY,NY,West,Northeast,cross_region,zone_3,9,9.0,0.0,False,17.39,baseline
order_0008892,HI,IL,West,Midwest,remote,zone_4,12,11.0,0.0,False,12.09,baseline
order_0008893,CA,MI,West,Midwest,cross_region,zone_3,9,9.0,0.0,False,8.05,baseline
order_0008894,HI,CA,West,West,same_region,zone_2,6,6.0,0.0,False,4.82,baseline
order_0008895,TX,IL,South,Midwest,cross_region,zone_3,9,9.0,0.0,False,7.76,baseline
order_0008896,NJ,TX,Northeast,South,cross_region,zone_3,9,9.0,0.0,False,8.22,baseline
order_0008897,TX,CA,South,West,cross_region,zone_3,9,9.0,0.0,False,24.44,baseline
order_0008898,NM,GA,West,South,cross_region,zone_3,9,8.0,0.0,False,16.23,baseline
order_0008899,FL,NY,South,Northeast,cross_region,zone_3,8,8.0,0.0,False,9.81,baseline
order_0008900,NJ,TX,Northeast,South,cross_region,zone_3,9,9.0,0.0,False,8.52,baseline
order_0008901,FL,OH,South,Midwest,cross_region,zone_3,9,8.0,0.0,False,10.04,baseline
order_0008902,NJ,NJ,Northeast,Northeast,same_state,zone_1,6,5.0,0.0,False,8.69,baseline
order_0008903,NJ,MI,Northeast,Midwest,cross_region,zone_3,9,9.0,0.0,False,10.23,baseline
order_0008904,NV,DE,West,South,cross_region,zone_3,10,12.0,2.0,True,8.42,baseline
order_0008905,NM,TX,West,South,cross_region,zone_3,9,12.0,3.0,True,8.25,baseline
order_0008906,IL,NV,Midwest,West,cross_region,zone_3,8,7.0,0.0,False,14.95,baseline
order_0008907,NJ,FL,Northeast,South,cross_region,zone_3,8,7.0,0.0,False,7.87,baseline
order_0008908,CA,MI,West,Midwest,cross_region,zone_3,9,,,False,8.03,baseline
order_0008909,CA,CO,West,West,same_region,zone_2,7,6.0,0.0,False,5.18,baseline
order_0008910,NJ,DE,Northeast,South,cross_region,zone_3,10,11.0,1.0,True,9.6,baseline
order_0008911,NJ,IL,Northeast,Midwest,cross_region,zone_3,9,9.0,0.0,False,9.96,baseline
order_0008912,NJ,CA,Northeast,West,cross_region,zone_3,9,9.0,0.0,False,8.99,baseline
order_0008913,NJ,IN,Northeast,Midwest,cross_region,zone_3,9,8.0,0.0,False,8.7,baseline
order_0008914,TX,KY,South,South,same_region,zone_2,7,6.0,0.0,False,10.62,baseline
order_0008915,NH,IA,Northeast,Midwest,cross_region,zone_3,10,,,False,17.65,baseline
order_0008916,NY,TX,Northeast,South,cross_region,zone_3,9,9.0,0.0,False,8.89,baseline
order_0008917,HI,NV,West,West,same_region,zone_2,6,11.0,5.0,True,18.45,baseline
order_0008918,FL,NY,South,Northeast,cross_region,zone_3,10,10.0,0.0,False,10.25,baseline
order_0008919,CO,NY,West,Northeast,cross_region,zone_3,9,8.0,0.0,False,17.25,baseline
order_0008920,CA,MT,West,West,same_region,zone_2,7,9.0,2.0,True,5.47,baseline
order_0008921,FL,MS,South,South,same_region,zone_2,7,7.0,0.0,False,24.27,baseline
order_0008922,WA,NH,West,Northeast,cross_region,zone_3,8,,,False,8.18,baseline
order_0008923,AZ,FL,West,South,cross_region,zone_3,9,8.0,0.0,False,8.66,baseline
order_0008924,NV,WV,West,South,cross_region,zone_3,9,8.0,0.0,False,9.46,baseline
order_0008925,TX,UT,South,West,cross_region,zone_3,9,9.0,0.0,False,8.1,baseline
order_0008926,HI,TX,West,South,remote,zone_4,11,11.0,0.0,False,14.1,baseline
order_0008927,TX,AL,South,South,same_region,zone_2,7,7.0,0.0,False,5.34,baseline
order_0008928,NH,AR,Northeast,South,cross_region,zone_3,9,8.0,0.0,False,8.59,baseline
order_0008929,IA,MO,Midwest,Midwest,same_region,zone_2,6,6.0,0.0,False,11.08,baseline
order_0008930,FL,WV,South,South,same_region,zone_2,8,8.0,0.0,False,6.45,baseline
order_0008931,IL,OH,Midwest,Midwest,same_region,zone_2,8,8.0,0.0,False,5.7,baseline
order_0008932,TX,NY,South,Northeast,cross_region,zone_3,9,9.0,0.0,False,24.19,baseline
order_0008933,NM,NC,West,South,cross_region,zone_3,9,8.0,0.0,False,25.41,baseline
order_0008934,NJ,TX,Northeast,South,cross_region,zone_3,9,9.0,0.0,False,33.57,baseline
order_0008935,CA,PA,West,Northeast,cross_region,zone_3,10,,,False,9.4,baseline
order_0008936,NY,NY,Northeast,Northeast,same_state,zone_1,4,4.0,0.0,False,5.57,baseline
order_0008937,LA,AZ,South,West,cross_region,zone_3,9,9.0,0.0,False,10.35,baseline
order_0008938,FL,ND,South,Midwest,cross_region,zone_3,10,12.0,2.0,True,19.36,baseline
order_0008939,MO,GA,Midwest,South,cross_region,zone_3,10,9.0,0.0,False,7.87,baseline
order_0008940,AZ,TX,West,South,cross_region,zone_3,9,,,False,19.61,baseline
order_0008941,CA,SC,West,South,cross_region,zone_3,9,,,False,8.26,baseline
order_0008942,HI,IL,West,Midwest,remote,zone_4,11,11.0,0.0,False,12.66,baseline
order_0008943,ME,FL,Northeast,South,cross_region,zone_3,9,9.0,0.0,False,19.62,baseline
order_0008944,AZ,VT,West,Northeast,cross_region,zone_3,9,8.0,0.0,False,17.08,baseline
order_0008945,TN,TX,South,South,same_region,zone_2,6,6.0,0.0,False,10.92,baseline
order_0008946,GA,MI,South,Midwest,cross_region,zone_3,9,9.0,0.0,False,17.0,baseline
order_0008947,NJ,FL,Northeast,South,cross_region,zone_3,9,8.0,0.0,False,25.84,baseline
order_0008948,TX,OK,South,South,same_region,zone_2,8,8.0,0.0,False,9.73,baseline
order_0008949,TX,MO,South,Midwest,cross_region,zone_3,9,8.0,0.0,False,10.21,baseline
order_0008950,IL,IL,Midwest,Midwest,same_state,zone_1,5,5.0,0.0,False,4.35,baseline
order_0008951,TN,NY,South,Northeast,cross_region,zone_3,9,9.0,0.0,False,8.75,baseline
order_0008952,NJ,FL,Northeast,South,cross_region,zone_3,9,13.0,4.0,True,9.37,baseline
order_0008953,IL,IL,Midwest,Midwest,same_state,zone_1,5,5.0,0.0,False,4.25,baseline
order_0008954,TX,IA,South,Midwest,cross_region,zone_3,9,,,False,17.77,baseline
order_0008955,OH,TX,Midwest,South,cross_region,zone_3,9,9.0,0.0,False,16.47,baseline
order_0008956,TX,CA,South,West,cross_region,zone_3,9,8.0,0.0,False,8.17,baseline
order_0008957,GA,GA,South,South,same_state,zone_1,5,5.0,0.0,False,5.02,baseline
order_0008958,IL,MD,Midwest,South,cross_region,zone_3,9,13.0,4.0,True,7.73,baseline
order_0008959,MS,AR,South,South,same_region,zone_2,6,6.0,0.0,False,5.73,baseline
order_0008960,AZ,IL,West,Midwest,cross_region,zone_3,9,,,False,7.81,baseline
order_0008961,OR,NC,West,South,cross_region,zone_3,9,9.0,0.0,False,9.31,baseline
order_0008962,NV,GA,West,South,cross_region,zone_3,8,8.0,0.0,False,16.51,baseline
order_0008963,OH,GA,Midwest,South,cross_region,zone_3,9,9.0,0.0,False,18.24,baseline
order_0008964,IL,CA,Midwest,West,cross_region,zone_3,8,7.0,0.0,False,18.27,baseline
order_0008965,MO,OK,Midwest,South,cross_region,zone_3,9,9.0,0.0,False,8.15,baseline
order_0008966,PA,FL,Northeast,South,cross_region,zone_3,9,9.0,0.0,False,15.49,baseline
order_0008967,WI,FL,Midwest,South,cross_region,zone_3,9,9.0,0.0,False,15.6,baseline
order_0008968,GA,FL,South,South,same_region,zone_2,7,7.0,0.0,False,25.89,baseline
order_0008969,NE,OH,Midwest,Midwest,same_region,zone_2,7,12.0,5.0,True,7.14,baseline
order_0008970,TX,MA,South,Northeast,cross_region,zone_3,9,9.0,0.0,False,15.46,baseline
order_0008971,KS,MI,Midwest,Midwest,same_region,zone_2,7,8.0,1.0,True,5.68,baseline
order_0008972,MN,ND,Midwest,Midwest,same_region,zone_2,7,6.0,0.0,False,15.24,baseline
order_0008973,CA,MO,West,Midwest,cross_region,zone_3,9,9.0,0.0,False,17.71,baseline
order_0008974,CA,DE,West,South,cross_region,zone_3,9,9.0,0.0,False,7.4,baseline
order_0008975,ME,FL,Northeast,South,cross_region,zone_3,9,9.0,0.0,False,7.36,baseline
order_0008976,FL,NH,South,Northeast,cross_region,zone_3,9,9.0,0.0,False,8.54,baseline
order_0008977,TX,NC,South,South,same_region,zone_2,8,8.0,0.0,False,5.21,baseline
order_0008978,NE,GA,Midwest,South,cross_region,zone_3,8,7.0,0.0,False,8.32,baseline
order_0008979,AR,NH,South,Northeast,cross_region,zone_3,9,9.0,0.0,False,16.69,baseline
order_0008980,DC,OR,South,West,cross_region,zone_3,9,,,False,8.19,baseline
order_0008981,CA,DC,West,South,cross_region,zone_3,9,8.0,0.0,False,19.32,baseline
order_0008982,OK,MI,South,Midwest,cross_region,zone_3,9,,,False,8.42,baseline
order_0008983,WA,KY,West,South,cross_region,zone_3,9,8.0,0.0,False,7.77,baseline
order_0008984,OR,TX,West,South,cross_region,zone_3,9,9.0,0.0,False,7.32,baseline
order_0008985,NJ,NY,Northeast,Northeast,same_region,zone_2,6,6.0,0.0,False,18.48,baseline
order_0008986,NJ,AZ,Northeast,West,cross_region,zone_3,8,8.0,0.0,False,14.77,baseline
order_0008987,WA,VT,West,Northeast,cross_region,zone_3,9,9.0,0.0,False,24.0,baseline
order_0008988,OH,MI,Midwest,Midwest,same_region,zone_2,7,8.0,1.0,True,12.54,baseline
order_0008989,NY,HI,Northeast,West,remote,zone_4,12,11.0,0.0,False,41.64,baseline
order_0008990,NE,OR,Midwest,West,cross_region,zone_3,9,9.0,0.0,False,8.79,baseline
order_0008991,TX,OH,South,Midwest,cross_region,zone_3,9,10.0,1.0,True,15.88,baseline
order_0008992,TX,MI,South,Midwest,cross_region,zone_3,9,9.0,0.0,False,7.77,baseline
order_0008993,TX,TX,South,South,same_state,zone_1,5,5.0,0.0,False,4.06,baseline
order_0008994,GA,CA,South,West,cross_region,zone_3,9,9.0,0.0,False,10.07,baseline
order_0008995,WI,NY,Midwest,Northeast,cross_region,zone_3,9,8.0,0.0,False,8.46,baseline
order_0008996,TX,UT,South,West,cross_region,zone_3,9,9.0,0.0,False,18.92,baseline
order_0008997,NY,GA,Northeast,South,cross_region,zone_3,9,9.0,0.0,False,26.79,baseline
order_0008998,NJ,NV,Northeast,West,cross_region,zone_3,9,,,False,24.06,baseline
order_0008999,FL,FL,South,South,same_state,zone_1,5,5.0,0.0,False,3.86,baseline
order_0009000,FL,FL,South,South,same_state,zone_1,5,8.0,3.0,True,4.21,baseline
order_0009001,PA,PA,Northeast,Northeast,same_state,zone_1,5,5.0,0.0,False,8.51,baseline
order_0009002,TX,IA,South,Midwest,cross_region,zone_3,9,9.0,0.0,False,28.68,baseline
order_0009003,FL,MO,South,Midwest,cross_region,zone_3,9,9.0,0.0,False,16.14,baseline
order_0009004,TX,FL,South,South,same_region,zone_2,7,7.0,0.0,False,11.15,baseline
order_0009005,NY,TX,Northeast,South,cross_region,zone_3,9,9.0,0.0,False,25.09,baseline
order_0009006,HI,NY,West,Northeast,remote,zone_4,12,12.0,0.0,False,25.57,baseline
order_0009007,TX,NH,South,Northeast,cross_region,zone_3,9,9.0,0.0,False,16.61,baseline
order_0009008,FL,IA,South,Midwest,cross_region,zone_3,9,,,False,8.69,baseline
order_0009009,FL,PA,South,Northeast,cross_region,zone_3,9,8.0,0.0,False,35.41,baseline
order_0009010,FL,CA,South,West,cross_region,zone_3,9,8.0,0.0,False,26.04,baseline
order_0009011,IL,TX,Midwest,South,cross_region,zone_3,8,8.0,0.0,False,7.87,baseline
order_0009012,IL,WY,Midwest,West,cross_region,zone_3,9,9.0,0.0,False,10.23,baseline
order_0009013,IL,ID,Midwest,West,cross_region,zone_3,8,8.0,0.0,False,8.34,baseline
order_0009014,IL,CA,Midwest,West,cross_region,zone_3,9,8.0,0.0,False,8.08,baseline
order_0009015,TX,FL,South,South,same_region,zone_2,7,7.0,0.0,False,8.11,baseline
order_0009016,PA,UT,Northeast,West,cross_region,zone_3,9,8.0,0.0,False,15.58,baseline
order_0009017,NJ,VT,Northeast,Northeast,same_region,zone_2,7,7.0,0.0,False,12.0,baseline
order_0009018,AL,CA,South,West,cross_region,zone_3,9,,,False,17.4,baseline
order_0009019,TX,NY,South,Northeast,cross_region,zone_3,9,9.0,0.0,False,31.75,baseline
order_0009020,FL,NC,South,South,same_region,zone_2,7,7.0,0.0,False,4.89,baseline
order_0009021,AR,CT,South,Northeast,cross_region,zone_3,10,15.0,5.0,True,13.91,baseline
order_0009022,MA,MI,Northeast,Midwest,cross_region,zone_3,9,8.0,0.0,False,16.9,baseline
order_0009023,MN,TX,Midwest,South,cross_region,zone_3,9,14.0,5.0,True,7.71,baseline
order_0009024,WA,GA,West,South,cross_region,zone_3,9,9.0,0.0,False,8.0,baseline
order_0009025,WV,CA,South,West,cross_region,zone_3,10,11.0,1.0,True,8.64,baseline
order_0009026,TX,NM,South,West,cross_region,zone_3,9,8.0,0.0,False,8.57,baseline
order_0009027,HI,IL,West,Midwest,remote,zone_4,11,11.0,0.0,False,40.96,baseline
order_0009028,FL,MT,South,West,cross_region,zone_3,9,8.0,0.0,False,7.34,baseline
order_0009029,OK,IA,South,Midwest,cross_region,zone_3,9,11.0,2.0,True,9.93,baseline
order_0009030,HI,AR,West,South,remote,zone_4,11,11.0,0.0,False,11.79,baseline
order_0009031,FL,FL,South,South,same_state,zone_1,6,6.0,0.0,False,9.21,baseline
order_0009032,ND,NY,Midwest,Northeast,cross_region,zone_3,9,8.0,0.0,False,28.08,baseline
order_0009033,CA,FL,West,South,cross_region,zone_3,9,9.0,0.0,False,8.74,baseline
order_0009034,RI,IL,Northeast,Midwest,cross_region,zone_3,9,9.0,0.0,False,15.45,baseline
order_0009035,WI,TX,Midwest,South,cross_region,zone_3,9,11.0,2.0,True,8.39,baseline
order_0009036,NJ,WA,Northeast,West,cross_region,zone_3,9,,,False,10.66,baseline
order_0009037,NY,FL,Northeast,South,cross_region,zone_3,9,14.0,5.0,True,7.71,baseline
order_0009038,TX,OK,South,South,same_region,zone_2,7,7.0,0.0,False,6.42,baseline
order_0009039,OH,AR,Midwest,South,cross_region,zone_3,10,14.0,4.0,True,13.81,baseline
order_0009040,CA,TX,West,South,cross_region,zone_3,9,8.0,0.0,False,9.19,baseline
order_0009041,OH,NY,Midwest,Northeast,cross_region,zone_3,9,8.0,0.0,False,17.12,baseline
order_0009042,FL,GA,South,South,same_region,zone_2,8,8.0,0.0,False,6.27,baseline
order_0009043,NY,IN,Northeast,Midwest,cross_region,zone_3,9,9.0,0.0,False,7.64,baseline
order_0009044,CA,OR,West,West,same_region,zone_2,7,7.0,0.0,False,19.97,baseline
order_0009045,NH,TX,Northeast,South,cross_region,zone_3,9,9.0,0.0,False,7.94,baseline
order_0009046,AZ,NY,West,Northeast,cross_region,zone_3,8,8.0,0.0,False,7.65,baseline
order_0009047,IL,FL,Midwest,South,cross_region,zone_3,9,9.0,0.0,False,16.77,baseline
order_0009048,IA,CA,Midwest,West,cross_region,zone_3,9,9.0,0.0,False,8.0,baseline
order_0009049,NY,NY,Northeast,Northeast,same_state,zone_1,4,3.0,0.0,False,4.78,baseline
order_0009050,GA,NC,South,South,same_region,zone_2,7,7.0,0.0,False,26.42,baseline
order_0009051,FL,GA,South,South,same_region,zone_2,7,7.0,0.0,False,23.94,baseline
order_0009052,MI,IL,Midwest,Midwest,same_region,zone_2,7,7.0,0.0,False,5.05,baseline
order_0009053,CA,MI,West,Midwest,cross_region,zone_3,10,10.0,0.0,False,9.23,baseline
order_0009054,TX,CA,South,West,cross_region,zone_3,9,9.0,0.0,False,9.42,baseline
order_0009055,TX,IN,South,Midwest,cross_region,zone_3,9,8.0,0.0,False,16.35,baseline
order_0009056,NJ,NY,Northeast,Northeast,same_region,zone_2,8,8.0,0.0,False,6.26,baseline
order_0009057,CA,CA,West,West,same_state,zone_1,5,5.0,0.0,False,4.36,baseline
order_0009058,FL,PA,South,Northeast,cross_region,zone_3,9,9.0,0.0,False,14.91,baseline
order_0009059,OH,GA,Midwest,South,cross_region,zone_3,9,8.0,0.0,False,7.49,baseline
order_0009060,CA,NC,West,South,cross_region,zone_3,10,9.0,0.0,False,16.48,baseline
order_0009061,TX,OR,South,West,cross_region,zone_3,9,9.0,0.0,False,8.37,baseline
order_0009062,WI,NC,Midwest,South,cross_region,zone_3,9,9.0,0.0,False,10.37,baseline
order_0009063,WA,IA,West,Midwest,cross_region,zone_3,9,8.0,0.0,False,8.42,baseline
order_0009064,CA,KS,West,Midwest,cross_region,zone_3,9,8.0,0.0,False,23.15,baseline
order_0009065,CA,CA,West,West,same_state,zone_1,6,6.0,0.0,False,4.05,baseline
order_0009066,MN,GA,Midwest,South,cross_region,zone_3,9,14.0,5.0,True,30.3,baseline
order_0009067,PA,IL,Northeast,Midwest,cross_region,zone_3,10,10.0,0.0,False,8.36,baseline
order_0009068,TN,CT,South,Northeast,cross_region,zone_3,9,9.0,0.0,False,8.13,baseline
order_0009069,CA,NY,West,Northeast,cross_region,zone_3,9,9.0,0.0,False,7.88,baseline
order_0009070,FL,MD,South,South,same_region,zone_2,7,7.0,0.0,False,8.24,baseline
order_0009071,OR,FL,West,South,cross_region,zone_3,9,8.0,0.0,False,9.24,baseline
order_0009072,OR,AZ,West,West,same_region,zone_2,7,6.0,0.0,False,7.74,baseline
order_0009073,PA,ME,Northeast,Northeast,same_region,zone_2,7,7.0,0.0,False,10.55,baseline
order_0009074,OR,CA,West,West,same_region,zone_2,7,7.0,0.0,False,4.72,baseline
order_0009075,WV,WI,South,Midwest,cross_region,zone_3,10,11.0,1.0,True,37.88,baseline
order_0009076,MS,CA,South,West,cross_region,zone_3,8,8.0,0.0,False,9.16,baseline
order_0009077,NY,LA,Northeast,South,cross_region,zone_3,8,8.0,0.0,False,8.69,baseline
order_0009078,OH,CA,Midwest,West,cross_region,zone_3,9,11.0,2.0,True,7.77,baseline
order_0009079,LA,MI,South,Midwest,cross_region,zone_3,8,7.0,0.0,False,25.52,baseline
order_0009080,GA,OH,South,Midwest,cross_region,zone_3,9,12.0,3.0,True,22.6,baseline
order_0009081,NJ,TX,Northeast,South,cross_region,zone_3,9,8.0,0.0,False,8.54,baseline
order_0009082,FL,AL,South,South,same_region,zone_2,7,7.0,0.0,False,5.72,baseline
order_0009083,HI,NY,West,Northeast,remote,zone_4,11,11.0,0.0,False,18.44,baseline
order_0009084,NY,TX,Northeast,South,cross_region,zone_3,9,9.0,0.0,False,33.66,baseline
order_0009085,IL,MI,Midwest,Midwest,same_region,zone_2,7,7.0,0.0,False,8.66,baseline
order_0009086,HI,WV,West,South,remote,zone_4,11,11.0,0.0,False,14.79,baseline
order_0009087,NE,NY,Midwest,Northeast,cross_region,zone_3,9,9.0,0.0,False,8.55,baseline
order_0009088,IL,OK,Midwest,South,cross_region,zone_3,9,9.0,0.0,False,15.1,baseline
order_0009089,TX,HI,South,West,remote,zone_4,12,15.0,3.0,True,13.37,baseline
order_0009090,CA,CA,West,West,same_state,zone_1,5,5.0,0.0,False,10.42,baseline
order_0009091,NJ,CA,Northeast,West,cross_region,zone_3,9,8.0,0.0,False,17.41,baseline
order_0009092,WY,MA,West,Northeast,cross_region,zone_3,10,10.0,0.0,False,25.93,baseline
order_0009093,CA,SD,West,Midwest,cross_region,zone_3,8,8.0,0.0,False,18.22,baseline
order_0009094,CT,SD,Northeast,Midwest,cross_region,zone_3,9,9.0,0.0,False,16.36,baseline
order_0009095,VA,NE,South,Midwest,cross_region,zone_3,9,9.0,0.0,False,7.71,baseline
order_0009096,OR,NE,West,Midwest,cross_region,zone_3,9,10.0,1.0,True,20.2,baseline
order_0009097,SC,NJ,South,Northeast,cross_region,zone_3,8,8.0,0.0,False,16.72,baseline
order_0009098,MA,IA,Northeast,Midwest,cross_region,zone_3,9,9.0,0.0,False,15.37,baseline
order_0009099,FL,CA,South,West,cross_region,zone_3,9,9.0,0.0,False,7.88,baseline
order_0009100,IA,MS,Midwest,South,cross_region,zone_3,8,8.0,0.0,False,8.9,baseline
order_0009101,MO,HI,Midwest,West,remote,zone_4,12,12.0,0.0,False,24.45,baseline
order_0009102,FL,OH,South,Midwest,cross_region,zone_3,9,9.0,0.0,False,9.7,baseline
order_0009103,HI,UT,West,West,same_region,zone_2,6,6.0,0.0,False,6.1,baseline
order_0009104,CA,AL,West,South,cross_region,zone_3,9,9.0,0.0,False,16.67,baseline
order_0009105,MD,NY,South,Northeast,cross_region,zone_3,9,9.0,0.0,False,8.16,baseline
order_0009106,TX,TX,South,South,same_state,zone_1,6,6.0,0.0,False,10.47,baseline
order_0009107,AK,TX,West,South,remote,zone_4,12,12.0,0.0,False,24.53,baseline
order_0009108,MS,TX,South,South,same_region,zone_2,6,6.0,0.0,False,10.74,baseline
order_0009109,CT,WA,Northeast,West,cross_region,zone_3,9,9.0,0.0,False,19.2,baseline
order_0009110,MN,FL,Midwest,South,cross_region,zone_3,10,10.0,0.0,False,14.77,baseline
order_0009111,TX,CA,South,West,cross_region,zone_3,9,9.0,0.0,False,34.06,baseline
order_0009112,HI,MO,West,Midwest,remote,zone_4,11,11.0,0.0,False,37.95,baseline
order_0009113,CA,FL,West,South,cross_region,zone_3,9,9.0,0.0,False,9.79,baseline
order_0009114,IL,NY,Midwest,Northeast,cross_region,zone_3,9,9.0,0.0,False,9.06,baseline
order_0009115,NY,ND,Northeast,Midwest,cross_region,zone_3,9,9.0,0.0,False,8.07,baseline
order_0009116,OR,NC,West,South,cross_region,zone_3,9,,,False,9.45,baseline
order_0009117,PA,FL,Northeast,South,cross_region,zone_3,9,11.0,2.0,True,34.08,baseline
order_0009118,PA,CO,Northeast,West,cross_region,zone_3,9,9.0,0.0,False,7.17,baseline
order_0009119,NM,AR,West,South,cross_region,zone_3,9,9.0,0.0,False,11.56,baseline
order_0009120,IL,CA,Midwest,West,cross_region,zone_3,9,,,False,8.13,baseline
order_0009121,TX,PA,South,Northeast,cross_region,zone_3,9,8.0,0.0,False,8.63,baseline
order_0009122,MA,UT,Northeast,West,cross_region,zone_3,9,9.0,0.0,False,10.51,baseline
order_0009123,OH,NH,Midwest,Northeast,cross_region,zone_3,9,14.0,5.0,True,14.1,baseline
order_0009124,CA,HI,West,West,same_region,zone_2,8,12.0,4.0,True,9.61,baseline
order_0009125,AK,CA,West,West,same_region,zone_2,7,6.0,0.0,False,4.98,baseline
order_0009126,GA,CO,South,West,cross_region,zone_3,9,9.0,0.0,False,34.04,baseline
order_0009127,NV,CA,West,West,same_region,zone_2,7,6.0,0.0,False,10.92,baseline
order_0009128,NJ,MS,Northeast,South,cross_region,zone_3,9,,,False,15.09,baseline
order_0009129,NM,AK,West,West,same_region,zone_2,7,7.0,0.0,False,5.33,baseline
order_0009130,WA,MI,West,Midwest,cross_region,zone_3,9,9.0,0.0,False,28.22,baseline
order_0009131,CT,NY,Northeast,Northeast,same_region,zone_2,8,,,False,9.9,baseline
order_0009132,CT,OR,Northeast,West,cross_region,zone_3,9,9.0,0.0,False,9.37,baseline
order_0009133,PA,DC,Northeast,South,cross_region,zone_3,9,8.0,0.0,False,7.84,baseline
order_0009134,CA,NY,West,Northeast,cross_region,zone_3,9,8.0,0.0,False,10.75,baseline
order_0009135,WA,IL,West,Midwest,cross_region,zone_3,9,9.0,0.0,False,18.15,baseline
order_0009136,CT,DE,Northeast,South,cross_region,zone_3,9,9.0,0.0,False,8.21,baseline
order_0009137,IA,TX,Midwest,South,cross_region,zone_3,10,9.0,0.0,False,8.76,baseline
order_0009138,CA,PA,West,Northeast,cross_region,zone_3,8,8.0,0.0,False,45.84,baseline
order_0009139,NJ,MI,Northeast,Midwest,cross_region,zone_3,10,13.0,3.0,True,18.47,baseline
order_0009140,ID,MS,West,South,cross_region,zone_3,8,,,False,17.83,baseline
order_0009141,WA,SD,West,Midwest,cross_region,zone_3,9,9.0,0.0,False,8.37,baseline
order_0009142,NY,DE,Northeast,South,cross_region,zone_3,8,8.0,0.0,False,19.94,baseline
order_0009143,AZ,MI,West,Midwest,cross_region,zone_3,9,9.0,0.0,False,19.79,baseline
order_0009144,ND,TX,Midwest,South,cross_region,zone_3,9,14.0,5.0,True,7.61,baseline
order_0009145,MO,GA,Midwest,South,cross_region,zone_3,9,9.0,0.0,False,14.26,baseline
order_0009146,OH,NY,Midwest,Northeast,cross_region,zone_3,9,9.0,0.0,False,19.08,baseline
order_0009147,FL,CA,South,West,cross_region,zone_3,8,8.0,0.0,False,8.5,baseline
order_0009148,GA,SD,South,Midwest,cross_region,zone_3,9,9.0,0.0,False,18.93,baseline
order_0009149,CO,NY,West,Northeast,cross_region,zone_3,9,8.0,0.0,False,15.88,baseline
order_0009150,SD,FL,Midwest,South,cross_region,zone_3,10,,,False,8.76,baseline
order_0009151,TX,NC,South,South,same_region,zone_2,7,7.0,0.0,False,11.13,baseline
order_0009152,NY,NY,Northeast,Northeast,same_state,zone_1,5,4.0,0.0,False,17.3,baseline
order_0009153,FL,NC,South,South,same_region,zone_2,7,6.0,0.0,False,16.9,baseline
order_0009154,MS,NJ,South,Northeast,cross_region,zone_3,8,8.0,0.0,False,7.59,baseline
order_0009155,WA,OH,West,Midwest,cross_region,zone_3,8,8.0,0.0,False,8.65,baseline
order_0009156,MD,NC,South,South,same_region,zone_2,7,7.0,0.0,False,17.95,baseline
order_0009157,CO,TX,West,South,cross_region,zone_3,9,9.0,0.0,False,7.2,baseline
order_0009158,NY,AZ,Northeast,West,cross_region,zone_3,10,10.0,0.0,False,49.38,baseline
order_0009159,NY,OK,Northeast,South,cross_region,zone_3,9,9.0,0.0,False,19.44,baseline
order_0009160,AZ,PA,West,Northeast,cross_region,zone_3,9,12.0,3.0,True,8.65,baseline
order_0009161,MA,FL,Northeast,South,cross_region,zone_3,9,12.0,3.0,True,18.52,baseline
order_0009162,TX,NC,South,South,same_region,zone_2,8,8.0,0.0,False,5.83,baseline
order_0009163,NV,MD,West,South,cross_region,zone_3,8,7.0,0.0,False,8.14,baseline
order_0009164,NY,HI,Northeast,West,remote,zone_4,12,13.0,1.0,True,53.94,baseline
order_0009165,IL,AK,Midwest,West,remote,zone_4,13,,,False,35.39,baseline
order_0009166,UT,OR,West,West,same_region,zone_2,7,7.0,0.0,False,4.98,baseline
order_0009167,FL,KS,South,Midwest,cross_region,zone_3,9,8.0,0.0,False,7.37,baseline
order_0009168,CA,NY,West,Northeast,cross_region,zone_3,9,,,False,8.23,baseline
order_0009169,MA,PA,Northeast,Northeast,same_region,zone_2,7,7.0,0.0,False,11.14,baseline
order_0009170,TX,FL,South,South,same_region,zone_2,6,6.0,0.0,False,16.41,baseline
order_0009171,CT,LA,Northeast,South,cross_region,zone_3,9,9.0,0.0,False,17.27,baseline
order_0009172,OK,CA,South,West,cross_region,zone_3,9,9.0,0.0,False,8.23,baseline
order_0009173,OR,MN,West,Midwest,cross_region,zone_3,9,9.0,0.0,False,7.93,baseline
order_0009174,TN,GA,South,South,same_region,zone_2,7,7.0,0.0,False,11.75,baseline
order_0009175,FL,NV,South,West,cross_region,zone_3,9,8.0,0.0,False,43.64,baseline
order_0009176,NJ,FL,Northeast,South,cross_region,zone_3,9,9.0,0.0,False,9.01,baseline
order_0009177,CA,DC,West,South,cross_region,zone_3,9,8.0,0.0,False,14.54,baseline
order_0009178,TX,AL,South,South,same_region,zone_2,7,7.0,0.0,False,5.72,baseline
order_0009179,HI,FL,West,South,remote,zone_4,11,11.0,0.0,False,12.96,baseline
order_0009180,NY,CA,Northeast,West,cross_region,zone_3,9,9.0,0.0,False,9.86,baseline
order_0009181,TN,FL,South,South,same_region,zone_2,7,6.0,0.0,False,5.55,baseline
order_0009182,MN,TX,Midwest,South,cross_region,zone_3,9,14.0,5.0,True,17.14,baseline
order_0009183,NJ,ID,Northeast,West,cross_region,zone_3,9,9.0,0.0,False,25.24,baseline
order_0009184,LA,IL,South,Midwest,cross_region,zone_3,9,9.0,0.0,False,9.13,baseline
order_0009185,TX,MD,South,South,same_region,zone_2,8,8.0,0.0,False,16.02,baseline
order_0009186,FL,AL,South,South,same_region,zone_2,6,6.0,0.0,False,18.15,baseline
order_0009187,NY,TX,Northeast,South,cross_region,zone_3,9,9.0,0.0,False,35.03,baseline
order_0009188,MI,FL,Midwest,South,cross_region,zone_3,9,9.0,0.0,False,9.37,baseline
order_0009189,CA,PA,West,Northeast,cross_region,zone_3,9,8.0,0.0,False,7.94,baseline
order_0009190,NH,UT,Northeast,West,cross_region,zone_3,9,8.0,0.0,False,8.81,baseline
order_0009191,MS,ND,South,Midwest,cross_region,zone_3,8,7.0,0.0,False,10.99,baseline
order_0009192,NJ,FL,Northeast,South,cross_region,zone_3,10,12.0,2.0,True,8.7,baseline
order_0009193,IL,TX,Midwest,South,cross_region,zone_3,9,8.0,0.0,False,23.41,baseline
order_0009194,AZ,CO,West,West,same_region,zone_2,6,6.0,0.0,False,8.05,baseline
order_0009195,NY,MI,Northeast,Midwest,cross_region,zone_3,9,11.0,2.0,True,11.45,baseline
order_0009196,WV,MI,South,Midwest,cross_region,zone_3,9,9.0,0.0,False,7.88,baseline
order_0009197,HI,WV,West,South,remote,zone_4,11,11.0,0.0,False,25.52,baseline
order_0009198,CA,GA,West,South,cross_region,zone_3,9,9.0,0.0,False,7.72,baseline
order_0009199,NJ,AK,Northeast,West,remote,zone_4,12,11.0,0.0,False,13.91,baseline
order_0009200,CA,CA,West,West,same_state,zone_1,5,4.0,0.0,False,4.71,baseline
order_0009201,IL,CT,Midwest,Northeast,cross_region,zone_3,9,8.0,0.0,False,7.58,baseline
order_0009202,NJ,GA,Northeast,South,cross_region,zone_3,9,8.0,0.0,False,31.12,baseline
order_0009203,AZ,OH,West,Midwest,cross_region,zone_3,9,9.0,0.0,False,7.62,baseline
order_0009204,CA,IL,West,Midwest,cross_region,zone_3,9,9.0,0.0,False,8.12,baseline
order_0009205,AZ,OH,West,Midwest,cross_region,zone_3,9,10.0,1.0,True,8.94,baseline
order_0009206,OH,GA,Midwest,South,cross_region,zone_3,10,10.0,0.0,False,43.0,baseline
order_0009207,NM,NY,West,Northeast,cross_region,zone_3,9,13.0,4.0,True,15.48,baseline
order_0009208,PA,FL,Northeast,South,cross_region,zone_3,10,10.0,0.0,False,10.55,baseline
order_0009209,FL,CA,South,West,cross_region,zone_3,9,9.0,0.0,False,7.52,baseline
order_0009210,OK,CA,South,West,cross_region,zone_3,9,9.0,0.0,False,8.49,baseline
order_0009211,CA,MI,West,Midwest,cross_region,zone_3,9,9.0,0.0,False,8.08,baseline
order_0009212,CA,SC,West,South,cross_region,zone_3,9,9.0,0.0,False,8.15,baseline
order_0009213,HI,PA,West,Northeast,remote,zone_4,11,10.0,0.0,False,16.38,baseline
order_0009214,AK,TX,West,South,remote,zone_4,12,17.0,5.0,True,26.65,baseline
order_0009215,IL,NY,Midwest,Northeast,cross_region,zone_3,9,9.0,0.0,False,9.66,baseline
order_0009216,OR,GA,West,South,cross_region,zone_3,9,10.0,1.0,True,19.87,baseline
order_0009217,IL,IL,Midwest,Midwest,same_state,zone_1,6,11.0,5.0,True,30.21,baseline
order_0009218,FL,OH,South,Midwest,cross_region,zone_3,9,9.0,0.0,False,19.09,baseline
order_0009219,IA,TX,Midwest,South,cross_region,zone_3,9,9.0,0.0,False,8.97,baseline
order_0009220,WV,VA,South,South,same_region,zone_2,7,7.0,0.0,False,8.15,baseline
order_0009221,FL,MT,South,West,cross_region,zone_3,9,,,False,16.94,baseline
order_0009222,ND,OH,Midwest,Midwest,same_region,zone_2,7,7.0,0.0,False,6.05,baseline
order_0009223,HI,GA,West,South,remote,zone_4,11,15.0,4.0,True,25.67,baseline
order_0009224,IL,PA,Midwest,Northeast,cross_region,zone_3,10,10.0,0.0,False,13.77,baseline
order_0009225,NY,HI,Northeast,West,remote,zone_4,12,12.0,0.0,False,26.5,baseline
order_0009226,FL,NY,South,Northeast,cross_region,zone_3,10,9.0,0.0,False,8.64,baseline
order_0009227,HI,PA,West,Northeast,remote,zone_4,12,14.0,2.0,True,12.84,baseline
order_0009228,TX,NY,South,Northeast,cross_region,zone_3,9,8.0,0.0,False,15.68,baseline
order_0009229,CT,CA,Northeast,West,cross_region,zone_3,10,10.0,0.0,False,10.81,baseline
order_0009230,CA,AK,West,West,same_region,zone_2,7,7.0,0.0,False,18.4,baseline
order_0009231,HI,CA,West,West,same_region,zone_2,6,6.0,0.0,False,5.18,baseline
order_0009232,HI,TN,West,South,remote,zone_4,11,11.0,0.0,False,13.22,baseline
order_0009233,TX,TX,South,South,same_state,zone_1,6,6.0,0.0,False,20.96,baseline
order_0009234,FL,SD,South,Midwest,cross_region,zone_3,8,8.0,0.0,False,7.64,baseline
order_0009235,TX,CA,South,West,cross_region,zone_3,9,8.0,0.0,False,16.43,baseline
order_0009236,CA,MI,West,Midwest,cross_region,zone_3,8,8.0,0.0,False,16.75,baseline
order_0009237,MD,GA,South,South,same_region,zone_2,7,7.0,0.0,False,9.46,baseline
order_0009238,CA,TN,West,South,cross_region,zone_3,9,9.0,0.0,False,48.47,baseline
order_0009239,TN,NV,South,West,cross_region,zone_3,9,,,False,8.05,baseline
order_0009240,NJ,NY,Northeast,Northeast,same_region,zone_2,6,9.0,3.0,True,6.59,baseline
order_0009241,CA,GA,West,South,cross_region,zone_3,9,9.0,0.0,False,41.97,baseline
order_0009242,CA,AL,West,South,cross_region,zone_3,9,9.0,0.0,False,24.77,baseline
order_0009243,GA,CA,South,West,cross_region,zone_3,9,9.0,0.0,False,18.05,baseline
order_0009244,CA,OH,West,Midwest,cross_region,zone_3,9,9.0,0.0,False,9.7,baseline
order_0009245,CA,LA,West,South,cross_region,zone_3,9,9.0,0.0,False,8.55,baseline
order_0009246,AL,GA,South,South,same_region,zone_2,7,7.0,0.0,False,7.7,baseline
order_0009247,CA,PA,West,Northeast,cross_region,zone_3,9,8.0,0.0,False,15.93,baseline
order_0009248,MA,PA,Northeast,Northeast,same_region,zone_2,7,6.0,0.0,False,6.59,baseline
order_0009249,TN,UT,South,West,cross_region,zone_3,9,9.0,0.0,False,8.74,baseline
order_0009250,HI,FL,West,South,remote,zone_4,12,12.0,0.0,False,13.82,baseline
order_0009251,FL,TN,South,South,same_region,zone_2,8,8.0,0.0,False,12.03,baseline
order_0009252,MN,NY,Midwest,Northeast,cross_region,zone_3,9,8.0,0.0,False,8.9,baseline
order_0009253,TX,CA,South,West,cross_region,zone_3,9,8.0,0.0,False,8.45,baseline
order_0009254,HI,TX,West,South,remote,zone_4,11,11.0,0.0,False,13.17,baseline
order_0009255,OH,ID,Midwest,West,cross_region,zone_3,9,,,False,18.34,baseline
order_0009256,FL,PA,South,Northeast,cross_region,zone_3,9,9.0,0.0,False,45.65,baseline
order_0009257,IL,TX,Midwest,South,cross_region,zone_3,9,,,False,7.79,baseline
order_0009258,MN,OH,Midwest,Midwest,same_region,zone_2,7,7.0,0.0,False,6.58,baseline
order_0009259,IL,NY,Midwest,Northeast,cross_region,zone_3,9,9.0,0.0,False,9.12,baseline
order_0009260,NJ,GA,Northeast,South,cross_region,zone_3,9,8.0,0.0,False,17.64,baseline
order_0009261,CA,MI,West,Midwest,cross_region,zone_3,9,9.0,0.0,False,16.13,baseline
order_0009262,LA,CA,South,West,cross_region,zone_3,9,9.0,0.0,False,16.59,baseline
order_0009263,GA,CA,South,West,cross_region,zone_3,9,9.0,0.0,False,36.04,baseline
order_0009264,MD,MD,South,South,same_state,zone_1,5,,,False,8.17,baseline
order_0009265,PA,FL,Northeast,South,cross_region,zone_3,9,9.0,0.0,False,25.25,baseline
order_0009266,AR,NY,South,Northeast,cross_region,zone_3,9,13.0,4.0,True,8.87,baseline
order_0009267,FL,NM,South,West,cross_region,zone_3,8,8.0,0.0,False,8.59,baseline
order_0009268,FL,GA,South,South,same_region,zone_2,7,7.0,0.0,False,12.6,baseline
order_0009269,GA,OR,South,West,cross_region,zone_3,9,,,False,34.66,baseline
order_0009270,TX,NV,South,West,cross_region,zone_3,9,12.0,3.0,True,11.35,baseline
order_0009271,NJ,NC,Northeast,South,cross_region,zone_3,10,15.0,5.0,True,9.44,baseline
order_0009272,HI,ME,West,Northeast,remote,zone_4,12,12.0,0.0,False,27.9,baseline
order_0009273,OH,FL,Midwest,South,cross_region,zone_3,9,9.0,0.0,False,10.54,baseline
order_0009274,HI,FL,West,South,remote,zone_4,11,11.0,0.0,False,11.41,baseline
order_0009275,AZ,NY,West,Northeast,cross_region,zone_3,9,,,False,8.48,baseline
order_0009276,NJ,AK,Northeast,West,remote,zone_4,12,15.0,3.0,True,42.61,baseline
order_0009277,CA,VT,West,Northeast,cross_region,zone_3,10,9.0,0.0,False,8.03,baseline
order_0009278,DE,ME,South,Northeast,cross_region,zone_3,9,9.0,0.0,False,7.41,baseline
order_0009279,NH,MI,Northeast,Midwest,cross_region,zone_3,10,9.0,0.0,False,18.58,baseline
order_0009280,RI,NV,Northeast,West,cross_region,zone_3,9,9.0,0.0,False,10.03,baseline
order_0009281,GA,NE,South,Midwest,cross_region,zone_3,9,9.0,0.0,False,15.73,baseline
order_0009282,IL,RI,Midwest,Northeast,cross_region,zone_3,9,13.0,4.0,True,8.07,baseline
order_0009283,MA,NY,Northeast,Northeast,same_region,zone_2,7,7.0,0.0,False,5.68,baseline
order_0009284,ME,ME,Northeast,Northeast,same_state,zone_1,6,6.0,0.0,False,4.43,baseline
order_0009285,IA,NV,Midwest,West,cross_region,zone_3,9,9.0,0.0,False,7.99,baseline
order_0009286,CO,MI,West,Midwest,cross_region,zone_3,9,9.0,0.0,False,8.54,baseline
order_0009287,VA,WV,South,South,same_region,zone_2,7,7.0,0.0,False,11.07,baseline
order_0009288,CA,NH,West,Northeast,cross_region,zone_3,9,9.0,0.0,False,8.78,baseline
order_0009289,FL,WY,South,West,cross_region,zone_3,9,9.0,0.0,False,14.86,baseline
order_0009290,OR,CA,West,West,same_region,zone_2,7,6.0,0.0,False,10.45,baseline
order_0009291,MO,NY,Midwest,Northeast,cross_region,zone_3,9,8.0,0.0,False,24.96,baseline
order_0009292,TX,IN,South,Midwest,cross_region,zone_3,10,10.0,0.0,False,8.52,baseline
order_0009293,HI,UT,West,West,same_region,zone_2,7,,,False,6.29,baseline
order_0009294,NY,TX,Northeast,South,cross_region,zone_3,10,10.0,0.0,False,9.07,baseline
order_0009295,FL,TX,South,South,same_region,zone_2,6,6.0,0.0,False,4.83,baseline
order_0009296,CA,AR,West,South,cross_region,zone_3,9,13.0,4.0,True,22.08,baseline
order_0009297,NY,TX,Northeast,South,cross_region,zone_3,9,9.0,0.0,False,9.41,baseline
order_0009298,TX,VT,South,Northeast,cross_region,zone_3,9,9.0,0.0,False,23.07,baseline
order_0009299,NJ,NJ,Northeast,Northeast,same_state,zone_1,5,5.0,0.0,False,4.08,baseline
order_0009300,WV,NV,South,West,cross_region,zone_3,10,,,False,11.39,baseline
order_0009301,CA,AZ,West,West,same_region,zone_2,7,10.0,3.0,True,17.54,baseline
order_0009302,OR,FL,West,South,cross_region,zone_3,9,9.0,0.0,False,7.65,baseline
order_0009303,IL,NC,Midwest,South,cross_region,zone_3,10,12.0,2.0,True,30.98,baseline
order_0009304,OR,NM,West,West,same_region,zone_2,7,7.0,0.0,False,5.69,baseline
order_0009305,OR,CA,West,West,same_region,zone_2,7,6.0,0.0,False,5.72,baseline
order_0009306,AZ,FL,West,South,cross_region,zone_3,9,8.0,0.0,False,8.4,baseline
order_0009307,OR,NY,West,Northeast,cross_region,zone_3,10,10.0,0.0,False,9.14,baseline
order_0009308,GA,NJ,South,Northeast,cross_region,zone_3,9,9.0,0.0,False,7.93,baseline
order_0009309,FL,IL,South,Midwest,cross_region,zone_3,10,10.0,0.0,False,8.26,baseline
order_0009310,TX,ND,South,Midwest,cross_region,zone_3,9,8.0,0.0,False,16.62,baseline
order_0009311,CA,FL,West,South,cross_region,zone_3,9,9.0,0.0,False,8.35,baseline
order_0009312,SC,SD,South,Midwest,cross_region,zone_3,10,,,False,8.32,baseline
order_0009313,WA,TX,West,South,cross_region,zone_3,9,9.0,0.0,False,28.46,baseline
order_0009314,WA,CA,West,West,same_region,zone_2,7,7.0,0.0,False,11.18,baseline
order_0009315,NJ,CA,Northeast,West,cross_region,zone_3,9,14.0,5.0,True,18.26,baseline
order_0009316,IL,NJ,Midwest,Northeast,cross_region,zone_3,10,10.0,0.0,False,8.1,baseline
order_0009317,IL,NY,Midwest,Northeast,cross_region,zone_3,9,11.0,2.0,True,7.29,baseline
order_0009318,PA,NC,Northeast,South,cross_region,zone_3,9,8.0,0.0,False,28.0,baseline
order_0009319,IL,FL,Midwest,South,cross_region,zone_3,9,9.0,0.0,False,8.32,baseline
order_0009320,CO,FL,West,South,cross_region,zone_3,9,12.0,3.0,True,8.13,baseline
order_0009321,HI,LA,West,South,remote,zone_4,11,13.0,2.0,True,15.68,baseline
order_0009322,CA,GA,West,South,cross_region,zone_3,9,9.0,0.0,False,9.29,baseline
order_0009323,GA,AR,South,South,same_region,zone_2,7,,,False,11.86,baseline
order_0009324,DC,CA,South,West,cross_region,zone_3,9,8.0,0.0,False,8.19,baseline
order_0009325,FL,NC,South,South,same_region,zone_2,7,6.0,0.0,False,18.38,baseline
order_0009326,WA,CA,West,West,same_region,zone_2,6,5.0,0.0,False,5.62,baseline
order_0009327,OH,NH,Midwest,Northeast,cross_region,zone_3,9,8.0,0.0,False,13.12,baseline
order_0009328,NJ,IN,Northeast,Midwest,cross_region,zone_3,9,9.0,0.0,False,17.19,baseline
order_0009329,MI,PA,Midwest,Northeast,cross_region,zone_3,9,9.0,0.0,False,23.86,baseline
order_0009330,TN,CA,South,West,cross_region,zone_3,9,13.0,4.0,True,23.75,baseline
order_0009331,GA,DE,South,South,same_region,zone_2,7,7.0,0.0,False,7.48,baseline
order_0009332,IL,KY,Midwest,South,cross_region,zone_3,9,9.0,0.0,False,17.36,baseline
order_0009333,CA,OK,West,South,cross_region,zone_3,9,8.0,0.0,False,16.0,baseline
order_0009334,CA,CA,West,West,same_state,zone_1,6,5.0,0.0,False,11.13,baseline
order_0009335,PA,AZ,Northeast,West,cross_region,zone_3,9,9.0,0.0,False,17.86,baseline
order_0009336,NY,ND,Northeast,Midwest,cross_region,zone_3,8,7.0,0.0,False,9.68,baseline
order_0009337,WI,CA,Midwest,West,cross_region,zone_3,9,9.0,0.0,False,25.33,baseline
order_0009338,NM,CA,West,West,same_region,zone_2,8,7.0,0.0,False,29.66,baseline
order_0009339,UT,WV,West,South,cross_region,zone_3,10,9.0,0.0,False,19.18,baseline
order_0009340,GA,CA,South,West,cross_region,zone_3,9,9.0,0.0,False,7.63,baseline
order_0009341,DE,NY,South,Northeast,cross_region,zone_3,9,9.0,0.0,False,8.11,baseline
order_0009342,FL,SC,South,South,same_region,zone_2,7,7.0,0.0,False,16.5,baseline
order_0009343,OH,PA,Midwest,Northeast,cross_region,zone_3,9,9.0,0.0,False,8.27,baseline
order_0009344,PA,KY,Northeast,South,cross_region,zone_3,9,9.0,0.0,False,9.93,baseline
order_0009345,OH,GA,Midwest,South,cross_region,zone_3,9,9.0,0.0,False,7.75,baseline
order_0009346,DC,CO,South,West,cross_region,zone_3,10,9.0,0.0,False,8.75,baseline
order_0009347,CA,PA,West,Northeast,cross_region,zone_3,8,7.0,0.0,False,8.0,baseline
order_0009348,CA,CA,West,West,same_state,zone_1,6,6.0,0.0,False,5.64,baseline
order_0009349,PA,TX,Northeast,South,cross_region,zone_3,8,9.0,1.0,True,7.69,baseline
order_0009350,NJ,UT,Northeast,West,cross_region,zone_3,10,10.0,0.0,False,19.71,baseline
order_0009351,NY,CA,Northeast,West,cross_region,zone_3,8,8.0,0.0,False,14.36,baseline
order_0009352,TX,ME,South,Northeast,cross_region,zone_3,9,11.0,2.0,True,8.05,baseline
order_0009353,TX,AZ,South,West,cross_region,zone_3,10,10.0,0.0,False,10.82,baseline
order_0009354,NY,PA,Northeast,Northeast,same_region,zone_2,7,,,False,6.03,baseline
order_0009355,GA,ME,South,Northeast,cross_region,zone_3,9,9.0,0.0,False,7.93,baseline
order_0009356,IL,ID,Midwest,West,cross_region,zone_3,8,8.0,0.0,False,16.62,baseline
order_0009357,NY,NC,Northeast,South,cross_region,zone_3,9,9.0,0.0,False,10.2,baseline
order_0009358,FL,CT,South,Northeast,cross_region,zone_3,8,7.0,0.0,False,41.86,baseline
order_0009359,LA,VT,South,Northeast,cross_region,zone_3,9,9.0,0.0,False,23.93,baseline
order_0009360,CT,TX,Northeast,South,cross_region,zone_3,9,8.0,0.0,False,9.66,baseline
order_0009361,FL,NY,South,Northeast,cross_region,zone_3,9,9.0,0.0,False,8.34,baseline
order_0009362,GA,NY,South,Northeast,cross_region,zone_3,9,9.0,0.0,False,18.3,baseline
order_0009363,CA,CA,West,West,same_state,zone_1,5,5.0,0.0,False,5.47,baseline
order_0009364,PA,FL,Northeast,South,cross_region,zone_3,9,13.0,4.0,True,9.08,baseline
order_0009365,NJ,CA,Northeast,West,cross_region,zone_3,9,8.0,0.0,False,8.22,baseline
order_0009366,TX,VT,South,Northeast,cross_region,zone_3,10,9.0,0.0,False,20.9,baseline
order_0009367,SC,TX,South,South,same_region,zone_2,6,,,False,17.2,baseline
order_0009368,IL,CA,Midwest,West,cross_region,zone_3,9,8.0,0.0,False,9.22,baseline
order_0009369,CA,FL,West,South,cross_region,zone_3,9,9.0,0.0,False,34.72,baseline
order_0009370,TX,CO,South,West,cross_region,zone_3,9,9.0,0.0,False,27.95,baseline
order_0009371,NJ,GA,Northeast,South,cross_region,zone_3,9,9.0,0.0,False,27.78,baseline
order_0009372,NY,IL,Northeast,Midwest,cross_region,zone_3,8,8.0,0.0,False,7.37,baseline
order_0009373,CA,TX,West,South,cross_region,zone_3,9,9.0,0.0,False,11.62,baseline
order_0009374,IA,CA,Midwest,West,cross_region,zone_3,9,9.0,0.0,False,19.62,baseline
order_0009375,TX,OR,South,West,cross_region,zone_3,9,9.0,0.0,False,14.38,baseline
order_0009376,MA,PA,Northeast,Northeast,same_region,zone_2,8,,,False,6.0,baseline
order_0009377,WA,DE,West,South,cross_region,zone_3,9,11.0,2.0,True,24.76,baseline
order_0009378,FL,GA,South,South,same_region,zone_2,7,7.0,0.0,False,15.84,baseline
order_0009379,OH,NC,Midwest,South,cross_region,zone_3,9,9.0,0.0,False,7.71,baseline
order_0009380,NJ,FL,Northeast,South,cross_region,zone_3,9,9.0,0.0,False,19.17,baseline
order_0009381,LA,TX,South,South,same_region,zone_2,7,7.0,0.0,False,6.32,baseline
order_0009382,FL,PA,South,Northeast,cross_region,zone_3,9,9.0,0.0,False,24.2,baseline
order_0009383,FL,GA,South,South,same_region,zone_2,7,7.0,0.0,False,5.05,baseline
order_0009384,NY,TX,Northeast,South,cross_region,zone_3,9,9.0,0.0,False,10.35,baseline
order_0009385,MS,LA,South,South,same_region,zone_2,6,9.0,3.0,True,7.8,baseline
order_0009386,NY,TN,Northeast,South,cross_region,zone_3,9,8.0,0.0,False,17.57,baseline
order_0009387,GA,AK,South,West,remote,zone_4,12,11.0,0.0,False,26.19,baseline
order_0009388,NY,TX,Northeast,South,cross_region,zone_3,9,9.0,0.0,False,8.92,baseline
order_0009389,WV,TX,South,South,same_region,zone_2,7,8.0,1.0,True,12.39,baseline
order_0009390,NY,PA,Northeast,Northeast,same_region,zone_2,7,7.0,0.0,False,5.63,baseline
order_0009391,TX,FL,South,South,same_region,zone_2,7,7.0,0.0,False,7.31,baseline
order_0009392,CT,CA,Northeast,West,cross_region,zone_3,9,8.0,0.0,False,8.81,baseline
order_0009393,FL,TX,South,South,same_region,zone_2,7,7.0,0.0,False,15.99,baseline
order_0009394,AK,TX,West,South,remote,zone_4,12,12.0,0.0,False,25.43,baseline
order_0009395,NV,OH,West,Midwest,cross_region,zone_3,8,8.0,0.0,False,15.5,baseline
order_0009396,CA,GA,West,South,cross_region,zone_3,9,9.0,0.0,False,8.8,baseline
order_0009397,RI,FL,Northeast,South,cross_region,zone_3,9,8.0,0.0,False,26.34,baseline
order_0009398,OH,NC,Midwest,South,cross_region,zone_3,9,9.0,0.0,False,7.97,baseline
order_0009399,TX,NV,South,West,cross_region,zone_3,9,9.0,0.0,False,7.84,baseline
order_0009400,NJ,IL,Northeast,Midwest,cross_region,zone_3,9,8.0,0.0,False,9.41,baseline
order_0009401,NJ,NY,Northeast,Northeast,same_region,zone_2,6,6.0,0.0,False,7.08,baseline
order_0009402,WI,VA,Midwest,South,cross_region,zone_3,9,13.0,4.0,True,10.13,baseline
order_0009403,WV,MI,South,Midwest,cross_region,zone_3,9,9.0,0.0,False,7.94,baseline
order_0009404,FL,WI,South,Midwest,cross_region,zone_3,10,10.0,0.0,False,29.55,baseline
order_0009405,HI,NJ,West,Northeast,remote,zone_4,11,11.0,0.0,False,37.16,baseline
order_0009406,FL,CA,South,West,cross_region,zone_3,8,7.0,0.0,False,17.2,baseline
order_0009407,AL,IL,South,Midwest,cross_region,zone_3,10,10.0,0.0,False,22.18,baseline
order_0009408,FL,MO,South,Midwest,cross_region,zone_3,9,8.0,0.0,False,9.98,baseline
order_0009409,FL,NH,South,Northeast,cross_region,zone_3,9,9.0,0.0,False,8.12,baseline
order_0009410,FL,TX,South,South,same_region,zone_2,8,8.0,0.0,False,12.22,baseline
order_0009411,OH,NY,Midwest,Northeast,cross_region,zone_3,10,,,False,37.8,baseline
order_0009412,CT,NJ,Northeast,Northeast,same_region,zone_2,7,6.0,0.0,False,5.89,baseline
order_0009413,OH,NE,Midwest,Midwest,same_region,zone_2,7,7.0,0.0,False,5.67,baseline
order_0009414,HI,MA,West,Northeast,remote,zone_4,11,10.0,0.0,False,12.0,baseline
order_0009415,PA,MT,Northeast,West,cross_region,zone_3,9,10.0,1.0,True,16.43,baseline
order_0009416,SC,FL,South,South,same_region,zone_2,7,7.0,0.0,False,5.19,baseline
order_0009417,CA,SD,West,Midwest,cross_region,zone_3,9,8.0,0.0,False,10.33,baseline
order_0009418,IL,VT,Midwest,Northeast,cross_region,zone_3,9,,,False,18.53,baseline
order_0009419,WA,TX,West,South,cross_region,zone_3,9,9.0,0.0,False,7.7,baseline
order_0009420,GA,CA,South,West,cross_region,zone_3,9,8.0,0.0,False,7.42,baseline
order_0009421,HI,NC,West,South,remote,zone_4,12,11.0,0.0,False,29.61,baseline
order_0009422,HI,MI,West,Midwest,remote,zone_4,11,11.0,0.0,False,15.81,baseline
order_0009423,NJ,NY,Northeast,Northeast,same_region,zone_2,7,7.0,0.0,False,6.19,baseline
order_0009424,NJ,FL,Northeast,South,cross_region,zone_3,9,,,False,9.13,baseline
order_0009425,WA,FL,West,South,cross_region,zone_3,9,9.0,0.0,False,20.19,baseline
order_0009426,FL,MA,South,Northeast,cross_region,zone_3,9,14.0,5.0,True,25.94,baseline
order_0009427,KS,FL,Midwest,South,cross_region,zone_3,10,10.0,0.0,False,9.47,baseline
order_0009428,FL,FL,South,South,same_state,zone_1,6,5.0,0.0,False,5.06,baseline
order_0009429,OH,AR,Midwest,South,cross_region,zone_3,9,10.0,1.0,True,8.6,baseline
order_0009430,AR,MO,South,Midwest,cross_region,zone_3,9,8.0,0.0,False,8.97,baseline
order_0009431,LA,OH,South,Midwest,cross_region,zone_3,9,9.0,0.0,False,17.85,baseline
order_0009432,IL,TX,Midwest,South,cross_region,zone_3,9,9.0,0.0,False,9.16,baseline
order_0009433,KY,CA,South,West,cross_region,zone_3,9,,,False,18.12,baseline
order_0009434,OH,TX,Midwest,South,cross_region,zone_3,10,10.0,0.0,False,7.98,baseline
order_0009435,AL,MS,South,South,same_region,zone_2,7,7.0,0.0,False,4.85,baseline
order_0009436,CA,TX,West,South,cross_region,zone_3,9,8.0,0.0,False,9.4,baseline
order_0009437,FL,FL,South,South,same_state,zone_1,6,6.0,0.0,False,10.37,baseline
order_0009438,PA,KS,Northeast,Midwest,cross_region,zone_3,9,9.0,0.0,False,14.9,baseline
order_0009439,LA,NC,South,South,same_region,zone_2,7,9.0,2.0,True,25.01,baseline
order_0009440,WA,FL,West,South,cross_region,zone_3,9,9.0,0.0,False,8.01,baseline
order_0009441,CA,CA,West,West,same_state,zone_1,5,5.0,0.0,False,21.07,baseline
order_0009442,MI,NY,Midwest,Northeast,cross_region,zone_3,10,11.0,1.0,True,9.73,baseline
order_0009443,NY,WA,Northeast,West,cross_region,zone_3,9,9.0,0.0,False,7.64,baseline
order_0009444,OK,CA,South,West,cross_region,zone_3,8,7.0,0.0,False,18.64,baseline
order_0009445,CA,TX,West,South,cross_region,zone_3,9,10.0,1.0,True,32.82,baseline
order_0009446,ID,HI,West,West,same_region,zone_2,6,6.0,0.0,False,6.06,baseline
order_0009447,TX,PA,South,Northeast,cross_region,zone_3,9,10.0,1.0,True,8.02,baseline
order_0009448,PA,FL,Northeast,South,cross_region,zone_3,9,13.0,4.0,True,15.78,baseline
order_0009449,IA,CO,Midwest,West,cross_region,zone_3,8,8.0,0.0,False,16.15,baseline
order_0009450,IL,AZ,Midwest,West,cross_region,zone_3,10,10.0,0.0,False,10.31,baseline
order_0009451,HI,NC,West,South,remote,zone_4,11,11.0,0.0,False,25.76,baseline
order_0009452,HI,NY,West,Northeast,remote,zone_4,12,12.0,0.0,False,13.39,baseline
order_0009453,FL,IL,South,Midwest,cross_region,zone_3,9,8.0,0.0,False,11.53,baseline
order_0009454,IL,TX,Midwest,South,cross_region,zone_3,9,9.0,0.0,False,8.56,baseline
order_0009455,NY,FL,Northeast,South,cross_region,zone_3,8,8.0,0.0,False,8.15,baseline
order_0009456,NV,ME,West,Northeast,cross_region,zone_3,9,9.0,0.0,False,16.16,baseline
order_0009457,NY,LA,Northeast,South,cross_region,zone_3,8,8.0,0.0,False,17.67,baseline
order_0009458,HI,NC,West,South,remote,zone_4,11,10.0,0.0,False,54.25,baseline
order_0009459,PA,CA,Northeast,West,cross_region,zone_3,9,8.0,0.0,False,9.37,baseline
order_0009460,HI,NY,West,Northeast,remote,zone_4,12,12.0,0.0,False,26.88,baseline
order_0009461,TX,WY,South,West,cross_region,zone_3,9,9.0,0.0,False,10.11,baseline
order_0009462,PA,ID,Northeast,West,cross_region,zone_3,9,,,False,17.52,baseline
order_0009463,CA,UT,West,West,same_region,zone_2,8,8.0,0.0,False,6.66,baseline
order_0009464,IL,UT,Midwest,West,cross_region,zone_3,10,,,False,9.72,baseline
order_0009465,NJ,SC,Northeast,South,cross_region,zone_3,9,9.0,0.0,False,7.98,baseline
order_0009466,MA,MI,Northeast,Midwest,cross_region,zone_3,9,,,False,8.07,baseline
order_0009467,VA,NY,South,Northeast,cross_region,zone_3,9,8.0,0.0,False,32.37,baseline
order_0009468,CA,RI,West,Northeast,cross_region,zone_3,10,10.0,0.0,False,19.55,baseline
order_0009469,CA,MN,West,Midwest,cross_region,zone_3,9,9.0,0.0,False,7.52,baseline
order_0009470,IL,AZ,Midwest,West,cross_region,zone_3,10,10.0,0.0,False,24.0,baseline
order_0009471,GA,SC,South,South,same_region,zone_2,7,7.0,0.0,False,13.71,baseline
order_0009472,LA,GA,South,South,same_region,zone_2,6,6.0,0.0,False,6.28,baseline
order_0009473,GA,NC,South,South,same_region,zone_2,8,8.0,0.0,False,6.02,baseline
order_0009474,NY,FL,Northeast,South,cross_region,zone_3,9,8.0,0.0,False,10.63,baseline
order_0009475,OH,MI,Midwest,Midwest,same_region,zone_2,6,6.0,0.0,False,12.24,baseline
order_0009476,OR,CA,West,West,same_region,zone_2,7,6.0,0.0,False,11.88,baseline
order_0009477,MS,CT,South,Northeast,cross_region,zone_3,9,9.0,0.0,False,7.38,baseline
order_0009478,NJ,SD,Northeast,Midwest,cross_region,zone_3,10,11.0,1.0,True,8.67,baseline
order_0009479,CA,ME,West,Northeast,cross_region,zone_3,9,8.0,0.0,False,10.94,baseline
order_0009480,GA,CA,South,West,cross_region,zone_3,9,8.0,0.0,False,24.23,baseline
order_0009481,LA,CA,South,West,cross_region,zone_3,9,9.0,0.0,False,8.07,baseline
order_0009482,HI,CA,West,West,same_region,zone_2,7,11.0,4.0,True,5.65,baseline
order_0009483,KY,CA,South,West,cross_region,zone_3,10,9.0,0.0,False,8.19,baseline
order_0009484,KS,FL,Midwest,South,cross_region,zone_3,10,10.0,0.0,False,16.1,baseline
order_0009485,NY,NY,Northeast,Northeast,same_state,zone_1,5,4.0,0.0,False,4.11,baseline
order_0009486,IL,MI,Midwest,Midwest,same_region,zone_2,6,5.0,0.0,False,18.07,baseline
order_0009487,NY,ME,Northeast,Northeast,same_region,zone_2,6,6.0,0.0,False,24.01,baseline
order_0009488,PA,NH,Northeast,Northeast,same_region,zone_2,7,7.0,0.0,False,10.6,baseline
order_0009489,GA,GA,South,South,same_state,zone_1,5,5.0,0.0,False,19.04,baseline
order_0009490,KY,NE,South,Midwest,cross_region,zone_3,9,9.0,0.0,False,8.1,baseline
order_0009491,MS,IN,South,Midwest,cross_region,zone_3,8,8.0,0.0,False,9.97,baseline
order_0009492,MD,TX,South,South,same_region,zone_2,7,7.0,0.0,False,5.42,baseline
order_0009493,IN,TX,Midwest,South,cross_region,zone_3,9,9.0,0.0,False,15.32,baseline
order_0009494,NY,FL,Northeast,South,cross_region,zone_3,9,9.0,0.0,False,28.96,baseline
order_0009495,GA,SC,South,South,same_region,zone_2,7,7.0,0.0,False,17.85,baseline
order_0009496,TX,TX,South,South,same_state,zone_1,5,5.0,0.0,False,12.78,baseline
order_0009497,NJ,MD,Northeast,South,cross_region,zone_3,9,12.0,3.0,True,15.96,baseline
order_0009498,IL,CA,Midwest,West,cross_region,zone_3,9,14.0,5.0,True,7.46,baseline
order_0009499,IL,CA,Midwest,West,cross_region,zone_3,9,9.0,0.0,False,7.1,baseline
order_0009500,SD,AZ,Midwest,West,cross_region,zone_3,9,8.0,0.0,False,20.19,baseline
order_0009501,HI,TX,West,South,remote,zone_4,12,12.0,0.0,False,14.03,baseline
order_0009502,NY,FL,Northeast,South,cross_region,zone_3,8,8.0,0.0,False,7.37,baseline
order_0009503,CA,GA,West,South,cross_region,zone_3,10,10.0,0.0,False,9.32,baseline
order_0009504,LA,NM,South,West,cross_region,zone_3,9,8.0,0.0,False,14.16,baseline
order_0009505,CA,CA,West,West,same_state,zone_1,5,,,False,9.58,baseline
order_0009506,CA,MT,West,West,same_region,zone_2,8,8.0,0.0,False,8.91,baseline
order_0009507,AL,CA,South,West,cross_region,zone_3,9,9.0,0.0,False,8.51,baseline
order_0009508,GA,AZ,South,West,cross_region,zone_3,9,8.0,0.0,False,15.78,baseline
order_0009509,FL,NJ,South,Northeast,cross_region,zone_3,9,9.0,0.0,False,11.24,baseline
order_0009510,CA,OR,West,West,same_region,zone_2,7,7.0,0.0,False,17.5,baseline
order_0009511,TX,NY,South,Northeast,cross_region,zone_3,9,8.0,0.0,False,9.34,baseline
order_0009512,ND,KS,Midwest,Midwest,same_region,zone_2,8,8.0,0.0,False,7.42,baseline
order_0009513,HI,WV,West,South,remote,zone_4,11,11.0,0.0,False,14.54,baseline
order_0009514,FL,ND,South,Midwest,cross_region,zone_3,8,8.0,0.0,False,8.04,baseline
order_0009515,RI,FL,Northeast,South,cross_region,zone_3,9,8.0,0.0,False,8.13,baseline
order_0009516,CO,OH,West,Midwest,cross_region,zone_3,9,9.0,0.0,False,10.17,baseline
order_0009517,CA,TX,West,South,cross_region,zone_3,9,9.0,0.0,False,20.87,baseline
order_0009518,NY,OR,Northeast,West,cross_region,zone_3,10,10.0,0.0,False,8.71,baseline
order_0009519,NV,MO,West,Midwest,cross_region,zone_3,9,9.0,0.0,False,18.12,baseline
order_0009520,MN,OH,Midwest,Midwest,same_region,zone_2,7,7.0,0.0,False,11.34,baseline
order_0009521,VA,NC,South,South,same_region,zone_2,7,6.0,0.0,False,12.59,baseline
order_0009522,HI,CA,West,West,same_region,zone_2,6,6.0,0.0,False,5.9,baseline
order_0009523,IA,VA,Midwest,South,cross_region,zone_3,9,9.0,0.0,False,47.39,baseline
order_0009524,MD,LA,South,South,same_region,zone_2,7,7.0,0.0,False,8.75,baseline
order_0009525,IL,DC,Midwest,South,cross_region,zone_3,9,14.0,5.0,True,8.09,baseline
order_0009526,VT,CA,Northeast,West,cross_region,zone_3,8,7.0,0.0,False,7.9,baseline
order_0009527,NY,NV,Northeast,West,cross_region,zone_3,9,8.0,0.0,False,24.04,baseline
order_0009528,NY,AK,Northeast,West,remote,zone_4,12,,,False,14.77,baseline
order_0009529,CT,NY,Northeast,Northeast,same_region,zone_2,7,,,False,5.0,baseline
order_0009530,NJ,AL,Northeast,South,cross_region,zone_3,9,9.0,0.0,False,17.39,baseline
order_0009531,WA,CA,West,West,same_region,zone_2,7,7.0,0.0,False,5.0,baseline
order_0009532,IL,MO,Midwest,Midwest,same_region,zone_2,7,7.0,0.0,False,12.42,baseline
order_0009533,CT,IL,Northeast,Midwest,cross_region,zone_3,9,,,False,7.79,baseline
order_0009534,DC,IA,South,Midwest,cross_region,zone_3,9,9.0,0.0,False,34.32,baseline
order_0009535,TN,AR,South,South,same_region,zone_2,6,6.0,0.0,False,10.6,baseline
order_0009536,IL,WA,Midwest,West,cross_region,zone_3,9,9.0,0.0,False,9.76,baseline
order_0009537,LA,CT,South,Northeast,cross_region,zone_3,8,8.0,0.0,False,17.6,baseline
order_0009538,CA,TX,West,South,cross_region,zone_3,9,9.0,0.0,False,16.42,baseline
order_0009539,CA,CA,West,West,same_state,zone_1,4,4.0,0.0,False,14.85,baseline
order_0009540,GA,IL,South,Midwest,cross_region,zone_3,9,9.0,0.0,False,33.25,baseline
order_0009541,FL,NY,South,Northeast,cross_region,zone_3,9,9.0,0.0,False,9.22,baseline
order_0009542,IL,FL,Midwest,South,cross_region,zone_3,9,9.0,0.0,False,17.73,baseline
order_0009543,HI,CA,West,West,same_region,zone_2,7,7.0,0.0,False,13.73,baseline
order_0009544,HI,VA,West,South,remote,zone_4,11,11.0,0.0,False,26.43,baseline
order_0009545,MA,TX,Northeast,South,cross_region,zone_3,9,9.0,0.0,False,8.24,baseline
order_0009546,GA,TX,South,South,same_region,zone_2,7,7.0,0.0,False,5.49,baseline
order_0009547,FL,IL,South,Midwest,cross_region,zone_3,10,10.0,0.0,False,38.21,baseline
order_0009548,GA,TN,South,South,same_region,zone_2,7,7.0,0.0,False,11.29,baseline
order_0009549,NY,NY,Northeast,Northeast,same_state,zone_1,5,5.0,0.0,False,14.54,baseline
order_0009550,OH,AL,Midwest,South,cross_region,zone_3,9,9.0,0.0,False,9.75,baseline
order_0009551,NJ,CA,Northeast,West,cross_region,zone_3,9,9.0,0.0,False,7.88,baseline
order_0009552,FL,MI,South,Midwest,cross_region,zone_3,10,13.0,3.0,True,8.13,baseline
order_0009553,CA,FL,West,South,cross_region,zone_3,9,10.0,1.0,True,8.12,baseline
order_0009554,MO,OK,Midwest,South,cross_region,zone_3,9,8.0,0.0,False,16.68,baseline
order_0009555,FL,MI,South,Midwest,cross_region,zone_3,8,8.0,0.0,False,16.23,baseline
order_0009556,FL,HI,South,West,remote,zone_4,12,17.0,5.0,True,14.02,baseline
order_0009557,ME,MA,Northeast,Northeast,same_region,zone_2,8,,,False,6.44,baseline
order_0009558,FL,CA,South,West,cross_region,zone_3,9,13.0,4.0,True,19.39,baseline
order_0009559,TX,PA,South,Northeast,cross_region,zone_3,9,,,False,8.36,baseline
order_0009560,GA,PA,South,Northeast,cross_region,zone_3,10,,,False,9.7,baseline
order_0009561,CA,CA,West,West,same_state,zone_1,5,8.0,3.0,True,18.54,baseline
order_0009562,TX,TX,South,South,same_state,zone_1,5,7.0,2.0,True,16.55,baseline
order_0009563,NY,IL,Northeast,Midwest,cross_region,zone_3,9,9.0,0.0,False,16.48,baseline
order_0009564,PA,CO,Northeast,West,cross_region,zone_3,9,9.0,0.0,False,8.93,baseline
order_0009565,NY,OH,Northeast,Midwest,cross_region,zone_3,9,8.0,0.0,False,31.32,baseline
order_0009566,HI,MA,West,Northeast,remote,zone_4,11,11.0,0.0,False,31.7,baseline
order_0009567,FL,AK,South,West,remote,zone_4,13,15.0,2.0,True,13.62,baseline
order_0009568,TX,MT,South,West,cross_region,zone_3,9,9.0,0.0,False,8.01,baseline
order_0009569,NJ,TX,Northeast,South,cross_region,zone_3,10,12.0,2.0,True,25.34,baseline
order_0009570,TX,SD,South,Midwest,cross_region,zone_3,10,9.0,0.0,False,8.36,baseline
order_0009571,HI,FL,West,South,remote,zone_4,11,12.0,1.0,True,12.12,baseline
order_0009572,FL,HI,South,West,remote,zone_4,12,13.0,1.0,True,30.42,baseline
order_0009573,NY,MI,Northeast,Midwest,cross_region,zone_3,9,9.0,0.0,False,8.28,baseline
order_0009574,CA,WV,West,South,cross_region,zone_3,9,,,False,28.04,baseline
order_0009575,FL,VT,South,Northeast,cross_region,zone_3,9,9.0,0.0,False,8.04,baseline
order_0009576,HI,NY,West,Northeast,remote,zone_4,11,10.0,0.0,False,27.05,baseline
order_0009577,ND,FL,Midwest,South,cross_region,zone_3,9,,,False,8.52,baseline
order_0009578,MS,ME,South,Northeast,cross_region,zone_3,8,7.0,0.0,False,8.16,baseline
order_0009579,VA,TX,South,South,same_region,zone_2,8,8.0,0.0,False,6.17,baseline
order_0009580,FL,MT,South,West,cross_region,zone_3,9,,,False,14.98,baseline
order_0009581,TX,TX,South,South,same_state,zone_1,4,4.0,0.0,False,13.93,baseline
order_0009582,NJ,NH,Northeast,Northeast,same_region,zone_2,8,,,False,31.82,baseline
order_0009583,ME,HI,Northeast,West,remote,zone_4,12,12.0,0.0,False,14.91,baseline
order_0009584,NM,ND,West,Midwest,cross_region,zone_3,9,9.0,0.0,False,23.81,baseline
order_0009585,FL,IA,South,Midwest,cross_region,zone_3,9,8.0,0.0,False,16.05,baseline
order_0009586,FL,GA,South,South,same_region,zone_2,7,9.0,2.0,True,4.91,baseline
order_0009587,FL,CA,South,West,cross_region,zone_3,9,8.0,0.0,False,15.87,baseline
order_0009588,IA,WY,Midwest,West,cross_region,zone_3,9,,,False,8.26,baseline
order_0009589,FL,NH,South,Northeast,cross_region,zone_3,10,10.0,0.0,False,28.37,baseline
order_0009590,MA,FL,Northeast,South,cross_region,zone_3,10,9.0,0.0,False,13.13,baseline
order_0009591,TN,CA,South,West,cross_region,zone_3,9,8.0,0.0,False,17.73,baseline
order_0009592,NJ,CA,Northeast,West,cross_region,zone_3,9,9.0,0.0,False,9.98,baseline
order_0009593,NJ,PA,Northeast,Northeast,same_region,zone_2,7,7.0,0.0,False,10.34,baseline
order_0009594,ME,PA,Northeast,Northeast,same_region,zone_2,7,6.0,0.0,False,5.19,baseline
order_0009595,MD,CA,South,West,cross_region,zone_3,9,8.0,0.0,False,8.57,baseline
order_0009596,LA,PA,South,Northeast,cross_region,zone_3,10,,,False,17.62,baseline
order_0009597,VA,MI,South,Midwest,cross_region,zone_3,10,12.0,2.0,True,18.77,baseline
order_0009598,WA,WV,West,South,cross_region,zone_3,9,9.0,0.0,False,8.93,baseline
order_0009599,MS,CA,South,West,cross_region,zone_3,9,9.0,0.0,False,25.64,baseline
order_0009600,NY,WA,Northeast,West,cross_region,zone_3,9,9.0,0.0,False,15.98,baseline
order_0009601,TN,TX,South,South,same_region,zone_2,8,8.0,0.0,False,6.18,baseline
order_0009602,NY,IL,Northeast,Midwest,cross_region,zone_3,8,8.0,0.0,False,25.88,baseline
order_0009603,LA,LA,South,South,same_state,zone_1,4,4.0,0.0,False,5.9,baseline
order_0009604,NM,TN,West,South,cross_region,zone_3,10,9.0,0.0,False,10.1,baseline
order_0009605,IL,MI,Midwest,Midwest,same_region,zone_2,7,7.0,0.0,False,6.61,baseline
order_0009606,CT,ND,Northeast,Midwest,cross_region,zone_3,9,9.0,0.0,False,7.38,baseline
order_0009607,IL,NJ,Midwest,Northeast,cross_region,zone_3,9,9.0,0.0,False,8.82,baseline
order_0009608,TX,TX,South,South,same_state,zone_1,5,5.0,0.0,False,8.97,baseline
order_0009609,NJ,CA,Northeast,West,cross_region,zone_3,9,9.0,0.0,False,8.46,baseline
order_0009610,MO,NY,Midwest,Northeast,cross_region,zone_3,9,9.0,0.0,False,8.76,baseline
order_0009611,MI,OH,Midwest,Midwest,same_region,zone_2,7,7.0,0.0,False,5.2,baseline
order_0009612,FL,MD,South,South,same_region,zone_2,7,7.0,0.0,False,10.94,baseline
order_0009613,WI,NY,Midwest,Northeast,cross_region,zone_3,9,10.0,1.0,True,7.28,baseline
order_0009614,OR,MN,West,Midwest,cross_region,zone_3,9,,,False,9.08,baseline
order_0009615,SC,NJ,South,Northeast,cross_region,zone_3,9,8.0,0.0,False,16.62,baseline
order_0009616,AL,FL,South,South,same_region,zone_2,7,7.0,0.0,False,8.59,baseline
order_0009617,FL,CA,South,West,cross_region,zone_3,9,9.0,0.0,False,8.04,baseline
order_0009618,NY,CA,Northeast,West,cross_region,zone_3,9,9.0,0.0,False,21.88,baseline
order_0009619,TX,ID,South,West,cross_region,zone_3,9,9.0,0.0,False,31.72,baseline
order_0009620,TX,OR,South,West,cross_region,zone_3,9,8.0,0.0,False,7.71,baseline
order_0009621,MS,NM,South,West,cross_region,zone_3,8,8.0,0.0,False,19.55,baseline
order_0009622,AZ,PA,West,Northeast,cross_region,zone_3,9,9.0,0.0,False,35.71,baseline
order_0009623,ME,FL,Northeast,South,cross_region,zone_3,9,9.0,0.0,False,8.18,baseline
order_0009624,AR,ND,South,Midwest,cross_region,zone_3,9,9.0,0.0,False,16.56,baseline
order_0009625,WV,FL,South,South,same_region,zone_2,7,7.0,0.0,False,5.41,baseline
order_0009626,NV,NJ,West,Northeast,cross_region,zone_3,9,9.0,0.0,False,17.95,baseline
order_0009627,NM,NM,West,West,same_state,zone_1,5,5.0,0.0,False,3.82,baseline
order_0009628,NV,NE,West,Midwest,cross_region,zone_3,9,9.0,0.0,False,9.1,baseline
order_0009629,FL,TX,South,South,same_region,zone_2,7,7.0,0.0,False,6.85,baseline
order_0009630,TX,SC,South,South,same_region,zone_2,8,8.0,0.0,False,6.22,baseline
order_0009631,OR,IL,West,Midwest,cross_region,zone_3,9,12.0,3.0,True,23.36,baseline
order_0009632,CA,IL,West,Midwest,cross_region,zone_3,10,10.0,0.0,False,19.08,baseline
order_0009633,IL,CA,Midwest,West,cross_region,zone_3,9,12.0,3.0,True,8.3,baseline
order_0009634,GA,WA,South,West,cross_region,zone_3,9,9.0,0.0,False,26.77,baseline
order_0009635,NV,KY,West,South,cross_region,zone_3,9,9.0,0.0,False,7.25,baseline
order_0009636,UT,NE,West,Midwest,cross_region,zone_3,9,9.0,0.0,False,7.67,baseline
order_0009637,NY,PA,Northeast,Northeast,same_region,zone_2,6,6.0,0.0,False,9.42,baseline
order_0009638,IL,ME,Midwest,Northeast,cross_region,zone_3,10,,,False,9.16,baseline
order_0009639,MS,HI,South,West,remote,zone_4,11,11.0,0.0,False,13.53,baseline
order_0009640,HI,CA,West,West,same_region,zone_2,6,,,False,5.11,baseline
order_0009641,NY,AK,Northeast,West,remote,zone_4,12,12.0,0.0,False,49.78,baseline
order_0009642,TX,PA,South,Northeast,cross_region,zone_3,9,9.0,0.0,False,8.88,baseline
order_0009643,CA,OH,West,Midwest,cross_region,zone_3,9,9.0,0.0,False,16.41,baseline
order_0009644,OH,AR,Midwest,South,cross_region,zone_3,9,14.0,5.0,True,7.67,baseline
order_0009645,FL,TX,South,South,same_region,zone_2,7,6.0,0.0,False,11.37,baseline
order_0009646,TX,CA,South,West,cross_region,zone_3,9,8.0,0.0,False,7.64,baseline
order_0009647,PA,GA,Northeast,South,cross_region,zone_3,8,8.0,0.0,False,7.98,baseline
order_0009648,IL,NY,Midwest,Northeast,cross_region,zone_3,10,10.0,0.0,False,8.25,baseline
order_0009649,NJ,TX,Northeast,South,cross_region,zone_3,9,9.0,0.0,False,19.84,baseline
order_0009650,CT,FL,Northeast,South,cross_region,zone_3,9,9.0,0.0,False,38.54,baseline
order_0009651,NE,IA,Midwest,Midwest,same_region,zone_2,8,8.0,0.0,False,24.49,baseline
order_0009652,CA,WY,West,West,same_region,zone_2,6,6.0,0.0,False,5.46,baseline
order_0009653,OH,CA,Midwest,West,cross_region,zone_3,9,8.0,0.0,False,15.43,baseline
order_0009654,CA,OH,West,Midwest,cross_region,zone_3,9,9.0,0.0,False,7.77,baseline
order_0009655,OH,DE,Midwest,South,cross_region,zone_3,10,9.0,0.0,False,9.14,baseline
order_0009656,AL,CA,South,West,cross_region,zone_3,9,9.0,0.0,False,11.82,baseline
order_0009657,ID,SC,West,South,cross_region,zone_3,8,8.0,0.0,False,17.49,baseline
order_0009658,NY,TX,Northeast,South,cross_region,zone_3,9,8.0,0.0,False,7.75,baseline
order_0009659,IA,ME,Midwest,Northeast,cross_region,zone_3,9,9.0,0.0,False,21.08,baseline
order_0009660,TX,MD,South,South,same_region,zone_2,7,6.0,0.0,False,6.01,baseline
order_0009661,TX,NC,South,South,same_region,zone_2,7,7.0,0.0,False,5.97,baseline
order_0009662,NE,GA,Midwest,South,cross_region,zone_3,9,9.0,0.0,False,7.94,baseline
order_0009663,TX,CA,South,West,cross_region,zone_3,9,,,False,8.65,baseline
order_0009664,CA,CA,West,West,same_state,zone_1,5,5.0,0.0,False,12.89,baseline
order_0009665,IA,MS,Midwest,South,cross_region,zone_3,9,11.0,2.0,True,17.2,baseline
order_0009666,FL,MS,South,South,same_region,zone_2,7,6.0,0.0,False,5.6,baseline
order_0009667,HI,IL,West,Midwest,remote,zone_4,11,11.0,0.0,False,25.86,baseline
order_0009668,WI,ND,Midwest,Midwest,same_region,zone_2,7,11.0,4.0,True,5.83,baseline
order_0009669,IL,NY,Midwest,Northeast,cross_region,zone_3,9,8.0,0.0,False,9.67,baseline
order_0009670,HI,NM,West,West,same_region,zone_2,6,6.0,0.0,False,4.88,baseline
order_0009671,CA,NJ,West,Northeast,cross_region,zone_3,9,9.0,0.0,False,25.68,baseline
order_0009672,LA,AZ,South,West,cross_region,zone_3,9,10.0,1.0,True,7.2,baseline
order_0009673,NY,IL,Northeast,Midwest,cross_region,zone_3,10,,,False,16.06,baseline
order_0009674,NY,PA,Northeast,Northeast,same_region,zone_2,7,7.0,0.0,False,6.16,baseline
order_0009675,CT,CO,Northeast,West,cross_region,zone_3,9,9.0,0.0,False,7.6,baseline
order_0009676,NY,WY,Northeast,West,cross_region,zone_3,10,10.0,0.0,False,10.45,baseline
order_0009677,PA,NM,Northeast,West,cross_region,zone_3,9,8.0,0.0,False,8.85,baseline
order_0009678,IA,WI,Midwest,Midwest,same_region,zone_2,7,6.0,0.0,False,7.82,baseline
order_0009679,LA,TX,South,South,same_region,zone_2,7,6.0,0.0,False,11.12,baseline
order_0009680,NY,ME,Northeast,Northeast,same_region,zone_2,7,7.0,0.0,False,14.9,baseline
order_0009681,TX,CA,South,West,cross_region,zone_3,9,13.0,4.0,True,9.89,baseline
order_0009682,OR,TX,West,South,cross_region,zone_3,9,9.0,0.0,False,8.23,baseline
order_0009683,PA,ME,Northeast,Northeast,same_region,zone_2,7,7.0,0.0,False,24.12,baseline
order_0009684,IL,NY,Midwest,Northeast,cross_region,zone_3,9,9.0,0.0,False,7.48,baseline
order_0009685,CA,MI,West,Midwest,cross_region,zone_3,9,9.0,0.0,False,8.47,baseline
order_0009686,IL,OH,Midwest,Midwest,same_region,zone_2,7,7.0,0.0,False,6.06,baseline
order_0009687,FL,NY,South,Northeast,cross_region,zone_3,9,9.0,0.0,False,18.51,baseline
order_0009688,IL,NY,Midwest,Northeast,cross_region,zone_3,9,9.0,0.0,False,7.24,baseline
order_0009689,CO,NC,West,South,cross_region,zone_3,9,9.0,0.0,False,18.18,baseline
order_0009690,PA,WV,Northeast,South,cross_region,zone_3,9,8.0,0.0,False,25.59,baseline
order_0009691,CA,CA,West,West,same_state,zone_1,4,4.0,0.0,False,4.35,baseline
order_0009692,CA,IL,West,Midwest,cross_region,zone_3,9,8.0,0.0,False,15.86,baseline
order_0009693,PA,GA,Northeast,South,cross_region,zone_3,9,9.0,0.0,False,8.0,baseline
order_0009694,FL,NY,South,Northeast,cross_region,zone_3,9,9.0,0.0,False,8.6,baseline
order_0009695,HI,HI,West,West,same_state,zone_1,5,5.0,0.0,False,4.79,baseline
order_0009696,CA,MI,West,Midwest,cross_region,zone_3,8,8.0,0.0,False,7.81,baseline
order_0009697,HI,PA,West,Northeast,remote,zone_4,12,12.0,0.0,False,52.6,baseline
order_0009698,NY,NY,Northeast,Northeast,same_state,zone_1,4,4.0,0.0,False,8.62,baseline
order_0009699,AZ,FL,West,South,cross_region,zone_3,9,9.0,0.0,False,8.88,baseline
order_0009700,NJ,CA,Northeast,West,cross_region,zone_3,9,8.0,0.0,False,17.68,baseline
order_0009701,IL,NY,Midwest,Northeast,cross_region,zone_3,10,10.0,0.0,False,8.92,baseline
order_0009702,NV,MO,West,Midwest,cross_region,zone_3,9,8.0,0.0,False,16.94,baseline
order_0009703,FL,NY,South,Northeast,cross_region,zone_3,9,11.0,2.0,True,8.31,baseline
order_0009704,NY,MD,Northeast,South,cross_region,zone_3,9,14.0,5.0,True,7.78,baseline
order_0009705,GA,NY,South,Northeast,cross_region,zone_3,10,11.0,1.0,True,10.41,baseline
order_0009706,MA,TX,Northeast,South,cross_region,zone_3,10,,,False,46.06,baseline
order_0009707,FL,FL,South,South,same_state,zone_1,5,5.0,0.0,False,12.14,baseline
order_0009708,TN,PA,South,Northeast,cross_region,zone_3,9,8.0,0.0,False,17.46,baseline
order_0009709,OH,IL,Midwest,Midwest,same_region,zone_2,7,11.0,4.0,True,11.83,baseline
order_0009710,IA,TX,Midwest,South,cross_region,zone_3,9,9.0,0.0,False,31.53,baseline
order_0009711,CA,DC,West,South,cross_region,zone_3,8,8.0,0.0,False,15.85,baseline
order_0009712,TN,OH,South,Midwest,cross_region,zone_3,9,9.0,0.0,False,9.82,baseline
order_0009713,NY,IL,Northeast,Midwest,cross_region,zone_3,10,9.0,0.0,False,28.34,baseline
order_0009714,AK,CA,West,West,same_region,zone_2,7,7.0,0.0,False,11.21,baseline
order_0009715,MI,OH,Midwest,Midwest,same_region,zone_2,8,8.0,0.0,False,12.02,baseline
order_0009716,HI,SC,West,South,remote,zone_4,11,11.0,0.0,False,12.75,baseline
order_0009717,AR,OK,South,South,same_region,zone_2,7,7.0,0.0,False,7.43,baseline
order_0009718,NJ,OR,Northeast,West,cross_region,zone_3,10,10.0,0.0,False,8.65,baseline
order_0009719,TX,SD,South,Midwest,cross_region,zone_3,9,11.0,2.0,True,41.38,baseline
order_0009720,AL,CA,South,West,cross_region,zone_3,9,,,False,13.76,baseline
order_0009721,CA,IN,West,Midwest,cross_region,zone_3,9,9.0,0.0,False,8.49,baseline
order_0009722,LA,TX,South,South,same_region,zone_2,6,6.0,0.0,False,5.06,baseline
order_0009723,CA,ID,West,West,same_region,zone_2,8,7.0,0.0,False,11.88,baseline
order_0009724,NY,KS,Northeast,Midwest,cross_region,zone_3,9,8.0,0.0,False,7.5,baseline
order_0009725,TX,CO,South,West,cross_region,zone_3,10,10.0,0.0,False,18.53,baseline
order_0009726,TN,KS,South,Midwest,cross_region,zone_3,9,9.0,0.0,False,11.02,baseline
order_0009727,MI,MS,Midwest,South,cross_region,zone_3,9,8.0,0.0,False,23.42,baseline
order_0009728,WA,ID,West,West,same_region,zone_2,6,6.0,0.0,False,6.76,baseline
order_0009729,NY,LA,Northeast,South,cross_region,zone_3,10,10.0,0.0,False,9.67,baseline
order_0009730,CA,CA,West,West,same_state,zone_1,5,4.0,0.0,False,9.37,baseline
order_0009731,ID,PA,West,Northeast,cross_region,zone_3,9,9.0,0.0,False,8.15,baseline
order_0009732,SD,CA,Midwest,West,cross_region,zone_3,10,10.0,0.0,False,8.88,baseline
order_0009733,WV,CA,South,West,cross_region,zone_3,9,8.0,0.0,False,16.56,baseline
order_0009734,CA,NE,West,Midwest,cross_region,zone_3,9,11.0,2.0,True,18.21,baseline
order_0009735,HI,KY,West,South,remote,zone_4,11,11.0,0.0,False,12.91,baseline
order_0009736,FL,GA,South,South,same_region,zone_2,7,7.0,0.0,False,13.57,baseline
order_0009737,UT,NC,West,South,cross_region,zone_3,9,13.0,4.0,True,9.11,baseline
order_0009738,TX,NC,South,South,same_region,zone_2,7,7.0,0.0,False,5.23,baseline
order_0009739,ME,OH,Northeast,Midwest,cross_region,zone_3,10,10.0,0.0,False,9.04,baseline
order_0009740,NY,NY,Northeast,Northeast,same_state,zone_1,5,5.0,0.0,False,33.04,baseline
order_0009741,IL,OH,Midwest,Midwest,same_region,zone_2,7,7.0,0.0,False,5.53,baseline
order_0009742,CA,SD,West,Midwest,cross_region,zone_3,9,9.0,0.0,False,7.95,baseline
order_0009743,CA,FL,West,South,cross_region,zone_3,9,,,False,18.81,baseline
order_0009744,HI,NC,West,South,remote,zone_4,12,12.0,0.0,False,25.83,baseline
order_0009745,FL,NY,South,Northeast,cross_region,zone_3,9,9.0,0.0,False,17.0,baseline
order_0009746,PA,FL,Northeast,South,cross_region,zone_3,9,9.0,0.0,False,16.91,baseline
order_0009747,TX,CA,South,West,cross_region,zone_3,9,9.0,0.0,False,15.51,baseline
order_0009748,TX,WY,South,West,cross_region,zone_3,8,11.0,3.0,True,26.74,baseline
order_0009749,WV,IL,South,Midwest,cross_region,zone_3,10,10.0,0.0,False,17.24,baseline
order_0009750,TX,OR,South,West,cross_region,zone_3,9,8.0,0.0,False,7.41,baseline
order_0009751,AR,NJ,South,Northeast,cross_region,zone_3,9,8.0,0.0,False,16.82,baseline
order_0009752,NV,FL,West,South,cross_region,zone_3,9,8.0,0.0,False,27.67,baseline
order_0009753,TX,CT,South,Northeast,cross_region,zone_3,9,9.0,0.0,False,16.35,baseline
order_0009754,OR,TX,West,South,cross_region,zone_3,9,9.0,0.0,False,9.78,baseline
order_0009755,GA,ND,South,Midwest,cross_region,zone_3,9,9.0,0.0,False,8.31,baseline
order_0009756,FL,TX,South,South,same_region,zone_2,7,7.0,0.0,False,7.33,baseline
order_0009757,AL,IA,South,Midwest,cross_region,zone_3,9,9.0,0.0,False,12.37,baseline
order_0009758,SD,IL,Midwest,Midwest,same_region,zone_2,7,,,False,5.44,baseline
order_0009759,AL,IL,South,Midwest,cross_region,zone_3,9,9.0,0.0,False,34.5,baseline
order_0009760,FL,SC,South,South,same_region,zone_2,8,7.0,0.0,False,7.11,baseline
order_0009761,TX,TX,South,South,same_state,zone_1,5,5.0,0.0,False,7.9,baseline
order_0009762,FL,MN,South,Midwest,cross_region,zone_3,9,12.0,3.0,True,8.5,baseline
order_0009763,CA,NV,West,West,same_region,zone_2,7,7.0,0.0,False,26.54,baseline
order_0009764,FL,AK,South,West,remote,zone_4,12,11.0,0.0,False,15.45,baseline
order_0009765,FL,MT,South,West,cross_region,zone_3,9,8.0,0.0,False,16.6,baseline
order_0009766,TX,MI,South,Midwest,cross_region,zone_3,10,10.0,0.0,False,33.42,baseline
order_0009767,NM,FL,West,South,cross_region,zone_3,9,8.0,0.0,False,8.52,baseline
order_0009768,FL,IN,South,Midwest,cross_region,zone_3,9,9.0,0.0,False,15.26,baseline
order_0009769,MI,CO,Midwest,West,cross_region,zone_3,9,9.0,0.0,False,10.15,baseline
order_0009770,IA,TX,Midwest,South,cross_region,zone_3,10,14.0,4.0,True,25.54,baseline
order_0009771,WA,NC,West,South,cross_region,zone_3,9,9.0,0.0,False,9.64,baseline
order_0009772,OH,CA,Midwest,West,cross_region,zone_3,9,9.0,0.0,False,17.35,baseline
order_0009773,FL,CA,South,West,cross_region,zone_3,9,9.0,0.0,False,11.22,baseline
order_0009774,CA,MO,West,Midwest,cross_region,zone_3,9,9.0,0.0,False,7.28,baseline
order_0009775,TX,CT,South,Northeast,cross_region,zone_3,9,8.0,0.0,False,8.3,baseline
order_0009776,MA,PA,Northeast,Northeast,same_region,zone_2,7,7.0,0.0,False,10.2,baseline
order_0009777,FL,TX,South,South,same_region,zone_2,7,7.0,0.0,False,23.22,baseline
order_0009778,GA,CA,South,West,cross_region,zone_3,9,8.0,0.0,False,15.88,baseline
order_0009779,VA,IL,South,Midwest,cross_region,zone_3,10,10.0,0.0,False,18.51,baseline
order_0009780,FL,MA,South,Northeast,cross_region,zone_3,9,8.0,0.0,False,18.54,baseline
order_0009781,FL,OR,South,West,cross_region,zone_3,10,,,False,17.78,baseline
order_0009782,PA,ME,Northeast,Northeast,same_region,zone_2,7,7.0,0.0,False,32.31,baseline
order_0009783,AK,SC,West,South,remote,zone_4,12,12.0,0.0,False,12.56,baseline
order_0009784,CA,PA,West,Northeast,cross_region,zone_3,9,9.0,0.0,False,8.35,baseline
order_0009785,KY,WI,South,Midwest,cross_region,zone_3,9,9.0,0.0,False,16.55,baseline
order_0009786,GA,SD,South,Midwest,cross_region,zone_3,9,8.0,0.0,False,17.35,baseline
order_0009787,TX,IL,South,Midwest,cross_region,zone_3,9,8.0,0.0,False,44.12,baseline
order_0009788,TX,FL,South,South,same_region,zone_2,7,7.0,0.0,False,5.97,baseline
order_0009789,SC,NY,South,Northeast,cross_region,zone_3,9,9.0,0.0,False,9.39,baseline
order_0009790,CA,SD,West,Midwest,cross_region,zone_3,9,9.0,0.0,False,8.32,baseline
order_0009791,TX,MI,South,Midwest,cross_region,zone_3,10,10.0,0.0,False,19.98,baseline
order_0009792,TX,WY,South,West,cross_region,zone_3,10,9.0,0.0,False,7.8,baseline
order_0009793,FL,TX,South,South,same_region,zone_2,7,7.0,0.0,False,11.14,baseline
order_0009794,VT,KS,Northeast,Midwest,cross_region,zone_3,9,9.0,0.0,False,16.1,baseline
order_0009795,IL,GA,Midwest,South,cross_region,zone_3,9,8.0,0.0,False,27.08,baseline
order_0009796,NJ,FL,Northeast,South,cross_region,zone_3,9,9.0,0.0,False,7.3,baseline
order_0009797,MA,PA,Northeast,Northeast,same_region,zone_2,7,7.0,0.0,False,5.34,baseline
order_0009798,FL,UT,South,West,cross_region,zone_3,9,8.0,0.0,False,9.64,baseline
order_0009799,NJ,NY,Northeast,Northeast,same_region,zone_2,8,8.0,0.0,False,27.91,baseline
order_0009800,MN,SC,Midwest,South,cross_region,zone_3,9,9.0,0.0,False,15.62,baseline
order_0009801,MT,AR,West,South,cross_region,zone_3,9,14.0,5.0,True,15.2,baseline
order_0009802,NY,OH,Northeast,Midwest,cross_region,zone_3,9,9.0,0.0,False,15.87,baseline
order_0009803,NY,OK,Northeast,South,cross_region,zone_3,9,8.0,0.0,False,25.56,baseline
order_0009804,CT,NC,Northeast,South,cross_region,zone_3,10,9.0,0.0,False,9.05,baseline
order_0009805,PA,OR,Northeast,West,cross_region,zone_3,9,9.0,0.0,False,8.11,baseline
order_0009806,NV,TX,West,South,cross_region,zone_3,9,9.0,0.0,False,8.65,baseline
order_0009807,NY,NV,Northeast,West,cross_region,zone_3,8,7.0,0.0,False,7.56,baseline
order_0009808,HI,AR,West,South,remote,zone_4,11,11.0,0.0,False,14.28,baseline
order_0009809,HI,CA,West,West,same_region,zone_2,6,6.0,0.0,False,17.85,baseline
order_0009810,NY,TX,Northeast,South,cross_region,zone_3,9,8.0,0.0,False,9.02,baseline
order_0009811,NJ,WY,Northeast,West,cross_region,zone_3,9,10.0,1.0,True,27.66,baseline
order_0009812,CT,OH,Northeast,Midwest,cross_region,zone_3,9,9.0,0.0,False,9.44,baseline
order_0009813,GA,KS,South,Midwest,cross_region,zone_3,9,13.0,4.0,True,29.16,baseline
order_0009814,FL,CA,South,West,cross_region,zone_3,9,8.0,0.0,False,16.78,baseline
order_0009815,TX,GA,South,South,same_region,zone_2,8,8.0,0.0,False,5.61,baseline
order_0009816,CA,TX,West,South,cross_region,zone_3,9,9.0,0.0,False,18.9,baseline
order_0009817,HI,NJ,West,Northeast,remote,zone_4,12,12.0,0.0,False,67.62,baseline
order_0009818,FL,FL,South,South,same_state,zone_1,5,5.0,0.0,False,4.97,baseline
order_0009819,WY,WA,West,West,same_region,zone_2,7,7.0,0.0,False,17.94,baseline
order_0009820,AL,GA,South,South,same_region,zone_2,7,7.0,0.0,False,6.28,baseline
order_0009821,IN,FL,Midwest,South,cross_region,zone_3,8,10.0,2.0,True,12.86,baseline
order_0009822,WV,GA,South,South,same_region,zone_2,8,9.0,1.0,True,5.74,baseline
order_0009823,IL,NE,Midwest,Midwest,same_region,zone_2,7,,,False,16.96,baseline
order_0009824,NY,TX,Northeast,South,cross_region,zone_3,9,13.0,4.0,True,19.58,baseline
order_0009825,IA,AL,Midwest,South,cross_region,zone_3,9,9.0,0.0,False,8.59,baseline
order_0009826,WY,IA,West,Midwest,cross_region,zone_3,9,9.0,0.0,False,7.69,baseline
order_0009827,IL,RI,Midwest,Northeast,cross_region,zone_3,9,8.0,0.0,False,7.85,baseline
order_0009828,AK,MT,West,West,same_region,zone_2,7,7.0,0.0,False,23.33,baseline
order_0009829,FL,FL,South,South,same_state,zone_1,5,5.0,0.0,False,6.43,baseline
order_0009830,CA,CO,West,West,same_region,zone_2,7,7.0,0.0,False,6.26,baseline
order_0009831,ND,NV,Midwest,West,cross_region,zone_3,9,8.0,0.0,False,22.16,baseline
order_0009832,MT,WV,West,South,cross_region,zone_3,9,9.0,0.0,False,8.21,baseline
order_0009833,NY,OR,Northeast,West,cross_region,zone_3,9,,,False,8.81,baseline
order_0009834,AK,NJ,West,Northeast,remote,zone_4,12,12.0,0.0,False,27.47,baseline
order_0009835,UT,GA,West,South,cross_region,zone_3,8,8.0,0.0,False,16.0,baseline
order_0009836,NM,IL,West,Midwest,cross_region,zone_3,9,9.0,0.0,False,8.64,baseline
order_0009837,NE,WA,Midwest,West,cross_region,zone_3,10,10.0,0.0,False,9.92,baseline
order_0009838,CA,CT,West,Northeast,cross_region,zone_3,10,,,False,50.82,baseline
order_0009839,TX,PA,South,Northeast,cross_region,zone_3,10,10.0,0.0,False,16.96,baseline
order_0009840,HI,IL,West,Midwest,remote,zone_4,11,11.0,0.0,False,14.69,baseline
order_0009841,NJ,TX,Northeast,South,cross_region,zone_3,9,8.0,0.0,False,8.46,baseline
order_0009842,CT,NY,Northeast,Northeast,same_region,zone_2,7,6.0,0.0,False,9.79,baseline
order_0009843,NM,NC,West,South,cross_region,zone_3,9,9.0,0.0,False,17.6,baseline
order_0009844,NJ,CA,Northeast,West,cross_region,zone_3,10,10.0,0.0,False,8.72,baseline
order_0009845,OH,TX,Midwest,South,cross_region,zone_3,9,8.0,0.0,False,13.94,baseline
order_0009846,CA,PA,West,Northeast,cross_region,zone_3,9,9.0,0.0,False,17.92,baseline
order_0009847,TX,NC,South,South,same_region,zone_2,7,7.0,0.0,False,15.25,baseline
order_0009848,FL,MS,South,South,same_region,zone_2,7,7.0,0.0,False,22.04,baseline
order_0009849,LA,OH,South,Midwest,cross_region,zone_3,8,8.0,0.0,False,10.32,baseline
order_0009850,PA,NY,Northeast,Northeast,same_region,zone_2,7,8.0,1.0,True,5.41,baseline
order_0009851,WA,WY,West,West,same_region,zone_2,6,5.0,0.0,False,6.62,baseline
order_0009852,IL,NJ,Midwest,Northeast,cross_region,zone_3,9,9.0,0.0,False,7.79,baseline
order_0009853,CA,CA,West,West,same_state,zone_1,4,5.0,1.0,True,8.43,baseline
order_0009854,AL,PA,South,Northeast,cross_region,zone_3,9,9.0,0.0,False,23.69,baseline
order_0009855,ID,MN,West,Midwest,cross_region,zone_3,9,11.0,2.0,True,9.55,baseline
order_0009856,CT,FL,Northeast,South,cross_region,zone_3,9,9.0,0.0,False,9.79,baseline
order_0009857,CA,KY,West,South,cross_region,zone_3,9,12.0,3.0,True,24.53,baseline
order_0009858,NJ,FL,Northeast,South,cross_region,zone_3,9,9.0,0.0,False,8.7,baseline
order_0009859,TN,TX,South,South,same_region,zone_2,7,10.0,3.0,True,8.5,baseline
order_0009860,NY,OH,Northeast,Midwest,cross_region,zone_3,9,9.0,0.0,False,36.3,baseline
order_0009861,NM,FL,West,South,cross_region,zone_3,9,9.0,0.0,False,8.4,baseline
order_0009862,TX,FL,South,South,same_region,zone_2,7,6.0,0.0,False,21.14,baseline
order_0009863,AL,CA,South,West,cross_region,zone_3,9,9.0,0.0,False,10.56,baseline
order_0009864,NE,NH,Midwest,Northeast,cross_region,zone_3,9,9.0,0.0,False,15.36,baseline
order_0009865,NJ,NY,Northeast,Northeast,same_region,zone_2,8,8.0,0.0,False,6.13,baseline
order_0009866,NJ,TX,Northeast,South,cross_region,zone_3,9,9.0,0.0,False,7.68,baseline
order_0009867,CA,FL,West,South,cross_region,zone_3,9,9.0,0.0,False,25.69,baseline
order_0009868,TX,FL,South,South,same_region,zone_2,7,,,False,5.68,baseline
order_0009869,NY,GA,Northeast,South,cross_region,zone_3,9,9.0,0.0,False,25.16,baseline
order_0009870,OR,TN,West,South,cross_region,zone_3,9,9.0,0.0,False,12.68,baseline
order_0009871,TX,AK,South,West,remote,zone_4,13,16.0,3.0,True,17.2,baseline
order_0009872,NJ,HI,Northeast,West,remote,zone_4,12,11.0,0.0,False,65.39,baseline
order_0009873,TX,MA,South,Northeast,cross_region,zone_3,9,12.0,3.0,True,10.42,baseline
order_0009874,MI,NC,Midwest,South,cross_region,zone_3,9,9.0,0.0,False,7.76,baseline
order_0009875,ND,AL,Midwest,South,cross_region,zone_3,9,9.0,0.0,False,17.74,baseline
order_0009876,NJ,NY,Northeast,Northeast,same_region,zone_2,7,7.0,0.0,False,11.18,baseline
order_0009877,FL,GA,South,South,same_region,zone_2,7,7.0,0.0,False,14.35,baseline
order_0009878,KY,AR,South,South,same_region,zone_2,7,12.0,5.0,True,10.92,baseline
order_0009879,CA,TX,West,South,cross_region,zone_3,9,11.0,2.0,True,8.62,baseline
order_0009880,FL,MA,South,Northeast,cross_region,zone_3,8,13.0,5.0,True,9.13,baseline
order_0009881,FL,CA,South,West,cross_region,zone_3,9,9.0,0.0,False,8.37,baseline
order_0009882,FL,CA,South,West,cross_region,zone_3,9,,,False,8.1,baseline
order_0009883,NJ,MS,Northeast,South,cross_region,zone_3,9,,,False,8.23,baseline
order_0009884,NY,IL,Northeast,Midwest,cross_region,zone_3,9,12.0,3.0,True,16.53,baseline
order_0009885,MN,CA,Midwest,West,cross_region,zone_3,10,9.0,0.0,False,11.7,baseline
order_0009886,TX,NY,South,Northeast,cross_region,zone_3,9,11.0,2.0,True,7.62,baseline
order_0009887,FL,FL,South,South,same_state,zone_1,5,5.0,0.0,False,4.52,baseline
order_0009888,CA,NM,West,West,same_region,zone_2,7,6.0,0.0,False,20.36,baseline
order_0009889,VA,FL,South,South,same_region,zone_2,8,8.0,0.0,False,5.47,baseline
order_0009890,FL,NC,South,South,same_region,zone_2,7,7.0,0.0,False,5.54,baseline
order_0009891,ME,MT,Northeast,West,cross_region,zone_3,9,9.0,0.0,False,9.42,baseline
order_0009892,FL,NV,South,West,cross_region,zone_3,9,8.0,0.0,False,18.36,baseline
order_0009893,OH,NJ,Midwest,Northeast,cross_region,zone_3,9,14.0,5.0,True,15.71,baseline
order_0009894,FL,TX,South,South,same_region,zone_2,7,6.0,0.0,False,5.9,baseline
order_0009895,HI,FL,West,South,remote,zone_4,11,11.0,0.0,False,12.66,baseline
order_0009896,NH,KS,Northeast,Midwest,cross_region,zone_3,9,9.0,0.0,False,31.89,baseline
order_0009897,CA,AK,West,West,same_region,zone_2,7,8.0,1.0,True,20.74,baseline
order_0009898,HI,CA,West,West,same_region,zone_2,6,6.0,0.0,False,7.35,baseline
order_0009899,TX,CA,South,West,cross_region,zone_3,10,10.0,0.0,False,17.11,baseline
order_0009900,HI,CA,West,West,same_region,zone_2,6,6.0,0.0,False,5.8,baseline
order_0009901,NJ,MI,Northeast,Midwest,cross_region,zone_3,8,8.0,0.0,False,32.51,baseline
order_0009902,DE,CA,South,West,cross_region,zone_3,9,8.0,0.0,False,8.56,baseline
order_0009903,CA,IN,West,Midwest,cross_region,zone_3,9,8.0,0.0,False,18.83,baseline
order_0009904,MT,PA,West,Northeast,cross_region,zone_3,8,8.0,0.0,False,7.64,baseline
order_0009905,SD,GA,Midwest,South,cross_region,zone_3,9,8.0,0.0,False,7.84,baseline
order_0009906,FL,NV,South,West,cross_region,zone_3,9,9.0,0.0,False,8.69,baseline
order_0009907,CA,CO,West,West,same_region,zone_2,7,7.0,0.0,False,5.26,baseline
order_0009908,MN,ME,Midwest,Northeast,cross_region,zone_3,9,13.0,4.0,True,8.08,baseline
order_0009909,TX,FL,South,South,same_region,zone_2,7,7.0,0.0,False,13.4,baseline
order_0009910,NV,NV,West,West,same_state,zone_1,5,5.0,0.0,False,3.93,baseline
order_0009911,FL,FL,South,South,same_state,zone_1,5,5.0,0.0,False,13.68,baseline
order_0009912,CA,NJ,West,Northeast,cross_region,zone_3,9,13.0,4.0,True,9.81,baseline
order_0009913,CA,ME,West,Northeast,cross_region,zone_3,10,9.0,0.0,False,28.22,baseline
order_0009914,IL,OH,Midwest,Midwest,same_region,zone_2,7,7.0,0.0,False,12.97,baseline
order_0009915,WI,FL,Midwest,South,cross_region,zone_3,9,8.0,0.0,False,17.21,baseline
order_0009916,IL,FL,Midwest,South,cross_region,zone_3,8,8.0,0.0,False,34.25,baseline
order_0009917,GA,TX,South,South,same_region,zone_2,7,11.0,4.0,True,5.42,baseline
order_0009918,AL,NV,South,West,cross_region,zone_3,9,,,False,17.99,baseline
order_0009919,CO,CT,West,Northeast,cross_region,zone_3,9,12.0,3.0,True,7.91,baseline
order_0009920,MI,CA,Midwest,West,cross_region,zone_3,9,9.0,0.0,False,8.61,baseline
order_0009921,CT,MN,Northeast,Midwest,cross_region,zone_3,9,,,False,10.73,baseline
order_0009922,SC,SD,South,Midwest,cross_region,zone_3,8,8.0,0.0,False,7.53,baseline
order_0009923,IL,NY,Midwest,Northeast,cross_region,zone_3,9,8.0,0.0,False,21.89,baseline
order_0009924,TX,SC,South,South,same_region,zone_2,7,10.0,3.0,True,12.91,baseline
order_0009925,PA,TX,Northeast,South,cross_region,zone_3,9,13.0,4.0,True,9.59,baseline
order_0009926,TN,NY,South,Northeast,cross_region,zone_3,8,8.0,0.0,False,24.43,baseline
order_0009927,OR,CA,West,West,same_region,zone_2,7,7.0,0.0,False,5.06,baseline
order_0009928,NY,LA,Northeast,South,cross_region,zone_3,9,9.0,0.0,False,8.04,baseline
order_0009929,OR,OK,West,South,cross_region,zone_3,9,8.0,0.0,False,7.77,baseline
order_0009930,TX,PA,South,Northeast,cross_region,zone_3,9,9.0,0.0,False,8.32,baseline
order_0009931,GA,WA,South,West,cross_region,zone_3,9,11.0,2.0,True,32.39,baseline
order_0009932,FL,GA,South,South,same_region,zone_2,7,7.0,0.0,False,5.99,baseline
order_0009933,AZ,AZ,West,West,same_state,zone_1,6,6.0,0.0,False,11.59,baseline
order_0009934,OH,CT,Midwest,Northeast,cross_region,zone_3,10,,,False,24.77,baseline
order_0009935,NV,GA,West,South,cross_region,zone_3,8,8.0,0.0,False,8.05,baseline
order_0009936,CA,FL,West,South,cross_region,zone_3,9,9.0,0.0,False,8.07,baseline
order_0009937,CA,MT,West,West,same_region,zone_2,7,7.0,0.0,False,15.05,baseline
order_0009938,NM,MI,West,Midwest,cross_region,zone_3,9,9.0,0.0,False,8.41,baseline
order_0009939,MN,MO,Midwest,Midwest,same_region,zone_2,7,7.0,0.0,False,16.57,baseline
order_0009940,IL,CO,Midwest,West,cross_region,zone_3,9,9.0,0.0,False,8.14,baseline
order_0009941,NH,CA,Northeast,West,cross_region,zone_3,10,9.0,0.0,False,8.7,baseline
order_0009942,SD,FL,Midwest,South,cross_region,zone_3,10,10.0,0.0,False,17.11,baseline
order_0009943,TX,WI,South,Midwest,cross_region,zone_3,9,14.0,5.0,True,11.56,baseline
order_0009944,OH,MI,Midwest,Midwest,same_region,zone_2,8,8.0,0.0,False,5.2,baseline
order_0009945,TX,NY,South,Northeast,cross_region,zone_3,9,9.0,0.0,False,9.04,baseline
order_0009946,MT,MS,West,South,cross_region,zone_3,8,,,False,33.13,baseline
order_0009947,NY,CA,Northeast,West,cross_region,zone_3,9,8.0,0.0,False,16.67,baseline
order_0009948,HI,MT,West,West,same_region,zone_2,6,6.0,0.0,False,5.11,baseline
order_0009949,HI,NY,West,Northeast,remote,zone_4,11,14.0,3.0,True,38.83,baseline
order_0009950,FL,DE,South,South,same_region,zone_2,7,8.0,1.0,True,5.77,baseline
order_0009951,TX,TX,South,South,same_state,zone_1,5,5.0,0.0,False,3.94,baseline
order_0009952,VA,WI,South,Midwest,cross_region,zone_3,9,9.0,0.0,False,17.2,baseline
order_0009953,TN,NY,South,Northeast,cross_region,zone_3,9,11.0,2.0,True,10.61,baseline
order_0009954,ME,CA,Northeast,West,cross_region,zone_3,10,10.0,0.0,False,8.93,baseline
order_0009955,WI,NJ,Midwest,Northeast,cross_region,zone_3,9,9.0,0.0,False,8.46,baseline
order_0009956,AZ,PA,West,Northeast,cross_region,zone_3,8,7.0,0.0,False,8.4,baseline
order_0009957,NY,CA,Northeast,West,cross_region,zone_3,9,9.0,0.0,False,27.03,baseline
order_0009958,NJ,WY,Northeast,West,cross_region,zone_3,9,14.0,5.0,True,32.09,baseline
order_0009959,NJ,NY,Northeast,Northeast,same_region,zone_2,7,7.0,0.0,False,30.36,baseline
order_0009960,WA,NC,West,South,cross_region,zone_3,8,7.0,0.0,False,12.56,baseline
order_0009961,CA,IL,West,Midwest,cross_region,zone_3,9,8.0,0.0,False,41.62,baseline
order_0009962,OH,TX,Midwest,South,cross_region,zone_3,9,9.0,0.0,False,22.03,baseline
order_0009963,NJ,OK,Northeast,South,cross_region,zone_3,10,10.0,0.0,False,18.9,baseline
order_0009964,CA,OR,West,West,same_region,zone_2,6,5.0,0.0,False,5.53,baseline
order_0009965,CA,SD,West,Midwest,cross_region,zone_3,9,8.0,0.0,False,8.01,baseline
order_0009966,IL,CA,Midwest,West,cross_region,zone_3,9,9.0,0.0,False,18.76,baseline
order_0009967,WA,GA,West,South,cross_region,zone_3,9,8.0,0.0,False,8.12,baseline
order_0009968,NY,MI,Northeast,Midwest,cross_region,zone_3,9,9.0,0.0,False,8.55,baseline
order_0009969,PA,NV,Northeast,West,cross_region,zone_3,10,10.0,0.0,False,12.97,baseline
order_0009970,OH,FL,Midwest,South,cross_region,zone_3,8,11.0,3.0,True,29.09,baseline
order_0009971,FL,NC,South,South,same_region,zone_2,7,7.0,0.0,False,19.34,baseline
order_0009972,KY,FL,South,South,same_region,zone_2,7,7.0,0.0,False,5.31,baseline
order_0009973,CA,KY,West,South,cross_region,zone_3,9,9.0,0.0,False,17.17,baseline
order_0009974,PA,AL,Northeast,South,cross_region,zone_3,9,8.0,0.0,False,20.74,baseline
order_0009975,ME,PA,Northeast,Northeast,same_region,zone_2,7,7.0,0.0,False,7.85,baseline
order_0009976,NY,NJ,Northeast,Northeast,same_region,zone_2,6,5.0,0.0,False,5.93,baseline
order_0009977,MI,FL,Midwest,South,cross_region,zone_3,10,15.0,5.0,True,29.31,baseline
order_0009978,IN,ID,Midwest,West,cross_region,zone_3,10,10.0,0.0,False,7.75,baseline
order_0009979,WI,IN,Midwest,Midwest,same_region,zone_2,8,7.0,0.0,False,27.8,baseline
order_0009980,IA,OH,Midwest,Midwest,same_region,zone_2,7,7.0,0.0,False,15.21,baseline
order_0009981,WA,GA,West,South,cross_region,zone_3,9,8.0,0.0,False,17.26,baseline
order_0009982,CA,AK,West,West,same_region,zone_2,7,6.0,0.0,False,6.1,baseline
order_0009983,PA,UT,Northeast,West,cross_region,zone_3,9,9.0,0.0,False,8.7,baseline
order_0009984,NY,IL,Northeast,Midwest,cross_region,zone_3,8,8.0,0.0,False,8.48,baseline
order_0009985,WA,MI,West,Midwest,cross_region,zone_3,8,7.0,0.0,False,34.26,baseline
order_0009986,PA,WY,Northeast,West,cross_region,zone_3,9,8.0,0.0,False,8.12,baseline
order_0009987,NY,SC,Northeast,South,cross_region,zone_3,8,7.0,0.0,False,7.66,baseline
order_0009988,IL,NE,Midwest,Midwest,same_region,zone_2,8,8.0,0.0,False,6.29,baseline
order_0009989,HI,ME,West,Northeast,remote,zone_4,11,10.0,0.0,False,12.41,baseline
order_0009990,CA,SD,West,Midwest,cross_region,zone_3,10,10.0,0.0,False,8.87,baseline
order_0009991,CT,TX,Northeast,South,cross_region,zone_3,10,10.0,0.0,False,9.07,baseline
order_0009992,LA,NE,South,Midwest,cross_region,zone_3,8,8.0,0.0,False,18.19,baseline
order_0009993,NJ,KS,Northeast,Midwest,cross_region,zone_3,10,14.0,4.0,True,7.94,baseline
order_0009994,IL,ND,Midwest,Midwest,same_region,zone_2,6,5.0,0.0,False,6.51,baseline
order_0009995,LA,AZ,South,West,cross_region,zone_3,8,8.0,0.0,False,7.25,baseline
order_0009996,IL,LA,Midwest,South,cross_region,zone_3,9,10.0,1.0,True,12.24,baseline
order_0009997,NJ,CA,Northeast,West,cross_region,zone_3,9,9.0,0.0,False,10.19,baseline
order_0009998,IL,FL,Midwest,South,cross_region,zone_3,8,9.0,1.0,True,20.22,baseline
order_0009999,FL,TX,South,South,same_region,zone_2,7,6.0,0.0,False,5.32,baseline
order_0010000,AZ,OH,West,Midwest,cross_region,zone_3,9,9.0,0.0,False,10.73,baseline
